"../../../Engine/Content/EditorResources/S_Actor.uasset" 0
"../../../Engine/Content/EditorResources/S_Actor.ubulk" 1
"../../../Engine/Content/EditorResources/S_Actor.uexp" 2
"../../../Engine/Plugins/2D/Paper2D/Content/PlaceholderTextures/DummySpriteTexture.uasset" 3
"../../../Engine/Plugins/2D/Paper2D/Content/PlaceholderTextures/DummySpriteTexture.ubulk" 4
"../../../Engine/Plugins/2D/Paper2D/Content/PlaceholderTextures/DummySpriteTexture.uexp" 5
"../../../Engine/Plugins/2D/Paper2D/Content/DummySprite.uasset" 6
"../../../Engine/Plugins/2D/Paper2D/Content/DummySprite.uexp" 7
"../../../Engine/Plugins/2D/Paper2D/Content/DefaultPaperTerrainMaterial.uasset" 8
"../../../Engine/Plugins/2D/Paper2D/Content/DefaultPaperTerrainMaterial.uexp" 9
"../../../Engine/Plugins/Animation/ControlRig/Content/Controls/DefaultGizmoLibraryNormalized.uasset" 10
"../../../Engine/Plugins/Animation/ControlRig/Content/Controls/DefaultGizmoLibraryNormalized.uexp" 11
"../../../Engine/Content/EngineSounds/Master.uasset" 12
"../../../Engine/Content/EngineSounds/Master.uexp" 13
"../../../Engine/Content/EngineResources/GradientTexture0.uasset" 14
"../../../Engine/Content/EngineResources/GradientTexture0.uexp" 15
"../../../Engine/Content/EngineResources/DefaultTexture.uasset" 16
"../../../Engine/Content/EngineResources/DefaultTexture.ubulk" 17
"../../../Engine/Content/EngineResources/DefaultTexture.uexp" 18
"../../../Engine/Content/EngineResources/Black.uasset" 19
"../../../Engine/Content/EngineResources/Black.uexp" 20
"../../../Engine/Content/EngineMaterials/PreintegratedSkinBRDF.uasset" 21
"../../../Engine/Content/EngineMaterials/PreintegratedSkinBRDF.uexp" 22
"../../../Engine/Content/EngineMaterials/MiniFont.uasset" 23
"../../../Engine/Content/EngineMaterials/MiniFont.uexp" 24
"../../../Engine/Content/EngineMaterials/FastBlueNoise_vec2_128x128x64.uasset" 25
"../../../Engine/Content/EngineMaterials/FastBlueNoise_vec2_128x128x64.uexp" 26
"../../../Engine/Content/EngineMaterials/FastBlueNoise_scalar_128x128x64.uasset" 27
"../../../Engine/Content/EngineMaterials/FastBlueNoise_scalar_128x128x64.uexp" 28
"../../../Engine/Content/EngineMaterials/DefaultWhiteGrid.uasset" 29
"../../../Engine/Content/EngineMaterials/DefaultWhiteGrid.ubulk" 30
"../../../Engine/Content/EngineMaterials/DefaultWhiteGrid.uexp" 31
"../../../Engine/Content/EngineMaterials/DefaultDestructiblePhysicalMaterial.uasset" 32
"../../../Engine/Content/EngineMaterials/DefaultDestructiblePhysicalMaterial.uexp" 33
"../../../Engine/Content/EngineMaterials/DefaultBokeh.uasset" 34
"../../../Engine/Content/EngineMaterials/DefaultBokeh.uexp" 35
"../../../Engine/Content/EngineMaterials/DefaultBloomKernel.uasset" 36
"../../../Engine/Content/EngineMaterials/DefaultBloomKernel.uexp" 37
"../../../Engine/Content/EngineFonts/Faces/RobotoLight.uasset" 38
"../../../Engine/Content/EngineFonts/Faces/RobotoLight.ufont" 39
"../../../Engine/Content/EngineFonts/Faces/RobotoLight.uexp" 40
"../../../Engine/Content/EngineFonts/Faces/RobotoBold.uasset" 41
"../../../Engine/Content/EngineFonts/Faces/RobotoBold.ufont" 42
"../../../Engine/Content/EngineFonts/Faces/RobotoBold.uexp" 43
"../../../Engine/Content/EngineFonts/Faces/RobotoRegular.uasset" 44
"../../../Engine/Content/EngineFonts/Faces/RobotoRegular.ufont" 45
"../../../Engine/Content/EngineFonts/Faces/RobotoRegular.uexp" 46
"../../../Engine/Content/EngineFonts/Faces/DroidSansFallback.uasset" 47
"../../../Engine/Content/EngineFonts/Faces/DroidSansFallback.ufont" 48
"../../../Engine/Content/EngineFonts/Faces/DroidSansFallback.uexp" 49
"../../../Engine/Content/EngineFonts/Faces/RobotoItalic.uasset" 50
"../../../Engine/Content/EngineFonts/Faces/RobotoItalic.ufont" 51
"../../../Engine/Content/EngineFonts/Faces/RobotoItalic.uexp" 52
"../../../Engine/Content/EngineFonts/Faces/RobotoBoldItalic.uasset" 53
"../../../Engine/Content/EngineFonts/Faces/RobotoBoldItalic.ufont" 54
"../../../Engine/Content/EngineFonts/Faces/RobotoBoldItalic.uexp" 55
"../../../Engine/Content/EngineFonts/Roboto.uasset" 56
"../../../Engine/Content/EngineFonts/Roboto.uexp" 57
"../../../Engine/Content/EngineDamageTypes/DmgTypeBP_Environmental.uasset" 58
"../../../Engine/Content/EngineDamageTypes/DmgTypeBP_Environmental.uexp" 59
"../../../Engine/Content/EditorResources/S_TriggerSphere.uasset" 60
"../../../Engine/Content/EditorResources/S_TriggerSphere.uexp" 61
"../../../Engine/Content/EditorResources/S_TriggerCapsule.uasset" 62
"../../../Engine/Content/EditorResources/S_TriggerCapsule.uexp" 63
"../../../Engine/Content/EditorResources/S_TriggerBox.uasset" 64
"../../../Engine/Content/EditorResources/S_TriggerBox.uexp" 65
"../../../Engine/Content/EditorResources/S_Trigger.uasset" 66
"../../../Engine/Content/EditorResources/S_Trigger.ubulk" 67
"../../../Engine/Content/EditorResources/S_Trigger.uexp" 68
"../../../Engine/Content/EditorResources/S_Terrain.uasset" 69
"../../../Engine/Content/EditorResources/S_Terrain.ubulk" 70
"../../../Engine/Content/EditorResources/S_Terrain.uexp" 71
"../../../Engine/Content/EditorResources/S_Solver.uasset" 72
"../../../Engine/Content/EditorResources/S_Solver.ubulk" 73
"../../../Engine/Content/EditorResources/S_Solver.uexp" 74
"../../../Engine/Content/EditorResources/S_BoxReflectionCapture.uasset" 75
"../../../Engine/Content/EditorResources/S_BoxReflectionCapture.uexp" 76
"../../../Engine/Content/EditorResources/EmptyActor.uasset" 77
"../../../Engine/Content/EditorResources/EmptyActor.uexp" 78
"../../../Engine/Content/EditorResources/BSPVertex.uasset" 79
"../../../Engine/Content/EditorResources/BSPVertex.uexp" 80
"../../../Engine/Content/EditorLandscapeResources/DefaultAlphaTexture.uasset" 81
"../../../Engine/Content/EditorLandscapeResources/DefaultAlphaTexture.uexp" 82
"../../../Engine/Plugins/Runtime/AudioWidgets/Content/Resources/ScrubHandleDown_Clamped.uasset" 83
"../../../Engine/Plugins/Runtime/AudioWidgets/Content/Resources/ScrubHandleDown_Clamped.uexp" 84
"../../../Engine/Plugins/Interchange/Runtime/Content/Pipelines/DefaultTexturePipeline.uasset" 85
"../../../Engine/Plugins/Interchange/Runtime/Content/Pipelines/DefaultTexturePipeline.uexp" 86
"../../../Engine/Plugins/Interchange/Runtime/Content/Pipelines/DefaultSceneLevelPipeline.uasset" 87
"../../../Engine/Plugins/Interchange/Runtime/Content/Pipelines/DefaultSceneLevelPipeline.uexp" 88
"../../../Engine/Plugins/Interchange/Runtime/Content/Pipelines/DefaultSceneAssetsPipeline.uasset" 89
"../../../Engine/Plugins/Interchange/Runtime/Content/Pipelines/DefaultSceneAssetsPipeline.uexp" 90
"../../../Engine/Plugins/Interchange/Runtime/Content/Pipelines/DefaultMaterialXPipeline.uasset" 91
"../../../Engine/Plugins/Interchange/Runtime/Content/Pipelines/DefaultMaterialXPipeline.uexp" 92
"../../../Engine/Plugins/Interchange/Runtime/Content/Pipelines/DefaultMaterialPipeline.uasset" 93
"../../../Engine/Plugins/Interchange/Runtime/Content/Pipelines/DefaultMaterialPipeline.uexp" 94
"../../../Engine/Plugins/Interchange/Runtime/Content/Pipelines/DefaultGLTFSceneAssetsPipeline.uasset" 95
"../../../Engine/Plugins/Interchange/Runtime/Content/Pipelines/DefaultGLTFSceneAssetsPipeline.uexp" 96
"../../../Engine/Plugins/Interchange/Runtime/Content/Pipelines/DefaultGLTFPipeline.uasset" 97
"../../../Engine/Plugins/Interchange/Runtime/Content/Pipelines/DefaultGLTFPipeline.uexp" 98
"../../../Engine/Plugins/Interchange/Runtime/Content/Pipelines/DefaultGLTFAssetsPipeline.uasset" 99
"../../../Engine/Plugins/Interchange/Runtime/Content/Pipelines/DefaultGLTFAssetsPipeline.uexp" 100
"../../../Engine/Plugins/Interchange/Runtime/Content/Pipelines/DefaultAssetsPipeline.uasset" 101
"../../../Engine/Plugins/Interchange/Runtime/Content/Pipelines/DefaultAssetsPipeline.uexp" 102
"../../../Engine/Content/MobileResources/HUD/VirtualJoystick_Background.uasset" 103
"../../../Engine/Content/MobileResources/HUD/VirtualJoystick_Background.uexp" 104
"../../../Engine/Content/MobileResources/HUD/VirtualJoystick_Thumb.uasset" 105
"../../../Engine/Content/MobileResources/HUD/VirtualJoystick_Thumb.uexp" 106
"../../../Engine/Content/MobileResources/HUD/DefaultVirtualJoysticks.uasset" 107
"../../../Engine/Content/MobileResources/HUD/DefaultVirtualJoysticks.uexp" 108
"../../../Engine/Content/EngineResources/FilmGrains/Marcie_Grain_v3_128_M2_000.uasset" 109
"../../../Engine/Content/EngineResources/FilmGrains/Marcie_Grain_v3_128_M2_000.uexp" 110
"../../../Engine/Content/EngineMaterials/LTC/Sheen_LTC.uasset" 111
"../../../Engine/Content/EngineMaterials/LTC/Sheen_LTC.uexp" 112
"../../../Engine/Content/EngineMaterials/LTC/GGX_LTCMat.uasset" 113
"../../../Engine/Content/EngineMaterials/LTC/GGX_LTCMat.uexp" 114
"../../../Engine/Content/EngineMaterials/LTC/GGX_LTCAmp.uasset" 115
"../../../Engine/Content/EngineMaterials/LTC/GGX_LTCAmp.uexp" 116
"../../../Engine/Content/EngineMaterials/EnergyConservation/Sheen_Energy.uasset" 117
"../../../Engine/Content/EngineMaterials/EnergyConservation/Sheen_Energy.uexp" 118
"../../../Engine/Content/EngineMaterials/EnergyConservation/SheenLegacy_Energy.uasset" 119
"../../../Engine/Content/EngineMaterials/EnergyConservation/SheenLegacy_Energy.uexp" 120
"../../../Engine/Content/EngineMaterials/EnergyConservation/GGX_TransmissionEnergyArray.uasset" 121
"../../../Engine/Content/EngineMaterials/EnergyConservation/GGX_TransmissionEnergyArray.uexp" 122
"../../../Engine/Content/EngineMaterials/EnergyConservation/GGX_ReflectionEnergy.uasset" 123
"../../../Engine/Content/EngineMaterials/EnergyConservation/GGX_ReflectionEnergy.uexp" 124
"../../../Engine/Content/EngineMaterials/EnergyConservation/Diffuse_Energy.uasset" 125
"../../../Engine/Content/EngineMaterials/EnergyConservation/Diffuse_Energy.uexp" 126
"../../../Engine/Content/EditorResources/SequenceRecorder/RecordingIndicator.uasset" 127
"../../../Engine/Content/EditorResources/SequenceRecorder/RecordingIndicator.uexp" 128
"../../../Engine/Content/EditorResources/SequenceRecorder/Countdown.uasset" 129
"../../../Engine/Content/EditorResources/SequenceRecorder/Countdown.uexp" 130
"../../../Engine/Content/EditorMaterials/ParticleSystems/PSysThumbnail_OOD.uasset" 131
"../../../Engine/Content/EditorMaterials/ParticleSystems/PSysThumbnail_OOD.ubulk" 132
"../../../Engine/Content/EditorMaterials/ParticleSystems/PSysThumbnail_OOD.uexp" 133
"../../../Engine/Content/EditorMaterials/ParticleSystems/PSysThumbnail_NoImage.uasset" 134
"../../../Engine/Content/EditorMaterials/ParticleSystems/PSysThumbnail_NoImage.ubulk" 135
"../../../Engine/Content/EditorMaterials/ParticleSystems/PSysThumbnail_NoImage.uexp" 136
"F:/Pro/FPSRogueLikePrj/FPSRogueLike 5.5/Content/Audio/SoundClasses/SC_Dialogue.uasset" 137
"F:/Pro/FPSRogueLikePrj/FPSRogueLike 5.5/Content/Audio/SoundClasses/SC_Dialogue.uexp" 138
"F:/Pro/FPSRogueLikePrj/FPSRogueLike 5.5/Content/Blueprints/BP_SaveAudioSettings.uasset" 139
"F:/Pro/FPSRogueLikePrj/FPSRogueLike 5.5/Content/Blueprints/BP_SaveAudioSettings.uexp" 140
"F:/Pro/FPSRogueLikePrj/FPSRogueLike 5.5/Content/Audio/SoundClasses/SC_Music.uasset" 141
"F:/Pro/FPSRogueLikePrj/FPSRogueLike 5.5/Content/Audio/SoundClasses/SC_Music.uexp" 142
"F:/Pro/FPSRogueLikePrj/FPSRogueLike 5.5/Content/Audio/RFBGM.uasset" 143
"F:/Pro/FPSRogueLikePrj/FPSRogueLike 5.5/Content/Audio/RFBGM.ubulk" 144
"F:/Pro/FPSRogueLikePrj/FPSRogueLike 5.5/Content/Audio/RFBGM.uexp" 145
"F:/Pro/FPSRogueLikePrj/FPSRogueLike 5.5/Content/Audio/SoundClasses/SC_Ambience.uasset" 146
"F:/Pro/FPSRogueLikePrj/FPSRogueLike 5.5/Content/Audio/SoundClasses/SC_Ambience.uexp" 147
"F:/Pro/FPSRogueLikePrj/FPSRogueLike 5.5/Content/Audio/AmbienceWind.uasset" 148
"F:/Pro/FPSRogueLikePrj/FPSRogueLike 5.5/Content/Audio/AmbienceWind.ubulk" 149
"F:/Pro/FPSRogueLikePrj/FPSRogueLike 5.5/Content/Audio/AmbienceWind.uexp" 150
"F:/Pro/FPSRogueLikePrj/FPSRogueLike 5.5/Content/Audio/GlobalSoundMix.uasset" 151
"F:/Pro/FPSRogueLikePrj/FPSRogueLike 5.5/Content/Audio/GlobalSoundMix.uexp" 152
"F:/Pro/FPSRogueLikePrj/FPSRogueLike 5.5/Content/Audio/SoundClasses/SC_SFX.uasset" 153
"F:/Pro/FPSRogueLikePrj/FPSRogueLike 5.5/Content/Audio/SoundClasses/SC_SFX.uexp" 154
"F:/Pro/FPSRogueLikePrj/FPSRogueLike 5.5/Content/Blueprints/BP_AudioManager.uasset" 155
"F:/Pro/FPSRogueLikePrj/FPSRogueLike 5.5/Content/Blueprints/BP_AudioManager.uexp" 156
"../../../Engine/Content/EditorBlueprintResources/StandardMacros.uasset" 157
"../../../Engine/Content/EditorBlueprintResources/StandardMacros.uexp" 158
"F:/Pro/FPSRogueLikePrj/FPSRogueLike 5.5/Content/Blueprints/BP_GameInstance.uasset" 159
"F:/Pro/FPSRogueLikePrj/FPSRogueLike 5.5/Content/Blueprints/BP_GameInstance.uexp" 160
"F:/Pro/FPSRogueLikePrj/FPSRogueLike 5.5/Content/Animations/OrcRunAnimProto7_Skeleton.uasset" 161
"F:/Pro/FPSRogueLikePrj/FPSRogueLike 5.5/Content/Animations/OrcRunAnimProto7_Skeleton.uexp" 162
"../../../Engine/Plugins/Animation/ACLPlugin/Content/ACLAnimBoneCompressionSettings.uasset" 163
"../../../Engine/Plugins/Animation/ACLPlugin/Content/ACLAnimBoneCompressionSettings.uexp" 164
"../../../Engine/Content/Animation/DefaultVariableFrameStrippingSettings.uasset" 165
"../../../Engine/Content/Animation/DefaultVariableFrameStrippingSettings.uexp" 166
"../../../Engine/Plugins/Animation/ACLPlugin/Content/ACLAnimCurveCompressionSettings.uasset" 167
"../../../Engine/Plugins/Animation/ACLPlugin/Content/ACLAnimCurveCompressionSettings.uexp" 168
"F:/Pro/FPSRogueLikePrj/FPSRogueLike 5.5/Content/Animations/OrcIdleAnim_Anim.uasset" 169
"F:/Pro/FPSRogueLikePrj/FPSRogueLike 5.5/Content/Animations/OrcIdleAnim_Anim.uexp" 170
"F:/Pro/FPSRogueLikePrj/FPSRogueLike 5.5/Content/Animations/OrcRunAnimProto7_Anim.uasset" 171
"F:/Pro/FPSRogueLikePrj/FPSRogueLike 5.5/Content/Animations/OrcRunAnimProto7_Anim.uexp" 172
"F:/Pro/FPSRogueLikePrj/FPSRogueLike 5.5/Content/Animations/EnemyAI/OrcBS1D.uasset" 173
"F:/Pro/FPSRogueLikePrj/FPSRogueLike 5.5/Content/Animations/EnemyAI/OrcBS1D.uexp" 174
"F:/Pro/FPSRogueLikePrj/FPSRogueLike 5.5/Content/Animations/EnemyAI/AP_OrcEnemy.uasset" 175
"F:/Pro/FPSRogueLikePrj/FPSRogueLike 5.5/Content/Animations/EnemyAI/AP_OrcEnemy.uexp" 176
"F:/Pro/FPSRogueLikePrj/FPSRogueLike 5.5/Content/Audio/OrcChase.uasset" 177
"F:/Pro/FPSRogueLikePrj/FPSRogueLike 5.5/Content/Audio/OrcChase.ubulk" 178
"F:/Pro/FPSRogueLikePrj/FPSRogueLike 5.5/Content/Audio/OrcChase.uexp" 179
"F:/Pro/FPSRogueLikePrj/FPSRogueLike 5.5/Content/Audio/GunShot.uasset" 180
"F:/Pro/FPSRogueLikePrj/FPSRogueLike 5.5/Content/Audio/GunShot.ubulk" 181
"F:/Pro/FPSRogueLikePrj/FPSRogueLike 5.5/Content/Audio/GunShot.uexp" 182
"F:/Pro/FPSRogueLikePrj/FPSRogueLike 5.5/Content/Materials/M_MuzzleFlashEmissive.uasset" 183
"F:/Pro/FPSRogueLikePrj/FPSRogueLike 5.5/Content/Materials/M_MuzzleFlashEmissive.uexp" 184
"F:/Pro/FPSRogueLikePrj/FPSRogueLike 5.5/Content/Models/SM_MuzzleFlashCone.uasset" 185
"F:/Pro/FPSRogueLikePrj/FPSRogueLike 5.5/Content/Models/SM_MuzzleFlashCone.ubulk" 186
"F:/Pro/FPSRogueLikePrj/FPSRogueLike 5.5/Content/Models/SM_MuzzleFlashCone.uexp" 187
"F:/Pro/FPSRogueLikePrj/FPSRogueLike 5.5/Content/Blueprints/BP_MuzzleFlashCone.uasset" 188
"F:/Pro/FPSRogueLikePrj/FPSRogueLike 5.5/Content/Blueprints/BP_MuzzleFlashCone.uexp" 189
"../../../Engine/Content/MapTemplates/TilingNoise05.uasset" 190
"../../../Engine/Content/MapTemplates/TilingNoise05.ubulk" 191
"../../../Engine/Content/MapTemplates/TilingNoise05.uexp" 192
"../../../Engine/Content/EngineSky/VolumetricClouds/T_NoiseErosion.uasset" 193
"../../../Engine/Content/EngineSky/VolumetricClouds/T_NoiseErosion.ubulk" 194
"../../../Engine/Content/EngineSky/VolumetricClouds/T_NoiseErosion.uexp" 195
"F:/Pro/FPSRogueLikePrj/FPSRogueLike 5.5/Content/Models/M_Axe.uasset" 196
"F:/Pro/FPSRogueLikePrj/FPSRogueLike 5.5/Content/Models/M_Axe.uexp" 197
"../../../Engine/Content/MaterialTemplates/Textures/T_Noise01.uasset" 198
"../../../Engine/Content/MaterialTemplates/Textures/T_Noise01.ubulk" 199
"../../../Engine/Content/MaterialTemplates/Textures/T_Noise01.uexp" 200
"F:/Pro/FPSRogueLikePrj/FPSRogueLike 5.5/Content/Models/M_Barrel.uasset" 201
"F:/Pro/FPSRogueLikePrj/FPSRogueLike 5.5/Content/Models/M_Barrel.uexp" 202
"../../../Engine/Content/Functions/Engine_MaterialFunctions02/ExampleContent/Textures/LowResBlurredNoise.uasset" 203
"../../../Engine/Content/Functions/Engine_MaterialFunctions02/ExampleContent/Textures/LowResBlurredNoise.uexp" 204
"../../../Engine/Content/Functions/Engine_MaterialFunctions02/ExampleContent/Textures/OffsetNoiseDistanceFields_ForNormals.uasset" 205
"../../../Engine/Content/Functions/Engine_MaterialFunctions02/ExampleContent/Textures/OffsetNoiseDistanceFields_ForNormals.ubulk" 206
"../../../Engine/Content/Functions/Engine_MaterialFunctions02/ExampleContent/Textures/OffsetNoiseDistanceFields_ForNormals.uexp" 207
"F:/Pro/FPSRogueLikePrj/FPSRogueLike 5.5/Content/Models/M_Body.uasset" 208
"F:/Pro/FPSRogueLikePrj/FPSRogueLike 5.5/Content/Models/M_Body.uexp" 209
"F:/Pro/FPSRogueLikePrj/FPSRogueLike 5.5/Content/FPWeapon/Mesh/SK_FPGun_Skeleton.uasset" 210
"F:/Pro/FPSRogueLikePrj/FPSRogueLike 5.5/Content/FPWeapon/Mesh/SK_FPGun_Skeleton.uexp" 211
"F:/Pro/FPSRogueLikePrj/FPSRogueLike 5.5/Content/Models/M_Saws.uasset" 212
"F:/Pro/FPSRogueLikePrj/FPSRogueLike 5.5/Content/Models/M_Saws.uexp" 213
"F:/Pro/FPSRogueLikePrj/FPSRogueLike 5.5/Content/Models/FirstPersonMainGunNew_PhysicsAsset.uasset" 214
"F:/Pro/FPSRogueLikePrj/FPSRogueLike 5.5/Content/Models/FirstPersonMainGunNew_PhysicsAsset.uexp" 215
"F:/Pro/FPSRogueLikePrj/FPSRogueLike 5.5/Content/Models/M_Rim.uasset" 216
"F:/Pro/FPSRogueLikePrj/FPSRogueLike 5.5/Content/Models/M_Rim.uexp" 217
"F:/Pro/FPSRogueLikePrj/FPSRogueLike 5.5/Content/Models/FirstPersonMainGunNew.uasset" 218
"F:/Pro/FPSRogueLikePrj/FPSRogueLike 5.5/Content/Models/FirstPersonMainGunNew.uexp" 219
"F:/Pro/FPSRogueLikePrj/FPSRogueLike 5.5/Content/FirstPerson/Input/Actions/IA_Shoot.uasset" 220
"F:/Pro/FPSRogueLikePrj/FPSRogueLike 5.5/Content/FirstPerson/Input/Actions/IA_Shoot.uexp" 221
"F:/Pro/FPSRogueLikePrj/FPSRogueLike 5.5/Content/FirstPerson/Input/IMC_Weapons.uasset" 222
"F:/Pro/FPSRogueLikePrj/FPSRogueLike 5.5/Content/FirstPerson/Input/IMC_Weapons.uexp" 223
"../../../Engine/Content/Animation/DefaultAnimCurveCompressionSettings.uasset" 224
"../../../Engine/Content/Animation/DefaultAnimCurveCompressionSettings.uexp" 225
"../../../Engine/Content/Animation/DefaultAnimBoneCompressionSettings.uasset" 226
"../../../Engine/Content/Animation/DefaultAnimBoneCompressionSettings.uexp" 227
"F:/Pro/FPSRogueLikePrj/FPSRogueLike 5.5/Content/FirstPersonArms/Character/Mesh/SK_Mannequin_Arms_Skeleton.uasset" 228
"F:/Pro/FPSRogueLikePrj/FPSRogueLike 5.5/Content/FirstPersonArms/Character/Mesh/SK_Mannequin_Arms_Skeleton.uexp" 229
"F:/Pro/FPSRogueLikePrj/FPSRogueLike 5.5/Content/FirstPersonArms/Animations/FP_Rifle_Fire.uasset" 230
"F:/Pro/FPSRogueLikePrj/FPSRogueLike 5.5/Content/FirstPersonArms/Animations/FP_Rifle_Fire.uexp" 231
"F:/Pro/FPSRogueLikePrj/FPSRogueLike 5.5/Content/FirstPersonArms/Animations/FP_Rifle_Shoot_Montage.uasset" 232
"F:/Pro/FPSRogueLikePrj/FPSRogueLike 5.5/Content/FirstPersonArms/Animations/FP_Rifle_Shoot_Montage.uexp" 233
"F:/Pro/FPSRogueLikePrj/FPSRogueLike 5.5/Content/UI/WB_BuffRicochetRange10.uasset" 234
"F:/Pro/FPSRogueLikePrj/FPSRogueLike 5.5/Content/UI/WB_BuffRicochetRange10.uexp" 235
"F:/Pro/FPSRogueLikePrj/FPSRogueLike 5.5/Content/UI/WB_BuffCritDamageBig.uasset" 236
"F:/Pro/FPSRogueLikePrj/FPSRogueLike 5.5/Content/UI/WB_BuffCritDamageBig.uexp" 237
"F:/Pro/FPSRogueLikePrj/FPSRogueLike 5.5/Content/UI/WB_BuffBleedTradeoff.uasset" 238
"F:/Pro/FPSRogueLikePrj/FPSRogueLike 5.5/Content/UI/WB_BuffBleedTradeoff.uexp" 239
"F:/Pro/FPSRogueLikePrj/FPSRogueLike 5.5/Content/UI/WB_BuffSlowStacks.uasset" 240
"F:/Pro/FPSRogueLikePrj/FPSRogueLike 5.5/Content/UI/WB_BuffSlowStacks.uexp" 241
"F:/Pro/FPSRogueLikePrj/FPSRogueLike 5.5/Content/UI/WB_BuffCritDamageTradeoff.uasset" 242
"F:/Pro/FPSRogueLikePrj/FPSRogueLike 5.5/Content/UI/WB_BuffCritDamageTradeoff.uexp" 243
"F:/Pro/FPSRogueLikePrj/FPSRogueLike 5.5/Content/UI/WB_BuffSlowPotency50.uasset" 244
"F:/Pro/FPSRogueLikePrj/FPSRogueLike 5.5/Content/UI/WB_BuffSlowPotency50.uexp" 245
"F:/Pro/FPSRogueLikePrj/FPSRogueLike 5.5/Content/UI/WB_BuffSniper.uasset" 246
"F:/Pro/FPSRogueLikePrj/FPSRogueLike 5.5/Content/UI/WB_BuffSniper.uexp" 247
"F:/Pro/FPSRogueLikePrj/FPSRogueLike 5.5/Content/UI/WB_BuffBleedPotency25.uasset" 248
"F:/Pro/FPSRogueLikePrj/FPSRogueLike 5.5/Content/UI/WB_BuffBleedPotency25.uexp" 249
"F:/Pro/FPSRogueLikePrj/FPSRogueLike 5.5/Content/UI/WB_BuffXPLarge.uasset" 250
"F:/Pro/FPSRogueLikePrj/FPSRogueLike 5.5/Content/UI/WB_BuffXPLarge.uexp" 251
"F:/Pro/FPSRogueLikePrj/FPSRogueLike 5.5/Content/UI/WB_BuffXP.uasset" 252
"F:/Pro/FPSRogueLikePrj/FPSRogueLike 5.5/Content/UI/WB_BuffXP.uexp" 253
"F:/Pro/FPSRogueLikePrj/FPSRogueLike 5.5/Content/UI/WB_BuffSlowPotency10.uasset" 254
"F:/Pro/FPSRogueLikePrj/FPSRogueLike 5.5/Content/UI/WB_BuffSlowPotency10.uexp" 255
"F:/Pro/FPSRogueLikePrj/FPSRogueLike 5.5/Content/UI/WB_BuffDamageWeapon.uasset" 256
"F:/Pro/FPSRogueLikePrj/FPSRogueLike 5.5/Content/UI/WB_BuffDamageWeapon.uexp" 257
"F:/Pro/FPSRogueLikePrj/FPSRogueLike 5.5/Content/UI/WB_BuffBurnPotency50.uasset" 258
"F:/Pro/FPSRogueLikePrj/FPSRogueLike 5.5/Content/UI/WB_BuffBurnPotency50.uexp" 259
"F:/Pro/FPSRogueLikePrj/FPSRogueLike 5.5/Content/UI/WB_BuffHealth.uasset" 260
"F:/Pro/FPSRogueLikePrj/FPSRogueLike 5.5/Content/UI/WB_BuffHealth.uexp" 261
"F:/Pro/FPSRogueLikePrj/FPSRogueLike 5.5/Content/UI/WB_BuffRicochetIncrease.uasset" 262
"F:/Pro/FPSRogueLikePrj/FPSRogueLike 5.5/Content/UI/WB_BuffRicochetIncrease.uexp" 263
"F:/Pro/FPSRogueLikePrj/FPSRogueLike 5.5/Content/UI/WB_BuffGunRangeBig.uasset" 264
"F:/Pro/FPSRogueLikePrj/FPSRogueLike 5.5/Content/UI/WB_BuffGunRangeBig.uexp" 265
"F:/Pro/FPSRogueLikePrj/FPSRogueLike 5.5/Content/UI/WB_BuffMultiShot.uasset" 266
"F:/Pro/FPSRogueLikePrj/FPSRogueLike 5.5/Content/UI/WB_BuffMultiShot.uexp" 267
"F:/Pro/FPSRogueLikePrj/FPSRogueLike 5.5/Content/UI/WB_BuffMoveSpeed10.uasset" 268
"F:/Pro/FPSRogueLikePrj/FPSRogueLike 5.5/Content/UI/WB_BuffMoveSpeed10.uexp" 269
"F:/Pro/FPSRogueLikePrj/FPSRogueLike 5.5/Content/UI/WB_BuffBleed.uasset" 270
"F:/Pro/FPSRogueLikePrj/FPSRogueLike 5.5/Content/UI/WB_BuffBleed.uexp" 271
"F:/Pro/FPSRogueLikePrj/FPSRogueLike 5.5/Content/UI/WB_BuffBleedPotency50.uasset" 272
"F:/Pro/FPSRogueLikePrj/FPSRogueLike 5.5/Content/UI/WB_BuffBleedPotency50.uexp" 273
"F:/Pro/FPSRogueLikePrj/FPSRogueLike 5.5/Content/UI/WB_BuffFireRate.uasset" 274
"F:/Pro/FPSRogueLikePrj/FPSRogueLike 5.5/Content/UI/WB_BuffFireRate.uexp" 275
"F:/Pro/FPSRogueLikePrj/FPSRogueLike 5.5/Content/UI/WB_BuffXPBig.uasset" 276
"F:/Pro/FPSRogueLikePrj/FPSRogueLike 5.5/Content/UI/WB_BuffXPBig.uexp" 277
"F:/Pro/FPSRogueLikePrj/FPSRogueLike 5.5/Content/UI/WB_BuffFireRate50.uasset" 278
"F:/Pro/FPSRogueLikePrj/FPSRogueLike 5.5/Content/UI/WB_BuffFireRate50.uexp" 279
"F:/Pro/FPSRogueLikePrj/FPSRogueLike 5.5/Content/UI/WB_BuffSlowPotency25.uasset" 280
"F:/Pro/FPSRogueLikePrj/FPSRogueLike 5.5/Content/UI/WB_BuffSlowPotency25.uexp" 281
"F:/Pro/FPSRogueLikePrj/FPSRogueLike 5.5/Content/UI/WB_BuffShotgun.uasset" 282
"F:/Pro/FPSRogueLikePrj/FPSRogueLike 5.5/Content/UI/WB_BuffShotgun.uexp" 283
"F:/Pro/FPSRogueLikePrj/FPSRogueLike 5.5/Content/UI/WB_BuffGunRange10.uasset" 284
"F:/Pro/FPSRogueLikePrj/FPSRogueLike 5.5/Content/UI/WB_BuffGunRange10.uexp" 285
"F:/Pro/FPSRogueLikePrj/FPSRogueLike 5.5/Content/UI/WB_BuffDamageWeaponFar.uasset" 286
"F:/Pro/FPSRogueLikePrj/FPSRogueLike 5.5/Content/UI/WB_BuffDamageWeaponFar.uexp" 287
"F:/Pro/FPSRogueLikePrj/FPSRogueLike 5.5/Content/UI/WB_BuffDash.uasset" 288
"F:/Pro/FPSRogueLikePrj/FPSRogueLike 5.5/Content/UI/WB_BuffDash.uexp" 289
"F:/Pro/FPSRogueLikePrj/FPSRogueLike 5.5/Content/UI/WB_BuffSlowAuraSize20.uasset" 290
"F:/Pro/FPSRogueLikePrj/FPSRogueLike 5.5/Content/UI/WB_BuffSlowAuraSize20.uexp" 291
"F:/Pro/FPSRogueLikePrj/FPSRogueLike 5.5/Content/UI/WB_BuffCritChance.uasset" 292
"F:/Pro/FPSRogueLikePrj/FPSRogueLike 5.5/Content/UI/WB_BuffCritChance.uexp" 293
"F:/Pro/FPSRogueLikePrj/FPSRogueLike 5.5/Content/UI/WB_BuffGunRange.uasset" 294
"F:/Pro/FPSRogueLikePrj/FPSRogueLike 5.5/Content/UI/WB_BuffGunRange.uexp" 295
"F:/Pro/FPSRogueLikePrj/FPSRogueLike 5.5/Content/UI/WB_BuffRicochetDmgLoss10.uasset" 296
"F:/Pro/FPSRogueLikePrj/FPSRogueLike 5.5/Content/UI/WB_BuffRicochetDmgLoss10.uexp" 297
"F:/Pro/FPSRogueLikePrj/FPSRogueLike 5.5/Content/UI/WB_BuffBleedPotency5.uasset" 298
"F:/Pro/FPSRogueLikePrj/FPSRogueLike 5.5/Content/UI/WB_BuffBleedPotency5.uexp" 299
"F:/Pro/FPSRogueLikePrj/FPSRogueLike 5.5/Content/UI/WB_BuffFireRate25.uasset" 300
"F:/Pro/FPSRogueLikePrj/FPSRogueLike 5.5/Content/UI/WB_BuffFireRate25.uexp" 301
"F:/Pro/FPSRogueLikePrj/FPSRogueLike 5.5/Content/UI/WB_BuffBurnPotency25.uasset" 302
"F:/Pro/FPSRogueLikePrj/FPSRogueLike 5.5/Content/UI/WB_BuffBurnPotency25.uexp" 303
"F:/Pro/FPSRogueLikePrj/FPSRogueLike 5.5/Content/UI/WB_BuffRicochetDmgLoss5.uasset" 304
"F:/Pro/FPSRogueLikePrj/FPSRogueLike 5.5/Content/UI/WB_BuffRicochetDmgLoss5.uexp" 305
"F:/Pro/FPSRogueLikePrj/FPSRogueLike 5.5/Content/UI/WB_BuffCritDamage.uasset" 306
"F:/Pro/FPSRogueLikePrj/FPSRogueLike 5.5/Content/UI/WB_BuffCritDamage.uexp" 307
"F:/Pro/FPSRogueLikePrj/FPSRogueLike 5.5/Content/UI/WB_BuffDoubleJump.uasset" 308
"F:/Pro/FPSRogueLikePrj/FPSRogueLike 5.5/Content/UI/WB_BuffDoubleJump.uexp" 309
"F:/Pro/FPSRogueLikePrj/FPSRogueLike 5.5/Content/Blueprints/DS_Rarity.uasset" 310
"F:/Pro/FPSRogueLikePrj/FPSRogueLike 5.5/Content/Blueprints/DS_Rarity.uexp" 311
"F:/Pro/FPSRogueLikePrj/FPSRogueLike 5.5/Content/UI/WB_BuffBleedPotency10.uasset" 312
"F:/Pro/FPSRogueLikePrj/FPSRogueLike 5.5/Content/UI/WB_BuffBleedPotency10.uexp" 313
"F:/Pro/FPSRogueLikePrj/FPSRogueLike 5.5/Content/UI/WB_BuffXPTradeoff.uasset" 314
"F:/Pro/FPSRogueLikePrj/FPSRogueLike 5.5/Content/UI/WB_BuffXPTradeoff.uexp" 315
"F:/Pro/FPSRogueLikePrj/FPSRogueLike 5.5/Content/UI/WB_BuffRapidFire.uasset" 316
"F:/Pro/FPSRogueLikePrj/FPSRogueLike 5.5/Content/UI/WB_BuffRapidFire.uexp" 317
"F:/Pro/FPSRogueLikePrj/FPSRogueLike 5.5/Content/UI/WB_BuffBurnPotency10.uasset" 318
"F:/Pro/FPSRogueLikePrj/FPSRogueLike 5.5/Content/UI/WB_BuffBurnPotency10.uexp" 319
"F:/Pro/FPSRogueLikePrj/FPSRogueLike 5.5/Content/UI/WB_BuffEvasion.uasset" 320
"F:/Pro/FPSRogueLikePrj/FPSRogueLike 5.5/Content/UI/WB_BuffEvasion.uexp" 321
"F:/Pro/FPSRogueLikePrj/FPSRogueLike 5.5/Content/Audio/HealthPickUp.uasset" 322
"F:/Pro/FPSRogueLikePrj/FPSRogueLike 5.5/Content/Audio/HealthPickUp.ubulk" 323
"F:/Pro/FPSRogueLikePrj/FPSRogueLike 5.5/Content/Audio/HealthPickUp.uexp" 324
"F:/Pro/FPSRogueLikePrj/FPSRogueLike 5.5/Content/Materials/MatRed.uasset" 325
"F:/Pro/FPSRogueLikePrj/FPSRogueLike 5.5/Content/Materials/MatRed.uexp" 326
"F:/Pro/FPSRogueLikePrj/FPSRogueLike 5.5/Content/Models/HealthPickUp.uasset" 327
"F:/Pro/FPSRogueLikePrj/FPSRogueLike 5.5/Content/Models/HealthPickUp.ubulk" 328
"F:/Pro/FPSRogueLikePrj/FPSRogueLike 5.5/Content/Models/HealthPickUp.uexp" 329
"F:/Pro/FPSRogueLikePrj/FPSRogueLike 5.5/Content/Blueprints/BP_HealthPickUp.uasset" 330
"F:/Pro/FPSRogueLikePrj/FPSRogueLike 5.5/Content/Blueprints/BP_HealthPickUp.uexp" 331
"F:/Pro/FPSRogueLikePrj/FPSRogueLike 5.5/Content/Blueprints/BP_HealthSpawner.uasset" 332
"F:/Pro/FPSRogueLikePrj/FPSRogueLike 5.5/Content/Blueprints/BP_HealthSpawner.uexp" 333
"F:/Pro/FPSRogueLikePrj/FPSRogueLike 5.5/Content/UI/WB_BuffHealthSpawnTime.uasset" 334
"F:/Pro/FPSRogueLikePrj/FPSRogueLike 5.5/Content/UI/WB_BuffHealthSpawnTime.uexp" 335
"F:/Pro/FPSRogueLikePrj/FPSRogueLike 5.5/Content/UI/WB_BuffHealthBig.uasset" 336
"F:/Pro/FPSRogueLikePrj/FPSRogueLike 5.5/Content/UI/WB_BuffHealthBig.uexp" 337
"F:/Pro/FPSRogueLikePrj/FPSRogueLike 5.5/Content/UI/WB_BuffSlowAuraSize50.uasset" 338
"F:/Pro/FPSRogueLikePrj/FPSRogueLike 5.5/Content/UI/WB_BuffSlowAuraSize50.uexp" 339
"F:/Pro/FPSRogueLikePrj/FPSRogueLike 5.5/Content/UI/WB_BuffDamageReduction.uasset" 340
"F:/Pro/FPSRogueLikePrj/FPSRogueLike 5.5/Content/UI/WB_BuffDamageReduction.uexp" 341
"F:/Pro/FPSRogueLikePrj/FPSRogueLike 5.5/Content/UI/WB_BuffSlow.uasset" 342
"F:/Pro/FPSRogueLikePrj/FPSRogueLike 5.5/Content/UI/WB_BuffSlow.uexp" 343
"F:/Pro/FPSRogueLikePrj/FPSRogueLike 5.5/Content/UI/WB_BuffGunRangeSmall.uasset" 344
"F:/Pro/FPSRogueLikePrj/FPSRogueLike 5.5/Content/UI/WB_BuffGunRangeSmall.uexp" 345
"F:/Pro/FPSRogueLikePrj/FPSRogueLike 5.5/Content/UI/WB_BuffBurn.uasset" 346
"F:/Pro/FPSRogueLikePrj/FPSRogueLike 5.5/Content/UI/WB_BuffBurn.uexp" 347
"F:/Pro/FPSRogueLikePrj/FPSRogueLike 5.5/Content/UI/WB_BuffCritChanceBig.uasset" 348
"F:/Pro/FPSRogueLikePrj/FPSRogueLike 5.5/Content/UI/WB_BuffCritChanceBig.uexp" 349
"F:/Pro/FPSRogueLikePrj/FPSRogueLike 5.5/Content/UI/WB_BuffRicochetEnable.uasset" 350
"F:/Pro/FPSRogueLikePrj/FPSRogueLike 5.5/Content/UI/WB_BuffRicochetEnable.uexp" 351
"F:/Pro/FPSRogueLikePrj/FPSRogueLike 5.5/Content/UI/WB_BuffMoveSpeed30.uasset" 352
"F:/Pro/FPSRogueLikePrj/FPSRogueLike 5.5/Content/UI/WB_BuffMoveSpeed30.uexp" 353
"F:/Pro/FPSRogueLikePrj/FPSRogueLike 5.5/Content/UI/WB_BuffMoveSpeed5.uasset" 354
"F:/Pro/FPSRogueLikePrj/FPSRogueLike 5.5/Content/UI/WB_BuffMoveSpeed5.uexp" 355
"F:/Pro/FPSRogueLikePrj/FPSRogueLike 5.5/Content/UI/WB_PowerupSelection.uasset" 356
"F:/Pro/FPSRogueLikePrj/FPSRogueLike 5.5/Content/UI/WB_PowerupSelection.uexp" 357
"F:/Pro/FPSRogueLikePrj/FPSRogueLike 5.5/Content/FirstPerson/Input/Actions/IA_PauseGame.uasset" 358
"F:/Pro/FPSRogueLikePrj/FPSRogueLike 5.5/Content/FirstPerson/Input/Actions/IA_PauseGame.uexp" 359
"F:/Pro/FPSRogueLikePrj/FPSRogueLike 5.5/Content/Materials/M_AuraDecal.uasset" 360
"F:/Pro/FPSRogueLikePrj/FPSRogueLike 5.5/Content/Materials/M_AuraDecal.uexp" 361
"F:/Pro/FPSRogueLikePrj/FPSRogueLike 5.5/Content/UI/WB_Timer.uasset" 362
"F:/Pro/FPSRogueLikePrj/FPSRogueLike 5.5/Content/UI/WB_Timer.uexp" 363
"F:/Pro/FPSRogueLikePrj/FPSRogueLike 5.5/Content/UI/WP_HealthBar.uasset" 364
"F:/Pro/FPSRogueLikePrj/FPSRogueLike 5.5/Content/UI/WP_HealthBar.uexp" 365
"F:/Pro/FPSRogueLikePrj/FPSRogueLike 5.5/Content/Materials/M_Laser.uasset" 366
"F:/Pro/FPSRogueLikePrj/FPSRogueLike 5.5/Content/Materials/M_Laser.uexp" 367
"F:/Pro/FPSRogueLikePrj/FPSRogueLike 5.5/Content/Niagara/NS_Laser.uasset" 368
"F:/Pro/FPSRogueLikePrj/FPSRogueLike 5.5/Content/Niagara/NS_Laser.uexp" 369
"F:/Pro/FPSRogueLikePrj/FPSRogueLike 5.5/Content/FirstPerson/Input/Actions/IA_Look.uasset" 370
"F:/Pro/FPSRogueLikePrj/FPSRogueLike 5.5/Content/FirstPerson/Input/Actions/IA_Look.uexp" 371
"F:/Pro/FPSRogueLikePrj/FPSRogueLike 5.5/Content/Materials/M_PlayerFog.uasset" 372
"F:/Pro/FPSRogueLikePrj/FPSRogueLike 5.5/Content/Materials/M_PlayerFog.uexp" 373
"F:/Pro/FPSRogueLikePrj/FPSRogueLike 5.5/Content/UI/DMGEffect.uasset" 374
"F:/Pro/FPSRogueLikePrj/FPSRogueLike 5.5/Content/UI/DMGEffect.uexp" 375
"F:/Pro/FPSRogueLikePrj/FPSRogueLike 5.5/Content/UI/WB_DamageEffectPlayer.uasset" 376
"F:/Pro/FPSRogueLikePrj/FPSRogueLike 5.5/Content/UI/WB_DamageEffectPlayer.uexp" 377
"F:/Pro/FPSRogueLikePrj/FPSRogueLike 5.5/Content/Materials/M_PlayerArms.uasset" 378
"F:/Pro/FPSRogueLikePrj/FPSRogueLike 5.5/Content/Materials/M_PlayerArms.uexp" 379
"F:/Pro/FPSRogueLikePrj/FPSRogueLike 5.5/Content/Models/FirstPersonArmsRigged_PhysicsAsset.uasset" 380
"F:/Pro/FPSRogueLikePrj/FPSRogueLike 5.5/Content/Models/FirstPersonArmsRigged_PhysicsAsset.uexp" 381
"F:/Pro/FPSRogueLikePrj/FPSRogueLike 5.5/Content/Models/FirstPersonArmsRigged.uasset" 382
"F:/Pro/FPSRogueLikePrj/FPSRogueLike 5.5/Content/Models/FirstPersonArmsRigged.uexp" 383
"F:/Pro/FPSRogueLikePrj/FPSRogueLike 5.5/Content/UI/Crosshair.uasset" 384
"F:/Pro/FPSRogueLikePrj/FPSRogueLike 5.5/Content/UI/Crosshair.uexp" 385
"F:/Pro/FPSRogueLikePrj/FPSRogueLike 5.5/Content/UI/WB_Crosshair.uasset" 386
"F:/Pro/FPSRogueLikePrj/FPSRogueLike 5.5/Content/UI/WB_Crosshair.uexp" 387
"F:/Pro/FPSRogueLikePrj/FPSRogueLike 5.5/Content/FirstPerson/Input/Actions/IA_Move.uasset" 388
"F:/Pro/FPSRogueLikePrj/FPSRogueLike 5.5/Content/FirstPerson/Input/Actions/IA_Move.uexp" 389
"F:/Pro/FPSRogueLikePrj/FPSRogueLike 5.5/Content/UI/WB_Score.uasset" 390
"F:/Pro/FPSRogueLikePrj/FPSRogueLike 5.5/Content/UI/WB_Score.uexp" 391
"F:/Pro/FPSRogueLikePrj/FPSRogueLike 5.5/Content/FirstPerson/Input/Actions/IA_Jump.uasset" 392
"F:/Pro/FPSRogueLikePrj/FPSRogueLike 5.5/Content/FirstPerson/Input/Actions/IA_Jump.uexp" 393
"F:/Pro/FPSRogueLikePrj/FPSRogueLike 5.5/Content/FirstPerson/Input/IMC_Default.uasset" 394
"F:/Pro/FPSRogueLikePrj/FPSRogueLike 5.5/Content/FirstPerson/Input/IMC_Default.uexp" 395
"F:/Pro/FPSRogueLikePrj/FPSRogueLike 5.5/Content/Blueprints/SG_Leaderboard.uasset" 396
"F:/Pro/FPSRogueLikePrj/FPSRogueLike 5.5/Content/Blueprints/SG_Leaderboard.uexp" 397
"F:/Pro/FPSRogueLikePrj/FPSRogueLike 5.5/Content/UI/WB_GunRange.uasset" 398
"F:/Pro/FPSRogueLikePrj/FPSRogueLike 5.5/Content/UI/WB_GunRange.uexp" 399
"F:/Pro/FPSRogueLikePrj/FPSRogueLike 5.5/Content/UI/WB_LeaderboardRow.uasset" 400
"F:/Pro/FPSRogueLikePrj/FPSRogueLike 5.5/Content/UI/WB_LeaderboardRow.uexp" 401
"F:/Pro/FPSRogueLikePrj/FPSRogueLike 5.5/Content/UI/WP_GameOver.uasset" 402
"F:/Pro/FPSRogueLikePrj/FPSRogueLike 5.5/Content/UI/WP_GameOver.uexp" 403
"F:/Pro/FPSRogueLikePrj/FPSRogueLike 5.5/Content/Blueprints/E_MenuOrigin.uasset" 404
"F:/Pro/FPSRogueLikePrj/FPSRogueLike 5.5/Content/Blueprints/E_MenuOrigin.uexp" 405
"F:/Pro/FPSRogueLikePrj/FPSRogueLike 5.5/Content/UI/RuinfallMainMenuBackground.uasset" 406
"F:/Pro/FPSRogueLikePrj/FPSRogueLike 5.5/Content/UI/RuinfallMainMenuBackground.uexp" 407
"F:/Pro/FPSRogueLikePrj/FPSRogueLike 5.5/Content/UI/WB_MainMenu.uasset" 408
"F:/Pro/FPSRogueLikePrj/FPSRogueLike 5.5/Content/UI/WB_MainMenu.uexp" 409
"F:/Pro/FPSRogueLikePrj/FPSRogueLike 5.5/Content/UI/WB_OptionsMenu.uasset" 410
"F:/Pro/FPSRogueLikePrj/FPSRogueLike 5.5/Content/UI/WB_OptionsMenu.uexp" 411
"F:/Pro/FPSRogueLikePrj/FPSRogueLike 5.5/Content/UI/WB_PauseMenu.uasset" 412
"F:/Pro/FPSRogueLikePrj/FPSRogueLike 5.5/Content/UI/WB_PauseMenu.uexp" 413
"F:/Pro/FPSRogueLikePrj/FPSRogueLike 5.5/Content/FirstPersonArms/Animations/FP_Rifle_Idle.uasset" 414
"F:/Pro/FPSRogueLikePrj/FPSRogueLike 5.5/Content/FirstPersonArms/Animations/FP_Rifle_Idle.uexp" 415
"F:/Pro/FPSRogueLikePrj/FPSRogueLike 5.5/Content/FirstPersonArms/Animations/FP_Rifle_Land.uasset" 416
"F:/Pro/FPSRogueLikePrj/FPSRogueLike 5.5/Content/FirstPersonArms/Animations/FP_Rifle_Land.uexp" 417
"F:/Pro/FPSRogueLikePrj/FPSRogueLike 5.5/Content/FirstPersonArms/Animations/FP_Rifle_Run.uasset" 418
"F:/Pro/FPSRogueLikePrj/FPSRogueLike 5.5/Content/FirstPersonArms/Animations/FP_Rifle_Run.uexp" 419
"F:/Pro/FPSRogueLikePrj/FPSRogueLike 5.5/Content/FirstPersonArms/Animations/FP_Rifle_Falling.uasset" 420
"F:/Pro/FPSRogueLikePrj/FPSRogueLike 5.5/Content/FirstPersonArms/Animations/FP_Rifle_Falling.uexp" 421
"../../../Engine/Content/Animation/DefaultRecorderBoneCompression.uasset" 422
"../../../Engine/Content/Animation/DefaultRecorderBoneCompression.uexp" 423
"F:/Pro/FPSRogueLikePrj/FPSRogueLike 5.5/Content/FirstPersonArms/Animations/FP_Idle.uasset" 424
"F:/Pro/FPSRogueLikePrj/FPSRogueLike 5.5/Content/FirstPersonArms/Animations/FP_Idle.uexp" 425
"F:/Pro/FPSRogueLikePrj/FPSRogueLike 5.5/Content/FirstPersonArms/Animations/FP_Jump.uasset" 426
"F:/Pro/FPSRogueLikePrj/FPSRogueLike 5.5/Content/FirstPersonArms/Animations/FP_Jump.uexp" 427
"F:/Pro/FPSRogueLikePrj/FPSRogueLike 5.5/Content/FirstPersonArms/Animations/FP_Run_Fwd.uasset" 428
"F:/Pro/FPSRogueLikePrj/FPSRogueLike 5.5/Content/FirstPersonArms/Animations/FP_Run_Fwd.uexp" 429
"F:/Pro/FPSRogueLikePrj/FPSRogueLike 5.5/Content/FirstPersonArms/Animations/FP_Land.uasset" 430
"F:/Pro/FPSRogueLikePrj/FPSRogueLike 5.5/Content/FirstPersonArms/Animations/FP_Land.uexp" 431
"F:/Pro/FPSRogueLikePrj/FPSRogueLike 5.5/Content/FirstPersonArms/Animations/FP_Falling.uasset" 432
"F:/Pro/FPSRogueLikePrj/FPSRogueLike 5.5/Content/FirstPersonArms/Animations/FP_Falling.uexp" 433
"F:/Pro/FPSRogueLikePrj/FPSRogueLike 5.5/Content/FirstPersonArms/Animations/FP_Rifle_Jump.uasset" 434
"F:/Pro/FPSRogueLikePrj/FPSRogueLike 5.5/Content/FirstPersonArms/Animations/FP_Rifle_Jump.uexp" 435
"F:/Pro/FPSRogueLikePrj/FPSRogueLike 5.5/Content/FirstPersonArms/Animations/FirstPerson_AnimBP.uasset" 436
"F:/Pro/FPSRogueLikePrj/FPSRogueLike 5.5/Content/FirstPersonArms/Animations/FirstPerson_AnimBP.uexp" 437
"F:/Pro/FPSRogueLikePrj/FPSRogueLike 5.5/Content/Audio/LevelUpSound.uasset" 438
"F:/Pro/FPSRogueLikePrj/FPSRogueLike 5.5/Content/Audio/LevelUpSound.ubulk" 439
"F:/Pro/FPSRogueLikePrj/FPSRogueLike 5.5/Content/Audio/LevelUpSound.uexp" 440
"F:/Pro/FPSRogueLikePrj/FPSRogueLike 5.5/Content/UI/WP_XP.uasset" 441
"F:/Pro/FPSRogueLikePrj/FPSRogueLike 5.5/Content/UI/WP_XP.uexp" 442
"F:/Pro/FPSRogueLikePrj/FPSRogueLike 5.5/Content/FirstPerson/Blueprints/BP_FirstPersonCharacter.uasset" 443
"F:/Pro/FPSRogueLikePrj/FPSRogueLike 5.5/Content/FirstPerson/Blueprints/BP_FirstPersonCharacter.uexp" 444
"F:/Pro/FPSRogueLikePrj/FPSRogueLike 5.5/Content/FirstPerson/Blueprints/BP_Weapon_Component.uasset" 445
"F:/Pro/FPSRogueLikePrj/FPSRogueLike 5.5/Content/FirstPerson/Blueprints/BP_Weapon_Component.uexp" 446
"F:/Pro/FPSRogueLikePrj/FPSRogueLike 5.5/Content/Animations/OrcAttackAnim_Anim.uasset" 447
"F:/Pro/FPSRogueLikePrj/FPSRogueLike 5.5/Content/Animations/OrcAttackAnim_Anim.uexp" 448
"F:/Pro/FPSRogueLikePrj/FPSRogueLike 5.5/Content/Animations/EnemyAI/AM_OrcAttack.uasset" 449
"F:/Pro/FPSRogueLikePrj/FPSRogueLike 5.5/Content/Animations/EnemyAI/AM_OrcAttack.uexp" 450
"F:/Pro/FPSRogueLikePrj/FPSRogueLike 5.5/Content/Audio/OrcSpawn2.uasset" 451
"F:/Pro/FPSRogueLikePrj/FPSRogueLike 5.5/Content/Audio/OrcSpawn2.ubulk" 452
"F:/Pro/FPSRogueLikePrj/FPSRogueLike 5.5/Content/Audio/OrcSpawn2.uexp" 453
"F:/Pro/FPSRogueLikePrj/FPSRogueLike 5.5/Content/Animations/OrcRunAnimProto7_PhysicsAsset.uasset" 454
"F:/Pro/FPSRogueLikePrj/FPSRogueLike 5.5/Content/Animations/OrcRunAnimProto7_PhysicsAsset.uexp" 455
"F:/Pro/FPSRogueLikePrj/FPSRogueLike 5.5/Content/M_OrcTemp2.uasset" 456
"F:/Pro/FPSRogueLikePrj/FPSRogueLike 5.5/Content/M_OrcTemp2.uexp" 457
"F:/Pro/FPSRogueLikePrj/FPSRogueLike 5.5/Content/Animations/OrcRunAnimProto7.uasset" 458
"F:/Pro/FPSRogueLikePrj/FPSRogueLike 5.5/Content/Animations/OrcRunAnimProto7.uexp" 459
"F:/Pro/FPSRogueLikePrj/FPSRogueLike 5.5/Content/UI/WP_EnemyHealthBar.uasset" 460
"F:/Pro/FPSRogueLikePrj/FPSRogueLike 5.5/Content/UI/WP_EnemyHealthBar.uexp" 461
"F:/Pro/FPSRogueLikePrj/FPSRogueLike 5.5/Content/Audio/OrcDeath.uasset" 462
"F:/Pro/FPSRogueLikePrj/FPSRogueLike 5.5/Content/Audio/OrcDeath.ubulk" 463
"F:/Pro/FPSRogueLikePrj/FPSRogueLike 5.5/Content/Audio/OrcDeath.uexp" 464
"F:/Pro/FPSRogueLikePrj/FPSRogueLike 5.5/Content/Blueprints/BP_EnemyAI.uasset" 465
"F:/Pro/FPSRogueLikePrj/FPSRogueLike 5.5/Content/Blueprints/BP_EnemyAI.uexp" 466
"F:/Pro/FPSRogueLikePrj/FPSRogueLike 5.5/Content/Blueprints/BP_RandomSpawner.uasset" 467
"F:/Pro/FPSRogueLikePrj/FPSRogueLike 5.5/Content/Blueprints/BP_RandomSpawner.uexp" 468
"F:/Pro/FPSRogueLikePrj/FPSRogueLike 5.5/Content/StarterContent/Textures/T_Fire_Tiled_D.uasset" 469
"F:/Pro/FPSRogueLikePrj/FPSRogueLike 5.5/Content/StarterContent/Textures/T_Fire_Tiled_D.ubulk" 470
"F:/Pro/FPSRogueLikePrj/FPSRogueLike 5.5/Content/StarterContent/Textures/T_Fire_Tiled_D.uexp" 471
"F:/Pro/FPSRogueLikePrj/FPSRogueLike 5.5/Content/StarterContent/Textures/T_Fire_SubUV.uasset" 472
"F:/Pro/FPSRogueLikePrj/FPSRogueLike 5.5/Content/StarterContent/Textures/T_Fire_SubUV.ubulk" 473
"F:/Pro/FPSRogueLikePrj/FPSRogueLike 5.5/Content/StarterContent/Textures/T_Fire_SubUV.uexp" 474
"F:/Pro/FPSRogueLikePrj/FPSRogueLike 5.5/Content/StarterContent/Particles/Materials/M_Fire_SubUV.uasset" 475
"F:/Pro/FPSRogueLikePrj/FPSRogueLike 5.5/Content/StarterContent/Particles/Materials/M_Fire_SubUV.uexp" 476
"F:/Pro/FPSRogueLikePrj/FPSRogueLike 5.5/Content/StarterContent/Textures/T_Smoke_SubUV.uasset" 477
"F:/Pro/FPSRogueLikePrj/FPSRogueLike 5.5/Content/StarterContent/Textures/T_Smoke_SubUV.ubulk" 478
"F:/Pro/FPSRogueLikePrj/FPSRogueLike 5.5/Content/StarterContent/Textures/T_Smoke_SubUV.uexp" 479
"F:/Pro/FPSRogueLikePrj/FPSRogueLike 5.5/Content/StarterContent/Textures/T_Smoke_Tiled_D.uasset" 480
"F:/Pro/FPSRogueLikePrj/FPSRogueLike 5.5/Content/StarterContent/Textures/T_Smoke_Tiled_D.ubulk" 481
"F:/Pro/FPSRogueLikePrj/FPSRogueLike 5.5/Content/StarterContent/Textures/T_Smoke_Tiled_D.uexp" 482
"F:/Pro/FPSRogueLikePrj/FPSRogueLike 5.5/Content/StarterContent/Particles/Materials/M_smoke_subUV.uasset" 483
"F:/Pro/FPSRogueLikePrj/FPSRogueLike 5.5/Content/StarterContent/Particles/Materials/M_smoke_subUV.uexp" 484
"F:/Pro/FPSRogueLikePrj/FPSRogueLike 5.5/Content/StarterContent/Textures/T_Water_N.uasset" 485
"F:/Pro/FPSRogueLikePrj/FPSRogueLike 5.5/Content/StarterContent/Textures/T_Water_N.ubulk" 486
"F:/Pro/FPSRogueLikePrj/FPSRogueLike 5.5/Content/StarterContent/Textures/T_Water_N.uexp" 487
"F:/Pro/FPSRogueLikePrj/FPSRogueLike 5.5/Content/StarterContent/Particles/Materials/M_Heat_Distortion.uasset" 488
"F:/Pro/FPSRogueLikePrj/FPSRogueLike 5.5/Content/StarterContent/Particles/Materials/M_Heat_Distortion.uexp" 489
"../../../Engine/Plugins/FX/Niagara/Content/VectorFields/Assets/TilingCurl16.uasset" 490
"../../../Engine/Plugins/FX/Niagara/Content/VectorFields/Assets/TilingCurl16.uexp" 491
"../../../Engine/Content/Functions/Engine_MaterialFunctions01/Gradient/RadialGradient.uasset" 492
"../../../Engine/Content/Functions/Engine_MaterialFunctions01/Gradient/RadialGradient.uexp" 493
"F:/Pro/FPSRogueLikePrj/FPSRogueLike 5.5/Content/StarterContent/Particles/Materials/M_Radial_Gradient.uasset" 494
"F:/Pro/FPSRogueLikePrj/FPSRogueLike 5.5/Content/StarterContent/Particles/Materials/M_Radial_Gradient.uexp" 495
"F:/Pro/FPSRogueLikePrj/FPSRogueLike 5.5/Content/Niagara/NS_TorchFire.uasset" 496
"F:/Pro/FPSRogueLikePrj/FPSRogueLike 5.5/Content/Niagara/NS_TorchFire.uexp" 497
"F:/Pro/FPSRogueLikePrj/FPSRogueLike 5.5/Content/StarterContent/Textures/T_Wood_Walnut_N.uasset" 498
"F:/Pro/FPSRogueLikePrj/FPSRogueLike 5.5/Content/StarterContent/Textures/T_Wood_Walnut_N.ubulk" 499
"F:/Pro/FPSRogueLikePrj/FPSRogueLike 5.5/Content/StarterContent/Textures/T_Wood_Walnut_N.uexp" 500
"F:/Pro/FPSRogueLikePrj/FPSRogueLike 5.5/Content/StarterContent/Textures/T_Wood_Walnut_D.uasset" 501
"F:/Pro/FPSRogueLikePrj/FPSRogueLike 5.5/Content/StarterContent/Textures/T_Wood_Walnut_D.ubulk" 502
"F:/Pro/FPSRogueLikePrj/FPSRogueLike 5.5/Content/StarterContent/Textures/T_Wood_Walnut_D.uexp" 503
"F:/Pro/FPSRogueLikePrj/FPSRogueLike 5.5/Content/StarterContent/Textures/T_MacroVariation.uasset" 504
"F:/Pro/FPSRogueLikePrj/FPSRogueLike 5.5/Content/StarterContent/Textures/T_MacroVariation.uexp" 505
"F:/Pro/FPSRogueLikePrj/FPSRogueLike 5.5/Content/StarterContent/Materials/M_Wood_Walnut.uasset" 506
"F:/Pro/FPSRogueLikePrj/FPSRogueLike 5.5/Content/StarterContent/Materials/M_Wood_Walnut.uexp" 507
"F:/Pro/FPSRogueLikePrj/FPSRogueLike 5.5/Content/Models/TorchStick.uasset" 508
"F:/Pro/FPSRogueLikePrj/FPSRogueLike 5.5/Content/Models/TorchStick.ubulk" 509
"F:/Pro/FPSRogueLikePrj/FPSRogueLike 5.5/Content/Models/TorchStick.uexp" 510
"F:/Pro/FPSRogueLikePrj/FPSRogueLike 5.5/Content/Blueprints/BP_TorchFire.uasset" 511
"F:/Pro/FPSRogueLikePrj/FPSRogueLike 5.5/Content/Blueprints/BP_TorchFire.uexp" 512
"../../../Engine/Content/EngineResources/DefaultTextureCube.uasset" 513
"../../../Engine/Content/EngineResources/DefaultTextureCube.uexp" 514
"../../../Engine/Content/EngineResources/DefaultVolumeTexture2D.uasset" 515
"../../../Engine/Content/EngineResources/DefaultVolumeTexture2D.uexp" 516
"../../../Engine/Content/EngineResources/DefaultVolumeTexture.uasset" 517
"../../../Engine/Content/EngineResources/DefaultVolumeTexture.uexp" 518
"../../../Engine/Content/EngineMaterials/Substrate/Volume/SubstrateSimpleVolumeEnvLUT3D.uasset" 519
"../../../Engine/Content/EngineMaterials/Substrate/Volume/SubstrateSimpleVolumeEnvLUT3D.uexp" 520
"../../../Engine/Content/EngineMaterials/Substrate/Volume/SubstrateSimpleVolumeLUT3D.uasset" 521
"../../../Engine/Content/EngineMaterials/Substrate/Volume/SubstrateSimpleVolumeLUT3D.uexp" 522
"../../../Engine/Content/Functions/Engine_MaterialFunctions01/Shading/ConvertFromDiffSpec.uasset" 523
"../../../Engine/Content/Functions/Engine_MaterialFunctions01/Shading/ConvertFromDiffSpec.uexp" 524
"../../../Engine/Content/Functions/Engine_MaterialFunctions01/Shading/PowerToRoughness.uasset" 525
"../../../Engine/Content/Functions/Engine_MaterialFunctions01/Shading/PowerToRoughness.uexp" 526
"../../../Engine/Content/EditorMaterials/Dataflow/DataflowTwoSidedVertexMaterial.uasset" 527
"../../../Engine/Content/EditorMaterials/Dataflow/DataflowTwoSidedVertexMaterial.uexp" 528
"../../../Engine/Content/EditorMaterials/Dataflow/DataflowVertexMaterial.uasset" 529
"../../../Engine/Content/EditorMaterials/Dataflow/DataflowVertexMaterial.uexp" 530
"../../../Engine/Plugins/Interchange/Assets/Content/Functions/MX_AbsorptionVDF.uasset" 531
"../../../Engine/Plugins/Interchange/Assets/Content/Functions/MX_AbsorptionVDF.uexp" 532
"../../../Engine/Plugins/Interchange/Assets/Content/Functions/MX_AnisotropicVDF.uasset" 533
"../../../Engine/Plugins/Interchange/Assets/Content/Functions/MX_AnisotropicVDF.uexp" 534
"../../../Engine/Plugins/Interchange/Assets/Content/Functions/MX_BurleyDiffuseBSDF.uasset" 535
"../../../Engine/Plugins/Interchange/Assets/Content/Functions/MX_BurleyDiffuseBSDF.uexp" 536
"../../../Engine/Plugins/Interchange/Assets/Content/Functions/MX_ConductorBSDF.uasset" 537
"../../../Engine/Plugins/Interchange/Assets/Content/Functions/MX_ConductorBSDF.uexp" 538
"../../../Engine/Plugins/Interchange/Assets/Content/Functions/MX_ConicalEDF.uasset" 539
"../../../Engine/Plugins/Interchange/Assets/Content/Functions/MX_ConicalEDF.uexp" 540
"../../../Engine/Plugins/Interchange/Assets/Content/Functions/MX_DielectricBSDF.uasset" 541
"../../../Engine/Plugins/Interchange/Assets/Content/Functions/MX_DielectricBSDF.uexp" 542
"../../../Engine/Plugins/Interchange/Assets/Content/Functions/MX_GeneralizedSchlickBSDF.uasset" 543
"../../../Engine/Plugins/Interchange/Assets/Content/Functions/MX_GeneralizedSchlickBSDF.uexp" 544
"../../../Engine/Plugins/Interchange/Assets/Content/Functions/MX_MeasuredEDF.uasset" 545
"../../../Engine/Plugins/Interchange/Assets/Content/Functions/MX_MeasuredEDF.uexp" 546
"../../../Engine/Plugins/Interchange/Assets/Content/Utilities/New_LUT.uasset" 547
"../../../Engine/Plugins/Interchange/Assets/Content/Utilities/New_LUT.uexp" 548
"../../../Engine/Content/Functions/Engine_MaterialFunctions03/Math/RemapValueRange.uasset" 549
"../../../Engine/Content/Functions/Engine_MaterialFunctions03/Math/RemapValueRange.uexp" 550
"../../../Engine/Plugins/Interchange/Assets/Content/Functions/MF_Iridescence.uasset" 551
"../../../Engine/Plugins/Interchange/Assets/Content/Functions/MF_Iridescence.uexp" 552
"../../../Engine/Plugins/Interchange/Assets/Content/Functions/MX_StandardSurface.uasset" 553
"../../../Engine/Plugins/Interchange/Assets/Content/Functions/MX_StandardSurface.uexp" 554
"../../../Engine/Plugins/Interchange/Assets/Content/Functions/MX_OpenPBR_Opaque.uasset" 555
"../../../Engine/Plugins/Interchange/Assets/Content/Functions/MX_OpenPBR_Opaque.uexp" 556
"../../../Engine/Plugins/Interchange/Assets/Content/Functions/MX_TransmissionSurface.uasset" 557
"../../../Engine/Plugins/Interchange/Assets/Content/Functions/MX_TransmissionSurface.uexp" 558
"../../../Engine/Plugins/Interchange/Assets/Content/Functions/MX_OpenPBR_Translucent.uasset" 559
"../../../Engine/Plugins/Interchange/Assets/Content/Functions/MX_OpenPBR_Translucent.uexp" 560
"../../../Engine/Plugins/Interchange/Assets/Content/Functions/MX_OrenNayarBSDF.uasset" 561
"../../../Engine/Plugins/Interchange/Assets/Content/Functions/MX_OrenNayarBSDF.uexp" 562
"../../../Engine/Plugins/Interchange/Assets/Content/Functions/MX_SheenBSDF.uasset" 563
"../../../Engine/Plugins/Interchange/Assets/Content/Functions/MX_SheenBSDF.uexp" 564
"../../../Engine/Plugins/Interchange/Assets/Content/Functions/MX_SubsurfaceBSDF.uasset" 565
"../../../Engine/Plugins/Interchange/Assets/Content/Functions/MX_SubsurfaceBSDF.uexp" 566
"../../../Engine/Plugins/Interchange/Assets/Content/Functions/MX_Surface.uasset" 567
"../../../Engine/Plugins/Interchange/Assets/Content/Functions/MX_Surface.uexp" 568
"../../../Engine/Plugins/Interchange/Assets/Content/Functions/MX_SurfaceUnlit.uasset" 569
"../../../Engine/Plugins/Interchange/Assets/Content/Functions/MX_SurfaceUnlit.uexp" 570
"../../../Engine/Plugins/Interchange/Assets/Content/Functions/MX_ThinFilmBSDF.uasset" 571
"../../../Engine/Plugins/Interchange/Assets/Content/Functions/MX_ThinFilmBSDF.uexp" 572
"../../../Engine/Plugins/Interchange/Assets/Content/Functions/MX_TranslucentBSDF.uasset" 573
"../../../Engine/Plugins/Interchange/Assets/Content/Functions/MX_TranslucentBSDF.uexp" 574
"../../../Engine/Plugins/Interchange/Assets/Content/Functions/MX_UniformEDF.uasset" 575
"../../../Engine/Plugins/Interchange/Assets/Content/Functions/MX_UniformEDF.uexp" 576
"../../../Engine/Plugins/Interchange/Assets/Content/Functions/MX_UsdPreviewSurface.uasset" 577
"../../../Engine/Plugins/Interchange/Assets/Content/Functions/MX_UsdPreviewSurface.uexp" 578
"../../../Engine/Plugins/Runtime/HairStrands/Content/Materials/HairCardsDefaultMaterial.uasset" 579
"../../../Engine/Plugins/Runtime/HairStrands/Content/Materials/HairCardsDefaultMaterial.uexp" 580
"../../../Engine/Plugins/Runtime/HairStrands/Content/Materials/HairGroupColors.uasset" 581
"../../../Engine/Plugins/Runtime/HairStrands/Content/Materials/HairGroupColors.uexp" 582
"../../../Engine/Content/Functions/Engine_MaterialFunctions02/Utility/MakeFloat2.uasset" 583
"../../../Engine/Content/Functions/Engine_MaterialFunctions02/Utility/MakeFloat2.uexp" 584
"../../../Engine/Content/Functions/Engine_MaterialFunctions02/Utility/MakeFloat3.uasset" 585
"../../../Engine/Content/Functions/Engine_MaterialFunctions02/Utility/MakeFloat3.uexp" 586
"../../../Engine/Content/EngineMaterials/HairColorMap.uasset" 587
"../../../Engine/Content/EngineMaterials/HairColorMap.uexp" 588
"../../../Engine/Content/EngineMaterials/HairDebugColor.uasset" 589
"../../../Engine/Content/EngineMaterials/HairDebugColor.uexp" 590
"../../../Engine/Plugins/Runtime/HairStrands/Content/Materials/HairDebugMaterial.uasset" 591
"../../../Engine/Plugins/Runtime/HairStrands/Content/Materials/HairDebugMaterial.uexp" 592
"../../../Engine/Plugins/Runtime/HairStrands/Content/Materials/HairDefaultMaterial.uasset" 593
"../../../Engine/Plugins/Runtime/HairStrands/Content/Materials/HairDefaultMaterial.uexp" 594
"../../../Engine/Plugins/Runtime/HairStrands/Content/Materials/HairMeshesDefaultMaterial.uasset" 595
"../../../Engine/Plugins/Runtime/HairStrands/Content/Materials/HairMeshesDefaultMaterial.uexp" 596
"../../../Engine/Plugins/Runtime/MeshModelingToolset/Content/Materials/M_DynamicMeshComponentVtxColor.uasset" 597
"../../../Engine/Plugins/Runtime/MeshModelingToolset/Content/Materials/M_DynamicMeshComponentVtxColor.uexp" 598
"../../../Engine/Content/BasicShapes/BasicShapeMaterial.uasset" 599
"../../../Engine/Content/BasicShapes/BasicShapeMaterial.uexp" 600
"../../../Engine/Content/EditorMaterials/PhAT_NoCollisionMaterial.uasset" 601
"../../../Engine/Content/EditorMaterials/PhAT_NoCollisionMaterial.uexp" 602
"../../../Engine/Content/EditorMaterials/PhAT_UnselectedMaterial.uasset" 603
"../../../Engine/Content/EditorMaterials/PhAT_UnselectedMaterial.uexp" 604
"../../../Engine/Content/EditorMaterials/PreviewShadowIndicator.uasset" 605
"../../../Engine/Content/EditorMaterials/PreviewShadowIndicator.ubulk" 606
"../../../Engine/Content/EditorMaterials/PreviewShadowIndicator.uexp" 607
"../../../Engine/Content/EditorMaterials/PreviewShadowIndicatorMaterial.uasset" 608
"../../../Engine/Content/EditorMaterials/PreviewShadowIndicatorMaterial.uexp" 609
"../../../Engine/Content/EngineDebugMaterials/DebugEditorMaterial.uasset" 610
"../../../Engine/Content/EngineDebugMaterials/DebugEditorMaterial.uexp" 611
"../../../Engine/Content/EngineDebugMaterials/DebugMeshMaterial.uasset" 612
"../../../Engine/Content/EngineDebugMaterials/DebugMeshMaterial.uexp" 613
"../../../Engine/Content/EngineDebugMaterials/M_SimpleUnlitTranslucent.uasset" 614
"../../../Engine/Content/EngineDebugMaterials/M_SimpleUnlitTranslucent.uexp" 615
"../../../Engine/Content/Functions/Engine_MaterialFunctions02/Utility/CameraDirectionVector.uasset" 616
"../../../Engine/Content/Functions/Engine_MaterialFunctions02/Utility/CameraDirectionVector.uexp" 617
"../../../Engine/Content/EngineDebugMaterials/VolumeToRender.uasset" 618
"../../../Engine/Content/EngineDebugMaterials/VolumeToRender.uexp" 619
"../../../Engine/Content/EngineDebugMaterials/M_VolumeRenderSphereTracePP.uasset" 620
"../../../Engine/Content/EngineDebugMaterials/M_VolumeRenderSphereTracePP.uexp" 621
"../../../Engine/Content/EngineMaterials/DefaultDiffuse.uasset" 622
"../../../Engine/Content/EngineMaterials/DefaultDiffuse.ubulk" 623
"../../../Engine/Content/EngineMaterials/DefaultDiffuse.uexp" 624
"../../../Engine/Content/EngineMaterials/DefaultDeferredDecalMaterial.uasset" 625
"../../../Engine/Content/EngineMaterials/DefaultDeferredDecalMaterial.uexp" 626
"../../../Engine/Content/EngineMaterials/DefaultLightFunctionMaterial.uasset" 627
"../../../Engine/Content/EngineMaterials/DefaultLightFunctionMaterial.uexp" 628
"../../../Engine/Content/Functions/Engine_MaterialFunctions02/Utility/BreakOutFloat2Components.uasset" 629
"../../../Engine/Content/Functions/Engine_MaterialFunctions02/Utility/BreakOutFloat2Components.uexp" 630
"../../../Engine/Content/EngineMaterials/DefaultPostProcessMaterial.uasset" 631
"../../../Engine/Content/EngineMaterials/DefaultPostProcessMaterial.uexp" 632
"../../../Engine/Content/EngineFonts/RobotoDistanceField.uasset" 633
"../../../Engine/Content/EngineFonts/RobotoDistanceField.uexp" 634
"../../../Engine/Content/EngineMaterials/DefaultTextMaterialOpaque.uasset" 635
"../../../Engine/Content/EngineMaterials/DefaultTextMaterialOpaque.uexp" 636
"../../../Engine/Content/EngineMaterials/DefaultWhiteGrid_Low.uasset" 637
"../../../Engine/Content/EngineMaterials/DefaultWhiteGrid_Low.uexp" 638
"../../../Engine/Content/EngineMaterials/EmissiveMeshMaterial.uasset" 639
"../../../Engine/Content/EngineMaterials/EmissiveMeshMaterial.uexp" 640
"../../../Engine/Content/EngineMaterials/BaseFlattenNormalMap.uasset" 641
"../../../Engine/Content/EngineMaterials/BaseFlattenNormalMap.uexp" 642
"../../../Engine/Content/EngineMaterials/BaseFlattenGrayscaleMap.uasset" 643
"../../../Engine/Content/EngineMaterials/BaseFlattenGrayscaleMap.uexp" 644
"../../../Engine/Content/EngineMaterials/BaseFlattenDiffuseMap.uasset" 645
"../../../Engine/Content/EngineMaterials/BaseFlattenDiffuseMap.uexp" 646
"../../../Engine/Content/Functions/Engine_MaterialFunctions02/PivotPainter2/Black_1x1_EXR_Texture.uasset" 647
"../../../Engine/Content/Functions/Engine_MaterialFunctions02/PivotPainter2/Black_1x1_EXR_Texture.uexp" 648
"../../../Engine/Content/EngineMaterials/BaseFlattenEmissiveMap.uasset" 649
"../../../Engine/Content/EngineMaterials/BaseFlattenEmissiveMap.uexp" 650
"../../../Engine/Content/EngineMaterials/BaseFlattenLinearColor.uasset" 651
"../../../Engine/Content/EngineMaterials/BaseFlattenLinearColor.uexp" 652
"../../../Engine/Content/EngineMaterials/FlattenMaterial.uasset" 653
"../../../Engine/Content/EngineMaterials/FlattenMaterial.uexp" 654
"../../../Engine/Content/EngineMaterials/BaseFlattenEmissiveMap_VT.uasset" 655
"../../../Engine/Content/EngineMaterials/BaseFlattenEmissiveMap_VT.ubulk" 656
"../../../Engine/Content/EngineMaterials/BaseFlattenEmissiveMap_VT.uexp" 657
"../../../Engine/Content/EngineMaterials/BaseFlattenGrayscaleMap_VT.uasset" 658
"../../../Engine/Content/EngineMaterials/BaseFlattenGrayscaleMap_VT.ubulk" 659
"../../../Engine/Content/EngineMaterials/BaseFlattenGrayscaleMap_VT.uexp" 660
"../../../Engine/Content/EngineMaterials/BaseFlattenLinearColor_VT.uasset" 661
"../../../Engine/Content/EngineMaterials/BaseFlattenLinearColor_VT.ubulk" 662
"../../../Engine/Content/EngineMaterials/BaseFlattenLinearColor_VT.uexp" 663
"../../../Engine/Content/EngineMaterials/Black_1x1_EXR_Texture_VT.uasset" 664
"../../../Engine/Content/EngineMaterials/Black_1x1_EXR_Texture_VT.ubulk" 665
"../../../Engine/Content/EngineMaterials/Black_1x1_EXR_Texture_VT.uexp" 666
"../../../Engine/Content/EngineMaterials/BaseFlattenDiffuseMap_VT.uasset" 667
"../../../Engine/Content/EngineMaterials/BaseFlattenDiffuseMap_VT.ubulk" 668
"../../../Engine/Content/EngineMaterials/BaseFlattenDiffuseMap_VT.uexp" 669
"../../../Engine/Content/EngineMaterials/BaseFlattenNormalMap_VT.uasset" 670
"../../../Engine/Content/EngineMaterials/BaseFlattenNormalMap_VT.ubulk" 671
"../../../Engine/Content/EngineMaterials/BaseFlattenNormalMap_VT.uexp" 672
"../../../Engine/Content/EngineMaterials/FlattenMaterial_VT.uasset" 673
"../../../Engine/Content/EngineMaterials/FlattenMaterial_VT.uexp" 674
"../../../Engine/Content/EngineMaterials/FlattenMaterial_WS_Normal_VT.uasset" 675
"../../../Engine/Content/EngineMaterials/FlattenMaterial_WS_Normal_VT.uexp" 676
"../../../Engine/Content/EngineMaterials/GizmoMaterial.uasset" 677
"../../../Engine/Content/EngineMaterials/GizmoMaterial.uexp" 678
"../../../Engine/Content/EngineMaterials/InvalidLightmapSettings.uasset" 679
"../../../Engine/Content/EngineMaterials/InvalidLightmapSettings.ubulk" 680
"../../../Engine/Content/EngineMaterials/InvalidLightmapSettings.uexp" 681
"../../../Engine/Content/EngineMaterials/M_InvalidLightmapSettings.uasset" 682
"../../../Engine/Content/EngineMaterials/M_InvalidLightmapSettings.uexp" 683
"../../../Engine/Content/EngineMaterials/NaniteHiddenSectionMaterial.uasset" 684
"../../../Engine/Content/EngineMaterials/NaniteHiddenSectionMaterial.uexp" 685
"../../../Engine/Content/Functions/Engine_MaterialFunctions02/WorldPositionOffset/CameraOffset.uasset" 686
"../../../Engine/Content/Functions/Engine_MaterialFunctions02/WorldPositionOffset/CameraOffset.uexp" 687
"../../../Engine/Content/EngineMaterials/PhAT_JointLimitMaterial.uasset" 688
"../../../Engine/Content/EngineMaterials/PhAT_JointLimitMaterial.uexp" 689
"../../../Engine/Content/EngineMaterials/DefaultCalibrationColor.uasset" 690
"../../../Engine/Content/EngineMaterials/DefaultCalibrationColor.uexp" 691
"../../../Engine/Content/EngineMaterials/PPM_DefaultCalibrationColor.uasset" 692
"../../../Engine/Content/EngineMaterials/PPM_DefaultCalibrationColor.uexp" 693
"../../../Engine/Content/EngineMaterials/DefaultCalibrationGrayscale.uasset" 694
"../../../Engine/Content/EngineMaterials/DefaultCalibrationGrayscale.uexp" 695
"../../../Engine/Content/EngineMaterials/PPM_DefaultCalibrationGrayscale.uasset" 696
"../../../Engine/Content/EngineMaterials/PPM_DefaultCalibrationGrayscale.uexp" 697
"../../../Engine/Content/EngineMaterials/RemoveSurfaceMaterial.uasset" 698
"../../../Engine/Content/EngineMaterials/RemoveSurfaceMaterial.uexp" 699
"../../../Engine/Plugins/Animation/ControlRig/Content/Controls/ControlRigGizmoMaterial.uasset" 700
"../../../Engine/Plugins/Animation/ControlRig/Content/Controls/ControlRigGizmoMaterial.uexp" 701
"../../../Engine/Plugins/Animation/ControlRig/Content/Controls/ControlRigXRayMaterial.uasset" 702
"../../../Engine/Plugins/Animation/ControlRig/Content/Controls/ControlRigXRayMaterial.uexp" 703
"../../../Engine/Plugins/Editor/SpeedTreeImporter/Content/SpeedTree9/game_wind_noise.uasset" 704
"../../../Engine/Plugins/Editor/SpeedTreeImporter/Content/SpeedTree9/game_wind_noise.ubulk" 705
"../../../Engine/Plugins/Editor/SpeedTreeImporter/Content/SpeedTree9/game_wind_noise.uexp" 706
"../../../Engine/Plugins/Editor/SpeedTreeImporter/Content/SpeedTree9/UnpackDirection.uasset" 707
"../../../Engine/Plugins/Editor/SpeedTreeImporter/Content/SpeedTree9/UnpackDirection.uexp" 708
"../../../Engine/Content/Functions/Engine_MaterialFunctions02/ObjectLocalBounds.uasset" 709
"../../../Engine/Content/Functions/Engine_MaterialFunctions02/ObjectLocalBounds.uexp" 710
"../../../Engine/Content/Functions/Engine_MaterialFunctions02/Utility/BreakOutFloat3Components.uasset" 711
"../../../Engine/Content/Functions/Engine_MaterialFunctions02/Utility/BreakOutFloat3Components.uexp" 712
"../../../Engine/Content/Functions/Engine_MaterialFunctions02/UVs/BoundingBoxBased_0-1_UVW.uasset" 713
"../../../Engine/Content/Functions/Engine_MaterialFunctions02/UVs/BoundingBoxBased_0-1_UVW.uexp" 714
"../../../Engine/Plugins/Editor/SpeedTreeImporter/Content/SpeedTree9/SpeedTreeBillboard.uasset" 715
"../../../Engine/Plugins/Editor/SpeedTreeImporter/Content/SpeedTree9/SpeedTreeBillboard.uexp" 716
"../../../Engine/Content/Functions/Engine_MaterialFunctions02/Utility/VectorLength.uasset" 717
"../../../Engine/Content/Functions/Engine_MaterialFunctions02/Utility/VectorLength.uexp" 718
"../../../Engine/Plugins/Editor/SpeedTreeImporter/Content/SpeedTree9/UnpackInteger3.uasset" 719
"../../../Engine/Plugins/Editor/SpeedTreeImporter/Content/SpeedTree9/UnpackInteger3.uexp" 720
"../../../Engine/Content/Functions/Engine_MaterialFunctions02/WorldPositionOffset/ObjectScale.uasset" 721
"../../../Engine/Content/Functions/Engine_MaterialFunctions02/WorldPositionOffset/ObjectScale.uexp" 722
"../../../Engine/Content/Functions/Engine_MaterialFunctions02/SafeNormalize.uasset" 723
"../../../Engine/Content/Functions/Engine_MaterialFunctions02/SafeNormalize.uexp" 724
"../../../Engine/Plugins/Editor/SpeedTreeImporter/Content/SpeedTree9/SpeedTreeWindMotion.uasset" 725
"../../../Engine/Plugins/Editor/SpeedTreeImporter/Content/SpeedTree9/SpeedTreeWindMotion.uexp" 726
"../../../Engine/Plugins/Editor/SpeedTreeImporter/Content/SpeedTree9/SpeedTreeBranchMotion.uasset" 727
"../../../Engine/Plugins/Editor/SpeedTreeImporter/Content/SpeedTree9/SpeedTreeBranchMotion.uexp" 728
"../../../Engine/Plugins/Editor/SpeedTreeImporter/Content/SpeedTree9/SpeedTreeWind.uasset" 729
"../../../Engine/Plugins/Editor/SpeedTreeImporter/Content/SpeedTree9/SpeedTreeWind.uexp" 730
"../../../Engine/Plugins/Editor/SpeedTreeImporter/Content/SpeedTree9/EmptyNormal.uasset" 731
"../../../Engine/Plugins/Editor/SpeedTreeImporter/Content/SpeedTree9/EmptyNormal.uexp" 732
"../../../Engine/Plugins/Editor/SpeedTreeImporter/Content/SpeedTree9/Empty.uasset" 733
"../../../Engine/Plugins/Editor/SpeedTreeImporter/Content/SpeedTree9/Empty.uexp" 734
"../../../Engine/Plugins/Editor/SpeedTreeImporter/Content/SpeedTree9/SpeedTreeBillboardMaster.uasset" 735
"../../../Engine/Plugins/Editor/SpeedTreeImporter/Content/SpeedTree9/SpeedTreeBillboardMaster.uexp" 736
"../../../Engine/Plugins/Editor/SpeedTreeImporter/Content/SpeedTree9/SpeedTreeCameraFacing.uasset" 737
"../../../Engine/Plugins/Editor/SpeedTreeImporter/Content/SpeedTree9/SpeedTreeCameraFacing.uexp" 738
"../../../Engine/Plugins/Editor/SpeedTreeImporter/Content/SpeedTree9/SpeedTreeMaster.uasset" 739
"../../../Engine/Plugins/Editor/SpeedTreeImporter/Content/SpeedTree9/SpeedTreeMaster.uexp" 740
"../../../Engine/Plugins/Animation/ControlRig/Content/M_Manip.uasset" 741
"../../../Engine/Plugins/Animation/ControlRig/Content/M_Manip.uexp" 742
"../../../Engine/Plugins/Runtime/CommonUI/Content/DefaultMediaTexture.uasset" 743
"../../../Engine/Plugins/Runtime/CommonUI/Content/DefaultMediaTexture.uexp" 744
"../../../Engine/Plugins/Runtime/CommonUI/Content/VideoPlayerMaterial.uasset" 745
"../../../Engine/Plugins/Runtime/CommonUI/Content/VideoPlayerMaterial.uexp" 746
"../../../Engine/Content/EngineMaterials/Substrate/GLints/AGlintTex2dArray.uasset" 747
"../../../Engine/Content/EngineMaterials/Substrate/GLints/AGlintTex2dArray.uexp" 748
"../../../Engine/Content/EngineMaterials/Substrate/GLints2/AGlintTex2dArray2.uasset" 749
"../../../Engine/Content/EngineMaterials/Substrate/GLints2/AGlintTex2dArray2.uexp" 750
"../../../Engine/Plugins/NNE/NNEDenoiser/Content/NNEDIM_ColorAlbedoNormal_Alpha.uasset" 751
"../../../Engine/Plugins/NNE/NNEDenoiser/Content/NNEDIM_ColorAlbedoNormal_Alpha.uexp" 752
"../../../Engine/Plugins/NNE/NNEDenoiser/Content/NNEDIM_ColorAlbedoNormal_Default.uasset" 753
"../../../Engine/Plugins/NNE/NNEDenoiser/Content/NNEDIM_ColorAlbedoNormal_Default.uexp" 754
"../../../Engine/Plugins/NNE/NNEDenoiser/Content/NNEDIM_HighQuality_Alpha.uasset" 755
"../../../Engine/Plugins/NNE/NNEDenoiser/Content/NNEDIM_HighQuality_Alpha.uexp" 756
"../../../Engine/Plugins/NNE/NNEDenoiser/Content/NNEDIM_HighQuality_Default.uasset" 757
"../../../Engine/Plugins/NNE/NNEDenoiser/Content/NNEDIM_HighQuality_Default.uexp" 758
"../../../Engine/Plugins/NNE/NNEDenoiser/Content/NNEDOM_Output_Alpha.uasset" 759
"../../../Engine/Plugins/NNE/NNEDenoiser/Content/NNEDOM_Output_Alpha.uexp" 760
"../../../Engine/Plugins/NNE/NNEDenoiser/Content/NNEDOM_Output_Default.uasset" 761
"../../../Engine/Plugins/NNE/NNEDenoiser/Content/NNEDOM_Output_Default.uexp" 762
"../../../Engine/Plugins/NNE/NNEDenoiser/Content/NNEDTIM_ColorAlbedoNormal_Alpha.uasset" 763
"../../../Engine/Plugins/NNE/NNEDenoiser/Content/NNEDTIM_ColorAlbedoNormal_Alpha.uexp" 764
"../../../Engine/Plugins/NNE/NNEDenoiser/Content/NNEDTIM_ColorAlbedoNormal_Default.uasset" 765
"../../../Engine/Plugins/NNE/NNEDenoiser/Content/NNEDTIM_ColorAlbedoNormal_Default.uexp" 766
"../../../Engine/Plugins/NNE/NNEDenoiser/Content/NNEDTOM_Output_Alpha.uasset" 767
"../../../Engine/Plugins/NNE/NNEDenoiser/Content/NNEDTOM_Output_Alpha.uexp" 768
"../../../Engine/Plugins/NNE/NNEDenoiser/Content/NNEDTOM_Output_Default.uasset" 769
"../../../Engine/Plugins/NNE/NNEDenoiser/Content/NNEDTOM_Output_Default.uexp" 770
"../../../Engine/Content/EngineMeshes/Sphere.uasset" 771
"../../../Engine/Content/EngineMeshes/Sphere.ubulk" 772
"../../../Engine/Content/EngineMeshes/Sphere.uexp" 773
"../../../Engine/Content/EngineMaterials/T_Default_Material_Grid_M.uasset" 774
"../../../Engine/Content/EngineMaterials/T_Default_Material_Grid_M.ubulk" 775
"../../../Engine/Content/EngineMaterials/T_Default_Material_Grid_M.uexp" 776
"../../../Engine/Content/EngineMaterials/T_Default_Material_Grid_N.uasset" 777
"../../../Engine/Content/EngineMaterials/T_Default_Material_Grid_N.ubulk" 778
"../../../Engine/Content/EngineMaterials/T_Default_Material_Grid_N.uexp" 779
"../../../Engine/Content/Functions/Engine_MaterialFunctions01/Opacity/CameraDepthFade.uasset" 780
"../../../Engine/Content/Functions/Engine_MaterialFunctions01/Opacity/CameraDepthFade.uexp" 781
"../../../Engine/Content/EngineMaterials/WorldGridMaterial.uasset" 782
"../../../Engine/Content/EngineMaterials/WorldGridMaterial.uexp" 783
"../../../Engine/Plugins/Media/MediaPlate/Content/SM_MediaPlateScreen.uasset" 784
"../../../Engine/Plugins/Media/MediaPlate/Content/SM_MediaPlateScreen.ubulk" 785
"../../../Engine/Plugins/Media/MediaPlate/Content/SM_MediaPlateScreen.uexp" 786
"../../../Engine/Plugins/2D/Paper2D/Content/DefaultSpriteMaterial.uasset" 787
"../../../Engine/Plugins/2D/Paper2D/Content/DefaultSpriteMaterial.uexp" 788
"../../../Engine/Plugins/2D/Paper2D/Content/OpaqueUnlitSpriteMaterial.uasset" 789
"../../../Engine/Plugins/2D/Paper2D/Content/OpaqueUnlitSpriteMaterial.uexp" 790
"../../../Engine/Plugins/2D/Paper2D/Content/MaskedUnlitSpriteMaterial.uasset" 791
"../../../Engine/Plugins/2D/Paper2D/Content/MaskedUnlitSpriteMaterial.uexp" 792
"../../../Engine/Plugins/Animation/ControlRig/Content/Controls/ControlRig_Wedge_solid.uasset" 793
"../../../Engine/Plugins/Animation/ControlRig/Content/Controls/ControlRig_Wedge_solid.ubulk" 794
"../../../Engine/Plugins/Animation/ControlRig/Content/Controls/ControlRig_Wedge_solid.uexp" 795
"../../../Engine/Plugins/Animation/ControlRig/Content/Controls/ControlRig_Wedge_3mm.uasset" 796
"../../../Engine/Plugins/Animation/ControlRig/Content/Controls/ControlRig_Wedge_3mm.ubulk" 797
"../../../Engine/Plugins/Animation/ControlRig/Content/Controls/ControlRig_Wedge_3mm.uexp" 798
"../../../Engine/Plugins/Animation/ControlRig/Content/Controls/ControlRig_Wedge_1mm.uasset" 799
"../../../Engine/Plugins/Animation/ControlRig/Content/Controls/ControlRig_Wedge_1mm.ubulk" 800
"../../../Engine/Plugins/Animation/ControlRig/Content/Controls/ControlRig_Wedge_1mm.uexp" 801
"../../../Engine/Plugins/Animation/ControlRig/Content/Controls/ControlRig_Triangle_solid.uasset" 802
"../../../Engine/Plugins/Animation/ControlRig/Content/Controls/ControlRig_Triangle_solid.ubulk" 803
"../../../Engine/Plugins/Animation/ControlRig/Content/Controls/ControlRig_Triangle_solid.uexp" 804
"../../../Engine/Plugins/Animation/ControlRig/Content/Controls/ControlRig_Triangle_3mm.uasset" 805
"../../../Engine/Plugins/Animation/ControlRig/Content/Controls/ControlRig_Triangle_3mm.ubulk" 806
"../../../Engine/Plugins/Animation/ControlRig/Content/Controls/ControlRig_Triangle_3mm.uexp" 807
"../../../Engine/Plugins/Animation/ControlRig/Content/Controls/ControlRig_Triangle_1mm.uasset" 808
"../../../Engine/Plugins/Animation/ControlRig/Content/Controls/ControlRig_Triangle_1mm.ubulk" 809
"../../../Engine/Plugins/Animation/ControlRig/Content/Controls/ControlRig_Triangle_1mm.uexp" 810
"../../../Engine/Plugins/Animation/ControlRig/Content/Controls/ControlRig_Star4_solid.uasset" 811
"../../../Engine/Plugins/Animation/ControlRig/Content/Controls/ControlRig_Star4_solid.ubulk" 812
"../../../Engine/Plugins/Animation/ControlRig/Content/Controls/ControlRig_Star4_solid.uexp" 813
"../../../Engine/Plugins/Animation/ControlRig/Content/Controls/ControlRig_Star4_3mm.uasset" 814
"../../../Engine/Plugins/Animation/ControlRig/Content/Controls/ControlRig_Star4_3mm.ubulk" 815
"../../../Engine/Plugins/Animation/ControlRig/Content/Controls/ControlRig_Star4_3mm.uexp" 816
"../../../Engine/Plugins/Animation/ControlRig/Content/Controls/ControlRig_Star4_1mm.uasset" 817
"../../../Engine/Plugins/Animation/ControlRig/Content/Controls/ControlRig_Star4_1mm.ubulk" 818
"../../../Engine/Plugins/Animation/ControlRig/Content/Controls/ControlRig_Star4_1mm.uexp" 819
"../../../Engine/Plugins/Animation/ControlRig/Content/Controls/ControlRig_Square_solid.uasset" 820
"../../../Engine/Plugins/Animation/ControlRig/Content/Controls/ControlRig_Square_solid.ubulk" 821
"../../../Engine/Plugins/Animation/ControlRig/Content/Controls/ControlRig_Square_solid.uexp" 822
"../../../Engine/Plugins/Animation/ControlRig/Content/Controls/ControlRig_Square_3mm.uasset" 823
"../../../Engine/Plugins/Animation/ControlRig/Content/Controls/ControlRig_Square_3mm.ubulk" 824
"../../../Engine/Plugins/Animation/ControlRig/Content/Controls/ControlRig_Square_3mm.uexp" 825
"../../../Engine/Plugins/Animation/ControlRig/Content/Controls/ControlRig_Square_1mm.uasset" 826
"../../../Engine/Plugins/Animation/ControlRig/Content/Controls/ControlRig_Square_1mm.ubulk" 827
"../../../Engine/Plugins/Animation/ControlRig/Content/Controls/ControlRig_Square_1mm.uexp" 828
"../../../Engine/Plugins/Animation/ControlRig/Content/Controls/ControlRig_Sphere_solid.uasset" 829
"../../../Engine/Plugins/Animation/ControlRig/Content/Controls/ControlRig_Sphere_solid.ubulk" 830
"../../../Engine/Plugins/Animation/ControlRig/Content/Controls/ControlRig_Sphere_solid.uexp" 831
"../../../Engine/Plugins/Animation/ControlRig/Content/Controls/ControlRig_Sphere_3mm.uasset" 832
"../../../Engine/Plugins/Animation/ControlRig/Content/Controls/ControlRig_Sphere_3mm.ubulk" 833
"../../../Engine/Plugins/Animation/ControlRig/Content/Controls/ControlRig_Sphere_3mm.uexp" 834
"../../../Engine/Plugins/Animation/ControlRig/Content/Controls/ControlRig_Sphere_1mm.uasset" 835
"../../../Engine/Plugins/Animation/ControlRig/Content/Controls/ControlRig_Sphere_1mm.ubulk" 836
"../../../Engine/Plugins/Animation/ControlRig/Content/Controls/ControlRig_Sphere_1mm.uexp" 837
"../../../Engine/Plugins/Animation/ControlRig/Content/Controls/ControlRig_RoundedTriangle_solid.uasset" 838
"../../../Engine/Plugins/Animation/ControlRig/Content/Controls/ControlRig_RoundedTriangle_solid.ubulk" 839
"../../../Engine/Plugins/Animation/ControlRig/Content/Controls/ControlRig_RoundedTriangle_solid.uexp" 840
"../../../Engine/Plugins/Animation/ControlRig/Content/Controls/ControlRig_RoundedTriangle_3mm.uasset" 841
"../../../Engine/Plugins/Animation/ControlRig/Content/Controls/ControlRig_RoundedTriangle_3mm.ubulk" 842
"../../../Engine/Plugins/Animation/ControlRig/Content/Controls/ControlRig_RoundedTriangle_3mm.uexp" 843
"../../../Engine/Plugins/Animation/ControlRig/Content/Controls/ControlRig_RoundedTriangle_1mm.uasset" 844
"../../../Engine/Plugins/Animation/ControlRig/Content/Controls/ControlRig_RoundedTriangle_1mm.ubulk" 845
"../../../Engine/Plugins/Animation/ControlRig/Content/Controls/ControlRig_RoundedTriangle_1mm.uexp" 846
"../../../Engine/Plugins/Animation/ControlRig/Content/Controls/ControlRig_RoundedSquare_solid.uasset" 847
"../../../Engine/Plugins/Animation/ControlRig/Content/Controls/ControlRig_RoundedSquare_solid.ubulk" 848
"../../../Engine/Plugins/Animation/ControlRig/Content/Controls/ControlRig_RoundedSquare_solid.uexp" 849
"../../../Engine/Plugins/Animation/ControlRig/Content/Controls/ControlRig_RoundedSquare_3mm.uasset" 850
"../../../Engine/Plugins/Animation/ControlRig/Content/Controls/ControlRig_RoundedSquare_3mm.ubulk" 851
"../../../Engine/Plugins/Animation/ControlRig/Content/Controls/ControlRig_RoundedSquare_3mm.uexp" 852
"../../../Engine/Plugins/Animation/ControlRig/Content/Controls/ControlRig_RoundedSquare_1mm.uasset" 853
"../../../Engine/Plugins/Animation/ControlRig/Content/Controls/ControlRig_RoundedSquare_1mm.ubulk" 854
"../../../Engine/Plugins/Animation/ControlRig/Content/Controls/ControlRig_RoundedSquare_1mm.uexp" 855
"../../../Engine/Plugins/Animation/ControlRig/Content/Controls/ControlRig_QuarterCircle_solid.uasset" 856
"../../../Engine/Plugins/Animation/ControlRig/Content/Controls/ControlRig_QuarterCircle_solid.ubulk" 857
"../../../Engine/Plugins/Animation/ControlRig/Content/Controls/ControlRig_QuarterCircle_solid.uexp" 858
"../../../Engine/Plugins/Animation/ControlRig/Content/Controls/ControlRig_QuarterCircle_3mm.uasset" 859
"../../../Engine/Plugins/Animation/ControlRig/Content/Controls/ControlRig_QuarterCircle_3mm.ubulk" 860
"../../../Engine/Plugins/Animation/ControlRig/Content/Controls/ControlRig_QuarterCircle_3mm.uexp" 861
"../../../Engine/Plugins/Animation/ControlRig/Content/Controls/ControlRig_QuarterCircle_1mm.uasset" 862
"../../../Engine/Plugins/Animation/ControlRig/Content/Controls/ControlRig_QuarterCircle_1mm.ubulk" 863
"../../../Engine/Plugins/Animation/ControlRig/Content/Controls/ControlRig_QuarterCircle_1mm.uexp" 864
"../../../Engine/Plugins/Animation/ControlRig/Content/Controls/ControlRig_Pyramid_solid.uasset" 865
"../../../Engine/Plugins/Animation/ControlRig/Content/Controls/ControlRig_Pyramid_solid.ubulk" 866
"../../../Engine/Plugins/Animation/ControlRig/Content/Controls/ControlRig_Pyramid_solid.uexp" 867
"../../../Engine/Plugins/Animation/ControlRig/Content/Controls/ControlRig_Pyramid_3mm.uasset" 868
"../../../Engine/Plugins/Animation/ControlRig/Content/Controls/ControlRig_Pyramid_3mm.ubulk" 869
"../../../Engine/Plugins/Animation/ControlRig/Content/Controls/ControlRig_Pyramid_3mm.uexp" 870
"../../../Engine/Plugins/Animation/ControlRig/Content/Controls/ControlRig_Pyramid_1mm.uasset" 871
"../../../Engine/Plugins/Animation/ControlRig/Content/Controls/ControlRig_Pyramid_1mm.ubulk" 872
"../../../Engine/Plugins/Animation/ControlRig/Content/Controls/ControlRig_Pyramid_1mm.uexp" 873
"../../../Engine/Plugins/Animation/ControlRig/Content/Controls/ControlRig_Octagon_solid.uasset" 874
"../../../Engine/Plugins/Animation/ControlRig/Content/Controls/ControlRig_Octagon_solid.ubulk" 875
"../../../Engine/Plugins/Animation/ControlRig/Content/Controls/ControlRig_Octagon_solid.uexp" 876
"../../../Engine/Plugins/Animation/ControlRig/Content/Controls/ControlRig_Octagon_3mm.uasset" 877
"../../../Engine/Plugins/Animation/ControlRig/Content/Controls/ControlRig_Octagon_3mm.ubulk" 878
"../../../Engine/Plugins/Animation/ControlRig/Content/Controls/ControlRig_Octagon_3mm.uexp" 879
"../../../Engine/Plugins/Animation/ControlRig/Content/Controls/ControlRig_Octagon_1mm.uasset" 880
"../../../Engine/Plugins/Animation/ControlRig/Content/Controls/ControlRig_Octagon_1mm.ubulk" 881
"../../../Engine/Plugins/Animation/ControlRig/Content/Controls/ControlRig_Octagon_1mm.uexp" 882
"../../../Engine/Plugins/Animation/ControlRig/Content/Controls/ControlRig_Hexagon_solid.uasset" 883
"../../../Engine/Plugins/Animation/ControlRig/Content/Controls/ControlRig_Hexagon_solid.ubulk" 884
"../../../Engine/Plugins/Animation/ControlRig/Content/Controls/ControlRig_Hexagon_solid.uexp" 885
"../../../Engine/Plugins/Animation/ControlRig/Content/Controls/ControlRig_Hexagon_3mm.uasset" 886
"../../../Engine/Plugins/Animation/ControlRig/Content/Controls/ControlRig_Hexagon_3mm.ubulk" 887
"../../../Engine/Plugins/Animation/ControlRig/Content/Controls/ControlRig_Hexagon_3mm.uexp" 888
"../../../Engine/Plugins/Animation/ControlRig/Content/Controls/ControlRig_Hexagon_1mm.uasset" 889
"../../../Engine/Plugins/Animation/ControlRig/Content/Controls/ControlRig_Hexagon_1mm.ubulk" 890
"../../../Engine/Plugins/Animation/ControlRig/Content/Controls/ControlRig_Hexagon_1mm.uexp" 891
"../../../Engine/Plugins/Animation/ControlRig/Content/Controls/ControlRig_HalfCircle_solid.uasset" 892
"../../../Engine/Plugins/Animation/ControlRig/Content/Controls/ControlRig_HalfCircle_solid.ubulk" 893
"../../../Engine/Plugins/Animation/ControlRig/Content/Controls/ControlRig_HalfCircle_solid.uexp" 894
"../../../Engine/Plugins/Animation/ControlRig/Content/Controls/ControlRig_HalfCircle_3mm.uasset" 895
"../../../Engine/Plugins/Animation/ControlRig/Content/Controls/ControlRig_HalfCircle_3mm.ubulk" 896
"../../../Engine/Plugins/Animation/ControlRig/Content/Controls/ControlRig_HalfCircle_3mm.uexp" 897
"../../../Engine/Plugins/Animation/ControlRig/Content/Controls/ControlRig_HalfCircle_1mm.uasset" 898
"../../../Engine/Plugins/Animation/ControlRig/Content/Controls/ControlRig_HalfCircle_1mm.ubulk" 899
"../../../Engine/Plugins/Animation/ControlRig/Content/Controls/ControlRig_HalfCircle_1mm.uexp" 900
"../../../Engine/Plugins/Animation/ControlRig/Content/Controls/ControlRig_Diamond_solid.uasset" 901
"../../../Engine/Plugins/Animation/ControlRig/Content/Controls/ControlRig_Diamond_solid.ubulk" 902
"../../../Engine/Plugins/Animation/ControlRig/Content/Controls/ControlRig_Diamond_solid.uexp" 903
"../../../Engine/Plugins/Animation/ControlRig/Content/Controls/ControlRig_Diamond_3mm.uasset" 904
"../../../Engine/Plugins/Animation/ControlRig/Content/Controls/ControlRig_Diamond_3mm.ubulk" 905
"../../../Engine/Plugins/Animation/ControlRig/Content/Controls/ControlRig_Diamond_3mm.uexp" 906
"../../../Engine/Plugins/Animation/ControlRig/Content/Controls/ControlRig_Diamond_1mm.uasset" 907
"../../../Engine/Plugins/Animation/ControlRig/Content/Controls/ControlRig_Diamond_1mm.ubulk" 908
"../../../Engine/Plugins/Animation/ControlRig/Content/Controls/ControlRig_Diamond_1mm.uexp" 909
"../../../Engine/Plugins/Animation/ControlRig/Content/Controls/ControlRig_Circle_solid.uasset" 910
"../../../Engine/Plugins/Animation/ControlRig/Content/Controls/ControlRig_Circle_solid.ubulk" 911
"../../../Engine/Plugins/Animation/ControlRig/Content/Controls/ControlRig_Circle_solid.uexp" 912
"../../../Engine/Plugins/Animation/ControlRig/Content/Controls/ControlRig_Circle_3mm.uasset" 913
"../../../Engine/Plugins/Animation/ControlRig/Content/Controls/ControlRig_Circle_3mm.ubulk" 914
"../../../Engine/Plugins/Animation/ControlRig/Content/Controls/ControlRig_Circle_3mm.uexp" 915
"../../../Engine/Plugins/Animation/ControlRig/Content/Controls/ControlRig_Circle_1mm.uasset" 916
"../../../Engine/Plugins/Animation/ControlRig/Content/Controls/ControlRig_Circle_1mm.ubulk" 917
"../../../Engine/Plugins/Animation/ControlRig/Content/Controls/ControlRig_Circle_1mm.uexp" 918
"../../../Engine/Plugins/Animation/ControlRig/Content/Controls/ControlRig_Box_solid.uasset" 919
"../../../Engine/Plugins/Animation/ControlRig/Content/Controls/ControlRig_Box_solid.ubulk" 920
"../../../Engine/Plugins/Animation/ControlRig/Content/Controls/ControlRig_Box_solid.uexp" 921
"../../../Engine/Plugins/Animation/ControlRig/Content/Controls/ControlRig_Box_3mm.uasset" 922
"../../../Engine/Plugins/Animation/ControlRig/Content/Controls/ControlRig_Box_3mm.ubulk" 923
"../../../Engine/Plugins/Animation/ControlRig/Content/Controls/ControlRig_Box_3mm.uexp" 924
"../../../Engine/Plugins/Animation/ControlRig/Content/Controls/ControlRig_Box_1mm.uasset" 925
"../../../Engine/Plugins/Animation/ControlRig/Content/Controls/ControlRig_Box_1mm.ubulk" 926
"../../../Engine/Plugins/Animation/ControlRig/Content/Controls/ControlRig_Box_1mm.uexp" 927
"../../../Engine/Plugins/Animation/ControlRig/Content/Controls/ControlRig_Arrow_solid.uasset" 928
"../../../Engine/Plugins/Animation/ControlRig/Content/Controls/ControlRig_Arrow_solid.ubulk" 929
"../../../Engine/Plugins/Animation/ControlRig/Content/Controls/ControlRig_Arrow_solid.uexp" 930
"../../../Engine/Plugins/Animation/ControlRig/Content/Controls/ControlRig_Arrow_3mm.uasset" 931
"../../../Engine/Plugins/Animation/ControlRig/Content/Controls/ControlRig_Arrow_3mm.ubulk" 932
"../../../Engine/Plugins/Animation/ControlRig/Content/Controls/ControlRig_Arrow_3mm.uexp" 933
"../../../Engine/Plugins/Animation/ControlRig/Content/Controls/ControlRig_Arrow_1mm.uasset" 934
"../../../Engine/Plugins/Animation/ControlRig/Content/Controls/ControlRig_Arrow_1mm.ubulk" 935
"../../../Engine/Plugins/Animation/ControlRig/Content/Controls/ControlRig_Arrow_1mm.uexp" 936
"../../../Engine/Plugins/Animation/ControlRig/Content/Controls/ControlRig_Arrow4_solid.uasset" 937
"../../../Engine/Plugins/Animation/ControlRig/Content/Controls/ControlRig_Arrow4_solid.ubulk" 938
"../../../Engine/Plugins/Animation/ControlRig/Content/Controls/ControlRig_Arrow4_solid.uexp" 939
"../../../Engine/Plugins/Animation/ControlRig/Content/Controls/ControlRig_Arrow4_3mm.uasset" 940
"../../../Engine/Plugins/Animation/ControlRig/Content/Controls/ControlRig_Arrow4_3mm.ubulk" 941
"../../../Engine/Plugins/Animation/ControlRig/Content/Controls/ControlRig_Arrow4_3mm.uexp" 942
"../../../Engine/Plugins/Animation/ControlRig/Content/Controls/ControlRig_Arrow4_1mm.uasset" 943
"../../../Engine/Plugins/Animation/ControlRig/Content/Controls/ControlRig_Arrow4_1mm.ubulk" 944
"../../../Engine/Plugins/Animation/ControlRig/Content/Controls/ControlRig_Arrow4_1mm.uexp" 945
"../../../Engine/Plugins/Animation/ControlRig/Content/Controls/ControlRig_Arrow2_solid.uasset" 946
"../../../Engine/Plugins/Animation/ControlRig/Content/Controls/ControlRig_Arrow2_solid.ubulk" 947
"../../../Engine/Plugins/Animation/ControlRig/Content/Controls/ControlRig_Arrow2_solid.uexp" 948
"../../../Engine/Plugins/Animation/ControlRig/Content/Controls/ControlRig_Arrow2_3mm.uasset" 949
"../../../Engine/Plugins/Animation/ControlRig/Content/Controls/ControlRig_Arrow2_3mm.ubulk" 950
"../../../Engine/Plugins/Animation/ControlRig/Content/Controls/ControlRig_Arrow2_3mm.uexp" 951
"../../../Engine/Plugins/Animation/ControlRig/Content/Controls/ControlRig_Arrow2_1mm.uasset" 952
"../../../Engine/Plugins/Animation/ControlRig/Content/Controls/ControlRig_Arrow2_1mm.ubulk" 953
"../../../Engine/Plugins/Animation/ControlRig/Content/Controls/ControlRig_Arrow2_1mm.uexp" 954
"../../../Engine/Content/EngineResources/WhiteSquareTexture.uasset" 955
"../../../Engine/Content/EngineResources/WhiteSquareTexture.uexp" 956
"../../../Engine/Content/EngineMaterials/Widget3DPassThrough.uasset" 957
"../../../Engine/Content/EngineMaterials/Widget3DPassThrough.uexp" 958
"../../../Engine/Content/EngineMaterials/Widget3DPassThrough_Translucent.uasset" 959
"../../../Engine/Content/EngineMaterials/Widget3DPassThrough_Translucent.uexp" 960
"../../../Engine/Content/EngineMaterials/Widget3DPassThrough_Translucent_OneSided.uasset" 961
"../../../Engine/Content/EngineMaterials/Widget3DPassThrough_Translucent_OneSided.uexp" 962
"../../../Engine/Content/EngineMaterials/Widget3DPassThrough_Opaque.uasset" 963
"../../../Engine/Content/EngineMaterials/Widget3DPassThrough_Opaque.uexp" 964
"../../../Engine/Content/EngineMaterials/Widget3DPassThrough_Opaque_OneSided.uasset" 965
"../../../Engine/Content/EngineMaterials/Widget3DPassThrough_Opaque_OneSided.uexp" 966
"../../../Engine/Content/EngineMaterials/Widget3DPassThrough_Masked_OneSided.uasset" 967
"../../../Engine/Content/EngineMaterials/Widget3DPassThrough_Masked_OneSided.uexp" 968
"../../../Engine/Content/EngineMaterials/Widget3DPassThrough_Masked.uasset" 969
"../../../Engine/Content/EngineMaterials/Widget3DPassThrough_Masked.uexp" 970
"../../../Engine/Content/EditorLandscapeResources/SplineEditorMeshMat.uasset" 971
"../../../Engine/Content/EditorLandscapeResources/SplineEditorMeshMat.uexp" 972
"../../../Engine/Content/EditorLandscapeResources/SplineEditorMesh.uasset" 973
"../../../Engine/Content/EditorLandscapeResources/SplineEditorMesh.ubulk" 974
"../../../Engine/Content/EditorLandscapeResources/SplineEditorMesh.uexp" 975
"../../../Engine/Content/EngineMaterials/DefaultMaterial.uasset" 976
"../../../Engine/Content/EngineMaterials/DefaultMaterial.uexp" 977
"../../../Engine/Content/BasicShapes/Sphere.uasset" 978
"../../../Engine/Content/BasicShapes/Sphere.ubulk" 979
"../../../Engine/Content/BasicShapes/Sphere.uexp" 980
"../../../Engine/Content/BasicShapes/Plane.uasset" 981
"../../../Engine/Content/BasicShapes/Plane.ubulk" 982
"../../../Engine/Content/BasicShapes/Plane.uexp" 983
"../../../Engine/Content/BasicShapes/Cylinder.uasset" 984
"../../../Engine/Content/BasicShapes/Cylinder.ubulk" 985
"../../../Engine/Content/BasicShapes/Cylinder.uexp" 986
"../../../Engine/Content/BasicShapes/Cube.uasset" 987
"../../../Engine/Content/BasicShapes/Cube.ubulk" 988
"../../../Engine/Content/BasicShapes/Cube.uexp" 989
"../../../Engine/Content/BasicShapes/Cone.uasset" 990
"../../../Engine/Content/BasicShapes/Cone.ubulk" 991
"../../../Engine/Content/BasicShapes/Cone.uexp" 992
"../../../Engine/Content/Functions/Engine_MaterialFunctions02/Texturing/CustomRotator.uasset" 993
"../../../Engine/Content/Functions/Engine_MaterialFunctions02/Texturing/CustomRotator.uexp" 994
"../../../Engine/Content/Functions/Engine_MaterialFunctions01/Texturing/ScaleUVsByCenter.uasset" 995
"../../../Engine/Content/Functions/Engine_MaterialFunctions01/Texturing/ScaleUVsByCenter.uexp" 996
"../../../Engine/Plugins/Runtime/AudioWidgets/Content/AudioMaterialSlate/Functions/MF_SingleLine_Smooth.uasset" 997
"../../../Engine/Plugins/Runtime/AudioWidgets/Content/AudioMaterialSlate/Functions/MF_SingleLine_Smooth.uexp" 998
"../../../Engine/Plugins/Runtime/AudioWidgets/Content/AudioMaterialSlate/Functions/MF_AngleGradient.uasset" 999
"../../../Engine/Plugins/Runtime/AudioWidgets/Content/AudioMaterialSlate/Functions/MF_AngleGradient.uexp" 1000
"../../../Engine/Plugins/Runtime/AudioWidgets/Content/AudioMaterialSlate/Functions/MF_SingleLine.uasset" 1001
"../../../Engine/Plugins/Runtime/AudioWidgets/Content/AudioMaterialSlate/Functions/MF_SingleLine.uexp" 1002
"../../../Engine/Content/Functions/Engine_MaterialFunctions01/Gradient/SphereGradient-2D.uasset" 1003
"../../../Engine/Content/Functions/Engine_MaterialFunctions01/Gradient/SphereGradient-2D.uexp" 1004
"../../../Engine/Plugins/Runtime/AudioWidgets/Content/AudioMaterialSlate/M_AudioMaterialToggleButton.uasset" 1005
"../../../Engine/Plugins/Runtime/AudioWidgets/Content/AudioMaterialSlate/M_AudioMaterialToggleButton.uexp" 1006
"../../../Engine/Plugins/Runtime/AudioWidgets/Content/AudioMaterialSlate/MI_AudioMaterialToggleButton.uasset" 1007
"../../../Engine/Plugins/Runtime/AudioWidgets/Content/AudioMaterialSlate/MI_AudioMaterialToggleButton.uexp" 1008
"../../../Engine/Content/Functions/Engine_MaterialFunctions01/Gradient/GeneratedRoundRect.uasset" 1009
"../../../Engine/Content/Functions/Engine_MaterialFunctions01/Gradient/GeneratedRoundRect.uexp" 1010
"../../../Engine/Plugins/Runtime/AudioWidgets/Content/AudioMaterialSlate/M_AudioMaterialRoundedSlider.uasset" 1011
"../../../Engine/Plugins/Runtime/AudioWidgets/Content/AudioMaterialSlate/M_AudioMaterialRoundedSlider.uexp" 1012
"../../../Engine/Plugins/Runtime/AudioWidgets/Content/AudioMaterialSlate/MI_AudioMaterialRoundedSlider.uasset" 1013
"../../../Engine/Plugins/Runtime/AudioWidgets/Content/AudioMaterialSlate/MI_AudioMaterialRoundedSlider.uexp" 1014
"../../../Engine/Plugins/Runtime/AudioWidgets/Content/AudioMaterialSlate/Functions/MF_Lines.uasset" 1015
"../../../Engine/Plugins/Runtime/AudioWidgets/Content/AudioMaterialSlate/Functions/MF_Lines.uexp" 1016
"../../../Engine/Content/Functions/Engine_MaterialFunctions02/Lerp_3Color.uasset" 1017
"../../../Engine/Content/Functions/Engine_MaterialFunctions02/Lerp_3Color.uexp" 1018
"../../../Engine/Plugins/Runtime/AudioWidgets/Content/AudioMaterialSlate/M_AudioMaterialMeter.uasset" 1019
"../../../Engine/Plugins/Runtime/AudioWidgets/Content/AudioMaterialSlate/M_AudioMaterialMeter.uexp" 1020
"../../../Engine/Plugins/Runtime/AudioWidgets/Content/AudioMaterialSlate/MI_AudioMaterialMeter.uasset" 1021
"../../../Engine/Plugins/Runtime/AudioWidgets/Content/AudioMaterialSlate/MI_AudioMaterialMeter.uexp" 1022
"../../../Engine/Plugins/Runtime/AudioWidgets/Content/AudioMaterialSlate/M_AudioMaterialKnob.uasset" 1023
"../../../Engine/Plugins/Runtime/AudioWidgets/Content/AudioMaterialSlate/M_AudioMaterialKnob.uexp" 1024
"../../../Engine/Plugins/Runtime/AudioWidgets/Content/AudioMaterialSlate/MI_AudioMaterialKnob.uasset" 1025
"../../../Engine/Plugins/Runtime/AudioWidgets/Content/AudioMaterialSlate/MI_AudioMaterialKnob.uexp" 1026
"../../../Engine/Plugins/Runtime/AudioWidgets/Content/AudioMaterialSlate/Functions/MF_DotOutlined.uasset" 1027
"../../../Engine/Plugins/Runtime/AudioWidgets/Content/AudioMaterialSlate/Functions/MF_DotOutlined.uexp" 1028
"../../../Engine/Plugins/Runtime/AudioWidgets/Content/AudioMaterialSlate/M_AudioMaterialEnvelope_ADSR.uasset" 1029
"../../../Engine/Plugins/Runtime/AudioWidgets/Content/AudioMaterialSlate/M_AudioMaterialEnvelope_ADSR.uexp" 1030
"../../../Engine/Plugins/Runtime/AudioWidgets/Content/AudioMaterialSlate/MI_AudioMaterialEnvelope_ADSR.uasset" 1031
"../../../Engine/Plugins/Runtime/AudioWidgets/Content/AudioMaterialSlate/MI_AudioMaterialEnvelope_ADSR.uexp" 1032
"../../../Engine/Plugins/Interchange/Assets/Content/gltf/Textures/T_White_srgb.uasset" 1033
"../../../Engine/Plugins/Interchange/Assets/Content/gltf/Textures/T_White_srgb.uexp" 1034
"../../../Engine/Plugins/Interchange/Assets/Content/gltf/MaterialFunctions/MF_BaseColor.uasset" 1035
"../../../Engine/Plugins/Interchange/Assets/Content/gltf/MaterialFunctions/MF_BaseColor.uexp" 1036
"../../../Engine/Plugins/Interchange/Assets/Content/gltf/MaterialFunctions/MF_RotateV2.uasset" 1037
"../../../Engine/Plugins/Interchange/Assets/Content/gltf/MaterialFunctions/MF_RotateV2.uexp" 1038
"../../../Engine/Plugins/Interchange/Assets/Content/gltf/MaterialFunctions/MF_TransformUVs.uasset" 1039
"../../../Engine/Plugins/Interchange/Assets/Content/gltf/MaterialFunctions/MF_TransformUVs.uexp" 1040
"../../../Engine/Plugins/Interchange/Assets/Content/gltf/MaterialBodies/MF_Unlit_Body.uasset" 1041
"../../../Engine/Plugins/Interchange/Assets/Content/gltf/MaterialBodies/MF_Unlit_Body.uexp" 1042
"../../../Engine/Plugins/Interchange/Assets/Content/gltf/M_Unlit.uasset" 1043
"../../../Engine/Plugins/Interchange/Assets/Content/gltf/M_Unlit.uexp" 1044
"../../../Engine/Plugins/Interchange/Assets/Content/gltf/MaterialInstances/MI_Unlit_Opaque_DS.uasset" 1045
"../../../Engine/Plugins/Interchange/Assets/Content/gltf/MaterialInstances/MI_Unlit_Opaque_DS.uexp" 1046
"../../../Engine/Plugins/Interchange/Assets/Content/gltf/MaterialInstances/MI_Unlit_Opaque.uasset" 1047
"../../../Engine/Plugins/Interchange/Assets/Content/gltf/MaterialInstances/MI_Unlit_Opaque.uexp" 1048
"../../../Engine/Plugins/Interchange/Assets/Content/gltf/MaterialInstances/MI_Unlit_Mask_DS.uasset" 1049
"../../../Engine/Plugins/Interchange/Assets/Content/gltf/MaterialInstances/MI_Unlit_Mask_DS.uexp" 1050
"../../../Engine/Plugins/Interchange/Assets/Content/gltf/MaterialInstances/MI_Unlit_Mask.uasset" 1051
"../../../Engine/Plugins/Interchange/Assets/Content/gltf/MaterialInstances/MI_Unlit_Mask.uexp" 1052
"../../../Engine/Plugins/Interchange/Assets/Content/gltf/MaterialInstances/MI_Unlit_Blend_DS.uasset" 1053
"../../../Engine/Plugins/Interchange/Assets/Content/gltf/MaterialInstances/MI_Unlit_Blend_DS.uexp" 1054
"../../../Engine/Plugins/Interchange/Assets/Content/gltf/MaterialInstances/MI_Unlit_Blend.uasset" 1055
"../../../Engine/Plugins/Interchange/Assets/Content/gltf/MaterialInstances/MI_Unlit_Blend.uexp" 1056
"../../../Engine/Content/Functions/Engine_MaterialFunctions02/Math/Transform3x3Matrix.uasset" 1057
"../../../Engine/Content/Functions/Engine_MaterialFunctions02/Math/Transform3x3Matrix.uexp" 1058
"../../../Engine/Content/EngineMaterials/Good64x64TilingNoiseHighFreq.uasset" 1059
"../../../Engine/Content/EngineMaterials/Good64x64TilingNoiseHighFreq.uexp" 1060
"../../../Engine/Content/Functions/Engine_MaterialFunctions02/Texturing/ScreenAlignedPixelToPixelUVs.uasset" 1061
"../../../Engine/Content/Functions/Engine_MaterialFunctions02/Texturing/ScreenAlignedPixelToPixelUVs.uexp" 1062
"../../../Engine/Plugins/Interchange/Assets/Content/gltf/MaterialFunctions/MF_Temporal_Blur.uasset" 1063
"../../../Engine/Plugins/Interchange/Assets/Content/gltf/MaterialFunctions/MF_Temporal_Blur.uexp" 1064
"../../../Engine/Plugins/Interchange/Assets/Content/gltf/MaterialFunctions/MF_Specular.uasset" 1065
"../../../Engine/Plugins/Interchange/Assets/Content/gltf/MaterialFunctions/MF_Specular.uexp" 1066
"../../../Engine/Plugins/Interchange/Assets/Content/gltf/Textures/T_Anisotropy_Direction_Linear.uasset" 1067
"../../../Engine/Plugins/Interchange/Assets/Content/gltf/Textures/T_Anisotropy_Direction_Linear.uexp" 1068
"../../../Engine/Plugins/Interchange/Assets/Content/gltf/MaterialFunctions/MF_SpecularAnisotropy.uasset" 1069
"../../../Engine/Plugins/Interchange/Assets/Content/gltf/MaterialFunctions/MF_SpecularAnisotropy.uexp" 1070
"../../../Engine/Plugins/Interchange/Assets/Content/gltf/Textures/T_White_Linear.uasset" 1071
"../../../Engine/Plugins/Interchange/Assets/Content/gltf/Textures/T_White_Linear.uexp" 1072
"../../../Engine/Plugins/Interchange/Assets/Content/gltf/MaterialFunctions/MF_MetallicRoughness.uasset" 1073
"../../../Engine/Plugins/Interchange/Assets/Content/gltf/MaterialFunctions/MF_MetallicRoughness.uexp" 1074
"../../../Engine/Plugins/Interchange/Assets/Content/gltf/Textures/T_Generic_N.uasset" 1075
"../../../Engine/Plugins/Interchange/Assets/Content/gltf/Textures/T_Generic_N.uexp" 1076
"../../../Engine/Plugins/Interchange/Assets/Content/gltf/MaterialFunctions/MF_ScaleNormal.uasset" 1077
"../../../Engine/Plugins/Interchange/Assets/Content/gltf/MaterialFunctions/MF_ScaleNormal.uexp" 1078
"../../../Engine/Plugins/Interchange/Assets/Content/gltf/MaterialFunctions/MF_Fresnel_DS.uasset" 1079
"../../../Engine/Plugins/Interchange/Assets/Content/gltf/MaterialFunctions/MF_Fresnel_DS.uexp" 1080
"../../../Engine/Plugins/Interchange/Assets/Content/gltf/MaterialFunctions/MF_Iridescence.uasset" 1081
"../../../Engine/Plugins/Interchange/Assets/Content/gltf/MaterialFunctions/MF_Iridescence.uexp" 1082
"../../../Engine/Plugins/Interchange/Assets/Content/gltf/MaterialFunctions/MF_Occlusion.uasset" 1083
"../../../Engine/Plugins/Interchange/Assets/Content/gltf/MaterialFunctions/MF_Occlusion.uexp" 1084
"../../../Engine/Plugins/Interchange/Assets/Content/gltf/MaterialFunctions/MF_IOR.uasset" 1085
"../../../Engine/Plugins/Interchange/Assets/Content/gltf/MaterialFunctions/MF_IOR.uexp" 1086
"../../../Engine/Plugins/Interchange/Assets/Content/gltf/MaterialFunctions/MF_Transmission.uasset" 1087
"../../../Engine/Plugins/Interchange/Assets/Content/gltf/MaterialFunctions/MF_Transmission.uexp" 1088
"../../../Engine/Plugins/Interchange/Assets/Content/gltf/MaterialFunctions/MF_RotateNormals_TS.uasset" 1089
"../../../Engine/Plugins/Interchange/Assets/Content/gltf/MaterialFunctions/MF_RotateNormals_TS.uexp" 1090
"../../../Engine/Plugins/Interchange/Assets/Content/gltf/MaterialFunctions/MF_Normals.uasset" 1091
"../../../Engine/Plugins/Interchange/Assets/Content/gltf/MaterialFunctions/MF_Normals.uexp" 1092
"../../../Engine/Plugins/Interchange/Assets/Content/gltf/MaterialBodies/MF_Transmission_Body.uasset" 1093
"../../../Engine/Plugins/Interchange/Assets/Content/gltf/MaterialBodies/MF_Transmission_Body.uexp" 1094
"../../../Engine/Plugins/Interchange/Assets/Content/gltf/M_Transmission.uasset" 1095
"../../../Engine/Plugins/Interchange/Assets/Content/gltf/M_Transmission.uexp" 1096
"../../../Engine/Plugins/Interchange/Assets/Content/gltf/MaterialInstances/MI_Transmission_DS.uasset" 1097
"../../../Engine/Plugins/Interchange/Assets/Content/gltf/MaterialInstances/MI_Transmission_DS.uexp" 1098
"../../../Engine/Plugins/Interchange/Assets/Content/gltf/MaterialInstances/MI_Transmission.uasset" 1099
"../../../Engine/Plugins/Interchange/Assets/Content/gltf/MaterialInstances/MI_Transmission.uexp" 1100
"../../../Engine/Content/Functions/Engine_MaterialFunctions02/Math/AddComponents.uasset" 1101
"../../../Engine/Content/Functions/Engine_MaterialFunctions02/Math/AddComponents.uexp" 1102
"../../../Engine/Plugins/Interchange/Assets/Content/gltf/MaterialFunctions/MF_DiffuseSpecGloss.uasset" 1103
"../../../Engine/Plugins/Interchange/Assets/Content/gltf/MaterialFunctions/MF_DiffuseSpecGloss.uexp" 1104
"../../../Engine/Plugins/Interchange/Assets/Content/gltf/MaterialFunctions/MF_Emissive.uasset" 1105
"../../../Engine/Plugins/Interchange/Assets/Content/gltf/MaterialFunctions/MF_Emissive.uexp" 1106
"../../../Engine/Plugins/Interchange/Assets/Content/gltf/MaterialFunctions/MF_PerceivedBrightness.uasset" 1107
"../../../Engine/Plugins/Interchange/Assets/Content/gltf/MaterialFunctions/MF_PerceivedBrightness.uexp" 1108
"../../../Engine/Plugins/Interchange/Assets/Content/gltf/MaterialFunctions/MF_SpecGlossToMetalRoughness.uasset" 1109
"../../../Engine/Plugins/Interchange/Assets/Content/gltf/MaterialFunctions/MF_SpecGlossToMetalRoughness.uexp" 1110
"../../../Engine/Plugins/Interchange/Assets/Content/gltf/MaterialFunctions/MF_MaxComponentValue.uasset" 1111
"../../../Engine/Plugins/Interchange/Assets/Content/gltf/MaterialFunctions/MF_MaxComponentValue.uexp" 1112
"../../../Engine/Plugins/Interchange/Assets/Content/gltf/MaterialBodies/MF_SpecularGlossiness_Body.uasset" 1113
"../../../Engine/Plugins/Interchange/Assets/Content/gltf/MaterialBodies/MF_SpecularGlossiness_Body.uexp" 1114
"../../../Engine/Plugins/Interchange/Assets/Content/gltf/M_SpecularGlossiness.uasset" 1115
"../../../Engine/Plugins/Interchange/Assets/Content/gltf/M_SpecularGlossiness.uexp" 1116
"../../../Engine/Plugins/Interchange/Assets/Content/gltf/MaterialInstances/MI_SpecularGlossiness_Opaque_DS.uasset" 1117
"../../../Engine/Plugins/Interchange/Assets/Content/gltf/MaterialInstances/MI_SpecularGlossiness_Opaque_DS.uexp" 1118
"../../../Engine/Plugins/Interchange/Assets/Content/gltf/MaterialInstances/MI_SpecularGlossiness_Opaque.uasset" 1119
"../../../Engine/Plugins/Interchange/Assets/Content/gltf/MaterialInstances/MI_SpecularGlossiness_Opaque.uexp" 1120
"../../../Engine/Plugins/Interchange/Assets/Content/gltf/MaterialInstances/MI_SpecularGlossiness_Mask_DS.uasset" 1121
"../../../Engine/Plugins/Interchange/Assets/Content/gltf/MaterialInstances/MI_SpecularGlossiness_Mask_DS.uexp" 1122
"../../../Engine/Plugins/Interchange/Assets/Content/gltf/MaterialInstances/MI_SpecularGlossiness_Mask.uasset" 1123
"../../../Engine/Plugins/Interchange/Assets/Content/gltf/MaterialInstances/MI_SpecularGlossiness_Mask.uexp" 1124
"../../../Engine/Plugins/Interchange/Assets/Content/gltf/MaterialInstances/MI_SpecularGlossiness_Blend_DS.uasset" 1125
"../../../Engine/Plugins/Interchange/Assets/Content/gltf/MaterialInstances/MI_SpecularGlossiness_Blend_DS.uexp" 1126
"../../../Engine/Plugins/Interchange/Assets/Content/gltf/MaterialInstances/MI_SpecularGlossiness_Blend.uasset" 1127
"../../../Engine/Plugins/Interchange/Assets/Content/gltf/MaterialInstances/MI_SpecularGlossiness_Blend.uexp" 1128
"../../../Engine/Plugins/Interchange/Assets/Content/gltf/MaterialFunctions/MF_Sheen.uasset" 1129
"../../../Engine/Plugins/Interchange/Assets/Content/gltf/MaterialFunctions/MF_Sheen.uexp" 1130
"../../../Engine/Plugins/Interchange/Assets/Content/gltf/MaterialBodies/MF_Sheen_Body.uasset" 1131
"../../../Engine/Plugins/Interchange/Assets/Content/gltf/MaterialBodies/MF_Sheen_Body.uexp" 1132
"../../../Engine/Plugins/Interchange/Assets/Content/gltf/M_Sheen.uasset" 1133
"../../../Engine/Plugins/Interchange/Assets/Content/gltf/M_Sheen.uexp" 1134
"../../../Engine/Plugins/Interchange/Assets/Content/gltf/MaterialInstances/MI_Sheen_Opaque_DS.uasset" 1135
"../../../Engine/Plugins/Interchange/Assets/Content/gltf/MaterialInstances/MI_Sheen_Opaque_DS.uexp" 1136
"../../../Engine/Plugins/Interchange/Assets/Content/gltf/MaterialInstances/MI_Sheen_Opaque.uasset" 1137
"../../../Engine/Plugins/Interchange/Assets/Content/gltf/MaterialInstances/MI_Sheen_Opaque.uexp" 1138
"../../../Engine/Plugins/Interchange/Assets/Content/gltf/MaterialInstances/MI_Sheen_Mask_DS.uasset" 1139
"../../../Engine/Plugins/Interchange/Assets/Content/gltf/MaterialInstances/MI_Sheen_Mask_DS.uexp" 1140
"../../../Engine/Plugins/Interchange/Assets/Content/gltf/MaterialInstances/MI_Sheen_Mask.uasset" 1141
"../../../Engine/Plugins/Interchange/Assets/Content/gltf/MaterialInstances/MI_Sheen_Mask.uexp" 1142
"../../../Engine/Plugins/Interchange/Assets/Content/gltf/MaterialInstances/MI_Sheen_Blend_DS.uasset" 1143
"../../../Engine/Plugins/Interchange/Assets/Content/gltf/MaterialInstances/MI_Sheen_Blend_DS.uexp" 1144
"../../../Engine/Plugins/Interchange/Assets/Content/gltf/MaterialInstances/MI_Sheen_Blend.uasset" 1145
"../../../Engine/Plugins/Interchange/Assets/Content/gltf/MaterialInstances/MI_Sheen_Blend.uexp" 1146
"../../../Engine/Plugins/Interchange/Assets/Content/gltf/MaterialBodies/MF_Default_Body.uasset" 1147
"../../../Engine/Plugins/Interchange/Assets/Content/gltf/MaterialBodies/MF_Default_Body.uexp" 1148
"../../../Engine/Plugins/Interchange/Assets/Content/gltf/M_Default.uasset" 1149
"../../../Engine/Plugins/Interchange/Assets/Content/gltf/M_Default.uexp" 1150
"../../../Engine/Plugins/Interchange/Assets/Content/gltf/MaterialInstances/MI_Default_Opaque_DS.uasset" 1151
"../../../Engine/Plugins/Interchange/Assets/Content/gltf/MaterialInstances/MI_Default_Opaque_DS.uexp" 1152
"../../../Engine/Plugins/Interchange/Assets/Content/gltf/MaterialInstances/MI_Default_Opaque.uasset" 1153
"../../../Engine/Plugins/Interchange/Assets/Content/gltf/MaterialInstances/MI_Default_Opaque.uexp" 1154
"../../../Engine/Plugins/Interchange/Assets/Content/gltf/MaterialInstances/MI_Default_Mask_DS.uasset" 1155
"../../../Engine/Plugins/Interchange/Assets/Content/gltf/MaterialInstances/MI_Default_Mask_DS.uexp" 1156
"../../../Engine/Plugins/Interchange/Assets/Content/gltf/MaterialInstances/MI_Default_Mask.uasset" 1157
"../../../Engine/Plugins/Interchange/Assets/Content/gltf/MaterialInstances/MI_Default_Mask.uexp" 1158
"../../../Engine/Plugins/Interchange/Assets/Content/gltf/MaterialInstances/MI_Default_Blend_DS.uasset" 1159
"../../../Engine/Plugins/Interchange/Assets/Content/gltf/MaterialInstances/MI_Default_Blend_DS.uexp" 1160
"../../../Engine/Plugins/Interchange/Assets/Content/gltf/MaterialInstances/MI_Default_Blend.uasset" 1161
"../../../Engine/Plugins/Interchange/Assets/Content/gltf/MaterialInstances/MI_Default_Blend.uexp" 1162
"../../../Engine/Content/Functions/Engine_MaterialFunctions01/Texturing/FlattenNormal.uasset" 1163
"../../../Engine/Content/Functions/Engine_MaterialFunctions01/Texturing/FlattenNormal.uexp" 1164
"../../../Engine/Plugins/Interchange/Assets/Content/gltf/MaterialFunctions/MF_Clearcoat.uasset" 1165
"../../../Engine/Plugins/Interchange/Assets/Content/gltf/MaterialFunctions/MF_Clearcoat.uexp" 1166
"../../../Engine/Plugins/Interchange/Assets/Content/gltf/MaterialBodies/MF_ClearCoat_Body.uasset" 1167
"../../../Engine/Plugins/Interchange/Assets/Content/gltf/MaterialBodies/MF_ClearCoat_Body.uexp" 1168
"../../../Engine/Plugins/Interchange/Assets/Content/gltf/M_ClearCoat.uasset" 1169
"../../../Engine/Plugins/Interchange/Assets/Content/gltf/M_ClearCoat.uexp" 1170
"../../../Engine/Plugins/Interchange/Assets/Content/gltf/MaterialInstances/MI_ClearCoat_Opaque_DS.uasset" 1171
"../../../Engine/Plugins/Interchange/Assets/Content/gltf/MaterialInstances/MI_ClearCoat_Opaque_DS.uexp" 1172
"../../../Engine/Plugins/Interchange/Assets/Content/gltf/MaterialInstances/MI_ClearCoat_Opaque.uasset" 1173
"../../../Engine/Plugins/Interchange/Assets/Content/gltf/MaterialInstances/MI_ClearCoat_Opaque.uexp" 1174
"../../../Engine/Plugins/Interchange/Assets/Content/gltf/MaterialInstances/MI_ClearCoat_Mask_DS.uasset" 1175
"../../../Engine/Plugins/Interchange/Assets/Content/gltf/MaterialInstances/MI_ClearCoat_Mask_DS.uexp" 1176
"../../../Engine/Plugins/Interchange/Assets/Content/gltf/MaterialInstances/MI_ClearCoat_Mask.uasset" 1177
"../../../Engine/Plugins/Interchange/Assets/Content/gltf/MaterialInstances/MI_ClearCoat_Mask.uexp" 1178
"../../../Engine/Plugins/Interchange/Assets/Content/gltf/MaterialInstances/MI_ClearCoat_Blend_DS.uasset" 1179
"../../../Engine/Plugins/Interchange/Assets/Content/gltf/MaterialInstances/MI_ClearCoat_Blend_DS.uexp" 1180
"../../../Engine/Plugins/Interchange/Assets/Content/gltf/MaterialInstances/MI_ClearCoat_Blend.uasset" 1181
"../../../Engine/Plugins/Interchange/Assets/Content/gltf/MaterialInstances/MI_ClearCoat_Blend.uexp" 1182
"../../../Engine/Content/VREditor/TransformGizmo/Main.uasset" 1183
"../../../Engine/Content/VREditor/TransformGizmo/Main.uexp" 1184
"../../../Engine/Content/VREditor/TransformGizmo/Xray.uasset" 1185
"../../../Engine/Content/VREditor/TransformGizmo/Xray.uexp" 1186
"../../../Engine/Content/VREditor/TransformGizmo/SM_Sequencer_Node.uasset" 1187
"../../../Engine/Content/VREditor/TransformGizmo/SM_Sequencer_Node.ubulk" 1188
"../../../Engine/Content/VREditor/TransformGizmo/SM_Sequencer_Node.uexp" 1189
"../../../Engine/Content/VREditor/LaserPointer/VR_LaserPower_01.uasset" 1190
"../../../Engine/Content/VREditor/LaserPointer/VR_LaserPower_01.ubulk" 1191
"../../../Engine/Content/VREditor/LaserPointer/VR_LaserPower_01.uexp" 1192
"../../../Engine/Content/VREditor/TransformGizmo/TransformGizmoMaterial.uasset" 1193
"../../../Engine/Content/VREditor/TransformGizmo/TransformGizmoMaterial.uexp" 1194
"../../../Engine/Content/VREditor/TransformGizmo/TranslucentTransformGizmoMaterial.uasset" 1195
"../../../Engine/Content/VREditor/TransformGizmo/TranslucentTransformGizmoMaterial.uexp" 1196
"../../../Engine/Content/VREditor/TransformGizmo/BoundingBoxEdge.uasset" 1197
"../../../Engine/Content/VREditor/TransformGizmo/BoundingBoxEdge.ubulk" 1198
"../../../Engine/Content/VREditor/TransformGizmo/BoundingBoxEdge.uexp" 1199
"../../../Engine/Content/VREditor/TransformGizmo/BoundingBoxCorner.uasset" 1200
"../../../Engine/Content/VREditor/TransformGizmo/BoundingBoxCorner.ubulk" 1201
"../../../Engine/Content/VREditor/TransformGizmo/BoundingBoxCorner.uexp" 1202
"../../../Engine/Content/EngineSky/VolumetricClouds/T_CloudMask.uasset" 1203
"../../../Engine/Content/EngineSky/VolumetricClouds/T_CloudMask.ubulk" 1204
"../../../Engine/Content/EngineSky/VolumetricClouds/T_CloudMask.uexp" 1205
"../../../Engine/Content/EngineSky/VolumetricClouds/VT_Lightning.uasset" 1206
"../../../Engine/Content/EngineSky/VolumetricClouds/VT_Lightning.uexp" 1207
"../../../Engine/Content/EngineSky/VolumetricClouds/T_Profile_08.uasset" 1208
"../../../Engine/Content/EngineSky/VolumetricClouds/T_Profile_08.ubulk" 1209
"../../../Engine/Content/EngineSky/VolumetricClouds/T_Profile_08.uexp" 1210
"../../../Engine/Content/Functions/Engine_MaterialFunctions02/Utility/MakeFloat4.uasset" 1211
"../../../Engine/Content/Functions/Engine_MaterialFunctions02/Utility/MakeFloat4.uexp" 1212
"../../../Engine/Content/Functions/Engine_MaterialFunctions01/Units/Km-to-Cm.uasset" 1213
"../../../Engine/Content/Functions/Engine_MaterialFunctions01/Units/Km-to-Cm.uexp" 1214
"../../../Engine/Content/Functions/Engine_MaterialFunctions02/Utility/BreakOutFloat4Components.uasset" 1215
"../../../Engine/Content/Functions/Engine_MaterialFunctions02/Utility/BreakOutFloat4Components.uexp" 1216
"../../../Engine/Content/EngineSky/VolumetricClouds/T_CloudPattern.uasset" 1217
"../../../Engine/Content/EngineSky/VolumetricClouds/T_CloudPattern.ubulk" 1218
"../../../Engine/Content/EngineSky/VolumetricClouds/T_CloudPattern.uexp" 1219
"../../../Engine/Content/EngineSky/VolumetricClouds/VT_PerlinWorley_Balanced.uasset" 1220
"../../../Engine/Content/EngineSky/VolumetricClouds/VT_PerlinWorley_Balanced.uexp" 1221
"../../../Engine/Content/EngineSky/VolumetricClouds/m_SimpleVolumetricCloud.uasset" 1222
"../../../Engine/Content/EngineSky/VolumetricClouds/m_SimpleVolumetricCloud.uexp" 1223
"../../../Engine/Content/EngineSky/VolumetricClouds/m_SimpleVolumetricCloud_Inst.uasset" 1224
"../../../Engine/Content/EngineSky/VolumetricClouds/m_SimpleVolumetricCloud_Inst.uexp" 1225
"../../../Engine/Content/EditorMaterials/Camera/CineMat.uasset" 1226
"../../../Engine/Content/EditorMaterials/Camera/CineMat.uexp" 1227
"../../../Engine/Content/EditorMaterials/Camera/MI_CineMat_Rig.uasset" 1228
"../../../Engine/Content/EditorMaterials/Camera/MI_CineMat_Rig.uexp" 1229
"../../../Engine/Content/EditorMeshes/Camera/SM_RailRig_Track.uasset" 1230
"../../../Engine/Content/EditorMeshes/Camera/SM_RailRig_Track.ubulk" 1231
"../../../Engine/Content/EditorMeshes/Camera/SM_RailRig_Track.uexp" 1232
"../../../Engine/Content/EditorMeshes/Camera/SM_RailRig_Mount.uasset" 1233
"../../../Engine/Content/EditorMeshes/Camera/SM_RailRig_Mount.ubulk" 1234
"../../../Engine/Content/EditorMeshes/Camera/SM_RailRig_Mount.uexp" 1235
"../../../Engine/Content/EditorMeshes/Camera/SM_CraneRig_Mount.uasset" 1236
"../../../Engine/Content/EditorMeshes/Camera/SM_CraneRig_Mount.ubulk" 1237
"../../../Engine/Content/EditorMeshes/Camera/SM_CraneRig_Mount.uexp" 1238
"../../../Engine/Content/EditorMeshes/Camera/SM_CraneRig_Body.uasset" 1239
"../../../Engine/Content/EditorMeshes/Camera/SM_CraneRig_Body.ubulk" 1240
"../../../Engine/Content/EditorMeshes/Camera/SM_CraneRig_Body.uexp" 1241
"../../../Engine/Content/EditorMeshes/Camera/SM_CraneRig_Base.uasset" 1242
"../../../Engine/Content/EditorMeshes/Camera/SM_CraneRig_Base.ubulk" 1243
"../../../Engine/Content/EditorMeshes/Camera/SM_CraneRig_Base.uexp" 1244
"../../../Engine/Content/EditorMeshes/Camera/SM_CraneRig_Arm.uasset" 1245
"../../../Engine/Content/EditorMeshes/Camera/SM_CraneRig_Arm.ubulk" 1246
"../../../Engine/Content/EditorMeshes/Camera/SM_CraneRig_Arm.uexp" 1247
"../../../Engine/Content/ArtTools/RenderToTexture/Meshes/S_1_Unit_Plane.uasset" 1248
"../../../Engine/Content/ArtTools/RenderToTexture/Meshes/S_1_Unit_Plane.ubulk" 1249
"../../../Engine/Content/ArtTools/RenderToTexture/Meshes/S_1_Unit_Plane.uexp" 1250
"../../../Engine/Plugins/NNE/NNEDenoiser/Content/NNE_oidn2-3-0_rt_hdr_calb_cnrm_large__dyn__fp16_opset11_ForwardAlpha.uasset" 1251
"../../../Engine/Plugins/NNE/NNEDenoiser/Content/NNE_oidn2-3-0_rt_hdr_calb_cnrm_large__dyn__fp16_opset11_ForwardAlpha.uexp" 1252
"../../../Engine/Plugins/NNE/NNEDenoiser/Content/NNE_oidn2-3-0_rt_hdr_calb_cnrm_large__dyn__fp16_opset11_DenoiseAlpha.uasset" 1253
"../../../Engine/Plugins/NNE/NNEDenoiser/Content/NNE_oidn2-3-0_rt_hdr_calb_cnrm_large__dyn__fp16_opset11_DenoiseAlpha.uexp" 1254
"../../../Engine/Plugins/NNE/NNEDenoiser/Content/NNE_oidn2-3-0_rt_hdr_alb_nrm__dyn__fp16_opset11_ForwardAlpha.uasset" 1255
"../../../Engine/Plugins/NNE/NNEDenoiser/Content/NNE_oidn2-3-0_rt_hdr_alb_nrm__dyn__fp16_opset11_ForwardAlpha.uexp" 1256
"../../../Engine/Plugins/NNE/NNEDenoiser/Content/NNE_oidn2-3-0_rt_hdr_alb_nrm__dyn__fp16_opset11_DenoiseAlpha.uasset" 1257
"../../../Engine/Plugins/NNE/NNEDenoiser/Content/NNE_oidn2-3-0_rt_hdr_alb_nrm__dyn__fp16_opset11_DenoiseAlpha.uexp" 1258
"../../../Engine/Plugins/NNE/NNEDenoiser/Content/NNE_oidn2-3-0_rt_hdr_alb_nrm_small__dyn__fp16_opset11_ForwardAlpha.uasset" 1259
"../../../Engine/Plugins/NNE/NNEDenoiser/Content/NNE_oidn2-3-0_rt_hdr_alb_nrm_small__dyn__fp16_opset11_ForwardAlpha.uexp" 1260
"../../../Engine/Plugins/NNE/NNEDenoiser/Content/NNE_oidn2-3-0_rt_hdr_alb_nrm_small__dyn__fp16_opset11_DenoiseAlpha.uasset" 1261
"../../../Engine/Plugins/NNE/NNEDenoiser/Content/NNE_oidn2-3-0_rt_hdr_alb_nrm_small__dyn__fp16_opset11_DenoiseAlpha.uexp" 1262
"../../../Engine/Plugins/NNE/NNEDenoiser/Content/NNED_Oidn2-3_HighQuality_Alpha.uasset" 1263
"../../../Engine/Plugins/NNE/NNEDenoiser/Content/NNED_Oidn2-3_HighQuality_Alpha.uexp" 1264
"../../../Engine/Plugins/NNE/NNEDenoiser/Content/NNED_Oidn2-3_HighQuality.uasset" 1265
"../../../Engine/Plugins/NNE/NNEDenoiser/Content/NNED_Oidn2-3_HighQuality.uexp" 1266
"../../../Engine/Plugins/NNE/NNEDenoiser/Content/NNED_Oidn2-3_Fast_Alpha.uasset" 1267
"../../../Engine/Plugins/NNE/NNEDenoiser/Content/NNED_Oidn2-3_Fast_Alpha.uexp" 1268
"../../../Engine/Plugins/NNE/NNEDenoiser/Content/NNED_Oidn2-3_Fast.uasset" 1269
"../../../Engine/Plugins/NNE/NNEDenoiser/Content/NNED_Oidn2-3_Fast.uexp" 1270
"../../../Engine/Plugins/NNE/NNEDenoiser/Content/NNED_Oidn2-3_Balanced_Alpha.uasset" 1271
"../../../Engine/Plugins/NNE/NNEDenoiser/Content/NNED_Oidn2-3_Balanced_Alpha.uexp" 1272
"../../../Engine/Plugins/NNE/NNEDenoiser/Content/NNED_Oidn2-3_Balanced.uasset" 1273
"../../../Engine/Plugins/NNE/NNEDenoiser/Content/NNED_Oidn2-3_Balanced.uexp" 1274
"../../../Engine/Plugins/NNE/NNEDenoiser/Content/NNEDT_Oidn2-3_Balanced_Alpha.uasset" 1275
"../../../Engine/Plugins/NNE/NNEDenoiser/Content/NNEDT_Oidn2-3_Balanced_Alpha.uexp" 1276
"../../../Engine/Plugins/NNE/NNEDenoiser/Content/NNEDT_Oidn2-3_Balanced.uasset" 1277
"../../../Engine/Plugins/NNE/NNEDenoiser/Content/NNEDT_Oidn2-3_Balanced.uexp" 1278
"../../../Engine/Plugins/Animation/DeformerGraph/Content/Deformers/DG_LinearBlendSkin_Morph_Cloth_RecomputeNormals.uasset" 1279
"../../../Engine/Plugins/Animation/DeformerGraph/Content/Deformers/DG_LinearBlendSkin_Morph_Cloth_RecomputeNormals.uexp" 1280
"../../../Engine/Plugins/Animation/DeformerGraph/Content/Deformers/DG_LinearBlendSkin_Morph_Cloth.uasset" 1281
"../../../Engine/Plugins/Animation/DeformerGraph/Content/Deformers/DG_LinearBlendSkin_Morph_Cloth.uexp" 1282
"../../../Engine/Plugins/Animation/DeformerGraph/Content/DeformerFunctions/DG_Function_LinearBlendSkin_Morph_Cloth_PositionOnly.uasset" 1283
"../../../Engine/Plugins/Animation/DeformerGraph/Content/DeformerFunctions/DG_Function_LinearBlendSkin_Morph_Cloth_PositionOnly.uexp" 1284
"../../../Engine/Plugins/Animation/DeformerGraph/Content/DeformerFunctions/DG_Function_LinearBlendSkin_Morph_Cloth.uasset" 1285
"../../../Engine/Plugins/Animation/DeformerGraph/Content/DeformerFunctions/DG_Function_LinearBlendSkin_Morph_Cloth.uexp" 1286
"../../../Engine/Plugins/Animation/DeformerGraph/Content/DeformerFunctions/DG_Function_ComputeNormalsTangents.uasset" 1287
"../../../Engine/Plugins/Animation/DeformerGraph/Content/DeformerFunctions/DG_Function_ComputeNormalsTangents.uexp" 1288
"../../../Engine/Content/VREditor/TransformGizmo/StartRotationHandleIndicator.uasset" 1289
"../../../Engine/Content/VREditor/TransformGizmo/StartRotationHandleIndicator.ubulk" 1290
"../../../Engine/Content/VREditor/TransformGizmo/StartRotationHandleIndicator.uexp" 1291
"../../../Engine/Content/VREditor/Sounds/UI/Drop_Item_From_ContentBrowser.uasset" 1292
"../../../Engine/Content/VREditor/Sounds/UI/Drop_Item_From_ContentBrowser.ubulk" 1293
"../../../Engine/Content/VREditor/Sounds/UI/Drop_Item_From_ContentBrowser.uexp" 1294
"../../../Engine/Content/VREditor/TransformGizmo/PlaneTranslationHandle.uasset" 1295
"../../../Engine/Content/VREditor/TransformGizmo/PlaneTranslationHandle.ubulk" 1296
"../../../Engine/Content/VREditor/TransformGizmo/PlaneTranslationHandle.uexp" 1297
"../../../Engine/Content/VREditor/Sounds/UI/Object_Snaps_To_Grid.uasset" 1298
"../../../Engine/Content/VREditor/Sounds/UI/Object_Snaps_To_Grid.ubulk" 1299
"../../../Engine/Content/VREditor/Sounds/UI/Object_Snaps_To_Grid.uexp" 1300
"../../../Engine/Content/VREditor/Sounds/UI/Selection_Changes.uasset" 1301
"../../../Engine/Content/VREditor/Sounds/UI/Selection_Changes.ubulk" 1302
"../../../Engine/Content/VREditor/Sounds/UI/Selection_Changes.uexp" 1303
"../../../Engine/Content/VREditor/Sounds/UI/Object_Snaps_To_Another_Actor.uasset" 1304
"../../../Engine/Content/VREditor/Sounds/UI/Object_Snaps_To_Another_Actor.ubulk" 1305
"../../../Engine/Content/VREditor/Sounds/UI/Object_Snaps_To_Another_Actor.uexp" 1306
"../../../Engine/Content/VREditor/TransformGizmo/TranslucentTransformGizmoMaterial_Inst.uasset" 1307
"../../../Engine/Content/VREditor/TransformGizmo/TranslucentTransformGizmoMaterial_Inst.uexp" 1308
"../../../Engine/Content/VREditor/TransformGizmo/TransformGizmoFreeRotation.uasset" 1309
"../../../Engine/Content/VREditor/TransformGizmo/TransformGizmoFreeRotation.ubulk" 1310
"../../../Engine/Content/VREditor/TransformGizmo/TransformGizmoFreeRotation.uexp" 1311
"../../../Engine/Content/VREditor/Sounds/UI/Scaling_Down.uasset" 1312
"../../../Engine/Content/VREditor/Sounds/UI/Scaling_Down.ubulk" 1313
"../../../Engine/Content/VREditor/Sounds/UI/Scaling_Down.uexp" 1314
"../../../Engine/Content/Functions/Engine_MaterialFunctions02/SplitComponents.uasset" 1315
"../../../Engine/Content/Functions/Engine_MaterialFunctions02/SplitComponents.uexp" 1316
"../../../Engine/Content/VREditor/SnapGrid/SnapGridMaterial.uasset" 1317
"../../../Engine/Content/VREditor/SnapGrid/SnapGridMaterial.uexp" 1318
"../../../Engine/Content/VREditor/SnapGrid/SnapGridPlaneMesh.uasset" 1319
"../../../Engine/Content/VREditor/SnapGrid/SnapGridPlaneMesh.ubulk" 1320
"../../../Engine/Content/VREditor/SnapGrid/SnapGridPlaneMesh.uexp" 1321
"../../../Engine/Content/VREditor/Sounds/UI/Scaling_Up.uasset" 1322
"../../../Engine/Content/VREditor/Sounds/UI/Scaling_Up.ubulk" 1323
"../../../Engine/Content/VREditor/Sounds/UI/Scaling_Up.uexp" 1324
"../../../Engine/Content/VREditor/TransformGizmo/TransformGizmoMaterial_Inst.uasset" 1325
"../../../Engine/Content/VREditor/TransformGizmo/TransformGizmoMaterial_Inst.uexp" 1326
"../../../Engine/Content/VREditor/Sounds/UI/Gizmo_Handle_Clicked.uasset" 1327
"../../../Engine/Content/VREditor/Sounds/UI/Gizmo_Handle_Clicked.ubulk" 1328
"../../../Engine/Content/VREditor/Sounds/UI/Gizmo_Handle_Clicked.uexp" 1329
"../../../Engine/Content/VREditor/TransformGizmo/RotationHandleQuarter.uasset" 1330
"../../../Engine/Content/VREditor/TransformGizmo/RotationHandleQuarter.ubulk" 1331
"../../../Engine/Content/VREditor/TransformGizmo/RotationHandleQuarter.uexp" 1332
"../../../Engine/Content/VREditor/TransformGizmo/TranslateArrowHandle.uasset" 1333
"../../../Engine/Content/VREditor/TransformGizmo/TranslateArrowHandle.ubulk" 1334
"../../../Engine/Content/VREditor/TransformGizmo/TranslateArrowHandle.uexp" 1335
"../../../Engine/Content/VREditor/TransformGizmo/RotationHandleIndicator.uasset" 1336
"../../../Engine/Content/VREditor/TransformGizmo/RotationHandleIndicator.ubulk" 1337
"../../../Engine/Content/VREditor/TransformGizmo/RotationHandleIndicator.uexp" 1338
"../../../Engine/Content/VREditor/TransformGizmo/UniformScaleHandle.uasset" 1339
"../../../Engine/Content/VREditor/TransformGizmo/UniformScaleHandle.ubulk" 1340
"../../../Engine/Content/VREditor/TransformGizmo/UniformScaleHandle.uexp" 1341
"../../../Engine/Content/VREditor/TransformGizmo/RotationHandleFull.uasset" 1342
"../../../Engine/Content/VREditor/TransformGizmo/RotationHandleFull.ubulk" 1343
"../../../Engine/Content/VREditor/TransformGizmo/RotationHandleFull.uexp" 1344
"../../../Engine/Content/VREditor/Sounds/UI/Object_PickUp.uasset" 1345
"../../../Engine/Content/VREditor/Sounds/UI/Object_PickUp.ubulk" 1346
"../../../Engine/Content/VREditor/Sounds/UI/Object_PickUp.uexp" 1347
"../../../Engine/Content/EngineResources/LandscapeVisibilityLayerInfo.uasset" 1348
"../../../Engine/Content/EngineResources/LandscapeVisibilityLayerInfo.uexp" 1349
"F:/Pro/FPSRogueLikePrj/FPSRogueLike 5.5/Content/Landscape/Textures/MossyRockT_albedo.uasset" 1350
"F:/Pro/FPSRogueLikePrj/FPSRogueLike 5.5/Content/Landscape/Textures/MossyRockT_albedo.ubulk" 1351
"F:/Pro/FPSRogueLikePrj/FPSRogueLike 5.5/Content/Landscape/Textures/MossyRockT_albedo.uexp" 1352
"F:/Pro/FPSRogueLikePrj/FPSRogueLike 5.5/Content/Landscape/Assets/Pillar/PillarTopNormal.uasset" 1353
"F:/Pro/FPSRogueLikePrj/FPSRogueLike 5.5/Content/Landscape/Assets/Pillar/PillarTopNormal.ubulk" 1354
"F:/Pro/FPSRogueLikePrj/FPSRogueLike 5.5/Content/Landscape/Assets/Pillar/PillarTopNormal.uexp" 1355
"F:/Pro/FPSRogueLikePrj/FPSRogueLike 5.5/Content/Landscape/Assets/Pillar/PillarTopAO.uasset" 1356
"F:/Pro/FPSRogueLikePrj/FPSRogueLike 5.5/Content/Landscape/Assets/Pillar/PillarTopAO.ubulk" 1357
"F:/Pro/FPSRogueLikePrj/FPSRogueLike 5.5/Content/Landscape/Assets/Pillar/PillarTopAO.uexp" 1358
"F:/Pro/FPSRogueLikePrj/FPSRogueLike 5.5/Content/Landscape/Assets/Pillar/TopBakeMat.uasset" 1359
"F:/Pro/FPSRogueLikePrj/FPSRogueLike 5.5/Content/Landscape/Assets/Pillar/TopBakeMat.uexp" 1360
"F:/Pro/FPSRogueLikePrj/FPSRogueLike 5.5/Content/Landscape/Assets/Pillar/PillarBaseNormal.uasset" 1361
"F:/Pro/FPSRogueLikePrj/FPSRogueLike 5.5/Content/Landscape/Assets/Pillar/PillarBaseNormal.ubulk" 1362
"F:/Pro/FPSRogueLikePrj/FPSRogueLike 5.5/Content/Landscape/Assets/Pillar/PillarBaseNormal.uexp" 1363
"F:/Pro/FPSRogueLikePrj/FPSRogueLike 5.5/Content/Landscape/Assets/Pillar/PillarBaseAO.uasset" 1364
"F:/Pro/FPSRogueLikePrj/FPSRogueLike 5.5/Content/Landscape/Assets/Pillar/PillarBaseAO.ubulk" 1365
"F:/Pro/FPSRogueLikePrj/FPSRogueLike 5.5/Content/Landscape/Assets/Pillar/PillarBaseAO.uexp" 1366
"F:/Pro/FPSRogueLikePrj/FPSRogueLike 5.5/Content/Landscape/Assets/Pillar/BaseBakeMat.uasset" 1367
"F:/Pro/FPSRogueLikePrj/FPSRogueLike 5.5/Content/Landscape/Assets/Pillar/BaseBakeMat.uexp" 1368
"F:/Pro/FPSRogueLikePrj/FPSRogueLike 5.5/Content/Landscape/Assets/Pillar/PillarBodyAO.uasset" 1369
"F:/Pro/FPSRogueLikePrj/FPSRogueLike 5.5/Content/Landscape/Assets/Pillar/PillarBodyAO.ubulk" 1370
"F:/Pro/FPSRogueLikePrj/FPSRogueLike 5.5/Content/Landscape/Assets/Pillar/PillarBodyAO.uexp" 1371
"F:/Pro/FPSRogueLikePrj/FPSRogueLike 5.5/Content/Landscape/Assets/Pillar/PillarBodyNormal.uasset" 1372
"F:/Pro/FPSRogueLikePrj/FPSRogueLike 5.5/Content/Landscape/Assets/Pillar/PillarBodyNormal.ubulk" 1373
"F:/Pro/FPSRogueLikePrj/FPSRogueLike 5.5/Content/Landscape/Assets/Pillar/PillarBodyNormal.uexp" 1374
"F:/Pro/FPSRogueLikePrj/FPSRogueLike 5.5/Content/Landscape/Assets/Pillar/BodyBakeMat.uasset" 1375
"F:/Pro/FPSRogueLikePrj/FPSRogueLike 5.5/Content/Landscape/Assets/Pillar/BodyBakeMat.uexp" 1376
"F:/Pro/FPSRogueLikePrj/FPSRogueLike 5.5/Content/Landscape/Assets/Pillar/RuinsPillarV2.uasset" 1377
"F:/Pro/FPSRogueLikePrj/FPSRogueLike 5.5/Content/Landscape/Assets/Pillar/RuinsPillarV2.ubulk" 1378
"F:/Pro/FPSRogueLikePrj/FPSRogueLike 5.5/Content/Landscape/Assets/Pillar/RuinsPillarV2.uexp" 1379
"F:/Pro/FPSRogueLikePrj/FPSRogueLike 5.5/Content/FirstPerson/Maps/_GENERATED/HuskyCal/Boolean_84F7FD35.uasset" 1380
"F:/Pro/FPSRogueLikePrj/FPSRogueLike 5.5/Content/FirstPerson/Maps/_GENERATED/HuskyCal/Boolean_84F7FD35.ubulk" 1381
"F:/Pro/FPSRogueLikePrj/FPSRogueLike 5.5/Content/FirstPerson/Maps/_GENERATED/HuskyCal/Boolean_84F7FD35.uexp" 1382
"F:/Pro/FPSRogueLikePrj/FPSRogueLike 5.5/Content/Landscape/Assets/M_MossyRuinStone.uasset" 1383
"F:/Pro/FPSRogueLikePrj/FPSRogueLike 5.5/Content/Landscape/Assets/M_MossyRuinStone.uexp" 1384
"F:/Pro/FPSRogueLikePrj/FPSRogueLike 5.5/Content/FirstPerson/Maps/FirstPersonMap_sharedassets/Rock_Vertical_LayerInfo.uasset" 1385
"F:/Pro/FPSRogueLikePrj/FPSRogueLike 5.5/Content/FirstPerson/Maps/FirstPersonMap_sharedassets/Rock_Vertical_LayerInfo.uexp" 1386
"F:/Pro/FPSRogueLikePrj/FPSRogueLike 5.5/Content/Landscape/Textures/GrassTexture1_normal.uasset" 1387
"F:/Pro/FPSRogueLikePrj/FPSRogueLike 5.5/Content/Landscape/Textures/GrassTexture1_normal.ubulk" 1388
"F:/Pro/FPSRogueLikePrj/FPSRogueLike 5.5/Content/Landscape/Textures/GrassTexture1_normal.uexp" 1389
"F:/Pro/FPSRogueLikePrj/FPSRogueLike 5.5/Content/Landscape/Textures/DirtTexture1_albedo.uasset" 1390
"F:/Pro/FPSRogueLikePrj/FPSRogueLike 5.5/Content/Landscape/Textures/DirtTexture1_albedo.ubulk" 1391
"F:/Pro/FPSRogueLikePrj/FPSRogueLike 5.5/Content/Landscape/Textures/DirtTexture1_albedo.uexp" 1392
"../../../Engine/Content/EngineMaterials/WeightMapPlaceholderTexture.uasset" 1393
"../../../Engine/Content/EngineMaterials/WeightMapPlaceholderTexture.uexp" 1394
"../../../Engine/Content/EngineMaterials/WeightMapArrayPlaceholderTexture.uasset" 1395
"../../../Engine/Content/EngineMaterials/WeightMapArrayPlaceholderTexture.uexp" 1396
"F:/Pro/FPSRogueLikePrj/FPSRogueLike 5.5/Content/Landscape/Textures/CliffRockTexture1_orm.uasset" 1397
"F:/Pro/FPSRogueLikePrj/FPSRogueLike 5.5/Content/Landscape/Textures/CliffRockTexture1_orm.ubulk" 1398
"F:/Pro/FPSRogueLikePrj/FPSRogueLike 5.5/Content/Landscape/Textures/CliffRockTexture1_orm.uexp" 1399
"F:/Pro/FPSRogueLikePrj/FPSRogueLike 5.5/Content/Landscape/Textures/DirtTexture1_normal.uasset" 1400
"F:/Pro/FPSRogueLikePrj/FPSRogueLike 5.5/Content/Landscape/Textures/DirtTexture1_normal.ubulk" 1401
"F:/Pro/FPSRogueLikePrj/FPSRogueLike 5.5/Content/Landscape/Textures/DirtTexture1_normal.uexp" 1402
"F:/Pro/FPSRogueLikePrj/FPSRogueLike 5.5/Content/Landscape/Textures/CliffRockTexture1_normal.uasset" 1403
"F:/Pro/FPSRogueLikePrj/FPSRogueLike 5.5/Content/Landscape/Textures/CliffRockTexture1_normal.ubulk" 1404
"F:/Pro/FPSRogueLikePrj/FPSRogueLike 5.5/Content/Landscape/Textures/CliffRockTexture1_normal.uexp" 1405
"F:/Pro/FPSRogueLikePrj/FPSRogueLike 5.5/Content/Landscape/Textures/GrassTexture1_albedo.uasset" 1406
"F:/Pro/FPSRogueLikePrj/FPSRogueLike 5.5/Content/Landscape/Textures/GrassTexture1_albedo.ubulk" 1407
"F:/Pro/FPSRogueLikePrj/FPSRogueLike 5.5/Content/Landscape/Textures/GrassTexture1_albedo.uexp" 1408
"F:/Pro/FPSRogueLikePrj/FPSRogueLike 5.5/Content/Landscape/Textures/CliffRockTexture1_albedo.uasset" 1409
"F:/Pro/FPSRogueLikePrj/FPSRogueLike 5.5/Content/Landscape/Textures/CliffRockTexture1_albedo.ubulk" 1410
"F:/Pro/FPSRogueLikePrj/FPSRogueLike 5.5/Content/Landscape/Textures/CliffRockTexture1_albedo.uexp" 1411
"F:/Pro/FPSRogueLikePrj/FPSRogueLike 5.5/Content/Landscape/Textures/GrassTexture1_orm.uasset" 1412
"F:/Pro/FPSRogueLikePrj/FPSRogueLike 5.5/Content/Landscape/Textures/GrassTexture1_orm.ubulk" 1413
"F:/Pro/FPSRogueLikePrj/FPSRogueLike 5.5/Content/Landscape/Textures/GrassTexture1_orm.uexp" 1414
"F:/Pro/FPSRogueLikePrj/FPSRogueLike 5.5/Content/Landscape/Textures/M_LSMaster.uasset" 1415
"F:/Pro/FPSRogueLikePrj/FPSRogueLike 5.5/Content/Landscape/Textures/M_LSMaster.uexp" 1416
"../../../Engine/Content/EngineMaterials/DefaultPhysicalMaterial.uasset" 1417
"../../../Engine/Content/EngineMaterials/DefaultPhysicalMaterial.uexp" 1418
"F:/Pro/FPSRogueLikePrj/FPSRogueLike 5.5/Content/FirstPerson/Maps/FirstPersonMap_sharedassets/Dirt_LayerInfo.uasset" 1419
"F:/Pro/FPSRogueLikePrj/FPSRogueLike 5.5/Content/FirstPerson/Maps/FirstPersonMap_sharedassets/Dirt_LayerInfo.uexp" 1420
"F:/Pro/FPSRogueLikePrj/FPSRogueLike 5.5/Content/FirstPerson/Maps/FirstPersonMap_sharedassets/Grass_LayerInfo.uasset" 1421
"F:/Pro/FPSRogueLikePrj/FPSRogueLike 5.5/Content/FirstPerson/Maps/FirstPersonMap_sharedassets/Grass_LayerInfo.uexp" 1422
"F:/Pro/FPSRogueLikePrj/FPSRogueLike 5.5/Content/FirstPerson/Maps/_GENERATED/HuskyCal/Stairs_7733B1F1.uasset" 1423
"F:/Pro/FPSRogueLikePrj/FPSRogueLike 5.5/Content/FirstPerson/Maps/_GENERATED/HuskyCal/Stairs_7733B1F1.ubulk" 1424
"F:/Pro/FPSRogueLikePrj/FPSRogueLike 5.5/Content/FirstPerson/Maps/_GENERATED/HuskyCal/Stairs_7733B1F1.uexp" 1425
"F:/Pro/FPSRogueLikePrj/FPSRogueLike 5.5/Content/FirstPerson/Maps/_GENERATED/HuskyCal/Box_F841970C.uasset" 1426
"F:/Pro/FPSRogueLikePrj/FPSRogueLike 5.5/Content/FirstPerson/Maps/_GENERATED/HuskyCal/Box_F841970C.ubulk" 1427
"F:/Pro/FPSRogueLikePrj/FPSRogueLike 5.5/Content/FirstPerson/Maps/_GENERATED/HuskyCal/Box_F841970C.uexp" 1428
"F:/Pro/FPSRogueLikePrj/FPSRogueLike 5.5/Content/FirstPerson/Maps/_GENERATED/HuskyCal/Cylinder_C0C8E431.uasset" 1429
"F:/Pro/FPSRogueLikePrj/FPSRogueLike 5.5/Content/FirstPerson/Maps/_GENERATED/HuskyCal/Cylinder_C0C8E431.ubulk" 1430
"F:/Pro/FPSRogueLikePrj/FPSRogueLike 5.5/Content/FirstPerson/Maps/_GENERATED/HuskyCal/Cylinder_C0C8E431.uexp" 1431
"F:/Pro/FPSRogueLikePrj/FPSRogueLike 5.5/Content/FirstPerson/Maps/_GENERATED/HuskyCal/Box_9FAE49B9.uasset" 1432
"F:/Pro/FPSRogueLikePrj/FPSRogueLike 5.5/Content/FirstPerson/Maps/_GENERATED/HuskyCal/Box_9FAE49B9.ubulk" 1433
"F:/Pro/FPSRogueLikePrj/FPSRogueLike 5.5/Content/FirstPerson/Maps/_GENERATED/HuskyCal/Box_9FAE49B9.uexp" 1434
"F:/Pro/FPSRogueLikePrj/FPSRogueLike 5.5/Content/FirstPerson/Maps/_GENERATED/HuskyCal/Box_4588F918.uasset" 1435
"F:/Pro/FPSRogueLikePrj/FPSRogueLike 5.5/Content/FirstPerson/Maps/_GENERATED/HuskyCal/Box_4588F918.ubulk" 1436
"F:/Pro/FPSRogueLikePrj/FPSRogueLike 5.5/Content/FirstPerson/Maps/_GENERATED/HuskyCal/Box_4588F918.uexp" 1437
"F:/Pro/FPSRogueLikePrj/FPSRogueLike 5.5/Content/FirstPerson/Maps/_GENERATED/HuskyCal/Box_DD0B6FBF.uasset" 1438
"F:/Pro/FPSRogueLikePrj/FPSRogueLike 5.5/Content/FirstPerson/Maps/_GENERATED/HuskyCal/Box_DD0B6FBF.ubulk" 1439
"F:/Pro/FPSRogueLikePrj/FPSRogueLike 5.5/Content/FirstPerson/Maps/_GENERATED/HuskyCal/Box_DD0B6FBF.uexp" 1440
"F:/Pro/FPSRogueLikePrj/FPSRogueLike 5.5/Content/FirstPerson/Maps/_GENERATED/HuskyCal/Box_6DABC9E1.uasset" 1441
"F:/Pro/FPSRogueLikePrj/FPSRogueLike 5.5/Content/FirstPerson/Maps/_GENERATED/HuskyCal/Box_6DABC9E1.ubulk" 1442
"F:/Pro/FPSRogueLikePrj/FPSRogueLike 5.5/Content/FirstPerson/Maps/_GENERATED/HuskyCal/Box_6DABC9E1.uexp" 1443
"F:/Pro/FPSRogueLikePrj/FPSRogueLike 5.5/Content/FirstPerson/Maps/_GENERATED/HuskyCal/Stairs_4D946D1B.uasset" 1444
"F:/Pro/FPSRogueLikePrj/FPSRogueLike 5.5/Content/FirstPerson/Maps/_GENERATED/HuskyCal/Stairs_4D946D1B.ubulk" 1445
"F:/Pro/FPSRogueLikePrj/FPSRogueLike 5.5/Content/FirstPerson/Maps/_GENERATED/HuskyCal/Stairs_4D946D1B.uexp" 1446
"F:/Pro/FPSRogueLikePrj/FPSRogueLike 5.5/Content/FirstPerson/Maps/_GENERATED/HuskyCal/Box_B0D34214.uasset" 1447
"F:/Pro/FPSRogueLikePrj/FPSRogueLike 5.5/Content/FirstPerson/Maps/_GENERATED/HuskyCal/Box_B0D34214.ubulk" 1448
"F:/Pro/FPSRogueLikePrj/FPSRogueLike 5.5/Content/FirstPerson/Maps/_GENERATED/HuskyCal/Box_B0D34214.uexp" 1449
"../../../Engine/Content/Functions/Engine_MaterialFunctions01/WorldPositionOffset/SimpleGrassWind.uasset" 1450
"../../../Engine/Content/Functions/Engine_MaterialFunctions01/WorldPositionOffset/SimpleGrassWind.uexp" 1451
"F:/Pro/FPSRogueLikePrj/FPSRogueLike 5.5/Content/Materials/Bush/M_Bush.uasset" 1452
"F:/Pro/FPSRogueLikePrj/FPSRogueLike 5.5/Content/Materials/Bush/M_Bush.uexp" 1453
"F:/Pro/FPSRogueLikePrj/FPSRogueLike 5.5/Content/Materials/Bush/MI_BushTint03.uasset" 1454
"F:/Pro/FPSRogueLikePrj/FPSRogueLike 5.5/Content/Materials/Bush/MI_BushTint03.uexp" 1455
"F:/Pro/FPSRogueLikePrj/FPSRogueLike 5.5/Content/Materials/Tree/M_TreeTrunk.uasset" 1456
"F:/Pro/FPSRogueLikePrj/FPSRogueLike 5.5/Content/Materials/Tree/M_TreeTrunk.uexp" 1457
"F:/Pro/FPSRogueLikePrj/FPSRogueLike 5.5/Content/Materials/Tree/MI_TreeTrunkTint1.uasset" 1458
"F:/Pro/FPSRogueLikePrj/FPSRogueLike 5.5/Content/Materials/Tree/MI_TreeTrunkTint1.uexp" 1459
"F:/Pro/FPSRogueLikePrj/FPSRogueLike 5.5/Content/Models/Foliage/Trees/Tree2.uasset" 1460
"F:/Pro/FPSRogueLikePrj/FPSRogueLike 5.5/Content/Models/Foliage/Trees/Tree2.ubulk" 1461
"F:/Pro/FPSRogueLikePrj/FPSRogueLike 5.5/Content/Models/Foliage/Trees/Tree2.uexp" 1462
"F:/Pro/FPSRogueLikePrj/FPSRogueLike 5.5/Content/Models/Foliage/Trees/Tree2_FoliageType.uasset" 1463
"F:/Pro/FPSRogueLikePrj/FPSRogueLike 5.5/Content/Models/Foliage/Trees/Tree2_FoliageType.uexp" 1464
"F:/Pro/FPSRogueLikePrj/FPSRogueLike 5.5/Content/Materials/Bush/MI_BushTint01.uasset" 1465
"F:/Pro/FPSRogueLikePrj/FPSRogueLike 5.5/Content/Materials/Bush/MI_BushTint01.uexp" 1466
"F:/Pro/FPSRogueLikePrj/FPSRogueLike 5.5/Content/Models/Foliage/Bushes/Bush.uasset" 1467
"F:/Pro/FPSRogueLikePrj/FPSRogueLike 5.5/Content/Models/Foliage/Bushes/Bush.ubulk" 1468
"F:/Pro/FPSRogueLikePrj/FPSRogueLike 5.5/Content/Models/Foliage/Bushes/Bush.uexp" 1469
"F:/Pro/FPSRogueLikePrj/FPSRogueLike 5.5/Content/Models/Foliage/Bushes/Bush_FoliageType.uasset" 1470
"F:/Pro/FPSRogueLikePrj/FPSRogueLike 5.5/Content/Models/Foliage/Bushes/Bush_FoliageType.uexp" 1471
"F:/Pro/FPSRogueLikePrj/FPSRogueLike 5.5/Content/Materials/Bush/MI_BushTint02.uasset" 1472
"F:/Pro/FPSRogueLikePrj/FPSRogueLike 5.5/Content/Materials/Bush/MI_BushTint02.uexp" 1473
"F:/Pro/FPSRogueLikePrj/FPSRogueLike 5.5/Content/Models/Foliage/Bushes/Bush2.uasset" 1474
"F:/Pro/FPSRogueLikePrj/FPSRogueLike 5.5/Content/Models/Foliage/Bushes/Bush2.ubulk" 1475
"F:/Pro/FPSRogueLikePrj/FPSRogueLike 5.5/Content/Models/Foliage/Bushes/Bush2.uexp" 1476
"F:/Pro/FPSRogueLikePrj/FPSRogueLike 5.5/Content/Materials/Bush/MI_BushTint04.uasset" 1477
"F:/Pro/FPSRogueLikePrj/FPSRogueLike 5.5/Content/Materials/Bush/MI_BushTint04.uexp" 1478
"F:/Pro/FPSRogueLikePrj/FPSRogueLike 5.5/Content/Materials/Tree/MI_TreeTrunkTint2.uasset" 1479
"F:/Pro/FPSRogueLikePrj/FPSRogueLike 5.5/Content/Materials/Tree/MI_TreeTrunkTint2.uexp" 1480
"F:/Pro/FPSRogueLikePrj/FPSRogueLike 5.5/Content/Models/Foliage/Trees/Tree3.uasset" 1481
"F:/Pro/FPSRogueLikePrj/FPSRogueLike 5.5/Content/Models/Foliage/Trees/Tree3.ubulk" 1482
"F:/Pro/FPSRogueLikePrj/FPSRogueLike 5.5/Content/Models/Foliage/Trees/Tree3.uexp" 1483
"F:/Pro/FPSRogueLikePrj/FPSRogueLike 5.5/Content/Models/Foliage/Trees/Tree3_FoliageType.uasset" 1484
"F:/Pro/FPSRogueLikePrj/FPSRogueLike 5.5/Content/Models/Foliage/Trees/Tree3_FoliageType.uexp" 1485
"F:/Pro/FPSRogueLikePrj/FPSRogueLike 5.5/Content/Materials/Tree/MI_TreeCanopy1.uasset" 1486
"F:/Pro/FPSRogueLikePrj/FPSRogueLike 5.5/Content/Materials/Tree/MI_TreeCanopy1.uexp" 1487
"F:/Pro/FPSRogueLikePrj/FPSRogueLike 5.5/Content/Models/Foliage/Trees/Tree.uasset" 1488
"F:/Pro/FPSRogueLikePrj/FPSRogueLike 5.5/Content/Models/Foliage/Trees/Tree.ubulk" 1489
"F:/Pro/FPSRogueLikePrj/FPSRogueLike 5.5/Content/Models/Foliage/Trees/Tree.uexp" 1490
"F:/Pro/FPSRogueLikePrj/FPSRogueLike 5.5/Content/Models/Foliage/Trees/Tree1_FoliageType.uasset" 1491
"F:/Pro/FPSRogueLikePrj/FPSRogueLike 5.5/Content/Models/Foliage/Trees/Tree1_FoliageType.uexp" 1492
"F:/Pro/FPSRogueLikePrj/FPSRogueLike 5.5/Content/Models/Foliage/Bushes/Bush2_FoliageType.uasset" 1493
"F:/Pro/FPSRogueLikePrj/FPSRogueLike 5.5/Content/Models/Foliage/Bushes/Bush2_FoliageType.uexp" 1494
"F:/Pro/FPSRogueLikePrj/FPSRogueLike 5.5/Content/Models/Foliage/Bushes/Bush3.uasset" 1495
"F:/Pro/FPSRogueLikePrj/FPSRogueLike 5.5/Content/Models/Foliage/Bushes/Bush3.ubulk" 1496
"F:/Pro/FPSRogueLikePrj/FPSRogueLike 5.5/Content/Models/Foliage/Bushes/Bush3.uexp" 1497
"F:/Pro/FPSRogueLikePrj/FPSRogueLike 5.5/Content/Materials/Grass/M_GrassBlade.uasset" 1498
"F:/Pro/FPSRogueLikePrj/FPSRogueLike 5.5/Content/Materials/Grass/M_GrassBlade.uexp" 1499
"F:/Pro/FPSRogueLikePrj/FPSRogueLike 5.5/Content/Materials/Grass/MI_GrassTint1.uasset" 1500
"F:/Pro/FPSRogueLikePrj/FPSRogueLike 5.5/Content/Materials/Grass/MI_GrassTint1.uexp" 1501
"F:/Pro/FPSRogueLikePrj/FPSRogueLike 5.5/Content/Models/Foliage/Grass/Grass.uasset" 1502
"F:/Pro/FPSRogueLikePrj/FPSRogueLike 5.5/Content/Models/Foliage/Grass/Grass.ubulk" 1503
"F:/Pro/FPSRogueLikePrj/FPSRogueLike 5.5/Content/Models/Foliage/Grass/Grass.uexp" 1504
"F:/Pro/FPSRogueLikePrj/FPSRogueLike 5.5/Content/Models/Foliage/Grass/Grass_FoliageType.uasset" 1505
"F:/Pro/FPSRogueLikePrj/FPSRogueLike 5.5/Content/Models/Foliage/Grass/Grass_FoliageType.uexp" 1506
"F:/Pro/FPSRogueLikePrj/FPSRogueLike 5.5/Content/Models/Foliage/Bushes/Bush3_FoliageType.uasset" 1507
"F:/Pro/FPSRogueLikePrj/FPSRogueLike 5.5/Content/Models/Foliage/Bushes/Bush3_FoliageType.uexp" 1508
"F:/Pro/FPSRogueLikePrj/FPSRogueLike 5.5/Content/Models/Foliage/Bushes/Bush4.uasset" 1509
"F:/Pro/FPSRogueLikePrj/FPSRogueLike 5.5/Content/Models/Foliage/Bushes/Bush4.ubulk" 1510
"F:/Pro/FPSRogueLikePrj/FPSRogueLike 5.5/Content/Models/Foliage/Bushes/Bush4.uexp" 1511
"F:/Pro/FPSRogueLikePrj/FPSRogueLike 5.5/Content/Models/Foliage/Bushes/Bush4_FoliageType.uasset" 1512
"F:/Pro/FPSRogueLikePrj/FPSRogueLike 5.5/Content/Models/Foliage/Bushes/Bush4_FoliageType.uexp" 1513
"../../../Engine/Content/EngineSky/T_Sky_Stars.uasset" 1514
"../../../Engine/Content/EngineSky/T_Sky_Stars.ubulk" 1515
"../../../Engine/Content/EngineSky/T_Sky_Stars.uexp" 1516
"../../../Engine/Content/EngineSky/T_Sky_Clouds_M.uasset" 1517
"../../../Engine/Content/EngineSky/T_Sky_Clouds_M.ubulk" 1518
"../../../Engine/Content/EngineSky/T_Sky_Clouds_M.uexp" 1519
"../../../Engine/Content/EngineSky/T_Sky_Blue.uasset" 1520
"../../../Engine/Content/EngineSky/T_Sky_Blue.ubulk" 1521
"../../../Engine/Content/EngineSky/T_Sky_Blue.uexp" 1522
"../../../Engine/Content/EngineSky/M_Sky_Panning_Clouds2.uasset" 1523
"../../../Engine/Content/EngineSky/M_Sky_Panning_Clouds2.uexp" 1524
"../../../Engine/Content/EngineSky/SM_SkySphere.uasset" 1525
"../../../Engine/Content/EngineSky/SM_SkySphere.ubulk" 1526
"../../../Engine/Content/EngineSky/SM_SkySphere.uexp" 1527
"F:/Pro/FPSRogueLikePrj/FPSRogueLike 5.5/Content/Landscape/Assets/TowerBlockout.uasset" 1528
"F:/Pro/FPSRogueLikePrj/FPSRogueLike 5.5/Content/Landscape/Assets/TowerBlockout.ubulk" 1529
"F:/Pro/FPSRogueLikePrj/FPSRogueLike 5.5/Content/Landscape/Assets/TowerBlockout.uexp" 1530
"F:/Pro/FPSRogueLikePrj/FPSRogueLike 5.5/Content/FirstPerson/Maps/_GENERATED/HuskyCal/Box_F6FBC136.uasset" 1531
"F:/Pro/FPSRogueLikePrj/FPSRogueLike 5.5/Content/FirstPerson/Maps/_GENERATED/HuskyCal/Box_F6FBC136.ubulk" 1532
"F:/Pro/FPSRogueLikePrj/FPSRogueLike 5.5/Content/FirstPerson/Maps/_GENERATED/HuskyCal/Box_F6FBC136.uexp" 1533
"../../../Engine/Plugins/Developer/AnimationSharing/Content/AnimSharingBase.uasset" 1534
"../../../Engine/Plugins/Developer/AnimationSharing/Content/AnimSharingBase.uexp" 1535
"../../../Engine/Plugins/Developer/AnimationSharing/Content/AnimSharingRed.uasset" 1536
"../../../Engine/Plugins/Developer/AnimationSharing/Content/AnimSharingRed.uexp" 1537
"F:/Pro/FPSRogueLikePrj/FPSRogueLike 5.5/Content/FirstPerson/Maps/_GENERATED/HuskyCal/Box_777801FB.uasset" 1538
"F:/Pro/FPSRogueLikePrj/FPSRogueLike 5.5/Content/FirstPerson/Maps/_GENERATED/HuskyCal/Box_777801FB.ubulk" 1539
"F:/Pro/FPSRogueLikePrj/FPSRogueLike 5.5/Content/FirstPerson/Maps/_GENERATED/HuskyCal/Box_777801FB.uexp" 1540
"../../../Engine/Plugins/Developer/AnimationSharing/Content/AnimSharingBlue.uasset" 1541
"../../../Engine/Plugins/Developer/AnimationSharing/Content/AnimSharingBlue.uexp" 1542
"F:/Pro/FPSRogueLikePrj/FPSRogueLike 5.5/Content/FirstPerson/Maps/_GENERATED/HuskyCal/Box_638FD7D8.uasset" 1543
"F:/Pro/FPSRogueLikePrj/FPSRogueLike 5.5/Content/FirstPerson/Maps/_GENERATED/HuskyCal/Box_638FD7D8.ubulk" 1544
"F:/Pro/FPSRogueLikePrj/FPSRogueLike 5.5/Content/FirstPerson/Maps/_GENERATED/HuskyCal/Box_638FD7D8.uexp" 1545
"F:/Pro/FPSRogueLikePrj/FPSRogueLike 5.5/Content/FirstPerson/Maps/_GENERATED/HuskyCal/Box_2B61534E.uasset" 1546
"F:/Pro/FPSRogueLikePrj/FPSRogueLike 5.5/Content/FirstPerson/Maps/_GENERATED/HuskyCal/Box_2B61534E.ubulk" 1547
"F:/Pro/FPSRogueLikePrj/FPSRogueLike 5.5/Content/FirstPerson/Maps/_GENERATED/HuskyCal/Box_2B61534E.uexp" 1548
"F:/Pro/FPSRogueLikePrj/FPSRogueLike 5.5/Content/FirstPerson/Maps/_GENERATED/HuskyCal/Box_E226F163.uasset" 1549
"F:/Pro/FPSRogueLikePrj/FPSRogueLike 5.5/Content/FirstPerson/Maps/_GENERATED/HuskyCal/Box_E226F163.ubulk" 1550
"F:/Pro/FPSRogueLikePrj/FPSRogueLike 5.5/Content/FirstPerson/Maps/_GENERATED/HuskyCal/Box_E226F163.uexp" 1551
"F:/Pro/FPSRogueLikePrj/FPSRogueLike 5.5/Content/FirstPerson/Maps/_GENERATED/HuskyCal/Box_910D06E5.uasset" 1552
"F:/Pro/FPSRogueLikePrj/FPSRogueLike 5.5/Content/FirstPerson/Maps/_GENERATED/HuskyCal/Box_910D06E5.ubulk" 1553
"F:/Pro/FPSRogueLikePrj/FPSRogueLike 5.5/Content/FirstPerson/Maps/_GENERATED/HuskyCal/Box_910D06E5.uexp" 1554
"F:/Pro/FPSRogueLikePrj/FPSRogueLike 5.5/Content/FirstPerson/Maps/_GENERATED/HuskyCal/Stairs_8CE6EC54.uasset" 1555
"F:/Pro/FPSRogueLikePrj/FPSRogueLike 5.5/Content/FirstPerson/Maps/_GENERATED/HuskyCal/Stairs_8CE6EC54.ubulk" 1556
"F:/Pro/FPSRogueLikePrj/FPSRogueLike 5.5/Content/FirstPerson/Maps/_GENERATED/HuskyCal/Stairs_8CE6EC54.uexp" 1557
"F:/Pro/FPSRogueLikePrj/FPSRogueLike 5.5/Content/FirstPerson/Maps/_GENERATED/HuskyCal/Box_E03713CD.uasset" 1558
"F:/Pro/FPSRogueLikePrj/FPSRogueLike 5.5/Content/FirstPerson/Maps/_GENERATED/HuskyCal/Box_E03713CD.ubulk" 1559
"F:/Pro/FPSRogueLikePrj/FPSRogueLike 5.5/Content/FirstPerson/Maps/_GENERATED/HuskyCal/Box_E03713CD.uexp" 1560
"F:/Pro/FPSRogueLikePrj/FPSRogueLike 5.5/Content/FirstPerson/Maps/_GENERATED/HuskyCal/Stairs_034B3EB7.uasset" 1561
"F:/Pro/FPSRogueLikePrj/FPSRogueLike 5.5/Content/FirstPerson/Maps/_GENERATED/HuskyCal/Stairs_034B3EB7.ubulk" 1562
"F:/Pro/FPSRogueLikePrj/FPSRogueLike 5.5/Content/FirstPerson/Maps/_GENERATED/HuskyCal/Stairs_034B3EB7.uexp" 1563
"F:/Pro/FPSRogueLikePrj/FPSRogueLike 5.5/Content/FirstPerson/Maps/_GENERATED/HuskyCal/Box_3DE6CF8E.uasset" 1564
"F:/Pro/FPSRogueLikePrj/FPSRogueLike 5.5/Content/FirstPerson/Maps/_GENERATED/HuskyCal/Box_3DE6CF8E.ubulk" 1565
"F:/Pro/FPSRogueLikePrj/FPSRogueLike 5.5/Content/FirstPerson/Maps/_GENERATED/HuskyCal/Box_3DE6CF8E.uexp" 1566
"F:/Pro/FPSRogueLikePrj/FPSRogueLike 5.5/Content/FirstPerson/Maps/_GENERATED/HuskyCal/Box_529246AD.uasset" 1567
"F:/Pro/FPSRogueLikePrj/FPSRogueLike 5.5/Content/FirstPerson/Maps/_GENERATED/HuskyCal/Box_529246AD.ubulk" 1568
"F:/Pro/FPSRogueLikePrj/FPSRogueLike 5.5/Content/FirstPerson/Maps/_GENERATED/HuskyCal/Box_529246AD.uexp" 1569
"F:/Pro/FPSRogueLikePrj/FPSRogueLike 5.5/Content/FirstPerson/Maps/_GENERATED/HuskyCal/Boolean_FC40FAB4.uasset" 1570
"F:/Pro/FPSRogueLikePrj/FPSRogueLike 5.5/Content/FirstPerson/Maps/_GENERATED/HuskyCal/Boolean_FC40FAB4.ubulk" 1571
"F:/Pro/FPSRogueLikePrj/FPSRogueLike 5.5/Content/FirstPerson/Maps/_GENERATED/HuskyCal/Boolean_FC40FAB4.uexp" 1572
"F:/Pro/FPSRogueLikePrj/FPSRogueLike 5.5/Content/FirstPerson/Maps/_GENERATED/HuskyCal/Box_0313A811.uasset" 1573
"F:/Pro/FPSRogueLikePrj/FPSRogueLike 5.5/Content/FirstPerson/Maps/_GENERATED/HuskyCal/Box_0313A811.ubulk" 1574
"F:/Pro/FPSRogueLikePrj/FPSRogueLike 5.5/Content/FirstPerson/Maps/_GENERATED/HuskyCal/Box_0313A811.uexp" 1575
"F:/Pro/FPSRogueLikePrj/FPSRogueLike 5.5/Content/FirstPerson/Maps/_GENERATED/HuskyCal/Box_279F9B38.uasset" 1576
"F:/Pro/FPSRogueLikePrj/FPSRogueLike 5.5/Content/FirstPerson/Maps/_GENERATED/HuskyCal/Box_279F9B38.ubulk" 1577
"F:/Pro/FPSRogueLikePrj/FPSRogueLike 5.5/Content/FirstPerson/Maps/_GENERATED/HuskyCal/Box_279F9B38.uexp" 1578
"F:/Pro/FPSRogueLikePrj/FPSRogueLike 5.5/Content/FirstPerson/Maps/_GENERATED/HuskyCal/Stairs_A2AB9D8A.uasset" 1579
"F:/Pro/FPSRogueLikePrj/FPSRogueLike 5.5/Content/FirstPerson/Maps/_GENERATED/HuskyCal/Stairs_A2AB9D8A.ubulk" 1580
"F:/Pro/FPSRogueLikePrj/FPSRogueLike 5.5/Content/FirstPerson/Maps/_GENERATED/HuskyCal/Stairs_A2AB9D8A.uexp" 1581
"F:/Pro/FPSRogueLikePrj/FPSRogueLike 5.5/Content/Landscape/Assets/MineEntranceFrame.uasset" 1582
"F:/Pro/FPSRogueLikePrj/FPSRogueLike 5.5/Content/Landscape/Assets/MineEntranceFrame.ubulk" 1583
"F:/Pro/FPSRogueLikePrj/FPSRogueLike 5.5/Content/Landscape/Assets/MineEntranceFrame.uexp" 1584
"F:/Pro/FPSRogueLikePrj/FPSRogueLike 5.5/Content/FirstPerson/Maps/_GENERATED/HuskyCal/Stairs_8C8845FD.uasset" 1585
"F:/Pro/FPSRogueLikePrj/FPSRogueLike 5.5/Content/FirstPerson/Maps/_GENERATED/HuskyCal/Stairs_8C8845FD.ubulk" 1586
"F:/Pro/FPSRogueLikePrj/FPSRogueLike 5.5/Content/FirstPerson/Maps/_GENERATED/HuskyCal/Stairs_8C8845FD.uexp" 1587
"F:/Pro/FPSRogueLikePrj/FPSRogueLike 5.5/Content/FirstPerson/Maps/_GENERATED/HuskyCal/Stairs_AD9A6699.uasset" 1588
"F:/Pro/FPSRogueLikePrj/FPSRogueLike 5.5/Content/FirstPerson/Maps/_GENERATED/HuskyCal/Stairs_AD9A6699.ubulk" 1589
"F:/Pro/FPSRogueLikePrj/FPSRogueLike 5.5/Content/FirstPerson/Maps/_GENERATED/HuskyCal/Stairs_AD9A6699.uexp" 1590
"F:/Pro/FPSRogueLikePrj/FPSRogueLike 5.5/Content/FirstPerson/Maps/_GENERATED/HuskyCal/Box_1AD340BE.uasset" 1591
"F:/Pro/FPSRogueLikePrj/FPSRogueLike 5.5/Content/FirstPerson/Maps/_GENERATED/HuskyCal/Box_1AD340BE.ubulk" 1592
"F:/Pro/FPSRogueLikePrj/FPSRogueLike 5.5/Content/FirstPerson/Maps/_GENERATED/HuskyCal/Box_1AD340BE.uexp" 1593
"F:/Pro/FPSRogueLikePrj/FPSRogueLike 5.5/Content/FirstPerson/Maps/_GENERATED/HuskyCal/Box_507E6E2A.uasset" 1594
"F:/Pro/FPSRogueLikePrj/FPSRogueLike 5.5/Content/FirstPerson/Maps/_GENERATED/HuskyCal/Box_507E6E2A.ubulk" 1595
"F:/Pro/FPSRogueLikePrj/FPSRogueLike 5.5/Content/FirstPerson/Maps/_GENERATED/HuskyCal/Box_507E6E2A.uexp" 1596
"F:/Pro/FPSRogueLikePrj/FPSRogueLike 5.5/Content/FirstPerson/Maps/_GENERATED/HuskyCal/Box_DF73B72F.uasset" 1597
"F:/Pro/FPSRogueLikePrj/FPSRogueLike 5.5/Content/FirstPerson/Maps/_GENERATED/HuskyCal/Box_DF73B72F.ubulk" 1598
"F:/Pro/FPSRogueLikePrj/FPSRogueLike 5.5/Content/FirstPerson/Maps/_GENERATED/HuskyCal/Box_DF73B72F.uexp" 1599
"F:/Pro/FPSRogueLikePrj/FPSRogueLike 5.5/Content/FirstPerson/Maps/_GENERATED/HuskyCal/Box_092E3813.uasset" 1600
"F:/Pro/FPSRogueLikePrj/FPSRogueLike 5.5/Content/FirstPerson/Maps/_GENERATED/HuskyCal/Box_092E3813.ubulk" 1601
"F:/Pro/FPSRogueLikePrj/FPSRogueLike 5.5/Content/FirstPerson/Maps/_GENERATED/HuskyCal/Box_092E3813.uexp" 1602
"../../../Engine/Plugins/Developer/AnimationSharing/Content/AnimSharingGreen.uasset" 1603
"../../../Engine/Plugins/Developer/AnimationSharing/Content/AnimSharingGreen.uexp" 1604
"F:/Pro/FPSRogueLikePrj/FPSRogueLike 5.5/Content/FirstPerson/Maps/_GENERATED/HuskyCal/Box_003110D6.uasset" 1605
"F:/Pro/FPSRogueLikePrj/FPSRogueLike 5.5/Content/FirstPerson/Maps/_GENERATED/HuskyCal/Box_003110D6.ubulk" 1606
"F:/Pro/FPSRogueLikePrj/FPSRogueLike 5.5/Content/FirstPerson/Maps/_GENERATED/HuskyCal/Box_003110D6.uexp" 1607
"F:/Pro/FPSRogueLikePrj/FPSRogueLike 5.5/Content/FirstPerson/Maps/_GENERATED/HuskyCal/Box_A7296A92.uasset" 1608
"F:/Pro/FPSRogueLikePrj/FPSRogueLike 5.5/Content/FirstPerson/Maps/_GENERATED/HuskyCal/Box_A7296A92.ubulk" 1609
"F:/Pro/FPSRogueLikePrj/FPSRogueLike 5.5/Content/FirstPerson/Maps/_GENERATED/HuskyCal/Box_A7296A92.uexp" 1610
"F:/Pro/FPSRogueLikePrj/FPSRogueLike 5.5/Content/FirstPerson/Maps/_GENERATED/HuskyCal/Box_6DE5D5A2.uasset" 1611
"F:/Pro/FPSRogueLikePrj/FPSRogueLike 5.5/Content/FirstPerson/Maps/_GENERATED/HuskyCal/Box_6DE5D5A2.ubulk" 1612
"F:/Pro/FPSRogueLikePrj/FPSRogueLike 5.5/Content/FirstPerson/Maps/_GENERATED/HuskyCal/Box_6DE5D5A2.uexp" 1613
"F:/Pro/FPSRogueLikePrj/FPSRogueLike 5.5/Content/FirstPerson/Maps/_GENERATED/HuskyCal/Box_D5F3040E.uasset" 1614
"F:/Pro/FPSRogueLikePrj/FPSRogueLike 5.5/Content/FirstPerson/Maps/_GENERATED/HuskyCal/Box_D5F3040E.ubulk" 1615
"F:/Pro/FPSRogueLikePrj/FPSRogueLike 5.5/Content/FirstPerson/Maps/_GENERATED/HuskyCal/Box_D5F3040E.uexp" 1616
"F:/Pro/FPSRogueLikePrj/FPSRogueLike 5.5/Content/FirstPerson/Maps/_GENERATED/HuskyCal/Cylinder_DA46739E.uasset" 1617
"F:/Pro/FPSRogueLikePrj/FPSRogueLike 5.5/Content/FirstPerson/Maps/_GENERATED/HuskyCal/Cylinder_DA46739E.ubulk" 1618
"F:/Pro/FPSRogueLikePrj/FPSRogueLike 5.5/Content/FirstPerson/Maps/_GENERATED/HuskyCal/Cylinder_DA46739E.uexp" 1619
"F:/Pro/FPSRogueLikePrj/FPSRogueLike 5.5/Content/FirstPerson/Maps/_GENERATED/HuskyCal/Box_EB66B283.uasset" 1620
"F:/Pro/FPSRogueLikePrj/FPSRogueLike 5.5/Content/FirstPerson/Maps/_GENERATED/HuskyCal/Box_EB66B283.ubulk" 1621
"F:/Pro/FPSRogueLikePrj/FPSRogueLike 5.5/Content/FirstPerson/Maps/_GENERATED/HuskyCal/Box_EB66B283.uexp" 1622
"F:/Pro/FPSRogueLikePrj/FPSRogueLike 5.5/Content/FirstPerson/Maps/_GENERATED/HuskyCal/Box_648954F7.uasset" 1623
"F:/Pro/FPSRogueLikePrj/FPSRogueLike 5.5/Content/FirstPerson/Maps/_GENERATED/HuskyCal/Box_648954F7.ubulk" 1624
"F:/Pro/FPSRogueLikePrj/FPSRogueLike 5.5/Content/FirstPerson/Maps/_GENERATED/HuskyCal/Box_648954F7.uexp" 1625
"F:/Pro/FPSRogueLikePrj/FPSRogueLike 5.5/Content/FirstPerson/Maps/_GENERATED/HuskyCal/Box_E7A7962B.uasset" 1626
"F:/Pro/FPSRogueLikePrj/FPSRogueLike 5.5/Content/FirstPerson/Maps/_GENERATED/HuskyCal/Box_E7A7962B.ubulk" 1627
"F:/Pro/FPSRogueLikePrj/FPSRogueLike 5.5/Content/FirstPerson/Maps/_GENERATED/HuskyCal/Box_E7A7962B.uexp" 1628
"F:/Pro/FPSRogueLikePrj/FPSRogueLike 5.5/Content/FirstPerson/Maps/_GENERATED/HuskyCal/Box_3FE396A2.uasset" 1629
"F:/Pro/FPSRogueLikePrj/FPSRogueLike 5.5/Content/FirstPerson/Maps/_GENERATED/HuskyCal/Box_3FE396A2.ubulk" 1630
"F:/Pro/FPSRogueLikePrj/FPSRogueLike 5.5/Content/FirstPerson/Maps/_GENERATED/HuskyCal/Box_3FE396A2.uexp" 1631
"F:/Pro/FPSRogueLikePrj/FPSRogueLike 5.5/Content/FirstPerson/Maps/_GENERATED/HuskyCal/Box_EEE2E82E.uasset" 1632
"F:/Pro/FPSRogueLikePrj/FPSRogueLike 5.5/Content/FirstPerson/Maps/_GENERATED/HuskyCal/Box_EEE2E82E.ubulk" 1633
"F:/Pro/FPSRogueLikePrj/FPSRogueLike 5.5/Content/FirstPerson/Maps/_GENERATED/HuskyCal/Box_EEE2E82E.uexp" 1634
"F:/Pro/FPSRogueLikePrj/FPSRogueLike 5.5/Content/FirstPerson/Maps/_GENERATED/HuskyCal/Cylinder_620A3D1F.uasset" 1635
"F:/Pro/FPSRogueLikePrj/FPSRogueLike 5.5/Content/FirstPerson/Maps/_GENERATED/HuskyCal/Cylinder_620A3D1F.ubulk" 1636
"F:/Pro/FPSRogueLikePrj/FPSRogueLike 5.5/Content/FirstPerson/Maps/_GENERATED/HuskyCal/Cylinder_620A3D1F.uexp" 1637
"F:/Pro/FPSRogueLikePrj/FPSRogueLike 5.5/Content/FirstPerson/Maps/_GENERATED/HuskyCal/Box_E9D9556D.uasset" 1638
"F:/Pro/FPSRogueLikePrj/FPSRogueLike 5.5/Content/FirstPerson/Maps/_GENERATED/HuskyCal/Box_E9D9556D.ubulk" 1639
"F:/Pro/FPSRogueLikePrj/FPSRogueLike 5.5/Content/FirstPerson/Maps/_GENERATED/HuskyCal/Box_E9D9556D.uexp" 1640
"F:/Pro/FPSRogueLikePrj/FPSRogueLike 5.5/Content/FirstPerson/Maps/_GENERATED/HuskyCal/Boolean_3ED109F4.uasset" 1641
"F:/Pro/FPSRogueLikePrj/FPSRogueLike 5.5/Content/FirstPerson/Maps/_GENERATED/HuskyCal/Boolean_3ED109F4.ubulk" 1642
"F:/Pro/FPSRogueLikePrj/FPSRogueLike 5.5/Content/FirstPerson/Maps/_GENERATED/HuskyCal/Boolean_3ED109F4.uexp" 1643
"F:/Pro/FPSRogueLikePrj/FPSRogueLike 5.5/Content/FirstPerson/Maps/_GENERATED/HuskyCal/Box_4AF43BBB.uasset" 1644
"F:/Pro/FPSRogueLikePrj/FPSRogueLike 5.5/Content/FirstPerson/Maps/_GENERATED/HuskyCal/Box_4AF43BBB.ubulk" 1645
"F:/Pro/FPSRogueLikePrj/FPSRogueLike 5.5/Content/FirstPerson/Maps/_GENERATED/HuskyCal/Box_4AF43BBB.uexp" 1646
"F:/Pro/FPSRogueLikePrj/FPSRogueLike 5.5/Content/FirstPerson/Maps/_GENERATED/HuskyCal/Box_A59B1731.uasset" 1647
"F:/Pro/FPSRogueLikePrj/FPSRogueLike 5.5/Content/FirstPerson/Maps/_GENERATED/HuskyCal/Box_A59B1731.ubulk" 1648
"F:/Pro/FPSRogueLikePrj/FPSRogueLike 5.5/Content/FirstPerson/Maps/_GENERATED/HuskyCal/Box_A59B1731.uexp" 1649
"F:/Pro/FPSRogueLikePrj/FPSRogueLike 5.5/Content/FirstPerson/Maps/_GENERATED/HuskyCal/Stairs_58AA8D89.uasset" 1650
"F:/Pro/FPSRogueLikePrj/FPSRogueLike 5.5/Content/FirstPerson/Maps/_GENERATED/HuskyCal/Stairs_58AA8D89.ubulk" 1651
"F:/Pro/FPSRogueLikePrj/FPSRogueLike 5.5/Content/FirstPerson/Maps/_GENERATED/HuskyCal/Stairs_58AA8D89.uexp" 1652
"F:/Pro/FPSRogueLikePrj/FPSRogueLike 5.5/Content/FirstPerson/Maps/_GENERATED/HuskyCal/Boolean_99C89DC6.uasset" 1653
"F:/Pro/FPSRogueLikePrj/FPSRogueLike 5.5/Content/FirstPerson/Maps/_GENERATED/HuskyCal/Boolean_99C89DC6.ubulk" 1654
"F:/Pro/FPSRogueLikePrj/FPSRogueLike 5.5/Content/FirstPerson/Maps/_GENERATED/HuskyCal/Boolean_99C89DC6.uexp" 1655
"F:/Pro/FPSRogueLikePrj/FPSRogueLike 5.5/Content/FirstPerson/Maps/_GENERATED/HuskyCal/Stairs_BA41544C.uasset" 1656
"F:/Pro/FPSRogueLikePrj/FPSRogueLike 5.5/Content/FirstPerson/Maps/_GENERATED/HuskyCal/Stairs_BA41544C.ubulk" 1657
"F:/Pro/FPSRogueLikePrj/FPSRogueLike 5.5/Content/FirstPerson/Maps/_GENERATED/HuskyCal/Stairs_BA41544C.uexp" 1658
"../../../Engine/Content/EngineMaterials/BlendFunc_DefBlend.uasset" 1659
"../../../Engine/Content/EngineMaterials/BlendFunc_DefBlend.uexp" 1660
"../../../Engine/Content/OpenWorldTemplate/LandscapeMaterial/T_GridChecker_A.uasset" 1661
"../../../Engine/Content/OpenWorldTemplate/LandscapeMaterial/T_GridChecker_A.ubulk" 1662
"../../../Engine/Content/OpenWorldTemplate/LandscapeMaterial/T_GridChecker_A.uexp" 1663
"../../../Engine/Content/EngineMaterials/BlendFunc_DefBase.uasset" 1664
"../../../Engine/Content/EngineMaterials/BlendFunc_DefBase.uexp" 1665
"../../../Engine/Content/Functions/Engine_MaterialFunctions03/Blends/Blend_Overlay.uasset" 1666
"../../../Engine/Content/Functions/Engine_MaterialFunctions03/Blends/Blend_Overlay.uexp" 1667
"../../../Engine/Content/Functions/Engine_MaterialFunctions01/Gradient/LinearGradient.uasset" 1668
"../../../Engine/Content/Functions/Engine_MaterialFunctions01/Gradient/LinearGradient.uexp" 1669
"../../../Engine/Content/Functions/Engine_MaterialFunctions01/ImageAdjustment/CheapContrast.uasset" 1670
"../../../Engine/Content/Functions/Engine_MaterialFunctions01/ImageAdjustment/CheapContrast.uexp" 1671
"../../../Engine/Content/OpenWorldTemplate/LandscapeMaterial/MF_ProcGrid.uasset" 1672
"../../../Engine/Content/OpenWorldTemplate/LandscapeMaterial/MF_ProcGrid.uexp" 1673
"../../../Engine/Content/OpenWorldTemplate/LandscapeMaterial/M_ProcGrid.uasset" 1674
"../../../Engine/Content/OpenWorldTemplate/LandscapeMaterial/M_ProcGrid.uexp" 1675
"../../../Engine/Content/OpenWorldTemplate/LandscapeMaterial/MI_ProcGrid.uasset" 1676
"../../../Engine/Content/OpenWorldTemplate/LandscapeMaterial/MI_ProcGrid.uexp" 1677
"../../../Engine/Content/MapTemplates/SM_Template_Map_Floor.uasset" 1678
"../../../Engine/Content/MapTemplates/SM_Template_Map_Floor.ubulk" 1679
"../../../Engine/Content/MapTemplates/SM_Template_Map_Floor.uexp" 1680
"F:/Pro/FPSRogueLikePrj/FPSRogueLike 5.5/Content/Maps/MainMenuGM.uasset" 1681
"F:/Pro/FPSRogueLikePrj/FPSRogueLike 5.5/Content/Maps/MainMenuGM.uexp" 1682
"../../../Engine/Content/EngineSky/M_SimpleSkyDome.uasset" 1683
"../../../Engine/Content/EngineSky/M_SimpleSkyDome.uexp" 1684
"F:/Pro/FPSRogueLikePrj/FPSRogueLike 5.5/Content/Maps/MainMenu.umap" 1685
"F:/Pro/FPSRogueLikePrj/FPSRogueLike 5.5/Content/Maps/MainMenu.uexp" 1686
"F:/Pro/FPSRogueLikePrj/FPSRogueLike 5.5/Content/FirstPerson/Blueprints/BP_FirstPersonGameMode.uasset" 1687
"F:/Pro/FPSRogueLikePrj/FPSRogueLike 5.5/Content/FirstPerson/Blueprints/BP_FirstPersonGameMode.uexp" 1688
"F:/Pro/FPSRogueLikePrj/FPSRogueLike 5.5/Content/FirstPerson/Maps/FirstPersonMap.umap" 1689
"F:/Pro/FPSRogueLikePrj/FPSRogueLike 5.5/Content/FirstPerson/Maps/FirstPersonMap.uexp" 1690
"../../../Engine/Content/Maps/Entry_BuiltData.uasset" 1691
"../../../Engine/Content/Maps/Entry_BuiltData.uexp" 1692
"../../../Engine/Content/Maps/Entry.umap" 1693
"../../../Engine/Content/Maps/Entry.uexp" 1694
