"../../../Engine/Content/EditorResources/S_Actor.uasset" 0
"../../../Engine/Content/EditorResources/S_Actor.ubulk" 1
"../../../Engine/Content/EditorResources/S_Actor.uexp" 2
"../../../Engine/Content/EditorResources/S_BoxReflectionCapture.uasset" 3
"../../../Engine/Content/EditorResources/S_BoxReflectionCapture.uexp" 4
"../../../Engine/Content/EngineResources/DefaultTexture.uasset" 5
"../../../Engine/Content/EngineResources/DefaultTexture.ubulk" 6
"../../../Engine/Content/EngineResources/DefaultTexture.uexp" 7
"../../../Engine/Content/EngineResources/DefaultTextureCube.uasset" 8
"../../../Engine/Content/EngineResources/DefaultTextureCube.uexp" 9
"../../../Engine/Content/EngineResources/DefaultVolumeTexture2D.uasset" 10
"../../../Engine/Content/EngineResources/DefaultVolumeTexture2D.uexp" 11
"../../../Engine/Content/EngineResources/DefaultVolumeTexture.uasset" 12
"../../../Engine/Content/EngineResources/DefaultVolumeTexture.uexp" 13
"../../../Engine/Content/EditorResources/S_Trigger.uasset" 14
"../../../Engine/Content/EditorResources/S_Trigger.ubulk" 15
"../../../Engine/Content/EditorResources/S_Trigger.uexp" 16
"../../../Engine/Content/EditorResources/S_TriggerBox.uasset" 17
"../../../Engine/Content/EditorResources/S_TriggerBox.uexp" 18
"../../../Engine/Content/EditorResources/S_TriggerCapsule.uasset" 19
"../../../Engine/Content/EditorResources/S_TriggerCapsule.uexp" 20
"../../../Engine/Content/EditorResources/S_TriggerSphere.uasset" 21
"../../../Engine/Content/EditorResources/S_TriggerSphere.uexp" 22
"../../../Engine/Content/EngineMeshes/Sphere.uasset" 23
"../../../Engine/Content/EngineMeshes/Sphere.ubulk" 24
"../../../Engine/Content/EngineMeshes/Sphere.uexp" 25
"../../../Engine/Content/EngineResources/GradientTexture0.uasset" 26
"../../../Engine/Content/EngineResources/GradientTexture0.uexp" 27
"../../../Engine/Content/EngineResources/Black.uasset" 28
"../../../Engine/Content/EngineResources/Black.uexp" 29
"../../../Engine/Content/VREditor/LaserPointer/VR_LaserPower_01.uasset" 30
"../../../Engine/Content/VREditor/LaserPointer/VR_LaserPower_01.ubulk" 31
"../../../Engine/Content/VREditor/LaserPointer/VR_LaserPower_01.uexp" 32
"../../../Engine/Content/VREditor/TransformGizmo/TransformGizmoMaterial.uasset" 33
"../../../Engine/Content/VREditor/TransformGizmo/TransformGizmoMaterial.uexp" 34
"../../../Engine/Content/VREditor/TransformGizmo/TranslucentTransformGizmoMaterial.uasset" 35
"../../../Engine/Content/VREditor/TransformGizmo/TranslucentTransformGizmoMaterial.uexp" 36
"../../../Engine/Content/VREditor/TransformGizmo/PlaneTranslationHandle.uasset" 37
"../../../Engine/Content/VREditor/TransformGizmo/PlaneTranslationHandle.ubulk" 38
"../../../Engine/Content/VREditor/TransformGizmo/PlaneTranslationHandle.uexp" 39
"../../../Engine/Content/VREditor/TransformGizmo/BoundingBoxCorner.uasset" 40
"../../../Engine/Content/VREditor/TransformGizmo/BoundingBoxCorner.ubulk" 41
"../../../Engine/Content/VREditor/TransformGizmo/BoundingBoxCorner.uexp" 42
"../../../Engine/Content/VREditor/TransformGizmo/BoundingBoxEdge.uasset" 43
"../../../Engine/Content/VREditor/TransformGizmo/BoundingBoxEdge.ubulk" 44
"../../../Engine/Content/VREditor/TransformGizmo/BoundingBoxEdge.uexp" 45
"../../../Engine/Content/VREditor/TransformGizmo/Main.uasset" 46
"../../../Engine/Content/VREditor/TransformGizmo/Main.uexp" 47
"../../../Engine/Content/VREditor/TransformGizmo/Xray.uasset" 48
"../../../Engine/Content/VREditor/TransformGizmo/Xray.uexp" 49
"../../../Engine/Content/VREditor/TransformGizmo/SM_Sequencer_Node.uasset" 50
"../../../Engine/Content/VREditor/TransformGizmo/SM_Sequencer_Node.ubulk" 51
"../../../Engine/Content/VREditor/TransformGizmo/SM_Sequencer_Node.uexp" 52
"../../../Engine/Content/EditorMaterials/Camera/CineMat.uasset" 53
"../../../Engine/Content/EditorMaterials/Camera/CineMat.uexp" 54
"../../../Engine/Content/EditorMaterials/Camera/MI_CineMat_Rig.uasset" 55
"../../../Engine/Content/EditorMaterials/Camera/MI_CineMat_Rig.uexp" 56
"../../../Engine/Content/EditorMeshes/Camera/SM_CraneRig_Base.uasset" 57
"../../../Engine/Content/EditorMeshes/Camera/SM_CraneRig_Base.ubulk" 58
"../../../Engine/Content/EditorMeshes/Camera/SM_CraneRig_Base.uexp" 59
"../../../Engine/Content/EditorMeshes/Camera/SM_CraneRig_Arm.uasset" 60
"../../../Engine/Content/EditorMeshes/Camera/SM_CraneRig_Arm.ubulk" 61
"../../../Engine/Content/EditorMeshes/Camera/SM_CraneRig_Arm.uexp" 62
"../../../Engine/Content/EditorMeshes/Camera/SM_CraneRig_Mount.uasset" 63
"../../../Engine/Content/EditorMeshes/Camera/SM_CraneRig_Mount.ubulk" 64
"../../../Engine/Content/EditorMeshes/Camera/SM_CraneRig_Mount.uexp" 65
"../../../Engine/Content/EditorMeshes/Camera/SM_CraneRig_Body.uasset" 66
"../../../Engine/Content/EditorMeshes/Camera/SM_CraneRig_Body.ubulk" 67
"../../../Engine/Content/EditorMeshes/Camera/SM_CraneRig_Body.uexp" 68
"../../../Engine/Content/EditorMeshes/Camera/SM_RailRig_Track.uasset" 69
"../../../Engine/Content/EditorMeshes/Camera/SM_RailRig_Track.ubulk" 70
"../../../Engine/Content/EditorMeshes/Camera/SM_RailRig_Track.uexp" 71
"../../../Engine/Content/EditorMeshes/Camera/SM_RailRig_Mount.uasset" 72
"../../../Engine/Content/EditorMeshes/Camera/SM_RailRig_Mount.ubulk" 73
"../../../Engine/Content/EditorMeshes/Camera/SM_RailRig_Mount.uexp" 74
"../../../Engine/Content/EngineMaterials/T_Default_Material_Grid_M.uasset" 75
"../../../Engine/Content/EngineMaterials/T_Default_Material_Grid_M.ubulk" 76
"../../../Engine/Content/EngineMaterials/T_Default_Material_Grid_M.uexp" 77
"../../../Engine/Content/EngineMaterials/T_Default_Material_Grid_N.uasset" 78
"../../../Engine/Content/EngineMaterials/T_Default_Material_Grid_N.ubulk" 79
"../../../Engine/Content/EngineMaterials/T_Default_Material_Grid_N.uexp" 80
"../../../Engine/Content/Functions/Engine_MaterialFunctions01/Opacity/CameraDepthFade.uasset" 81
"../../../Engine/Content/Functions/Engine_MaterialFunctions01/Opacity/CameraDepthFade.uexp" 82
"../../../Engine/Content/EngineMaterials/WorldGridMaterial.uasset" 83
"../../../Engine/Content/EngineMaterials/WorldGridMaterial.uexp" 84
"../../../Engine/Content/ArtTools/RenderToTexture/Meshes/S_1_Unit_Plane.uasset" 85
"../../../Engine/Content/ArtTools/RenderToTexture/Meshes/S_1_Unit_Plane.ubulk" 86
"../../../Engine/Content/ArtTools/RenderToTexture/Meshes/S_1_Unit_Plane.uexp" 87
"../../../Engine/Content/EditorMaterials/ParticleSystems/PSysThumbnail_NoImage.uasset" 88
"../../../Engine/Content/EditorMaterials/ParticleSystems/PSysThumbnail_NoImage.ubulk" 89
"../../../Engine/Content/EditorMaterials/ParticleSystems/PSysThumbnail_NoImage.uexp" 90
"../../../Engine/Content/EditorMaterials/ParticleSystems/PSysThumbnail_OOD.uasset" 91
"../../../Engine/Content/EditorMaterials/ParticleSystems/PSysThumbnail_OOD.ubulk" 92
"../../../Engine/Content/EditorMaterials/ParticleSystems/PSysThumbnail_OOD.uexp" 93
"../../../Engine/Content/EditorLandscapeResources/SplineEditorMeshMat.uasset" 94
"../../../Engine/Content/EditorLandscapeResources/SplineEditorMeshMat.uexp" 95
"../../../Engine/Content/EditorLandscapeResources/SplineEditorMesh.uasset" 96
"../../../Engine/Content/EditorLandscapeResources/SplineEditorMesh.ubulk" 97
"../../../Engine/Content/EditorLandscapeResources/SplineEditorMesh.uexp" 98
"../../../Engine/Content/EditorResources/S_Solver.uasset" 99
"../../../Engine/Content/EditorResources/S_Solver.ubulk" 100
"../../../Engine/Content/EditorResources/S_Solver.uexp" 101
"../../../Engine/Plugins/Media/MediaPlate/Content/SM_MediaPlateScreen.uasset" 102
"../../../Engine/Plugins/Media/MediaPlate/Content/SM_MediaPlateScreen.ubulk" 103
"../../../Engine/Plugins/Media/MediaPlate/Content/SM_MediaPlateScreen.uexp" 104
"../../../Engine/Content/EngineMaterials/DefaultBokeh.uasset" 105
"../../../Engine/Content/EngineMaterials/DefaultBokeh.uexp" 106
"../../../Engine/Content/EngineMaterials/PreintegratedSkinBRDF.uasset" 107
"../../../Engine/Content/EngineMaterials/PreintegratedSkinBRDF.uexp" 108
"../../../Engine/Content/EngineMaterials/MiniFont.uasset" 109
"../../../Engine/Content/EngineMaterials/MiniFont.uexp" 110
"../../../Engine/Content/EngineMaterials/WeightMapPlaceholderTexture.uasset" 111
"../../../Engine/Content/EngineMaterials/WeightMapPlaceholderTexture.uexp" 112
"../../../Engine/Content/EngineMaterials/DefaultWhiteGrid.uasset" 113
"../../../Engine/Content/EngineMaterials/DefaultWhiteGrid.ubulk" 114
"../../../Engine/Content/EngineMaterials/DefaultWhiteGrid.uexp" 115
"../../../Engine/Plugins/2D/Paper2D/Content/PlaceholderTextures/DummySpriteTexture.uasset" 116
"../../../Engine/Plugins/2D/Paper2D/Content/PlaceholderTextures/DummySpriteTexture.ubulk" 117
"../../../Engine/Plugins/2D/Paper2D/Content/PlaceholderTextures/DummySpriteTexture.uexp" 118
"../../../Engine/Plugins/2D/Paper2D/Content/DefaultSpriteMaterial.uasset" 119
"../../../Engine/Plugins/2D/Paper2D/Content/DefaultSpriteMaterial.uexp" 120
"../../../Engine/Plugins/2D/Paper2D/Content/OpaqueUnlitSpriteMaterial.uasset" 121
"../../../Engine/Plugins/2D/Paper2D/Content/OpaqueUnlitSpriteMaterial.uexp" 122
"../../../Engine/Plugins/2D/Paper2D/Content/MaskedUnlitSpriteMaterial.uasset" 123
"../../../Engine/Plugins/2D/Paper2D/Content/MaskedUnlitSpriteMaterial.uexp" 124
"../../../Engine/Plugins/2D/Paper2D/Content/DummySprite.uasset" 125
"../../../Engine/Plugins/2D/Paper2D/Content/DummySprite.uexp" 126
"../../../Engine/Plugins/2D/Paper2D/Content/DefaultPaperTerrainMaterial.uasset" 127
"../../../Engine/Plugins/2D/Paper2D/Content/DefaultPaperTerrainMaterial.uexp" 128
"../../../Engine/Content/Functions/Engine_MaterialFunctions02/WorldPositionOffset/CameraOffset.uasset" 129
"../../../Engine/Content/Functions/Engine_MaterialFunctions02/WorldPositionOffset/CameraOffset.uexp" 130
"../../../Engine/Plugins/Animation/ControlRig/Content/M_Manip.uasset" 131
"../../../Engine/Plugins/Animation/ControlRig/Content/M_Manip.uexp" 132
"../../../Engine/Content/EngineMaterials/DefaultMaterial.uasset" 133
"../../../Engine/Content/EngineMaterials/DefaultMaterial.uexp" 134
"../../../Engine/Content/BasicShapes/Sphere.uasset" 135
"../../../Engine/Content/BasicShapes/Sphere.ubulk" 136
"../../../Engine/Content/BasicShapes/Sphere.uexp" 137
"../../../Engine/Content/BasicShapes/Plane.uasset" 138
"../../../Engine/Content/BasicShapes/Plane.ubulk" 139
"../../../Engine/Content/BasicShapes/Plane.uexp" 140
"../../../Engine/Content/BasicShapes/Cylinder.uasset" 141
"../../../Engine/Content/BasicShapes/Cylinder.ubulk" 142
"../../../Engine/Content/BasicShapes/Cylinder.uexp" 143
"../../../Engine/Content/EngineDebugMaterials/TerrainCollisionMaterial.uasset" 144
"../../../Engine/Content/EngineDebugMaterials/TerrainCollisionMaterial.uexp" 145
"../../../Engine/Content/Functions/Engine_MaterialFunctions02/Utility/CameraDirectionVector.uasset" 146
"../../../Engine/Content/Functions/Engine_MaterialFunctions02/Utility/CameraDirectionVector.uexp" 147
"../../../Engine/Content/EngineDebugMaterials/VolumeToRender.uasset" 148
"../../../Engine/Content/EngineDebugMaterials/VolumeToRender.uexp" 149
"../../../Engine/Content/EngineDebugMaterials/M_VolumeRenderSphereTracePP.uasset" 150
"../../../Engine/Content/EngineDebugMaterials/M_VolumeRenderSphereTracePP.uexp" 151
"../../../Engine/Content/EngineDebugMaterials/M_SimpleUnlitTranslucent.uasset" 152
"../../../Engine/Content/EngineDebugMaterials/M_SimpleUnlitTranslucent.uexp" 153
"../../../Engine/Content/EngineSounds/Master.uasset" 154
"../../../Engine/Content/EngineSounds/Master.uexp" 155
"F:/Pro/FPSRogueLikePrj/FPSRogueLike/Content/FirstPerson/Input/Actions/IA_Shoot.uasset" 156
"F:/Pro/FPSRogueLikePrj/FPSRogueLike/Content/FirstPerson/Input/Actions/IA_Shoot.uexp" 157
"F:/Pro/FPSRogueLikePrj/FPSRogueLike/Content/FirstPerson/Input/IMC_Weapons.uasset" 158
"F:/Pro/FPSRogueLikePrj/FPSRogueLike/Content/FirstPerson/Input/IMC_Weapons.uexp" 159
"F:/Pro/FPSRogueLikePrj/FPSRogueLike/Content/Characters/Mannequins/Meshes/SK_Mannequin.uasset" 160
"F:/Pro/FPSRogueLikePrj/FPSRogueLike/Content/Characters/Mannequins/Meshes/SK_Mannequin.uexp" 161
"../../../Engine/Content/Animation/DefaultAnimCurveCompressionSettings.uasset" 162
"../../../Engine/Content/Animation/DefaultAnimCurveCompressionSettings.uexp" 163
"../../../Engine/Content/Animation/DefaultAnimBoneCompressionSettings.uasset" 164
"../../../Engine/Content/Animation/DefaultAnimBoneCompressionSettings.uexp" 165
"F:/Pro/FPSRogueLikePrj/FPSRogueLike/Content/Characters/Mannequins/Animations/Quinn/MF_Run_Fwd.uasset" 166
"F:/Pro/FPSRogueLikePrj/FPSRogueLike/Content/Characters/Mannequins/Animations/Quinn/MF_Run_Fwd.uexp" 167
"F:/Pro/FPSRogueLikePrj/FPSRogueLike/Content/Characters/Mannequins/Animations/Quinn/MF_Idle.uasset" 168
"F:/Pro/FPSRogueLikePrj/FPSRogueLike/Content/Characters/Mannequins/Animations/Quinn/MF_Idle.uexp" 169
"F:/Pro/FPSRogueLikePrj/FPSRogueLike/Content/Characters/Mannequins/Animations/Quinn/MF_Walk_Fwd.uasset" 170
"F:/Pro/FPSRogueLikePrj/FPSRogueLike/Content/Characters/Mannequins/Animations/Quinn/MF_Walk_Fwd.uexp" 171
"F:/Pro/FPSRogueLikePrj/FPSRogueLike/Content/Animations/EnemyAI/WalkBlendSpace1D.uasset" 172
"F:/Pro/FPSRogueLikePrj/FPSRogueLike/Content/Animations/EnemyAI/WalkBlendSpace1D.uexp" 173
"F:/Pro/FPSRogueLikePrj/FPSRogueLike/Content/Animations/EnemyAI/AP_EnemyAI.uasset" 174
"F:/Pro/FPSRogueLikePrj/FPSRogueLike/Content/Animations/EnemyAI/AP_EnemyAI.uexp" 175
"F:/Pro/FPSRogueLikePrj/FPSRogueLike/Content/Sword_Animation/Demo/Characters/Mannequins/Meshes/SK_Mannequin.uasset" 176
"F:/Pro/FPSRogueLikePrj/FPSRogueLike/Content/Sword_Animation/Demo/Characters/Mannequins/Meshes/SK_Mannequin.uexp" 177
"F:/Pro/FPSRogueLikePrj/FPSRogueLike/Content/Sword_Animation/Animations/anim_attack_light_01.uasset" 178
"F:/Pro/FPSRogueLikePrj/FPSRogueLike/Content/Sword_Animation/Animations/anim_attack_light_01.uexp" 179
"F:/Pro/FPSRogueLikePrj/FPSRogueLike/Content/Animations/EnemyAI/AM_EnemyAttack.uasset" 180
"F:/Pro/FPSRogueLikePrj/FPSRogueLike/Content/Animations/EnemyAI/AM_EnemyAttack.uexp" 181
"F:/Pro/FPSRogueLikePrj/FPSRogueLike/Content/UI/WP_EnemyHealthBar.uasset" 182
"F:/Pro/FPSRogueLikePrj/FPSRogueLike/Content/UI/WP_EnemyHealthBar.uexp" 183
"F:/Pro/FPSRogueLikePrj/FPSRogueLike/Content/Characters/Mannequins/Rigs/Poses/Quinn/Quinn_foot_l_anim.uasset" 184
"F:/Pro/FPSRogueLikePrj/FPSRogueLike/Content/Characters/Mannequins/Rigs/Poses/Quinn/Quinn_foot_l_anim.uexp" 185
"F:/Pro/FPSRogueLikePrj/FPSRogueLike/Content/Characters/Mannequins/Rigs/Poses/Quinn/Quinn_foot_l_pose.uasset" 186
"F:/Pro/FPSRogueLikePrj/FPSRogueLike/Content/Characters/Mannequins/Rigs/Poses/Quinn/Quinn_foot_l_pose.uexp" 187
"F:/Pro/FPSRogueLikePrj/FPSRogueLike/Content/Characters/Mannequins/Rigs/Poses/Quinn/Quinn_clavicle_l_anim.uasset" 188
"F:/Pro/FPSRogueLikePrj/FPSRogueLike/Content/Characters/Mannequins/Rigs/Poses/Quinn/Quinn_clavicle_l_anim.uexp" 189
"F:/Pro/FPSRogueLikePrj/FPSRogueLike/Content/Characters/Mannequins/Rigs/Poses/Quinn/Quinn_clavicle_l_pose.uasset" 190
"F:/Pro/FPSRogueLikePrj/FPSRogueLike/Content/Characters/Mannequins/Rigs/Poses/Quinn/Quinn_clavicle_l_pose.uexp" 191
"F:/Pro/FPSRogueLikePrj/FPSRogueLike/Content/Characters/Mannequins/Rigs/Poses/Quinn/Quinn_clavicle_r_anim.uasset" 192
"F:/Pro/FPSRogueLikePrj/FPSRogueLike/Content/Characters/Mannequins/Rigs/Poses/Quinn/Quinn_clavicle_r_anim.uexp" 193
"F:/Pro/FPSRogueLikePrj/FPSRogueLike/Content/Characters/Mannequins/Rigs/Poses/Quinn/Quinn_clavicle_r_pose.uasset" 194
"F:/Pro/FPSRogueLikePrj/FPSRogueLike/Content/Characters/Mannequins/Rigs/Poses/Quinn/Quinn_clavicle_r_pose.uexp" 195
"F:/Pro/FPSRogueLikePrj/FPSRogueLike/Content/Characters/Mannequins/Rigs/Poses/Quinn/Quinn_upperarm_l_anim.uasset" 196
"F:/Pro/FPSRogueLikePrj/FPSRogueLike/Content/Characters/Mannequins/Rigs/Poses/Quinn/Quinn_upperarm_l_anim.uexp" 197
"F:/Pro/FPSRogueLikePrj/FPSRogueLike/Content/Characters/Mannequins/Rigs/Poses/Quinn/Quinn_upperarm_l_pose.uasset" 198
"F:/Pro/FPSRogueLikePrj/FPSRogueLike/Content/Characters/Mannequins/Rigs/Poses/Quinn/Quinn_upperarm_l_pose.uexp" 199
"F:/Pro/FPSRogueLikePrj/FPSRogueLike/Content/Characters/Mannequins/Rigs/Poses/Quinn/Quinn_lowerarm_l_anim.uasset" 200
"F:/Pro/FPSRogueLikePrj/FPSRogueLike/Content/Characters/Mannequins/Rigs/Poses/Quinn/Quinn_lowerarm_l_anim.uexp" 201
"F:/Pro/FPSRogueLikePrj/FPSRogueLike/Content/Characters/Mannequins/Rigs/Poses/Quinn/Quinn_lowerarm_l_pose.uasset" 202
"F:/Pro/FPSRogueLikePrj/FPSRogueLike/Content/Characters/Mannequins/Rigs/Poses/Quinn/Quinn_lowerarm_l_pose.uexp" 203
"F:/Pro/FPSRogueLikePrj/FPSRogueLike/Content/Characters/Mannequins/Rigs/Poses/Quinn/Quinn_calf_l_anim.uasset" 204
"F:/Pro/FPSRogueLikePrj/FPSRogueLike/Content/Characters/Mannequins/Rigs/Poses/Quinn/Quinn_calf_l_anim.uexp" 205
"F:/Pro/FPSRogueLikePrj/FPSRogueLike/Content/Characters/Mannequins/Rigs/Poses/Quinn/Quinn_calf_l_pose.uasset" 206
"F:/Pro/FPSRogueLikePrj/FPSRogueLike/Content/Characters/Mannequins/Rigs/Poses/Quinn/Quinn_calf_l_pose.uexp" 207
"../../../Engine/Plugins/Animation/ControlRig/Content/Controls/DefaultGizmoLibrary.uasset" 208
"../../../Engine/Plugins/Animation/ControlRig/Content/Controls/DefaultGizmoLibrary.uexp" 209
"F:/Pro/FPSRogueLikePrj/FPSRogueLike/Content/Characters/Mannequins/Rigs/CR_Mannequin_Procedural.uasset" 210
"F:/Pro/FPSRogueLikePrj/FPSRogueLike/Content/Characters/Mannequins/Rigs/CR_Mannequin_Procedural.uexp" 211
"F:/Pro/FPSRogueLikePrj/FPSRogueLike/Content/Characters/Mannequins/Rigs/Poses/Quinn/Quinn_upperarm_r_anim.uasset" 212
"F:/Pro/FPSRogueLikePrj/FPSRogueLike/Content/Characters/Mannequins/Rigs/Poses/Quinn/Quinn_upperarm_r_anim.uexp" 213
"F:/Pro/FPSRogueLikePrj/FPSRogueLike/Content/Characters/Mannequins/Rigs/Poses/Quinn/Quinn_upperarm_r_pose.uasset" 214
"F:/Pro/FPSRogueLikePrj/FPSRogueLike/Content/Characters/Mannequins/Rigs/Poses/Quinn/Quinn_upperarm_r_pose.uexp" 215
"F:/Pro/FPSRogueLikePrj/FPSRogueLike/Content/Characters/Mannequins/Rigs/Poses/Quinn/Quinn_calf_r_anim.uasset" 216
"F:/Pro/FPSRogueLikePrj/FPSRogueLike/Content/Characters/Mannequins/Rigs/Poses/Quinn/Quinn_calf_r_anim.uexp" 217
"F:/Pro/FPSRogueLikePrj/FPSRogueLike/Content/Characters/Mannequins/Rigs/Poses/Quinn/Quinn_calf_r_pose.uasset" 218
"F:/Pro/FPSRogueLikePrj/FPSRogueLike/Content/Characters/Mannequins/Rigs/Poses/Quinn/Quinn_calf_r_pose.uexp" 219
"F:/Pro/FPSRogueLikePrj/FPSRogueLike/Content/Characters/Mannequins/Rigs/Poses/Quinn/Quinn_foot_r_anim.uasset" 220
"F:/Pro/FPSRogueLikePrj/FPSRogueLike/Content/Characters/Mannequins/Rigs/Poses/Quinn/Quinn_foot_r_anim.uexp" 221
"F:/Pro/FPSRogueLikePrj/FPSRogueLike/Content/Characters/Mannequins/Rigs/Poses/Quinn/Quinn_foot_r_pose.uasset" 222
"F:/Pro/FPSRogueLikePrj/FPSRogueLike/Content/Characters/Mannequins/Rigs/Poses/Quinn/Quinn_foot_r_pose.uexp" 223
"F:/Pro/FPSRogueLikePrj/FPSRogueLike/Content/Characters/Mannequins/Rigs/Poses/Quinn/Quinn_lowerarm_r_anim.uasset" 224
"F:/Pro/FPSRogueLikePrj/FPSRogueLike/Content/Characters/Mannequins/Rigs/Poses/Quinn/Quinn_lowerarm_r_anim.uexp" 225
"F:/Pro/FPSRogueLikePrj/FPSRogueLike/Content/Characters/Mannequins/Rigs/Poses/Quinn/Quinn_lowerarm_r_pose.uasset" 226
"F:/Pro/FPSRogueLikePrj/FPSRogueLike/Content/Characters/Mannequins/Rigs/Poses/Quinn/Quinn_lowerarm_r_pose.uexp" 227
"F:/Pro/FPSRogueLikePrj/FPSRogueLike/Content/Characters/Mannequins/Rigs/Poses/Quinn/Quinn_thigh_l_anim.uasset" 228
"F:/Pro/FPSRogueLikePrj/FPSRogueLike/Content/Characters/Mannequins/Rigs/Poses/Quinn/Quinn_thigh_l_anim.uexp" 229
"F:/Pro/FPSRogueLikePrj/FPSRogueLike/Content/Characters/Mannequins/Rigs/Poses/Quinn/Quinn_thigh_l_pose.uasset" 230
"F:/Pro/FPSRogueLikePrj/FPSRogueLike/Content/Characters/Mannequins/Rigs/Poses/Quinn/Quinn_thigh_l_pose.uexp" 231
"F:/Pro/FPSRogueLikePrj/FPSRogueLike/Content/Characters/Mannequins/Rigs/Poses/Quinn/Quinn_thigh_r_anim.uasset" 232
"F:/Pro/FPSRogueLikePrj/FPSRogueLike/Content/Characters/Mannequins/Rigs/Poses/Quinn/Quinn_thigh_r_anim.uexp" 233
"F:/Pro/FPSRogueLikePrj/FPSRogueLike/Content/Characters/Mannequins/Rigs/Poses/Quinn/Quinn_thigh_r_pose.uasset" 234
"F:/Pro/FPSRogueLikePrj/FPSRogueLike/Content/Characters/Mannequins/Rigs/Poses/Quinn/Quinn_thigh_r_pose.uexp" 235
"F:/Pro/FPSRogueLikePrj/FPSRogueLike/Content/Characters/Mannequins/Rigs/Poses/Quinn/Quinn_hand_l_anim.uasset" 236
"F:/Pro/FPSRogueLikePrj/FPSRogueLike/Content/Characters/Mannequins/Rigs/Poses/Quinn/Quinn_hand_l_anim.uexp" 237
"F:/Pro/FPSRogueLikePrj/FPSRogueLike/Content/Characters/Mannequins/Rigs/Poses/Quinn/Quinn_hand_l_pose.uasset" 238
"F:/Pro/FPSRogueLikePrj/FPSRogueLike/Content/Characters/Mannequins/Rigs/Poses/Quinn/Quinn_hand_l_pose.uexp" 239
"F:/Pro/FPSRogueLikePrj/FPSRogueLike/Content/Characters/Mannequins/Rigs/Poses/Quinn/Quinn_hand_r_anim.uasset" 240
"F:/Pro/FPSRogueLikePrj/FPSRogueLike/Content/Characters/Mannequins/Rigs/Poses/Quinn/Quinn_hand_r_anim.uexp" 241
"F:/Pro/FPSRogueLikePrj/FPSRogueLike/Content/Characters/Mannequins/Rigs/Poses/Quinn/Quinn_hand_r_pose.uasset" 242
"F:/Pro/FPSRogueLikePrj/FPSRogueLike/Content/Characters/Mannequins/Rigs/Poses/Quinn/Quinn_hand_r_pose.uexp" 243
"F:/Pro/FPSRogueLikePrj/FPSRogueLike/Content/Characters/Mannequins/Rigs/ABP_Quinn_PostProcess.uasset" 244
"F:/Pro/FPSRogueLikePrj/FPSRogueLike/Content/Characters/Mannequins/Rigs/ABP_Quinn_PostProcess.uexp" 245
"F:/Pro/FPSRogueLikePrj/FPSRogueLike/Content/Characters/Mannequins/Textures/Quinn/T_Quinn_02ID_MSR_MSK.uasset" 246
"F:/Pro/FPSRogueLikePrj/FPSRogueLike/Content/Characters/Mannequins/Textures/Quinn/T_Quinn_02ID_MSR_MSK.ubulk" 247
"F:/Pro/FPSRogueLikePrj/FPSRogueLike/Content/Characters/Mannequins/Textures/Quinn/T_Quinn_02ID_MSR_MSK.uexp" 248
"F:/Pro/FPSRogueLikePrj/FPSRogueLike/Content/Characters/Mannequins/Textures/Quinn/T_Quinn_02ID_BN.uasset" 249
"F:/Pro/FPSRogueLikePrj/FPSRogueLike/Content/Characters/Mannequins/Textures/Quinn/T_Quinn_02ID_BN.ubulk" 250
"F:/Pro/FPSRogueLikePrj/FPSRogueLike/Content/Characters/Mannequins/Textures/Quinn/T_Quinn_02ID_BN.uexp" 251
"F:/Pro/FPSRogueLikePrj/FPSRogueLike/Content/Characters/Mannequins/Textures/Quinn/T_Quinn_02_ASAOMASK_MSK.uasset" 252
"F:/Pro/FPSRogueLikePrj/FPSRogueLike/Content/Characters/Mannequins/Textures/Quinn/T_Quinn_02_ASAOMASK_MSK.ubulk" 253
"F:/Pro/FPSRogueLikePrj/FPSRogueLike/Content/Characters/Mannequins/Textures/Quinn/T_Quinn_02_ASAOMASK_MSK.uexp" 254
"F:/Pro/FPSRogueLikePrj/FPSRogueLike/Content/Characters/Mannequins/Textures/Quinn/T_Quinn_02_CCRCCPlastic_MSK.uasset" 255
"F:/Pro/FPSRogueLikePrj/FPSRogueLike/Content/Characters/Mannequins/Textures/Quinn/T_Quinn_02_CCRCCPlastic_MSK.ubulk" 256
"F:/Pro/FPSRogueLikePrj/FPSRogueLike/Content/Characters/Mannequins/Textures/Quinn/T_Quinn_02_CCRCCPlastic_MSK.uexp" 257
"F:/Pro/FPSRogueLikePrj/FPSRogueLike/Content/Characters/Mannequins/Textures/Quinn/T_Quinn_02ID_Tan.uasset" 258
"F:/Pro/FPSRogueLikePrj/FPSRogueLike/Content/Characters/Mannequins/Textures/Quinn/T_Quinn_02ID_Tan.ubulk" 259
"F:/Pro/FPSRogueLikePrj/FPSRogueLike/Content/Characters/Mannequins/Textures/Quinn/T_Quinn_02ID_Tan.uexp" 260
"F:/Pro/FPSRogueLikePrj/FPSRogueLike/Content/Characters/Mannequins/Textures/Quinn/T_Quinn_02ID_D.uasset" 261
"F:/Pro/FPSRogueLikePrj/FPSRogueLike/Content/Characters/Mannequins/Textures/Quinn/T_Quinn_02ID_D.ubulk" 262
"F:/Pro/FPSRogueLikePrj/FPSRogueLike/Content/Characters/Mannequins/Textures/Quinn/T_Quinn_02ID_D.uexp" 263
"F:/Pro/FPSRogueLikePrj/FPSRogueLike/Content/Characters/Mannequins/Textures/Quinn/T_Quinn_01ID_MSR_MSK.uasset" 264
"F:/Pro/FPSRogueLikePrj/FPSRogueLike/Content/Characters/Mannequins/Textures/Quinn/T_Quinn_01ID_MSR_MSK.ubulk" 265
"F:/Pro/FPSRogueLikePrj/FPSRogueLike/Content/Characters/Mannequins/Textures/Quinn/T_Quinn_01ID_MSR_MSK.uexp" 266
"F:/Pro/FPSRogueLikePrj/FPSRogueLike/Content/Characters/Mannequins/Materials/Functions/ChromaticCurve.uasset" 267
"F:/Pro/FPSRogueLikePrj/FPSRogueLike/Content/Characters/Mannequins/Materials/Functions/ChromaticCurve.uexp" 268
"F:/Pro/FPSRogueLikePrj/FPSRogueLike/Content/Characters/Mannequins/Materials/Functions/CA_Mannequin.uasset" 269
"F:/Pro/FPSRogueLikePrj/FPSRogueLike/Content/Characters/Mannequins/Materials/Functions/CA_Mannequin.uexp" 270
"F:/Pro/FPSRogueLikePrj/FPSRogueLike/Content/Characters/Mannequins/Materials/Functions/MF_Diffraction.uasset" 271
"F:/Pro/FPSRogueLikePrj/FPSRogueLike/Content/Characters/Mannequins/Materials/Functions/MF_Diffraction.uexp" 272
"F:/Pro/FPSRogueLikePrj/FPSRogueLike/Content/Characters/Mannequins/Textures/Manny/T_Manny_01_N.uasset" 273
"F:/Pro/FPSRogueLikePrj/FPSRogueLike/Content/Characters/Mannequins/Textures/Manny/T_Manny_01_N.ubulk" 274
"F:/Pro/FPSRogueLikePrj/FPSRogueLike/Content/Characters/Mannequins/Textures/Manny/T_Manny_01_N.uexp" 275
"F:/Pro/FPSRogueLikePrj/FPSRogueLike/Content/Characters/Mannequins/Materials/Functions/ML_BaseColorFallOff.uasset" 276
"F:/Pro/FPSRogueLikePrj/FPSRogueLike/Content/Characters/Mannequins/Materials/Functions/ML_BaseColorFallOff.uexp" 277
"../../../Engine/Content/Functions/Engine_MaterialFunctions02/Utility/BreakOutFloat2Components.uasset" 278
"../../../Engine/Content/Functions/Engine_MaterialFunctions02/Utility/BreakOutFloat2Components.uexp" 279
"../../../Engine/Content/Functions/Engine_MaterialFunctions01/Texturing/ScaleUVsByCenter.uasset" 280
"../../../Engine/Content/Functions/Engine_MaterialFunctions01/Texturing/ScaleUVsByCenter.uexp" 281
"F:/Pro/FPSRogueLikePrj/FPSRogueLike/Content/Characters/Mannequins/Textures/Shared/T_UE_Logo_M.uasset" 282
"F:/Pro/FPSRogueLikePrj/FPSRogueLike/Content/Characters/Mannequins/Textures/Shared/T_UE_Logo_M.uexp" 283
"F:/Pro/FPSRogueLikePrj/FPSRogueLike/Content/Characters/Mannequins/Materials/Functions/MF_logo3layers.uasset" 284
"F:/Pro/FPSRogueLikePrj/FPSRogueLike/Content/Characters/Mannequins/Materials/Functions/MF_logo3layers.uexp" 285
"F:/Pro/FPSRogueLikePrj/FPSRogueLike/Content/Characters/Mannequins/Textures/Manny/T_Manny_01_CCRCCPlastic_MSK.uasset" 286
"F:/Pro/FPSRogueLikePrj/FPSRogueLike/Content/Characters/Mannequins/Textures/Manny/T_Manny_01_CCRCCPlastic_MSK.ubulk" 287
"F:/Pro/FPSRogueLikePrj/FPSRogueLike/Content/Characters/Mannequins/Textures/Manny/T_Manny_01_CCRCCPlastic_MSK.uexp" 288
"F:/Pro/FPSRogueLikePrj/FPSRogueLike/Content/Characters/Mannequins/Textures/Manny/T_Manny_01_ASAOPMASK_MSK.uasset" 289
"F:/Pro/FPSRogueLikePrj/FPSRogueLike/Content/Characters/Mannequins/Textures/Manny/T_Manny_01_ASAOPMASK_MSK.ubulk" 290
"F:/Pro/FPSRogueLikePrj/FPSRogueLike/Content/Characters/Mannequins/Textures/Manny/T_Manny_01_ASAOPMASK_MSK.uexp" 291
"F:/Pro/FPSRogueLikePrj/FPSRogueLike/Content/Characters/Mannequins/Textures/Manny/T_Manny_01_MSR_MSK.uasset" 292
"F:/Pro/FPSRogueLikePrj/FPSRogueLike/Content/Characters/Mannequins/Textures/Manny/T_Manny_01_MSR_MSK.ubulk" 293
"F:/Pro/FPSRogueLikePrj/FPSRogueLike/Content/Characters/Mannequins/Textures/Manny/T_Manny_01_MSR_MSK.uexp" 294
"F:/Pro/FPSRogueLikePrj/FPSRogueLike/Content/Characters/Mannequins/Textures/Manny/T_Manny_01_BN.uasset" 295
"F:/Pro/FPSRogueLikePrj/FPSRogueLike/Content/Characters/Mannequins/Textures/Manny/T_Manny_01_BN.ubulk" 296
"F:/Pro/FPSRogueLikePrj/FPSRogueLike/Content/Characters/Mannequins/Textures/Manny/T_Manny_01_BN.uexp" 297
"F:/Pro/FPSRogueLikePrj/FPSRogueLike/Content/Characters/Mannequins/Textures/Manny/T_Manny_01_D.uasset" 298
"F:/Pro/FPSRogueLikePrj/FPSRogueLike/Content/Characters/Mannequins/Textures/Manny/T_Manny_01_D.ubulk" 299
"F:/Pro/FPSRogueLikePrj/FPSRogueLike/Content/Characters/Mannequins/Textures/Manny/T_Manny_01_D.uexp" 300
"F:/Pro/FPSRogueLikePrj/FPSRogueLike/Content/Characters/Mannequins/Textures/Manny/T_Manny_01_Tan.uasset" 301
"F:/Pro/FPSRogueLikePrj/FPSRogueLike/Content/Characters/Mannequins/Textures/Manny/T_Manny_01_Tan.ubulk" 302
"F:/Pro/FPSRogueLikePrj/FPSRogueLike/Content/Characters/Mannequins/Textures/Manny/T_Manny_01_Tan.uexp" 303
"F:/Pro/FPSRogueLikePrj/FPSRogueLike/Content/Characters/Mannequins/Materials/M_Mannequin.uasset" 304
"F:/Pro/FPSRogueLikePrj/FPSRogueLike/Content/Characters/Mannequins/Materials/M_Mannequin.uexp" 305
"F:/Pro/FPSRogueLikePrj/FPSRogueLike/Content/Characters/Mannequins/Textures/Quinn/T_Quinn_01_ASAOMASK_MSK.uasset" 306
"F:/Pro/FPSRogueLikePrj/FPSRogueLike/Content/Characters/Mannequins/Textures/Quinn/T_Quinn_01_ASAOMASK_MSK.ubulk" 307
"F:/Pro/FPSRogueLikePrj/FPSRogueLike/Content/Characters/Mannequins/Textures/Quinn/T_Quinn_01_ASAOMASK_MSK.uexp" 308
"F:/Pro/FPSRogueLikePrj/FPSRogueLike/Content/Characters/Mannequins/Textures/Quinn/T_Quinn_01ID_N.uasset" 309
"F:/Pro/FPSRogueLikePrj/FPSRogueLike/Content/Characters/Mannequins/Textures/Quinn/T_Quinn_01ID_N.ubulk" 310
"F:/Pro/FPSRogueLikePrj/FPSRogueLike/Content/Characters/Mannequins/Textures/Quinn/T_Quinn_01ID_N.uexp" 311
"F:/Pro/FPSRogueLikePrj/FPSRogueLike/Content/Characters/Mannequins/Textures/Quinn/T_Quinn_01ID_BN.uasset" 312
"F:/Pro/FPSRogueLikePrj/FPSRogueLike/Content/Characters/Mannequins/Textures/Quinn/T_Quinn_01ID_BN.ubulk" 313
"F:/Pro/FPSRogueLikePrj/FPSRogueLike/Content/Characters/Mannequins/Textures/Quinn/T_Quinn_01ID_BN.uexp" 314
"F:/Pro/FPSRogueLikePrj/FPSRogueLike/Content/Characters/Mannequins/Textures/Quinn/T_Quinn_01ID_D.uasset" 315
"F:/Pro/FPSRogueLikePrj/FPSRogueLike/Content/Characters/Mannequins/Textures/Quinn/T_Quinn_01ID_D.ubulk" 316
"F:/Pro/FPSRogueLikePrj/FPSRogueLike/Content/Characters/Mannequins/Textures/Quinn/T_Quinn_01ID_D.uexp" 317
"F:/Pro/FPSRogueLikePrj/FPSRogueLike/Content/Characters/Mannequins/Textures/Quinn/T_Quinn_01ID_Tan.uasset" 318
"F:/Pro/FPSRogueLikePrj/FPSRogueLike/Content/Characters/Mannequins/Textures/Quinn/T_Quinn_01ID_Tan.ubulk" 319
"F:/Pro/FPSRogueLikePrj/FPSRogueLike/Content/Characters/Mannequins/Textures/Quinn/T_Quinn_01ID_Tan.uexp" 320
"F:/Pro/FPSRogueLikePrj/FPSRogueLike/Content/Characters/Mannequins/Textures/Quinn/T_Quinn_01_CCRCCPlastic_MSK.uasset" 321
"F:/Pro/FPSRogueLikePrj/FPSRogueLike/Content/Characters/Mannequins/Textures/Quinn/T_Quinn_01_CCRCCPlastic_MSK.ubulk" 322
"F:/Pro/FPSRogueLikePrj/FPSRogueLike/Content/Characters/Mannequins/Textures/Quinn/T_Quinn_01_CCRCCPlastic_MSK.uexp" 323
"F:/Pro/FPSRogueLikePrj/FPSRogueLike/Content/Characters/Mannequins/Materials/Instances/Quinn/MI_Quinn_01.uasset" 324
"F:/Pro/FPSRogueLikePrj/FPSRogueLike/Content/Characters/Mannequins/Materials/Instances/Quinn/MI_Quinn_01.uexp" 325
"F:/Pro/FPSRogueLikePrj/FPSRogueLike/Content/Characters/Mannequins/Textures/Quinn/T_Quinn_02ID_N.uasset" 326
"F:/Pro/FPSRogueLikePrj/FPSRogueLike/Content/Characters/Mannequins/Textures/Quinn/T_Quinn_02ID_N.ubulk" 327
"F:/Pro/FPSRogueLikePrj/FPSRogueLike/Content/Characters/Mannequins/Textures/Quinn/T_Quinn_02ID_N.uexp" 328
"F:/Pro/FPSRogueLikePrj/FPSRogueLike/Content/Characters/Mannequins/Materials/Instances/Quinn/MI_Quinn_02.uasset" 329
"F:/Pro/FPSRogueLikePrj/FPSRogueLike/Content/Characters/Mannequins/Materials/Instances/Quinn/MI_Quinn_02.uexp" 330
"F:/Pro/FPSRogueLikePrj/FPSRogueLike/Content/Characters/Mannequins/Rigs/PA_Mannequin.uasset" 331
"F:/Pro/FPSRogueLikePrj/FPSRogueLike/Content/Characters/Mannequins/Rigs/PA_Mannequin.uexp" 332
"F:/Pro/FPSRogueLikePrj/FPSRogueLike/Content/Characters/Mannequins/Meshes/SKM_Quinn.uasset" 333
"F:/Pro/FPSRogueLikePrj/FPSRogueLike/Content/Characters/Mannequins/Meshes/SKM_Quinn.uexp" 334
"../../../Engine/Content/EditorBlueprintResources/StandardMacros.uasset" 335
"../../../Engine/Content/EditorBlueprintResources/StandardMacros.uexp" 336
"F:/Pro/FPSRogueLikePrj/FPSRogueLike/Content/UI/WB_BuffCritDamageBig.uasset" 337
"F:/Pro/FPSRogueLikePrj/FPSRogueLike/Content/UI/WB_BuffCritDamageBig.uexp" 338
"F:/Pro/FPSRogueLikePrj/FPSRogueLike/Content/UI/WB_BuffSlowStacks.uasset" 339
"F:/Pro/FPSRogueLikePrj/FPSRogueLike/Content/UI/WB_BuffSlowStacks.uexp" 340
"F:/Pro/FPSRogueLikePrj/FPSRogueLike/Content/UI/WB_BuffSlowPotency50.uasset" 341
"F:/Pro/FPSRogueLikePrj/FPSRogueLike/Content/UI/WB_BuffSlowPotency50.uexp" 342
"F:/Pro/FPSRogueLikePrj/FPSRogueLike/Content/UI/WB_BuffBleedPotency25.uasset" 343
"F:/Pro/FPSRogueLikePrj/FPSRogueLike/Content/UI/WB_BuffBleedPotency25.uexp" 344
"F:/Pro/FPSRogueLikePrj/FPSRogueLike/Content/UI/WB_BuffShatter.uasset" 345
"F:/Pro/FPSRogueLikePrj/FPSRogueLike/Content/UI/WB_BuffShatter.uexp" 346
"F:/Pro/FPSRogueLikePrj/FPSRogueLike/Content/Blueprints/BP_RandomSpawner.uasset" 347
"F:/Pro/FPSRogueLikePrj/FPSRogueLike/Content/Blueprints/BP_RandomSpawner.uexp" 348
"F:/Pro/FPSRogueLikePrj/FPSRogueLike/Content/UI/WB_BuffXPLarge.uasset" 349
"F:/Pro/FPSRogueLikePrj/FPSRogueLike/Content/UI/WB_BuffXPLarge.uexp" 350
"F:/Pro/FPSRogueLikePrj/FPSRogueLike/Content/UI/WB_BuffXP.uasset" 351
"F:/Pro/FPSRogueLikePrj/FPSRogueLike/Content/UI/WB_BuffXP.uexp" 352
"F:/Pro/FPSRogueLikePrj/FPSRogueLike/Content/UI/WB_BuffSlowPotency10.uasset" 353
"F:/Pro/FPSRogueLikePrj/FPSRogueLike/Content/UI/WB_BuffSlowPotency10.uexp" 354
"F:/Pro/FPSRogueLikePrj/FPSRogueLike/Content/UI/WB_BuffShatterBig.uasset" 355
"F:/Pro/FPSRogueLikePrj/FPSRogueLike/Content/UI/WB_BuffShatterBig.uexp" 356
"F:/Pro/FPSRogueLikePrj/FPSRogueLike/Content/UI/WB_BuffDamageWeapon.uasset" 357
"F:/Pro/FPSRogueLikePrj/FPSRogueLike/Content/UI/WB_BuffDamageWeapon.uexp" 358
"F:/Pro/FPSRogueLikePrj/FPSRogueLike/Content/UI/WB_BuffHealth.uasset" 359
"F:/Pro/FPSRogueLikePrj/FPSRogueLike/Content/UI/WB_BuffHealth.uexp" 360
"F:/Pro/FPSRogueLikePrj/FPSRogueLike/Content/UI/WB_BuffMultiShot.uasset" 361
"F:/Pro/FPSRogueLikePrj/FPSRogueLike/Content/UI/WB_BuffMultiShot.uexp" 362
"F:/Pro/FPSRogueLikePrj/FPSRogueLike/Content/UI/WB_BuffBleed.uasset" 363
"F:/Pro/FPSRogueLikePrj/FPSRogueLike/Content/UI/WB_BuffBleed.uexp" 364
"F:/Pro/FPSRogueLikePrj/FPSRogueLike/Content/UI/WB_BuffBleedPotency50.uasset" 365
"F:/Pro/FPSRogueLikePrj/FPSRogueLike/Content/UI/WB_BuffBleedPotency50.uexp" 366
"F:/Pro/FPSRogueLikePrj/FPSRogueLike/Content/UI/WB_BuffXPBig.uasset" 367
"F:/Pro/FPSRogueLikePrj/FPSRogueLike/Content/UI/WB_BuffXPBig.uexp" 368
"F:/Pro/FPSRogueLikePrj/FPSRogueLike/Content/UI/WB_BuffSlowPotency25.uasset" 369
"F:/Pro/FPSRogueLikePrj/FPSRogueLike/Content/UI/WB_BuffSlowPotency25.uexp" 370
"F:/Pro/FPSRogueLikePrj/FPSRogueLike/Content/UI/WB_BuffDash.uasset" 371
"F:/Pro/FPSRogueLikePrj/FPSRogueLike/Content/UI/WB_BuffDash.uexp" 372
"F:/Pro/FPSRogueLikePrj/FPSRogueLike/Content/UI/WB_BuffCritChance.uasset" 373
"F:/Pro/FPSRogueLikePrj/FPSRogueLike/Content/UI/WB_BuffCritChance.uexp" 374
"F:/Pro/FPSRogueLikePrj/FPSRogueLike/Content/UI/WB_BuffBurnPotency25.uasset" 375
"F:/Pro/FPSRogueLikePrj/FPSRogueLike/Content/UI/WB_BuffBurnPotency25.uexp" 376
"F:/Pro/FPSRogueLikePrj/FPSRogueLike/Content/UI/WB_BuffCritDamage.uasset" 377
"F:/Pro/FPSRogueLikePrj/FPSRogueLike/Content/UI/WB_BuffCritDamage.uexp" 378
"F:/Pro/FPSRogueLikePrj/FPSRogueLike/Content/UI/WB_BuffDoubleJump.uasset" 379
"F:/Pro/FPSRogueLikePrj/FPSRogueLike/Content/UI/WB_BuffDoubleJump.uexp" 380
"F:/Pro/FPSRogueLikePrj/FPSRogueLike/Content/Blueprints/DS_Rarity.uasset" 381
"F:/Pro/FPSRogueLikePrj/FPSRogueLike/Content/Blueprints/DS_Rarity.uexp" 382
"F:/Pro/FPSRogueLikePrj/FPSRogueLike/Content/UI/WB_BuffBleedPotency10.uasset" 383
"F:/Pro/FPSRogueLikePrj/FPSRogueLike/Content/UI/WB_BuffBleedPotency10.uexp" 384
"F:/Pro/FPSRogueLikePrj/FPSRogueLike/Content/UI/WB_BuffBurnPotency10.uasset" 385
"F:/Pro/FPSRogueLikePrj/FPSRogueLike/Content/UI/WB_BuffBurnPotency10.uexp" 386
"F:/Pro/FPSRogueLikePrj/FPSRogueLike/Content/UI/WB_BuffEvasion.uasset" 387
"F:/Pro/FPSRogueLikePrj/FPSRogueLike/Content/UI/WB_BuffEvasion.uexp" 388
"F:/Pro/FPSRogueLikePrj/FPSRogueLike/Content/Materials/MatRed.uasset" 389
"F:/Pro/FPSRogueLikePrj/FPSRogueLike/Content/Materials/MatRed.uexp" 390
"F:/Pro/FPSRogueLikePrj/FPSRogueLike/Content/Models/HealthPickUp.uasset" 391
"F:/Pro/FPSRogueLikePrj/FPSRogueLike/Content/Models/HealthPickUp.ubulk" 392
"F:/Pro/FPSRogueLikePrj/FPSRogueLike/Content/Models/HealthPickUp.uexp" 393
"F:/Pro/FPSRogueLikePrj/FPSRogueLike/Content/Blueprints/BP_HealthPickUp.uasset" 394
"F:/Pro/FPSRogueLikePrj/FPSRogueLike/Content/Blueprints/BP_HealthPickUp.uexp" 395
"F:/Pro/FPSRogueLikePrj/FPSRogueLike/Content/Blueprints/BP_HealthSpawner.uasset" 396
"F:/Pro/FPSRogueLikePrj/FPSRogueLike/Content/Blueprints/BP_HealthSpawner.uexp" 397
"F:/Pro/FPSRogueLikePrj/FPSRogueLike/Content/UI/WB_BuffHealthSpawnTime.uasset" 398
"F:/Pro/FPSRogueLikePrj/FPSRogueLike/Content/UI/WB_BuffHealthSpawnTime.uexp" 399
"F:/Pro/FPSRogueLikePrj/FPSRogueLike/Content/UI/WB_BuffHealthBig.uasset" 400
"F:/Pro/FPSRogueLikePrj/FPSRogueLike/Content/UI/WB_BuffHealthBig.uexp" 401
"F:/Pro/FPSRogueLikePrj/FPSRogueLike/Content/UI/WB_BuffDamageReduction.uasset" 402
"F:/Pro/FPSRogueLikePrj/FPSRogueLike/Content/UI/WB_BuffDamageReduction.uexp" 403
"F:/Pro/FPSRogueLikePrj/FPSRogueLike/Content/UI/WB_BuffSlow.uasset" 404
"F:/Pro/FPSRogueLikePrj/FPSRogueLike/Content/UI/WB_BuffSlow.uexp" 405
"F:/Pro/FPSRogueLikePrj/FPSRogueLike/Content/UI/WB_BuffBurn.uasset" 406
"F:/Pro/FPSRogueLikePrj/FPSRogueLike/Content/UI/WB_BuffBurn.uexp" 407
"F:/Pro/FPSRogueLikePrj/FPSRogueLike/Content/UI/WB_BuffCritChanceBig.uasset" 408
"F:/Pro/FPSRogueLikePrj/FPSRogueLike/Content/UI/WB_BuffCritChanceBig.uexp" 409
"F:/Pro/FPSRogueLikePrj/FPSRogueLike/Content/UI/WB_BuffShatterSmall.uasset" 410
"F:/Pro/FPSRogueLikePrj/FPSRogueLike/Content/UI/WB_BuffShatterSmall.uexp" 411
"F:/Pro/FPSRogueLikePrj/FPSRogueLike/Content/UI/WB_PowerupSelection.uasset" 412
"F:/Pro/FPSRogueLikePrj/FPSRogueLike/Content/UI/WB_PowerupSelection.uexp" 413
"F:/Pro/FPSRogueLikePrj/FPSRogueLike/Content/FirstPerson/Input/Actions/IA_PauseGame.uasset" 414
"F:/Pro/FPSRogueLikePrj/FPSRogueLike/Content/FirstPerson/Input/Actions/IA_PauseGame.uexp" 415
"F:/Pro/FPSRogueLikePrj/FPSRogueLike/Content/UI/WB_Timer.uasset" 416
"F:/Pro/FPSRogueLikePrj/FPSRogueLike/Content/UI/WB_Timer.uexp" 417
"F:/Pro/FPSRogueLikePrj/FPSRogueLike/Content/UI/WP_HealthBar.uasset" 418
"F:/Pro/FPSRogueLikePrj/FPSRogueLike/Content/UI/WP_HealthBar.uexp" 419
"../../../Engine/Plugins/FX/Niagara/Content/Enums/ENiagara_MassInitializationMode.uasset" 420
"../../../Engine/Plugins/FX/Niagara/Content/Enums/ENiagara_MassInitializationMode.uexp" 421
"../../../Engine/Plugins/FX/Niagara/Content/Enums/ENiagara_PositionInitializationMode.uasset" 422
"../../../Engine/Plugins/FX/Niagara/Content/Enums/ENiagara_PositionInitializationMode.uexp" 423
"../../../Engine/Plugins/FX/Niagara/Content/Icons/Modules/T_Icon_Solver_LimitSpeed.uasset" 424
"../../../Engine/Plugins/FX/Niagara/Content/Icons/Modules/T_Icon_Solver_LimitSpeed.uexp" 425
"../../../Engine/Plugins/FX/Niagara/Content/Icons/Modules/T_Icon_Solver_RotationalSolve.uasset" 426
"../../../Engine/Plugins/FX/Niagara/Content/Icons/Modules/T_Icon_Solver_RotationalSolve.uexp" 427
"../../../Engine/Plugins/FX/Niagara/Content/Icons/Modules/T_Icon_Solver_LimitAccel.uasset" 428
"../../../Engine/Plugins/FX/Niagara/Content/Icons/Modules/T_Icon_Solver_LimitAccel.uexp" 429
"../../../Engine/Plugins/FX/Niagara/Content/Enums/ENiagara_SizeScaleMode.uasset" 430
"../../../Engine/Plugins/FX/Niagara/Content/Enums/ENiagara_SizeScaleMode.uexp" 431
"../../../Engine/Plugins/FX/Niagara/Content/Enums/ENiagara_UVFlippingMode.uasset" 432
"../../../Engine/Plugins/FX/Niagara/Content/Enums/ENiagara_UVFlippingMode.uexp" 433
"../../../Engine/Plugins/FX/Niagara/Content/Enums/ENiagaraRandomnessMode.uasset" 434
"../../../Engine/Plugins/FX/Niagara/Content/Enums/ENiagaraRandomnessMode.uexp" 435
"../../../Engine/Plugins/FX/Niagara/Content/Enums/ENiagaraRandomnessEvaluation.uasset" 436
"../../../Engine/Plugins/FX/Niagara/Content/Enums/ENiagaraRandomnessEvaluation.uexp" 437
"../../../Engine/Plugins/FX/Niagara/Content/Enums/Ribbons/ENiagara_UnsetDirectSetRandom.uasset" 438
"../../../Engine/Plugins/FX/Niagara/Content/Enums/Ribbons/ENiagara_UnsetDirectSetRandom.uexp" 439
"../../../Engine/Plugins/FX/Niagara/Content/Enums/ENiagara_LifetimeMode.uasset" 440
"../../../Engine/Plugins/FX/Niagara/Content/Enums/ENiagara_LifetimeMode.uexp" 441
"../../../Engine/Plugins/FX/Niagara/Content/Enums/Ribbons/ENiagara_UnsetDirectSet.uasset" 442
"../../../Engine/Plugins/FX/Niagara/Content/Enums/Ribbons/ENiagara_UnsetDirectSet.uexp" 443
"../../../Engine/Plugins/FX/Niagara/Content/Enums/ENiagara_SpriteRotationMode.uasset" 444
"../../../Engine/Plugins/FX/Niagara/Content/Enums/ENiagara_SpriteRotationMode.uexp" 445
"../../../Engine/Plugins/FX/Niagara/Content/Enums/ENiagara_ColorInitializationMode.uasset" 446
"../../../Engine/Plugins/FX/Niagara/Content/Enums/ENiagara_ColorInitializationMode.uexp" 447
"../../../Engine/Plugins/FX/Niagara/Content/Enums/ENiagaraChannelCorrelation.uasset" 448
"../../../Engine/Plugins/FX/Niagara/Content/Enums/ENiagaraChannelCorrelation.uexp" 449
"../../../Engine/Plugins/FX/Niagara/Content/Enums/ENiagaraEmitterLifeCycleMode.uasset" 450
"../../../Engine/Plugins/FX/Niagara/Content/Enums/ENiagaraEmitterLifeCycleMode.uexp" 451
"../../../Engine/Plugins/FX/Niagara/Content/Enums/ENiagara_InfiniteLoopDuration.uasset" 452
"../../../Engine/Plugins/FX/Niagara/Content/Enums/ENiagara_InfiniteLoopDuration.uexp" 453
"../../../Engine/Plugins/FX/Niagara/Content/Enums/ENiagara_EmitterStateOptions.uasset" 454
"../../../Engine/Plugins/FX/Niagara/Content/Enums/ENiagara_EmitterStateOptions.uexp" 455
"../../../Engine/Plugins/FX/Niagara/Content/Enums/ENiagaraInactiveMode.uasset" 456
"../../../Engine/Plugins/FX/Niagara/Content/Enums/ENiagaraInactiveMode.uexp" 457
"../../../Engine/Plugins/FX/Niagara/Content/Enums/ENiagaraExecutionStateManagement.uasset" 458
"../../../Engine/Plugins/FX/Niagara/Content/Enums/ENiagaraExecutionStateManagement.uexp" 459
"../../../Engine/Plugins/FX/Niagara/Content/Enums/ENiagaraEmitterScalabilityMode_Limited.uasset" 460
"../../../Engine/Plugins/FX/Niagara/Content/Enums/ENiagaraEmitterScalabilityMode_Limited.uexp" 461
"../../../Engine/Plugins/FX/Niagara/Content/Enums/ENiagaraSystemInactiveMode.uasset" 462
"../../../Engine/Plugins/FX/Niagara/Content/Enums/ENiagaraSystemInactiveMode.uexp" 463
"F:/Pro/FPSRogueLikePrj/FPSRogueLike/Content/Materials/M_Laser.uasset" 464
"F:/Pro/FPSRogueLikePrj/FPSRogueLike/Content/Materials/M_Laser.uexp" 465
"../../../Engine/Plugins/FX/Niagara/Content/Icons/Modules/T_Icon_Particle_InfiniteLife.uasset" 466
"../../../Engine/Plugins/FX/Niagara/Content/Icons/Modules/T_Icon_Particle_InfiniteLife.uexp" 467
"F:/Pro/FPSRogueLikePrj/FPSRogueLike/Content/Niagara/NS_Laser.uasset" 468
"F:/Pro/FPSRogueLikePrj/FPSRogueLike/Content/Niagara/NS_Laser.uexp" 469
"F:/Pro/FPSRogueLikePrj/FPSRogueLike/Content/FirstPerson/Input/Actions/IA_Look.uasset" 470
"F:/Pro/FPSRogueLikePrj/FPSRogueLike/Content/FirstPerson/Input/Actions/IA_Look.uexp" 471
"../../../Engine/Content/Functions/Engine_MaterialFunctions02/Utility/BlendAngleCorrectedNormals.uasset" 472
"../../../Engine/Content/Functions/Engine_MaterialFunctions02/Utility/BlendAngleCorrectedNormals.uexp" 473
"../../../Engine/Content/Functions/MaterialLayerFunctions/MatLayerBlend_NormalBlend.uasset" 474
"../../../Engine/Content/Functions/MaterialLayerFunctions/MatLayerBlend_NormalBlend.uexp" 475
"F:/Pro/FPSRogueLikePrj/FPSRogueLike/Content/FirstPersonArms/Character/Materials/MaterialLayers/T_ML_Rubber_Blue_01_N.uasset" 476
"F:/Pro/FPSRogueLikePrj/FPSRogueLike/Content/FirstPersonArms/Character/Materials/MaterialLayers/T_ML_Rubber_Blue_01_N.ubulk" 477
"F:/Pro/FPSRogueLikePrj/FPSRogueLike/Content/FirstPersonArms/Character/Materials/MaterialLayers/T_ML_Rubber_Blue_01_N.uexp" 478
"F:/Pro/FPSRogueLikePrj/FPSRogueLike/Content/FirstPersonArms/Character/Materials/MaterialLayers/T_ML_Rubber_Blue_01_D.uasset" 479
"F:/Pro/FPSRogueLikePrj/FPSRogueLike/Content/FirstPersonArms/Character/Materials/MaterialLayers/T_ML_Rubber_Blue_01_D.ubulk" 480
"F:/Pro/FPSRogueLikePrj/FPSRogueLike/Content/FirstPersonArms/Character/Materials/MaterialLayers/T_ML_Rubber_Blue_01_D.uexp" 481
"F:/Pro/FPSRogueLikePrj/FPSRogueLike/Content/FirstPersonArms/Character/Materials/MaterialLayers/ML_GlossyBlack_Latex_UE4.uasset" 482
"F:/Pro/FPSRogueLikePrj/FPSRogueLike/Content/FirstPersonArms/Character/Materials/MaterialLayers/ML_GlossyBlack_Latex_UE4.uexp" 483
"F:/Pro/FPSRogueLikePrj/FPSRogueLike/Content/FirstPersonArms/Character/Textures/UE4_Mannequin_MAT_MASKA.uasset" 484
"F:/Pro/FPSRogueLikePrj/FPSRogueLike/Content/FirstPersonArms/Character/Textures/UE4_Mannequin_MAT_MASKA.ubulk" 485
"F:/Pro/FPSRogueLikePrj/FPSRogueLike/Content/FirstPersonArms/Character/Textures/UE4_Mannequin_MAT_MASKA.uexp" 486
"F:/Pro/FPSRogueLikePrj/FPSRogueLike/Content/FirstPersonArms/Character/Textures/UE4_LOGO_CARD.uasset" 487
"F:/Pro/FPSRogueLikePrj/FPSRogueLike/Content/FirstPersonArms/Character/Textures/UE4_LOGO_CARD.ubulk" 488
"F:/Pro/FPSRogueLikePrj/FPSRogueLike/Content/FirstPersonArms/Character/Textures/UE4_LOGO_CARD.uexp" 489
"F:/Pro/FPSRogueLikePrj/FPSRogueLike/Content/FirstPersonArms/Character/Materials/MaterialLayers/ML_Plastic_Shiny_Beige_LOGO.uasset" 490
"F:/Pro/FPSRogueLikePrj/FPSRogueLike/Content/FirstPersonArms/Character/Materials/MaterialLayers/ML_Plastic_Shiny_Beige_LOGO.uexp" 491
"../../../Engine/Content/Functions/MaterialLayerFunctions/MatLayerBlend_Simple.uasset" 492
"../../../Engine/Content/Functions/MaterialLayerFunctions/MatLayerBlend_Simple.uexp" 493
"F:/Pro/FPSRogueLikePrj/FPSRogueLike/Content/FirstPersonArms/Character/Materials/MaterialLayers/T_ML_Aluminum01.uasset" 494
"F:/Pro/FPSRogueLikePrj/FPSRogueLike/Content/FirstPersonArms/Character/Materials/MaterialLayers/T_ML_Aluminum01.ubulk" 495
"F:/Pro/FPSRogueLikePrj/FPSRogueLike/Content/FirstPersonArms/Character/Materials/MaterialLayers/T_ML_Aluminum01.uexp" 496
"F:/Pro/FPSRogueLikePrj/FPSRogueLike/Content/FirstPersonArms/Character/Materials/MaterialLayers/T_ML_Aluminum01_N.uasset" 497
"F:/Pro/FPSRogueLikePrj/FPSRogueLike/Content/FirstPersonArms/Character/Materials/MaterialLayers/T_ML_Aluminum01_N.ubulk" 498
"F:/Pro/FPSRogueLikePrj/FPSRogueLike/Content/FirstPersonArms/Character/Materials/MaterialLayers/T_ML_Aluminum01_N.uexp" 499
"F:/Pro/FPSRogueLikePrj/FPSRogueLike/Content/FirstPersonArms/Character/Materials/MaterialLayers/ML_SoftMetal_UE4.uasset" 500
"F:/Pro/FPSRogueLikePrj/FPSRogueLike/Content/FirstPersonArms/Character/Materials/MaterialLayers/ML_SoftMetal_UE4.uexp" 501
"F:/Pro/FPSRogueLikePrj/FPSRogueLike/Content/FirstPersonArms/Character/Materials/MaterialLayers/ML_Plastic_Shiny_Beige.uasset" 502
"F:/Pro/FPSRogueLikePrj/FPSRogueLike/Content/FirstPersonArms/Character/Materials/MaterialLayers/ML_Plastic_Shiny_Beige.uexp" 503
"F:/Pro/FPSRogueLikePrj/FPSRogueLike/Content/FirstPersonArms/Character/Textures/UE4_Mannequin__normals.uasset" 504
"F:/Pro/FPSRogueLikePrj/FPSRogueLike/Content/FirstPersonArms/Character/Textures/UE4_Mannequin__normals.ubulk" 505
"F:/Pro/FPSRogueLikePrj/FPSRogueLike/Content/FirstPersonArms/Character/Textures/UE4_Mannequin__normals.uexp" 506
"F:/Pro/FPSRogueLikePrj/FPSRogueLike/Content/FirstPersonArms/Character/Materials/M_UE4Man_Body.uasset" 507
"F:/Pro/FPSRogueLikePrj/FPSRogueLike/Content/FirstPersonArms/Character/Materials/M_UE4Man_Body.uexp" 508
"F:/Pro/FPSRogueLikePrj/FPSRogueLike/Content/FirstPersonArms/Character/Mesh/SK_Mannequin_Arms_PhysicsAsset.uasset" 509
"F:/Pro/FPSRogueLikePrj/FPSRogueLike/Content/FirstPersonArms/Character/Mesh/SK_Mannequin_Arms_PhysicsAsset.uexp" 510
"F:/Pro/FPSRogueLikePrj/FPSRogueLike/Content/FirstPersonArms/Character/Mesh/SK_Mannequin_Arms_Skeleton.uasset" 511
"F:/Pro/FPSRogueLikePrj/FPSRogueLike/Content/FirstPersonArms/Character/Mesh/SK_Mannequin_Arms_Skeleton.uexp" 512
"F:/Pro/FPSRogueLikePrj/FPSRogueLike/Content/FirstPersonArms/Character/Mesh/SK_Mannequin_Arms.uasset" 513
"F:/Pro/FPSRogueLikePrj/FPSRogueLike/Content/FirstPersonArms/Character/Mesh/SK_Mannequin_Arms.uexp" 514
"F:/Pro/FPSRogueLikePrj/FPSRogueLike/Content/UI/DMGEffect.uasset" 515
"F:/Pro/FPSRogueLikePrj/FPSRogueLike/Content/UI/DMGEffect.uexp" 516
"F:/Pro/FPSRogueLikePrj/FPSRogueLike/Content/UI/WB_DamageEffectPlayer.uasset" 517
"F:/Pro/FPSRogueLikePrj/FPSRogueLike/Content/UI/WB_DamageEffectPlayer.uexp" 518
"F:/Pro/FPSRogueLikePrj/FPSRogueLike/Content/UI/Crosshair.uasset" 519
"F:/Pro/FPSRogueLikePrj/FPSRogueLike/Content/UI/Crosshair.uexp" 520
"F:/Pro/FPSRogueLikePrj/FPSRogueLike/Content/UI/WB_Crosshair.uasset" 521
"F:/Pro/FPSRogueLikePrj/FPSRogueLike/Content/UI/WB_Crosshair.uexp" 522
"F:/Pro/FPSRogueLikePrj/FPSRogueLike/Content/FirstPerson/Input/Actions/IA_Move.uasset" 523
"F:/Pro/FPSRogueLikePrj/FPSRogueLike/Content/FirstPerson/Input/Actions/IA_Move.uexp" 524
"F:/Pro/FPSRogueLikePrj/FPSRogueLike/Content/FirstPerson/Input/Actions/IA_Jump.uasset" 525
"F:/Pro/FPSRogueLikePrj/FPSRogueLike/Content/FirstPerson/Input/Actions/IA_Jump.uexp" 526
"F:/Pro/FPSRogueLikePrj/FPSRogueLike/Content/FirstPerson/Input/IMC_Default.uasset" 527
"F:/Pro/FPSRogueLikePrj/FPSRogueLike/Content/FirstPerson/Input/IMC_Default.uexp" 528
"F:/Pro/FPSRogueLikePrj/FPSRogueLike/Content/UI/WP_GameOver.uasset" 529
"F:/Pro/FPSRogueLikePrj/FPSRogueLike/Content/UI/WP_GameOver.uexp" 530
"F:/Pro/FPSRogueLikePrj/FPSRogueLike/Content/UI/WB_PauseMenu.uasset" 531
"F:/Pro/FPSRogueLikePrj/FPSRogueLike/Content/UI/WB_PauseMenu.uexp" 532
"F:/Pro/FPSRogueLikePrj/FPSRogueLike/Content/FirstPersonArms/Animations/FP_Rifle_Idle.uasset" 533
"F:/Pro/FPSRogueLikePrj/FPSRogueLike/Content/FirstPersonArms/Animations/FP_Rifle_Idle.uexp" 534
"F:/Pro/FPSRogueLikePrj/FPSRogueLike/Content/FirstPersonArms/Animations/FP_Rifle_Land.uasset" 535
"F:/Pro/FPSRogueLikePrj/FPSRogueLike/Content/FirstPersonArms/Animations/FP_Rifle_Land.uexp" 536
"F:/Pro/FPSRogueLikePrj/FPSRogueLike/Content/FirstPersonArms/Animations/FP_Rifle_Run.uasset" 537
"F:/Pro/FPSRogueLikePrj/FPSRogueLike/Content/FirstPersonArms/Animations/FP_Rifle_Run.uexp" 538
"F:/Pro/FPSRogueLikePrj/FPSRogueLike/Content/FirstPersonArms/Animations/FP_Rifle_Falling.uasset" 539
"F:/Pro/FPSRogueLikePrj/FPSRogueLike/Content/FirstPersonArms/Animations/FP_Rifle_Falling.uexp" 540
"../../../Engine/Content/Animation/DefaultRecorderBoneCompression.uasset" 541
"../../../Engine/Content/Animation/DefaultRecorderBoneCompression.uexp" 542
"F:/Pro/FPSRogueLikePrj/FPSRogueLike/Content/FirstPersonArms/Animations/FP_Idle.uasset" 543
"F:/Pro/FPSRogueLikePrj/FPSRogueLike/Content/FirstPersonArms/Animations/FP_Idle.uexp" 544
"F:/Pro/FPSRogueLikePrj/FPSRogueLike/Content/FirstPersonArms/Animations/FP_Jump.uasset" 545
"F:/Pro/FPSRogueLikePrj/FPSRogueLike/Content/FirstPersonArms/Animations/FP_Jump.uexp" 546
"F:/Pro/FPSRogueLikePrj/FPSRogueLike/Content/FirstPersonArms/Animations/FP_Run_Fwd.uasset" 547
"F:/Pro/FPSRogueLikePrj/FPSRogueLike/Content/FirstPersonArms/Animations/FP_Run_Fwd.uexp" 548
"F:/Pro/FPSRogueLikePrj/FPSRogueLike/Content/FirstPersonArms/Animations/FP_Land.uasset" 549
"F:/Pro/FPSRogueLikePrj/FPSRogueLike/Content/FirstPersonArms/Animations/FP_Land.uexp" 550
"F:/Pro/FPSRogueLikePrj/FPSRogueLike/Content/FirstPersonArms/Animations/FP_Falling.uasset" 551
"F:/Pro/FPSRogueLikePrj/FPSRogueLike/Content/FirstPersonArms/Animations/FP_Falling.uexp" 552
"F:/Pro/FPSRogueLikePrj/FPSRogueLike/Content/FirstPersonArms/Animations/FP_Rifle_Jump.uasset" 553
"F:/Pro/FPSRogueLikePrj/FPSRogueLike/Content/FirstPersonArms/Animations/FP_Rifle_Jump.uexp" 554
"F:/Pro/FPSRogueLikePrj/FPSRogueLike/Content/FirstPersonArms/Animations/FirstPerson_AnimBP.uasset" 555
"F:/Pro/FPSRogueLikePrj/FPSRogueLike/Content/FirstPersonArms/Animations/FirstPerson_AnimBP.uexp" 556
"F:/Pro/FPSRogueLikePrj/FPSRogueLike/Content/UI/WP_XP.uasset" 557
"F:/Pro/FPSRogueLikePrj/FPSRogueLike/Content/UI/WP_XP.uexp" 558
"F:/Pro/FPSRogueLikePrj/FPSRogueLike/Content/FirstPerson/Blueprints/BP_FirstPersonCharacter.uasset" 559
"F:/Pro/FPSRogueLikePrj/FPSRogueLike/Content/FirstPerson/Blueprints/BP_FirstPersonCharacter.uexp" 560
"F:/Pro/FPSRogueLikePrj/FPSRogueLike/Content/Blueprints/BP_EnemyAI.uasset" 561
"F:/Pro/FPSRogueLikePrj/FPSRogueLike/Content/Blueprints/BP_EnemyAI.uexp" 562
"F:/Pro/FPSRogueLikePrj/FPSRogueLike/Content/FPWeapon/Mesh/SK_FPGun_Skeleton.uasset" 563
"F:/Pro/FPSRogueLikePrj/FPSRogueLike/Content/FPWeapon/Mesh/SK_FPGun_Skeleton.uexp" 564
"F:/Pro/FPSRogueLikePrj/FPSRogueLike/Content/FPWeapon/Materials/MaterialLayers/T_ML_Rubber_Blue_01_D.uasset" 565
"F:/Pro/FPSRogueLikePrj/FPSRogueLike/Content/FPWeapon/Materials/MaterialLayers/T_ML_Rubber_Blue_01_D.ubulk" 566
"F:/Pro/FPSRogueLikePrj/FPSRogueLike/Content/FPWeapon/Materials/MaterialLayers/T_ML_Rubber_Blue_01_D.uexp" 567
"F:/Pro/FPSRogueLikePrj/FPSRogueLike/Content/FPWeapon/Textures/T_FPGun_N.uasset" 568
"F:/Pro/FPSRogueLikePrj/FPSRogueLike/Content/FPWeapon/Textures/T_FPGun_N.ubulk" 569
"F:/Pro/FPSRogueLikePrj/FPSRogueLike/Content/FPWeapon/Textures/T_FPGun_N.uexp" 570
"F:/Pro/FPSRogueLikePrj/FPSRogueLike/Content/FPWeapon/Materials/MaterialLayers/T_ML_Rubber_Blue_01_N.uasset" 571
"F:/Pro/FPSRogueLikePrj/FPSRogueLike/Content/FPWeapon/Materials/MaterialLayers/T_ML_Rubber_Blue_01_N.ubulk" 572
"F:/Pro/FPSRogueLikePrj/FPSRogueLike/Content/FPWeapon/Materials/MaterialLayers/T_ML_Rubber_Blue_01_N.uexp" 573
"F:/Pro/FPSRogueLikePrj/FPSRogueLike/Content/FPWeapon/Materials/MaterialLayers/ML_Screen.uasset" 574
"F:/Pro/FPSRogueLikePrj/FPSRogueLike/Content/FPWeapon/Materials/MaterialLayers/ML_Screen.uexp" 575
"F:/Pro/FPSRogueLikePrj/FPSRogueLike/Content/FPWeapon/Materials/MaterialLayers/T_ML_Aluminum01_N.uasset" 576
"F:/Pro/FPSRogueLikePrj/FPSRogueLike/Content/FPWeapon/Materials/MaterialLayers/T_ML_Aluminum01_N.ubulk" 577
"F:/Pro/FPSRogueLikePrj/FPSRogueLike/Content/FPWeapon/Materials/MaterialLayers/T_ML_Aluminum01_N.uexp" 578
"F:/Pro/FPSRogueLikePrj/FPSRogueLike/Content/FPWeapon/Materials/MaterialLayers/T_ML_Aluminum01.uasset" 579
"F:/Pro/FPSRogueLikePrj/FPSRogueLike/Content/FPWeapon/Materials/MaterialLayers/T_ML_Aluminum01.ubulk" 580
"F:/Pro/FPSRogueLikePrj/FPSRogueLike/Content/FPWeapon/Materials/MaterialLayers/T_ML_Aluminum01.uexp" 581
"F:/Pro/FPSRogueLikePrj/FPSRogueLike/Content/FPWeapon/Materials/MaterialLayers/ML_SoftMetal_UE4.uasset" 582
"F:/Pro/FPSRogueLikePrj/FPSRogueLike/Content/FPWeapon/Materials/MaterialLayers/ML_SoftMetal_UE4.uexp" 583
"F:/Pro/FPSRogueLikePrj/FPSRogueLike/Content/FPWeapon/Textures/T_FPGun_M.uasset" 584
"F:/Pro/FPSRogueLikePrj/FPSRogueLike/Content/FPWeapon/Textures/T_FPGun_M.ubulk" 585
"F:/Pro/FPSRogueLikePrj/FPSRogueLike/Content/FPWeapon/Textures/T_FPGun_M.uexp" 586
"F:/Pro/FPSRogueLikePrj/FPSRogueLike/Content/FPWeapon/Materials/MaterialLayers/ML_Plastic_Shiny_Beige.uasset" 587
"F:/Pro/FPSRogueLikePrj/FPSRogueLike/Content/FPWeapon/Materials/MaterialLayers/ML_Plastic_Shiny_Beige.uexp" 588
"F:/Pro/FPSRogueLikePrj/FPSRogueLike/Content/FPWeapon/Materials/MaterialLayers/ML_GlossyBlack_Latex_UE4.uasset" 589
"F:/Pro/FPSRogueLikePrj/FPSRogueLike/Content/FPWeapon/Materials/MaterialLayers/ML_GlossyBlack_Latex_UE4.uexp" 590
"F:/Pro/FPSRogueLikePrj/FPSRogueLike/Content/FPWeapon/Materials/M_FPGun.uasset" 591
"F:/Pro/FPSRogueLikePrj/FPSRogueLike/Content/FPWeapon/Materials/M_FPGun.uexp" 592
"F:/Pro/FPSRogueLikePrj/FPSRogueLike/Content/FPWeapon/Mesh/SK_FPGun_Physics.uasset" 593
"F:/Pro/FPSRogueLikePrj/FPSRogueLike/Content/FPWeapon/Mesh/SK_FPGun_Physics.uexp" 594
"F:/Pro/FPSRogueLikePrj/FPSRogueLike/Content/FPWeapon/Mesh/SK_FPGun.uasset" 595
"F:/Pro/FPSRogueLikePrj/FPSRogueLike/Content/FPWeapon/Mesh/SK_FPGun.uexp" 596
"F:/Pro/FPSRogueLikePrj/FPSRogueLike/Content/FPWeapon/Audio/FirstPersonTemplateWeaponFire02.uasset" 597
"F:/Pro/FPSRogueLikePrj/FPSRogueLike/Content/FPWeapon/Audio/FirstPersonTemplateWeaponFire02.ubulk" 598
"F:/Pro/FPSRogueLikePrj/FPSRogueLike/Content/FPWeapon/Audio/FirstPersonTemplateWeaponFire02.uexp" 599
"F:/Pro/FPSRogueLikePrj/FPSRogueLike/Content/MilitaryWeapSilver/FX/Textures/T_AssaultRifle_MuzzleFlashes_01.uasset" 600
"F:/Pro/FPSRogueLikePrj/FPSRogueLike/Content/MilitaryWeapSilver/FX/Textures/T_AssaultRifle_MuzzleFlashes_01.ubulk" 601
"F:/Pro/FPSRogueLikePrj/FPSRogueLike/Content/MilitaryWeapSilver/FX/Textures/T_AssaultRifle_MuzzleFlashes_01.uexp" 602
"F:/Pro/FPSRogueLikePrj/FPSRogueLike/Content/MilitaryWeapSilver/FX/Materials/M_AssaultRifle_MuzzleFlash_4x1.uasset" 603
"F:/Pro/FPSRogueLikePrj/FPSRogueLike/Content/MilitaryWeapSilver/FX/Materials/M_AssaultRifle_MuzzleFlash_4x1.uexp" 604
"F:/Pro/FPSRogueLikePrj/FPSRogueLike/Content/MilitaryWeapSilver/FX/Textures/T_Smoke_8x8_B_01.uasset" 605
"F:/Pro/FPSRogueLikePrj/FPSRogueLike/Content/MilitaryWeapSilver/FX/Textures/T_Smoke_8x8_B_01.ubulk" 606
"F:/Pro/FPSRogueLikePrj/FPSRogueLike/Content/MilitaryWeapSilver/FX/Textures/T_Smoke_8x8_B_01.uexp" 607
"F:/Pro/FPSRogueLikePrj/FPSRogueLike/Content/MilitaryWeapSilver/FX/Textures/T_Spherical_NormalMap_01.uasset" 608
"F:/Pro/FPSRogueLikePrj/FPSRogueLike/Content/MilitaryWeapSilver/FX/Textures/T_Spherical_NormalMap_01.ubulk" 609
"F:/Pro/FPSRogueLikePrj/FPSRogueLike/Content/MilitaryWeapSilver/FX/Textures/T_Spherical_NormalMap_01.uexp" 610
"F:/Pro/FPSRogueLikePrj/FPSRogueLike/Content/MilitaryWeapSilver/FX/Materials/M_Smoke_8x8_B_01.uasset" 611
"F:/Pro/FPSRogueLikePrj/FPSRogueLike/Content/MilitaryWeapSilver/FX/Materials/M_Smoke_8x8_B_01.uexp" 612
"../../../Engine/Content/Functions/Engine_MaterialFunctions02/Fresnel_Function.uasset" 613
"../../../Engine/Content/Functions/Engine_MaterialFunctions02/Fresnel_Function.uexp" 614
"F:/Pro/FPSRogueLikePrj/FPSRogueLike/Content/MilitaryWeapSilver/FX/Materials/M_GlowSphere_01.uasset" 615
"F:/Pro/FPSRogueLikePrj/FPSRogueLike/Content/MilitaryWeapSilver/FX/Materials/M_GlowSphere_01.uexp" 616
"F:/Pro/FPSRogueLikePrj/FPSRogueLike/Content/MilitaryWeapSilver/FX/Meshes/St_Sphere_01.uasset" 617
"F:/Pro/FPSRogueLikePrj/FPSRogueLike/Content/MilitaryWeapSilver/FX/Meshes/St_Sphere_01.ubulk" 618
"F:/Pro/FPSRogueLikePrj/FPSRogueLike/Content/MilitaryWeapSilver/FX/Meshes/St_Sphere_01.uexp" 619
"F:/Pro/FPSRogueLikePrj/FPSRogueLike/Content/MilitaryWeapSilver/FX/Textures/T_Pistol_Smoke_2x2_A.uasset" 620
"F:/Pro/FPSRogueLikePrj/FPSRogueLike/Content/MilitaryWeapSilver/FX/Textures/T_Pistol_Smoke_2x2_A.ubulk" 621
"F:/Pro/FPSRogueLikePrj/FPSRogueLike/Content/MilitaryWeapSilver/FX/Textures/T_Pistol_Smoke_2x2_A.uexp" 622
"F:/Pro/FPSRogueLikePrj/FPSRogueLike/Content/MilitaryWeapSilver/FX/Textures/T_FL_Detail_01.uasset" 623
"F:/Pro/FPSRogueLikePrj/FPSRogueLike/Content/MilitaryWeapSilver/FX/Textures/T_FL_Detail_01.ubulk" 624
"F:/Pro/FPSRogueLikePrj/FPSRogueLike/Content/MilitaryWeapSilver/FX/Textures/T_FL_Detail_01.uexp" 625
"F:/Pro/FPSRogueLikePrj/FPSRogueLike/Content/MilitaryWeapSilver/FX/Materials/M_Pistol_Smoke_2x2_A.uasset" 626
"F:/Pro/FPSRogueLikePrj/FPSRogueLike/Content/MilitaryWeapSilver/FX/Materials/M_Pistol_Smoke_2x2_A.uexp" 627
"F:/Pro/FPSRogueLikePrj/FPSRogueLike/Content/MilitaryWeapSilver/FX/P_AssaultRifle_MuzzleFlash.uasset" 628
"F:/Pro/FPSRogueLikePrj/FPSRogueLike/Content/MilitaryWeapSilver/FX/P_AssaultRifle_MuzzleFlash.uexp" 629
"F:/Pro/FPSRogueLikePrj/FPSRogueLike/Content/Realistic_Starter_VFX_Pack_Vol2/Textures/T_Rocks.uasset" 630
"F:/Pro/FPSRogueLikePrj/FPSRogueLike/Content/Realistic_Starter_VFX_Pack_Vol2/Textures/T_Rocks.ubulk" 631
"F:/Pro/FPSRogueLikePrj/FPSRogueLike/Content/Realistic_Starter_VFX_Pack_Vol2/Textures/T_Rocks.uexp" 632
"F:/Pro/FPSRogueLikePrj/FPSRogueLike/Content/Realistic_Starter_VFX_Pack_Vol2/Textures/T_Rocks_NM.uasset" 633
"F:/Pro/FPSRogueLikePrj/FPSRogueLike/Content/Realistic_Starter_VFX_Pack_Vol2/Textures/T_Rocks_NM.uexp" 634
"F:/Pro/FPSRogueLikePrj/FPSRogueLike/Content/Realistic_Starter_VFX_Pack_Vol2/Materials/M_Rock_B.uasset" 635
"F:/Pro/FPSRogueLikePrj/FPSRogueLike/Content/Realistic_Starter_VFX_Pack_Vol2/Materials/M_Rock_B.uexp" 636
"F:/Pro/FPSRogueLikePrj/FPSRogueLike/Content/Realistic_Starter_VFX_Pack_Vol2/Materials/M_Derbis.uasset" 637
"F:/Pro/FPSRogueLikePrj/FPSRogueLike/Content/Realistic_Starter_VFX_Pack_Vol2/Materials/M_Derbis.uexp" 638
"F:/Pro/FPSRogueLikePrj/FPSRogueLike/Content/Realistic_Starter_VFX_Pack_Vol2/Mesh/SM_Derbis_A.uasset" 639
"F:/Pro/FPSRogueLikePrj/FPSRogueLike/Content/Realistic_Starter_VFX_Pack_Vol2/Mesh/SM_Derbis_A.ubulk" 640
"F:/Pro/FPSRogueLikePrj/FPSRogueLike/Content/Realistic_Starter_VFX_Pack_Vol2/Mesh/SM_Derbis_A.uexp" 641
"F:/Pro/FPSRogueLikePrj/FPSRogueLike/Content/Realistic_Starter_VFX_Pack_Vol2/Textures/T_Flare_A.uasset" 642
"F:/Pro/FPSRogueLikePrj/FPSRogueLike/Content/Realistic_Starter_VFX_Pack_Vol2/Textures/T_Flare_A.ubulk" 643
"F:/Pro/FPSRogueLikePrj/FPSRogueLike/Content/Realistic_Starter_VFX_Pack_Vol2/Textures/T_Flare_A.uexp" 644
"F:/Pro/FPSRogueLikePrj/FPSRogueLike/Content/Realistic_Starter_VFX_Pack_Vol2/Textures/T_Spark_B.uasset" 645
"F:/Pro/FPSRogueLikePrj/FPSRogueLike/Content/Realistic_Starter_VFX_Pack_Vol2/Textures/T_Spark_B.uexp" 646
"F:/Pro/FPSRogueLikePrj/FPSRogueLike/Content/Realistic_Starter_VFX_Pack_Vol2/Materials/M_Glow_C.uasset" 647
"F:/Pro/FPSRogueLikePrj/FPSRogueLike/Content/Realistic_Starter_VFX_Pack_Vol2/Materials/M_Glow_C.uexp" 648
"F:/Pro/FPSRogueLikePrj/FPSRogueLike/Content/Realistic_Starter_VFX_Pack_Vol2/Materials/M_Glow_C_Inst.uasset" 649
"F:/Pro/FPSRogueLikePrj/FPSRogueLike/Content/Realistic_Starter_VFX_Pack_Vol2/Materials/M_Glow_C_Inst.uexp" 650
"F:/Pro/FPSRogueLikePrj/FPSRogueLike/Content/Realistic_Starter_VFX_Pack_Vol2/Textures/T_Dirt_A.uasset" 651
"F:/Pro/FPSRogueLikePrj/FPSRogueLike/Content/Realistic_Starter_VFX_Pack_Vol2/Textures/T_Dirt_A.ubulk" 652
"F:/Pro/FPSRogueLikePrj/FPSRogueLike/Content/Realistic_Starter_VFX_Pack_Vol2/Textures/T_Dirt_A.uexp" 653
"F:/Pro/FPSRogueLikePrj/FPSRogueLike/Content/Realistic_Starter_VFX_Pack_Vol2/Materials/M_Dirt_B.uasset" 654
"F:/Pro/FPSRogueLikePrj/FPSRogueLike/Content/Realistic_Starter_VFX_Pack_Vol2/Materials/M_Dirt_B.uexp" 655
"F:/Pro/FPSRogueLikePrj/FPSRogueLike/Content/Realistic_Starter_VFX_Pack_Vol2/Textures/T_Smoke_Wisp.uasset" 656
"F:/Pro/FPSRogueLikePrj/FPSRogueLike/Content/Realistic_Starter_VFX_Pack_Vol2/Textures/T_Smoke_Wisp.ubulk" 657
"F:/Pro/FPSRogueLikePrj/FPSRogueLike/Content/Realistic_Starter_VFX_Pack_Vol2/Textures/T_Smoke_Wisp.uexp" 658
"F:/Pro/FPSRogueLikePrj/FPSRogueLike/Content/Realistic_Starter_VFX_Pack_Vol2/Materials/M_Smoke_Wisp.uasset" 659
"F:/Pro/FPSRogueLikePrj/FPSRogueLike/Content/Realistic_Starter_VFX_Pack_Vol2/Materials/M_Smoke_Wisp.uexp" 660
"F:/Pro/FPSRogueLikePrj/FPSRogueLike/Content/Realistic_Starter_VFX_Pack_Vol2/Particles/Hit/P_Asphalt.uasset" 661
"F:/Pro/FPSRogueLikePrj/FPSRogueLike/Content/Realistic_Starter_VFX_Pack_Vol2/Particles/Hit/P_Asphalt.uexp" 662
"F:/Pro/FPSRogueLikePrj/FPSRogueLike/Content/FPWeapon/Materials/BaseMaterial.uasset" 663
"F:/Pro/FPSRogueLikePrj/FPSRogueLike/Content/FPWeapon/Materials/BaseMaterial.uexp" 664
"F:/Pro/FPSRogueLikePrj/FPSRogueLike/Content/FPWeapon/Materials/FirstPersonProjectileMaterial.uasset" 665
"F:/Pro/FPSRogueLikePrj/FPSRogueLike/Content/FPWeapon/Materials/FirstPersonProjectileMaterial.uexp" 666
"F:/Pro/FPSRogueLikePrj/FPSRogueLike/Content/FPWeapon/Mesh/FirstPersonProjectileMesh.uasset" 667
"F:/Pro/FPSRogueLikePrj/FPSRogueLike/Content/FPWeapon/Mesh/FirstPersonProjectileMesh.ubulk" 668
"F:/Pro/FPSRogueLikePrj/FPSRogueLike/Content/FPWeapon/Mesh/FirstPersonProjectileMesh.uexp" 669
"F:/Pro/FPSRogueLikePrj/FPSRogueLike/Content/FirstPerson/Blueprints/BP_FirstPersonProjectile.uasset" 670
"F:/Pro/FPSRogueLikePrj/FPSRogueLike/Content/FirstPerson/Blueprints/BP_FirstPersonProjectile.uexp" 671
"F:/Pro/FPSRogueLikePrj/FPSRogueLike/Content/FirstPersonArms/Animations/FP_Rifle_Fire.uasset" 672
"F:/Pro/FPSRogueLikePrj/FPSRogueLike/Content/FirstPersonArms/Animations/FP_Rifle_Fire.uexp" 673
"F:/Pro/FPSRogueLikePrj/FPSRogueLike/Content/FirstPersonArms/Animations/FP_Rifle_Shoot_Montage.uasset" 674
"F:/Pro/FPSRogueLikePrj/FPSRogueLike/Content/FirstPersonArms/Animations/FP_Rifle_Shoot_Montage.uexp" 675
"F:/Pro/FPSRogueLikePrj/FPSRogueLike/Content/FirstPerson/Blueprints/BP_Weapon_Component.uasset" 676
"F:/Pro/FPSRogueLikePrj/FPSRogueLike/Content/FirstPerson/Blueprints/BP_Weapon_Component.uexp" 677
"F:/Pro/FPSRogueLikePrj/FPSRogueLike/Content/UI/WB_BuffBurnPotency50.uasset" 678
"F:/Pro/FPSRogueLikePrj/FPSRogueLike/Content/UI/WB_BuffBurnPotency50.uexp" 679
"F:/Pro/FPSRogueLikePrj/FPSRogueLike/Content/Tests/FT_PlayerMoveTest.uasset" 680
"F:/Pro/FPSRogueLikePrj/FPSRogueLike/Content/Tests/FT_PlayerMoveTest.uexp" 681
"F:/Pro/FPSRogueLikePrj/FPSRogueLike/Content/Tests/FT_DamageTakenTest.uasset" 682
"F:/Pro/FPSRogueLikePrj/FPSRogueLike/Content/Tests/FT_DamageTakenTest.uexp" 683
"F:/Pro/FPSRogueLikePrj/FPSRogueLike/Content/Materials/MatRedDark.uasset" 684
"F:/Pro/FPSRogueLikePrj/FPSRogueLike/Content/Materials/MatRedDark.uexp" 685
"F:/Pro/FPSRogueLikePrj/FPSRogueLike/Content/Materials/M_BrownRed.uasset" 686
"F:/Pro/FPSRogueLikePrj/FPSRogueLike/Content/Materials/M_BrownRed.uexp" 687
"F:/Pro/FPSRogueLikePrj/FPSRogueLike/Content/Materials/M_Laser_Inst.uasset" 688
"F:/Pro/FPSRogueLikePrj/FPSRogueLike/Content/Materials/M_Laser_Inst.uexp" 689
"../../../Engine/Content/Functions/Engine_MaterialFunctions02/Utility/MakeFloat4.uasset" 690
"../../../Engine/Content/Functions/Engine_MaterialFunctions02/Utility/MakeFloat4.uexp" 691
"F:/Pro/FPSRogueLikePrj/FPSRogueLike/Content/Materials/M_Outline.uasset" 692
"F:/Pro/FPSRogueLikePrj/FPSRogueLike/Content/Materials/M_Outline.uexp" 693
"../../../Engine/Content/EngineMaterials/Good64x64TilingNoiseHighFreq.uasset" 694
"../../../Engine/Content/EngineMaterials/Good64x64TilingNoiseHighFreq.uexp" 695
"F:/Pro/FPSRogueLikePrj/FPSRogueLike/Content/Materials/M_RayMarch.uasset" 696
"F:/Pro/FPSRogueLikePrj/FPSRogueLike/Content/Materials/M_RayMarch.uexp" 697
"../../../Engine/Plugins/FX/Niagara/Content/Enums/SpriteRenderer/ENiagara_ScaleSpriteSize.uasset" 698
"../../../Engine/Plugins/FX/Niagara/Content/Enums/SpriteRenderer/ENiagara_ScaleSpriteSize.uexp" 699
"../../../Engine/Plugins/FX/Niagara/Content/Enums/ENiagaraSphereDistributionMode.uasset" 700
"../../../Engine/Plugins/FX/Niagara/Content/Enums/ENiagaraSphereDistributionMode.uexp" 701
"../../../Engine/Plugins/FX/Niagara/Content/Enums/ENiagaraTorusDistributionMode.uasset" 702
"../../../Engine/Plugins/FX/Niagara/Content/Enums/ENiagaraTorusDistributionMode.uexp" 703
"../../../Engine/Plugins/FX/Niagara/Content/Enums/Location/ENiagara_LocationShapes.uasset" 704
"../../../Engine/Plugins/FX/Niagara/Content/Enums/Location/ENiagara_LocationShapes.uexp" 705
"../../../Engine/Plugins/FX/Niagara/Content/Enums/Transforms/ENiagara_LWCConvertVecToPos.uasset" 706
"../../../Engine/Plugins/FX/Niagara/Content/Enums/Transforms/ENiagara_LWCConvertVecToPos.uexp" 707
"../../../Engine/Plugins/FX/Niagara/Content/Enums/ENiagaraVector4_Channels.uasset" 708
"../../../Engine/Plugins/FX/Niagara/Content/Enums/ENiagaraVector4_Channels.uexp" 709
"../../../Engine/Plugins/FX/Niagara/Content/Enums/Location/ENiagara_CylinderMode.uasset" 710
"../../../Engine/Plugins/FX/Niagara/Content/Enums/Location/ENiagara_CylinderMode.uexp" 711
"F:/Pro/FPSRogueLikePrj/FPSRogueLike/Content/StarterContent/Textures/T_Fire_Tiled_D.uasset" 712
"F:/Pro/FPSRogueLikePrj/FPSRogueLike/Content/StarterContent/Textures/T_Fire_Tiled_D.ubulk" 713
"F:/Pro/FPSRogueLikePrj/FPSRogueLike/Content/StarterContent/Textures/T_Fire_Tiled_D.uexp" 714
"F:/Pro/FPSRogueLikePrj/FPSRogueLike/Content/StarterContent/Textures/T_Fire_SubUV.uasset" 715
"F:/Pro/FPSRogueLikePrj/FPSRogueLike/Content/StarterContent/Textures/T_Fire_SubUV.ubulk" 716
"F:/Pro/FPSRogueLikePrj/FPSRogueLike/Content/StarterContent/Textures/T_Fire_SubUV.uexp" 717
"F:/Pro/FPSRogueLikePrj/FPSRogueLike/Content/StarterContent/Particles/Materials/M_Fire_SubUV.uasset" 718
"F:/Pro/FPSRogueLikePrj/FPSRogueLike/Content/StarterContent/Particles/Materials/M_Fire_SubUV.uexp" 719
"../../../Engine/Plugins/FX/Niagara/Content/VectorFields/Assets/TilingCurl32.uasset" 720
"../../../Engine/Plugins/FX/Niagara/Content/VectorFields/Assets/TilingCurl32.uexp" 721
"../../../Engine/Plugins/FX/Niagara/Content/Enums/ENiagaraCurlNoiseQuality.uasset" 722
"../../../Engine/Plugins/FX/Niagara/Content/Enums/ENiagaraCurlNoiseQuality.uexp" 723
"../../../Engine/Plugins/FX/Niagara/Content/VectorFields/Assets/TilingCurl64.uasset" 724
"../../../Engine/Plugins/FX/Niagara/Content/VectorFields/Assets/TilingCurl64.uexp" 725
"../../../Engine/Plugins/FX/Niagara/Content/VectorFields/Assets/TilingCurl16.uasset" 726
"../../../Engine/Plugins/FX/Niagara/Content/VectorFields/Assets/TilingCurl16.uexp" 727
"F:/Pro/FPSRogueLikePrj/FPSRogueLike/Content/StarterContent/Textures/T_Smoke_SubUV.uasset" 728
"F:/Pro/FPSRogueLikePrj/FPSRogueLike/Content/StarterContent/Textures/T_Smoke_SubUV.ubulk" 729
"F:/Pro/FPSRogueLikePrj/FPSRogueLike/Content/StarterContent/Textures/T_Smoke_SubUV.uexp" 730
"F:/Pro/FPSRogueLikePrj/FPSRogueLike/Content/StarterContent/Textures/T_Smoke_Tiled_D.uasset" 731
"F:/Pro/FPSRogueLikePrj/FPSRogueLike/Content/StarterContent/Textures/T_Smoke_Tiled_D.ubulk" 732
"F:/Pro/FPSRogueLikePrj/FPSRogueLike/Content/StarterContent/Textures/T_Smoke_Tiled_D.uexp" 733
"F:/Pro/FPSRogueLikePrj/FPSRogueLike/Content/StarterContent/Particles/Materials/M_smoke_subUV.uasset" 734
"F:/Pro/FPSRogueLikePrj/FPSRogueLike/Content/StarterContent/Particles/Materials/M_smoke_subUV.uexp" 735
"../../../Engine/Plugins/FX/Niagara/Content/Enums/ENiagaraSUbUVAnimationMode.uasset" 736
"../../../Engine/Plugins/FX/Niagara/Content/Enums/ENiagaraSUbUVAnimationMode.uexp" 737
"../../../Engine/Plugins/FX/Niagara/Content/Enums/Transforms/ENiagara_ScaleMode.uasset" 738
"../../../Engine/Plugins/FX/Niagara/Content/Enums/Transforms/ENiagara_ScaleMode.uexp" 739
"../../../Engine/Plugins/FX/Niagara/Content/Enums/Angles/ENiagara_AngleInput.uasset" 740
"../../../Engine/Plugins/FX/Niagara/Content/Enums/Angles/ENiagara_AngleInput.uexp" 741
"../../../Engine/Plugins/FX/Niagara/Content/Enums/Utility/ENiagara_VelocityMode.uasset" 742
"../../../Engine/Plugins/FX/Niagara/Content/Enums/Utility/ENiagara_VelocityMode.uexp" 743
"../../../Engine/Plugins/FX/Niagara/Content/Enums/Transforms/ENiagara_RotationMode.uasset" 744
"../../../Engine/Plugins/FX/Niagara/Content/Enums/Transforms/ENiagara_RotationMode.uexp" 745
"../../../Engine/Plugins/FX/Niagara/Content/Enums/Location/ENiagara_ConeMode.uasset" 746
"../../../Engine/Plugins/FX/Niagara/Content/Enums/Location/ENiagara_ConeMode.uexp" 747
"../../../Engine/Plugins/FX/Niagara/Content/Enums/ENiagara_AttributeSamplingApplyOutput.uasset" 748
"../../../Engine/Plugins/FX/Niagara/Content/Enums/ENiagara_AttributeSamplingApplyOutput.uexp" 749
"../../../Engine/Plugins/FX/Niagara/Content/Enums/Transforms/ENiagara_OffsetMode.uasset" 750
"../../../Engine/Plugins/FX/Niagara/Content/Enums/Transforms/ENiagara_OffsetMode.uexp" 751
"../../../Engine/Plugins/FX/Niagara/Content/Enums/CascadeConversion/ECascadeNiagaraOrbitChainMode.uasset" 752
"../../../Engine/Plugins/FX/Niagara/Content/Enums/CascadeConversion/ECascadeNiagaraOrbitChainMode.uexp" 753
"../../../Engine/Plugins/FX/Niagara/Content/Enums/Location/ENiagara_BoxPlaneMode.uasset" 754
"../../../Engine/Plugins/FX/Niagara/Content/Enums/Location/ENiagara_BoxPlaneMode.uexp" 755
"F:/Pro/FPSRogueLikePrj/FPSRogueLike/Content/StarterContent/Textures/T_Water_N.uasset" 756
"F:/Pro/FPSRogueLikePrj/FPSRogueLike/Content/StarterContent/Textures/T_Water_N.ubulk" 757
"F:/Pro/FPSRogueLikePrj/FPSRogueLike/Content/StarterContent/Textures/T_Water_N.uexp" 758
"F:/Pro/FPSRogueLikePrj/FPSRogueLike/Content/StarterContent/Particles/Materials/M_Heat_Distortion.uasset" 759
"F:/Pro/FPSRogueLikePrj/FPSRogueLike/Content/StarterContent/Particles/Materials/M_Heat_Distortion.uexp" 760
"../../../Engine/Plugins/FX/Niagara/Content/Enums/Transforms/ENiagara_TransformOrder.uasset" 761
"../../../Engine/Plugins/FX/Niagara/Content/Enums/Transforms/ENiagara_TransformOrder.uexp" 762
"../../../Engine/Plugins/FX/Niagara/Content/Enums/Location/ENiagaraRingDiscMode.uasset" 763
"../../../Engine/Plugins/FX/Niagara/Content/Enums/Location/ENiagaraRingDiscMode.uexp" 764
"../../../Engine/Content/Functions/Engine_MaterialFunctions01/Gradient/RadialGradient.uasset" 765
"../../../Engine/Content/Functions/Engine_MaterialFunctions01/Gradient/RadialGradient.uexp" 766
"F:/Pro/FPSRogueLikePrj/FPSRogueLike/Content/StarterContent/Particles/Materials/M_Radial_Gradient.uasset" 767
"F:/Pro/FPSRogueLikePrj/FPSRogueLike/Content/StarterContent/Particles/Materials/M_Radial_Gradient.uexp" 768
"../../../Engine/Plugins/FX/Niagara/Content/Enums/ENiagaraShapeTorusMode.uasset" 769
"../../../Engine/Plugins/FX/Niagara/Content/Enums/ENiagaraShapeTorusMode.uexp" 770
"../../../Engine/Plugins/FX/Niagara/Content/Enums/ENiagaraExpansionMode.uasset" 771
"../../../Engine/Plugins/FX/Niagara/Content/Enums/ENiagaraExpansionMode.uexp" 772
"../../../Engine/Plugins/FX/Niagara/Content/Enums/Transforms/ENiagara_TransformType.uasset" 773
"../../../Engine/Plugins/FX/Niagara/Content/Enums/Transforms/ENiagara_TransformType.uexp" 774
"F:/Pro/FPSRogueLikePrj/FPSRogueLike/Content/Niagara/NS_TorchFire.uasset" 775
"F:/Pro/FPSRogueLikePrj/FPSRogueLike/Content/Niagara/NS_TorchFire.uexp" 776
"F:/Pro/FPSRogueLikePrj/FPSRogueLike/Content/StarterContent/Textures/T_Wood_Walnut_N.uasset" 777
"F:/Pro/FPSRogueLikePrj/FPSRogueLike/Content/StarterContent/Textures/T_Wood_Walnut_N.ubulk" 778
"F:/Pro/FPSRogueLikePrj/FPSRogueLike/Content/StarterContent/Textures/T_Wood_Walnut_N.uexp" 779
"F:/Pro/FPSRogueLikePrj/FPSRogueLike/Content/StarterContent/Textures/T_Wood_Walnut_D.uasset" 780
"F:/Pro/FPSRogueLikePrj/FPSRogueLike/Content/StarterContent/Textures/T_Wood_Walnut_D.ubulk" 781
"F:/Pro/FPSRogueLikePrj/FPSRogueLike/Content/StarterContent/Textures/T_Wood_Walnut_D.uexp" 782
"F:/Pro/FPSRogueLikePrj/FPSRogueLike/Content/StarterContent/Textures/T_MacroVariation.uasset" 783
"F:/Pro/FPSRogueLikePrj/FPSRogueLike/Content/StarterContent/Textures/T_MacroVariation.uexp" 784
"F:/Pro/FPSRogueLikePrj/FPSRogueLike/Content/StarterContent/Materials/M_Wood_Walnut.uasset" 785
"F:/Pro/FPSRogueLikePrj/FPSRogueLike/Content/StarterContent/Materials/M_Wood_Walnut.uexp" 786
"F:/Pro/FPSRogueLikePrj/FPSRogueLike/Content/Models/TorchStick.uasset" 787
"F:/Pro/FPSRogueLikePrj/FPSRogueLike/Content/Models/TorchStick.ubulk" 788
"F:/Pro/FPSRogueLikePrj/FPSRogueLike/Content/Models/TorchStick.uexp" 789
"F:/Pro/FPSRogueLikePrj/FPSRogueLike/Content/Blueprints/BP_TorchFire.uasset" 790
"F:/Pro/FPSRogueLikePrj/FPSRogueLike/Content/Blueprints/BP_TorchFire.uexp" 791
"F:/Pro/FPSRogueLikePrj/FPSRogueLike/Content/Blueprints/DS_Powerup.uasset" 792
"F:/Pro/FPSRogueLikePrj/FPSRogueLike/Content/Blueprints/DS_Powerup.uexp" 793
"F:/Pro/FPSRogueLikePrj/FPSRogueLike/Content/Blueprints/BP_Bullet.uasset" 794
"F:/Pro/FPSRogueLikePrj/FPSRogueLike/Content/Blueprints/BP_Bullet.uexp" 795
"../../../Engine/Plugins/Runtime/MeshModelingToolset/Content/Materials/M_DynamicMeshComponentVtxColor.uasset" 796
"../../../Engine/Plugins/Runtime/MeshModelingToolset/Content/Materials/M_DynamicMeshComponentVtxColor.uexp" 797
"../../../Engine/Plugins/Interchange/Runtime/Content/Pipelines/DefaultTexturePipeline.uasset" 798
"../../../Engine/Plugins/Interchange/Runtime/Content/Pipelines/DefaultTexturePipeline.uexp" 799
"../../../Engine/Plugins/Interchange/Runtime/Content/Pipelines/DefaultSceneLevelPipeline.uasset" 800
"../../../Engine/Plugins/Interchange/Runtime/Content/Pipelines/DefaultSceneLevelPipeline.uexp" 801
"../../../Engine/Plugins/Interchange/Runtime/Content/Pipelines/DefaultSceneAssetsPipeline.uasset" 802
"../../../Engine/Plugins/Interchange/Runtime/Content/Pipelines/DefaultSceneAssetsPipeline.uexp" 803
"../../../Engine/Plugins/Interchange/Runtime/Content/Pipelines/DefaultMaterialPipeline.uasset" 804
"../../../Engine/Plugins/Interchange/Runtime/Content/Pipelines/DefaultMaterialPipeline.uexp" 805
"../../../Engine/Plugins/Interchange/Runtime/Content/Pipelines/DefaultAssetsPipeline.uasset" 806
"../../../Engine/Plugins/Interchange/Runtime/Content/Pipelines/DefaultAssetsPipeline.uexp" 807
"../../../Engine/Plugins/Editor/SpeedTreeImporter/Content/SpeedTree9/game_wind_noise.uasset" 808
"../../../Engine/Plugins/Editor/SpeedTreeImporter/Content/SpeedTree9/game_wind_noise.ubulk" 809
"../../../Engine/Plugins/Editor/SpeedTreeImporter/Content/SpeedTree9/game_wind_noise.uexp" 810
"../../../Engine/Plugins/Editor/SpeedTreeImporter/Content/SpeedTree9/UnpackDirection.uasset" 811
"../../../Engine/Plugins/Editor/SpeedTreeImporter/Content/SpeedTree9/UnpackDirection.uexp" 812
"../../../Engine/Content/Functions/Engine_MaterialFunctions02/ObjectLocalBounds.uasset" 813
"../../../Engine/Content/Functions/Engine_MaterialFunctions02/ObjectLocalBounds.uexp" 814
"../../../Engine/Content/Functions/Engine_MaterialFunctions02/Utility/BreakOutFloat3Components.uasset" 815
"../../../Engine/Content/Functions/Engine_MaterialFunctions02/Utility/BreakOutFloat3Components.uexp" 816
"../../../Engine/Content/Functions/Engine_MaterialFunctions02/UVs/BoundingBoxBased_0-1_UVW.uasset" 817
"../../../Engine/Content/Functions/Engine_MaterialFunctions02/UVs/BoundingBoxBased_0-1_UVW.uexp" 818
"../../../Engine/Content/Functions/Engine_MaterialFunctions02/Utility/VectorLength.uasset" 819
"../../../Engine/Content/Functions/Engine_MaterialFunctions02/Utility/VectorLength.uexp" 820
"../../../Engine/Plugins/Editor/SpeedTreeImporter/Content/SpeedTree9/UnpackInteger3.uasset" 821
"../../../Engine/Plugins/Editor/SpeedTreeImporter/Content/SpeedTree9/UnpackInteger3.uexp" 822
"../../../Engine/Plugins/Editor/SpeedTreeImporter/Content/SpeedTree9/SpeedTreeCameraFacing.uasset" 823
"../../../Engine/Plugins/Editor/SpeedTreeImporter/Content/SpeedTree9/SpeedTreeCameraFacing.uexp" 824
"../../../Engine/Content/Functions/Engine_MaterialFunctions02/WorldPositionOffset/ObjectScale.uasset" 825
"../../../Engine/Content/Functions/Engine_MaterialFunctions02/WorldPositionOffset/ObjectScale.uexp" 826
"../../../Engine/Content/Functions/Engine_MaterialFunctions02/SafeNormalize.uasset" 827
"../../../Engine/Content/Functions/Engine_MaterialFunctions02/SafeNormalize.uexp" 828
"../../../Engine/Plugins/Editor/SpeedTreeImporter/Content/SpeedTree9/SpeedTreeWindMotion.uasset" 829
"../../../Engine/Plugins/Editor/SpeedTreeImporter/Content/SpeedTree9/SpeedTreeWindMotion.uexp" 830
"../../../Engine/Plugins/Editor/SpeedTreeImporter/Content/SpeedTree9/SpeedTreeBranchMotion.uasset" 831
"../../../Engine/Plugins/Editor/SpeedTreeImporter/Content/SpeedTree9/SpeedTreeBranchMotion.uexp" 832
"../../../Engine/Plugins/Editor/SpeedTreeImporter/Content/SpeedTree9/SpeedTreeWind.uasset" 833
"../../../Engine/Plugins/Editor/SpeedTreeImporter/Content/SpeedTree9/SpeedTreeWind.uexp" 834
"../../../Engine/Plugins/Editor/SpeedTreeImporter/Content/SpeedTree9/EmptyNormal.uasset" 835
"../../../Engine/Plugins/Editor/SpeedTreeImporter/Content/SpeedTree9/EmptyNormal.uexp" 836
"../../../Engine/Plugins/Editor/SpeedTreeImporter/Content/SpeedTree9/Empty.uasset" 837
"../../../Engine/Plugins/Editor/SpeedTreeImporter/Content/SpeedTree9/Empty.uexp" 838
"../../../Engine/Plugins/Editor/SpeedTreeImporter/Content/SpeedTree9/SpeedTreeMaster.uasset" 839
"../../../Engine/Plugins/Editor/SpeedTreeImporter/Content/SpeedTree9/SpeedTreeMaster.uexp" 840
"../../../Engine/Plugins/Editor/SpeedTreeImporter/Content/SpeedTree9/SpeedTreeBillboard.uasset" 841
"../../../Engine/Plugins/Editor/SpeedTreeImporter/Content/SpeedTree9/SpeedTreeBillboard.uexp" 842
"../../../Engine/Plugins/Editor/SpeedTreeImporter/Content/SpeedTree9/SpeedTreeBillboardMaster.uasset" 843
"../../../Engine/Plugins/Editor/SpeedTreeImporter/Content/SpeedTree9/SpeedTreeBillboardMaster.uexp" 844
"../../../Engine/Plugins/Animation/ControlRig/Content/Controls/ControlRig_Wedge_solid.uasset" 845
"../../../Engine/Plugins/Animation/ControlRig/Content/Controls/ControlRig_Wedge_solid.ubulk" 846
"../../../Engine/Plugins/Animation/ControlRig/Content/Controls/ControlRig_Wedge_solid.uexp" 847
"../../../Engine/Plugins/Animation/ControlRig/Content/Controls/ControlRig_Wedge_3mm.uasset" 848
"../../../Engine/Plugins/Animation/ControlRig/Content/Controls/ControlRig_Wedge_3mm.ubulk" 849
"../../../Engine/Plugins/Animation/ControlRig/Content/Controls/ControlRig_Wedge_3mm.uexp" 850
"../../../Engine/Plugins/Animation/ControlRig/Content/Controls/ControlRig_Wedge_1mm.uasset" 851
"../../../Engine/Plugins/Animation/ControlRig/Content/Controls/ControlRig_Wedge_1mm.ubulk" 852
"../../../Engine/Plugins/Animation/ControlRig/Content/Controls/ControlRig_Wedge_1mm.uexp" 853
"../../../Engine/Plugins/Animation/ControlRig/Content/Controls/ControlRig_Triangle_solid.uasset" 854
"../../../Engine/Plugins/Animation/ControlRig/Content/Controls/ControlRig_Triangle_solid.ubulk" 855
"../../../Engine/Plugins/Animation/ControlRig/Content/Controls/ControlRig_Triangle_solid.uexp" 856
"../../../Engine/Plugins/Animation/ControlRig/Content/Controls/ControlRig_Triangle_3mm.uasset" 857
"../../../Engine/Plugins/Animation/ControlRig/Content/Controls/ControlRig_Triangle_3mm.ubulk" 858
"../../../Engine/Plugins/Animation/ControlRig/Content/Controls/ControlRig_Triangle_3mm.uexp" 859
"../../../Engine/Plugins/Animation/ControlRig/Content/Controls/ControlRig_Triangle_1mm.uasset" 860
"../../../Engine/Plugins/Animation/ControlRig/Content/Controls/ControlRig_Triangle_1mm.ubulk" 861
"../../../Engine/Plugins/Animation/ControlRig/Content/Controls/ControlRig_Triangle_1mm.uexp" 862
"../../../Engine/Plugins/Animation/ControlRig/Content/Controls/ControlRig_Star4_solid.uasset" 863
"../../../Engine/Plugins/Animation/ControlRig/Content/Controls/ControlRig_Star4_solid.ubulk" 864
"../../../Engine/Plugins/Animation/ControlRig/Content/Controls/ControlRig_Star4_solid.uexp" 865
"../../../Engine/Plugins/Animation/ControlRig/Content/Controls/ControlRig_Star4_3mm.uasset" 866
"../../../Engine/Plugins/Animation/ControlRig/Content/Controls/ControlRig_Star4_3mm.ubulk" 867
"../../../Engine/Plugins/Animation/ControlRig/Content/Controls/ControlRig_Star4_3mm.uexp" 868
"../../../Engine/Plugins/Animation/ControlRig/Content/Controls/ControlRig_Star4_1mm.uasset" 869
"../../../Engine/Plugins/Animation/ControlRig/Content/Controls/ControlRig_Star4_1mm.ubulk" 870
"../../../Engine/Plugins/Animation/ControlRig/Content/Controls/ControlRig_Star4_1mm.uexp" 871
"../../../Engine/Plugins/Animation/ControlRig/Content/Controls/ControlRig_Square_solid.uasset" 872
"../../../Engine/Plugins/Animation/ControlRig/Content/Controls/ControlRig_Square_solid.ubulk" 873
"../../../Engine/Plugins/Animation/ControlRig/Content/Controls/ControlRig_Square_solid.uexp" 874
"../../../Engine/Plugins/Animation/ControlRig/Content/Controls/ControlRig_Square_3mm.uasset" 875
"../../../Engine/Plugins/Animation/ControlRig/Content/Controls/ControlRig_Square_3mm.ubulk" 876
"../../../Engine/Plugins/Animation/ControlRig/Content/Controls/ControlRig_Square_3mm.uexp" 877
"../../../Engine/Plugins/Animation/ControlRig/Content/Controls/ControlRig_Square_1mm.uasset" 878
"../../../Engine/Plugins/Animation/ControlRig/Content/Controls/ControlRig_Square_1mm.ubulk" 879
"../../../Engine/Plugins/Animation/ControlRig/Content/Controls/ControlRig_Square_1mm.uexp" 880
"../../../Engine/Plugins/Animation/ControlRig/Content/Controls/ControlRig_Sphere_solid.uasset" 881
"../../../Engine/Plugins/Animation/ControlRig/Content/Controls/ControlRig_Sphere_solid.ubulk" 882
"../../../Engine/Plugins/Animation/ControlRig/Content/Controls/ControlRig_Sphere_solid.uexp" 883
"../../../Engine/Plugins/Animation/ControlRig/Content/Controls/ControlRig_Sphere_3mm.uasset" 884
"../../../Engine/Plugins/Animation/ControlRig/Content/Controls/ControlRig_Sphere_3mm.ubulk" 885
"../../../Engine/Plugins/Animation/ControlRig/Content/Controls/ControlRig_Sphere_3mm.uexp" 886
"../../../Engine/Plugins/Animation/ControlRig/Content/Controls/ControlRig_Sphere_1mm.uasset" 887
"../../../Engine/Plugins/Animation/ControlRig/Content/Controls/ControlRig_Sphere_1mm.ubulk" 888
"../../../Engine/Plugins/Animation/ControlRig/Content/Controls/ControlRig_Sphere_1mm.uexp" 889
"../../../Engine/Plugins/Animation/ControlRig/Content/Controls/ControlRig_RoundedTriangle_solid.uasset" 890
"../../../Engine/Plugins/Animation/ControlRig/Content/Controls/ControlRig_RoundedTriangle_solid.ubulk" 891
"../../../Engine/Plugins/Animation/ControlRig/Content/Controls/ControlRig_RoundedTriangle_solid.uexp" 892
"../../../Engine/Plugins/Animation/ControlRig/Content/Controls/ControlRig_RoundedTriangle_3mm.uasset" 893
"../../../Engine/Plugins/Animation/ControlRig/Content/Controls/ControlRig_RoundedTriangle_3mm.ubulk" 894
"../../../Engine/Plugins/Animation/ControlRig/Content/Controls/ControlRig_RoundedTriangle_3mm.uexp" 895
"../../../Engine/Plugins/Animation/ControlRig/Content/Controls/ControlRig_RoundedTriangle_1mm.uasset" 896
"../../../Engine/Plugins/Animation/ControlRig/Content/Controls/ControlRig_RoundedTriangle_1mm.ubulk" 897
"../../../Engine/Plugins/Animation/ControlRig/Content/Controls/ControlRig_RoundedTriangle_1mm.uexp" 898
"../../../Engine/Plugins/Animation/ControlRig/Content/Controls/ControlRig_RoundedSquare_solid.uasset" 899
"../../../Engine/Plugins/Animation/ControlRig/Content/Controls/ControlRig_RoundedSquare_solid.ubulk" 900
"../../../Engine/Plugins/Animation/ControlRig/Content/Controls/ControlRig_RoundedSquare_solid.uexp" 901
"../../../Engine/Plugins/Animation/ControlRig/Content/Controls/ControlRig_RoundedSquare_3mm.uasset" 902
"../../../Engine/Plugins/Animation/ControlRig/Content/Controls/ControlRig_RoundedSquare_3mm.ubulk" 903
"../../../Engine/Plugins/Animation/ControlRig/Content/Controls/ControlRig_RoundedSquare_3mm.uexp" 904
"../../../Engine/Plugins/Animation/ControlRig/Content/Controls/ControlRig_RoundedSquare_1mm.uasset" 905
"../../../Engine/Plugins/Animation/ControlRig/Content/Controls/ControlRig_RoundedSquare_1mm.ubulk" 906
"../../../Engine/Plugins/Animation/ControlRig/Content/Controls/ControlRig_RoundedSquare_1mm.uexp" 907
"../../../Engine/Plugins/Animation/ControlRig/Content/Controls/ControlRig_QuarterCircle_solid.uasset" 908
"../../../Engine/Plugins/Animation/ControlRig/Content/Controls/ControlRig_QuarterCircle_solid.ubulk" 909
"../../../Engine/Plugins/Animation/ControlRig/Content/Controls/ControlRig_QuarterCircle_solid.uexp" 910
"../../../Engine/Plugins/Animation/ControlRig/Content/Controls/ControlRig_QuarterCircle_3mm.uasset" 911
"../../../Engine/Plugins/Animation/ControlRig/Content/Controls/ControlRig_QuarterCircle_3mm.ubulk" 912
"../../../Engine/Plugins/Animation/ControlRig/Content/Controls/ControlRig_QuarterCircle_3mm.uexp" 913
"../../../Engine/Plugins/Animation/ControlRig/Content/Controls/ControlRig_QuarterCircle_1mm.uasset" 914
"../../../Engine/Plugins/Animation/ControlRig/Content/Controls/ControlRig_QuarterCircle_1mm.ubulk" 915
"../../../Engine/Plugins/Animation/ControlRig/Content/Controls/ControlRig_QuarterCircle_1mm.uexp" 916
"../../../Engine/Plugins/Animation/ControlRig/Content/Controls/ControlRig_Pyramid_solid.uasset" 917
"../../../Engine/Plugins/Animation/ControlRig/Content/Controls/ControlRig_Pyramid_solid.ubulk" 918
"../../../Engine/Plugins/Animation/ControlRig/Content/Controls/ControlRig_Pyramid_solid.uexp" 919
"../../../Engine/Plugins/Animation/ControlRig/Content/Controls/ControlRig_Pyramid_3mm.uasset" 920
"../../../Engine/Plugins/Animation/ControlRig/Content/Controls/ControlRig_Pyramid_3mm.ubulk" 921
"../../../Engine/Plugins/Animation/ControlRig/Content/Controls/ControlRig_Pyramid_3mm.uexp" 922
"../../../Engine/Plugins/Animation/ControlRig/Content/Controls/ControlRig_Pyramid_1mm.uasset" 923
"../../../Engine/Plugins/Animation/ControlRig/Content/Controls/ControlRig_Pyramid_1mm.ubulk" 924
"../../../Engine/Plugins/Animation/ControlRig/Content/Controls/ControlRig_Pyramid_1mm.uexp" 925
"../../../Engine/Plugins/Animation/ControlRig/Content/Controls/ControlRig_Octagon_solid.uasset" 926
"../../../Engine/Plugins/Animation/ControlRig/Content/Controls/ControlRig_Octagon_solid.ubulk" 927
"../../../Engine/Plugins/Animation/ControlRig/Content/Controls/ControlRig_Octagon_solid.uexp" 928
"../../../Engine/Plugins/Animation/ControlRig/Content/Controls/ControlRig_Octagon_3mm.uasset" 929
"../../../Engine/Plugins/Animation/ControlRig/Content/Controls/ControlRig_Octagon_3mm.ubulk" 930
"../../../Engine/Plugins/Animation/ControlRig/Content/Controls/ControlRig_Octagon_3mm.uexp" 931
"../../../Engine/Plugins/Animation/ControlRig/Content/Controls/ControlRig_Octagon_1mm.uasset" 932
"../../../Engine/Plugins/Animation/ControlRig/Content/Controls/ControlRig_Octagon_1mm.ubulk" 933
"../../../Engine/Plugins/Animation/ControlRig/Content/Controls/ControlRig_Octagon_1mm.uexp" 934
"../../../Engine/Plugins/Animation/ControlRig/Content/Controls/ControlRig_Hexagon_solid.uasset" 935
"../../../Engine/Plugins/Animation/ControlRig/Content/Controls/ControlRig_Hexagon_solid.ubulk" 936
"../../../Engine/Plugins/Animation/ControlRig/Content/Controls/ControlRig_Hexagon_solid.uexp" 937
"../../../Engine/Plugins/Animation/ControlRig/Content/Controls/ControlRig_Hexagon_3mm.uasset" 938
"../../../Engine/Plugins/Animation/ControlRig/Content/Controls/ControlRig_Hexagon_3mm.ubulk" 939
"../../../Engine/Plugins/Animation/ControlRig/Content/Controls/ControlRig_Hexagon_3mm.uexp" 940
"../../../Engine/Plugins/Animation/ControlRig/Content/Controls/ControlRig_Hexagon_1mm.uasset" 941
"../../../Engine/Plugins/Animation/ControlRig/Content/Controls/ControlRig_Hexagon_1mm.ubulk" 942
"../../../Engine/Plugins/Animation/ControlRig/Content/Controls/ControlRig_Hexagon_1mm.uexp" 943
"../../../Engine/Plugins/Animation/ControlRig/Content/Controls/ControlRig_HalfCircle_solid.uasset" 944
"../../../Engine/Plugins/Animation/ControlRig/Content/Controls/ControlRig_HalfCircle_solid.ubulk" 945
"../../../Engine/Plugins/Animation/ControlRig/Content/Controls/ControlRig_HalfCircle_solid.uexp" 946
"../../../Engine/Plugins/Animation/ControlRig/Content/Controls/ControlRig_HalfCircle_3mm.uasset" 947
"../../../Engine/Plugins/Animation/ControlRig/Content/Controls/ControlRig_HalfCircle_3mm.ubulk" 948
"../../../Engine/Plugins/Animation/ControlRig/Content/Controls/ControlRig_HalfCircle_3mm.uexp" 949
"../../../Engine/Plugins/Animation/ControlRig/Content/Controls/ControlRig_HalfCircle_1mm.uasset" 950
"../../../Engine/Plugins/Animation/ControlRig/Content/Controls/ControlRig_HalfCircle_1mm.ubulk" 951
"../../../Engine/Plugins/Animation/ControlRig/Content/Controls/ControlRig_HalfCircle_1mm.uexp" 952
"../../../Engine/Plugins/Animation/ControlRig/Content/Controls/ControlRig_Diamond_solid.uasset" 953
"../../../Engine/Plugins/Animation/ControlRig/Content/Controls/ControlRig_Diamond_solid.ubulk" 954
"../../../Engine/Plugins/Animation/ControlRig/Content/Controls/ControlRig_Diamond_solid.uexp" 955
"../../../Engine/Plugins/Animation/ControlRig/Content/Controls/ControlRig_Diamond_3mm.uasset" 956
"../../../Engine/Plugins/Animation/ControlRig/Content/Controls/ControlRig_Diamond_3mm.ubulk" 957
"../../../Engine/Plugins/Animation/ControlRig/Content/Controls/ControlRig_Diamond_3mm.uexp" 958
"../../../Engine/Plugins/Animation/ControlRig/Content/Controls/ControlRig_Diamond_1mm.uasset" 959
"../../../Engine/Plugins/Animation/ControlRig/Content/Controls/ControlRig_Diamond_1mm.ubulk" 960
"../../../Engine/Plugins/Animation/ControlRig/Content/Controls/ControlRig_Diamond_1mm.uexp" 961
"../../../Engine/Plugins/Animation/ControlRig/Content/Controls/ControlRig_Circle_solid.uasset" 962
"../../../Engine/Plugins/Animation/ControlRig/Content/Controls/ControlRig_Circle_solid.ubulk" 963
"../../../Engine/Plugins/Animation/ControlRig/Content/Controls/ControlRig_Circle_solid.uexp" 964
"../../../Engine/Plugins/Animation/ControlRig/Content/Controls/ControlRig_Circle_3mm.uasset" 965
"../../../Engine/Plugins/Animation/ControlRig/Content/Controls/ControlRig_Circle_3mm.ubulk" 966
"../../../Engine/Plugins/Animation/ControlRig/Content/Controls/ControlRig_Circle_3mm.uexp" 967
"../../../Engine/Plugins/Animation/ControlRig/Content/Controls/ControlRig_Circle_1mm.uasset" 968
"../../../Engine/Plugins/Animation/ControlRig/Content/Controls/ControlRig_Circle_1mm.ubulk" 969
"../../../Engine/Plugins/Animation/ControlRig/Content/Controls/ControlRig_Circle_1mm.uexp" 970
"../../../Engine/Plugins/Animation/ControlRig/Content/Controls/ControlRig_Box_solid.uasset" 971
"../../../Engine/Plugins/Animation/ControlRig/Content/Controls/ControlRig_Box_solid.ubulk" 972
"../../../Engine/Plugins/Animation/ControlRig/Content/Controls/ControlRig_Box_solid.uexp" 973
"../../../Engine/Plugins/Animation/ControlRig/Content/Controls/ControlRig_Box_3mm.uasset" 974
"../../../Engine/Plugins/Animation/ControlRig/Content/Controls/ControlRig_Box_3mm.ubulk" 975
"../../../Engine/Plugins/Animation/ControlRig/Content/Controls/ControlRig_Box_3mm.uexp" 976
"../../../Engine/Plugins/Animation/ControlRig/Content/Controls/ControlRig_Box_1mm.uasset" 977
"../../../Engine/Plugins/Animation/ControlRig/Content/Controls/ControlRig_Box_1mm.ubulk" 978
"../../../Engine/Plugins/Animation/ControlRig/Content/Controls/ControlRig_Box_1mm.uexp" 979
"../../../Engine/Plugins/Animation/ControlRig/Content/Controls/ControlRig_Arrow_solid.uasset" 980
"../../../Engine/Plugins/Animation/ControlRig/Content/Controls/ControlRig_Arrow_solid.ubulk" 981
"../../../Engine/Plugins/Animation/ControlRig/Content/Controls/ControlRig_Arrow_solid.uexp" 982
"../../../Engine/Plugins/Animation/ControlRig/Content/Controls/ControlRig_Arrow_3mm.uasset" 983
"../../../Engine/Plugins/Animation/ControlRig/Content/Controls/ControlRig_Arrow_3mm.ubulk" 984
"../../../Engine/Plugins/Animation/ControlRig/Content/Controls/ControlRig_Arrow_3mm.uexp" 985
"../../../Engine/Plugins/Animation/ControlRig/Content/Controls/ControlRig_Arrow_1mm.uasset" 986
"../../../Engine/Plugins/Animation/ControlRig/Content/Controls/ControlRig_Arrow_1mm.ubulk" 987
"../../../Engine/Plugins/Animation/ControlRig/Content/Controls/ControlRig_Arrow_1mm.uexp" 988
"../../../Engine/Plugins/Animation/ControlRig/Content/Controls/ControlRig_Arrow4_solid.uasset" 989
"../../../Engine/Plugins/Animation/ControlRig/Content/Controls/ControlRig_Arrow4_solid.ubulk" 990
"../../../Engine/Plugins/Animation/ControlRig/Content/Controls/ControlRig_Arrow4_solid.uexp" 991
"../../../Engine/Plugins/Animation/ControlRig/Content/Controls/ControlRig_Arrow4_3mm.uasset" 992
"../../../Engine/Plugins/Animation/ControlRig/Content/Controls/ControlRig_Arrow4_3mm.ubulk" 993
"../../../Engine/Plugins/Animation/ControlRig/Content/Controls/ControlRig_Arrow4_3mm.uexp" 994
"../../../Engine/Plugins/Animation/ControlRig/Content/Controls/ControlRig_Arrow4_1mm.uasset" 995
"../../../Engine/Plugins/Animation/ControlRig/Content/Controls/ControlRig_Arrow4_1mm.ubulk" 996
"../../../Engine/Plugins/Animation/ControlRig/Content/Controls/ControlRig_Arrow4_1mm.uexp" 997
"../../../Engine/Plugins/Animation/ControlRig/Content/Controls/ControlRig_Arrow2_solid.uasset" 998
"../../../Engine/Plugins/Animation/ControlRig/Content/Controls/ControlRig_Arrow2_solid.ubulk" 999
"../../../Engine/Plugins/Animation/ControlRig/Content/Controls/ControlRig_Arrow2_solid.uexp" 1000
"../../../Engine/Plugins/Animation/ControlRig/Content/Controls/ControlRig_Arrow2_3mm.uasset" 1001
"../../../Engine/Plugins/Animation/ControlRig/Content/Controls/ControlRig_Arrow2_3mm.ubulk" 1002
"../../../Engine/Plugins/Animation/ControlRig/Content/Controls/ControlRig_Arrow2_3mm.uexp" 1003
"../../../Engine/Plugins/Animation/ControlRig/Content/Controls/ControlRig_Arrow2_1mm.uasset" 1004
"../../../Engine/Plugins/Animation/ControlRig/Content/Controls/ControlRig_Arrow2_1mm.ubulk" 1005
"../../../Engine/Plugins/Animation/ControlRig/Content/Controls/ControlRig_Arrow2_1mm.uexp" 1006
"../../../Engine/Plugins/Animation/ControlRig/Content/Controls/ControlRigXRayMaterial.uasset" 1007
"../../../Engine/Plugins/Animation/ControlRig/Content/Controls/ControlRigXRayMaterial.uexp" 1008
"../../../Engine/Plugins/Animation/ControlRig/Content/Controls/ControlRigGizmoMaterial.uasset" 1009
"../../../Engine/Plugins/Animation/ControlRig/Content/Controls/ControlRigGizmoMaterial.uexp" 1010
"../../../Engine/Content/EngineResources/WhiteSquareTexture.uasset" 1011
"../../../Engine/Content/EngineResources/WhiteSquareTexture.uexp" 1012
"../../../Engine/Content/EngineMaterials/Widget3DPassThrough.uasset" 1013
"../../../Engine/Content/EngineMaterials/Widget3DPassThrough.uexp" 1014
"../../../Engine/Content/EngineMaterials/Widget3DPassThrough_Translucent.uasset" 1015
"../../../Engine/Content/EngineMaterials/Widget3DPassThrough_Translucent.uexp" 1016
"../../../Engine/Content/EngineMaterials/Widget3DPassThrough_Translucent_OneSided.uasset" 1017
"../../../Engine/Content/EngineMaterials/Widget3DPassThrough_Translucent_OneSided.uexp" 1018
"../../../Engine/Content/EngineMaterials/Widget3DPassThrough_Opaque.uasset" 1019
"../../../Engine/Content/EngineMaterials/Widget3DPassThrough_Opaque.uexp" 1020
"../../../Engine/Content/EngineMaterials/Widget3DPassThrough_Opaque_OneSided.uasset" 1021
"../../../Engine/Content/EngineMaterials/Widget3DPassThrough_Opaque_OneSided.uexp" 1022
"../../../Engine/Content/EngineMaterials/Widget3DPassThrough_Masked_OneSided.uasset" 1023
"../../../Engine/Content/EngineMaterials/Widget3DPassThrough_Masked_OneSided.uexp" 1024
"../../../Engine/Content/EngineMaterials/Widget3DPassThrough_Masked.uasset" 1025
"../../../Engine/Content/EngineMaterials/Widget3DPassThrough_Masked.uexp" 1026
"../../../Engine/Content/EngineMaterials/STBlueNoise_vec2_128x128x64.uasset" 1027
"../../../Engine/Content/EngineMaterials/STBlueNoise_vec2_128x128x64.uexp" 1028
"../../../Engine/Content/EngineMaterials/STBlueNoise_scalar_128x128x64.uasset" 1029
"../../../Engine/Content/EngineMaterials/STBlueNoise_scalar_128x128x64.uexp" 1030
"../../../Engine/Content/EngineMaterials/RemoveSurfaceMaterial.uasset" 1031
"../../../Engine/Content/EngineMaterials/RemoveSurfaceMaterial.uexp" 1032
"../../../Engine/Content/EngineMaterials/DefaultCalibrationGrayscale.uasset" 1033
"../../../Engine/Content/EngineMaterials/DefaultCalibrationGrayscale.uexp" 1034
"../../../Engine/Content/EngineMaterials/PPM_DefaultCalibrationGrayscale.uasset" 1035
"../../../Engine/Content/EngineMaterials/PPM_DefaultCalibrationGrayscale.uexp" 1036
"../../../Engine/Content/EngineMaterials/DefaultCalibrationColor.uasset" 1037
"../../../Engine/Content/EngineMaterials/DefaultCalibrationColor.uexp" 1038
"../../../Engine/Content/EngineMaterials/PPM_DefaultCalibrationColor.uasset" 1039
"../../../Engine/Content/EngineMaterials/PPM_DefaultCalibrationColor.uexp" 1040
"../../../Engine/Content/EngineMaterials/PhAT_JointLimitMaterial.uasset" 1041
"../../../Engine/Content/EngineMaterials/PhAT_JointLimitMaterial.uexp" 1042
"../../../Engine/Content/EngineMaterials/NaniteHiddenSectionMaterial.uasset" 1043
"../../../Engine/Content/EngineMaterials/NaniteHiddenSectionMaterial.uexp" 1044
"../../../Engine/Content/EngineMaterials/InvalidLightmapSettings.uasset" 1045
"../../../Engine/Content/EngineMaterials/InvalidLightmapSettings.ubulk" 1046
"../../../Engine/Content/EngineMaterials/InvalidLightmapSettings.uexp" 1047
"../../../Engine/Content/EngineMaterials/M_InvalidLightmapSettings.uasset" 1048
"../../../Engine/Content/EngineMaterials/M_InvalidLightmapSettings.uexp" 1049
"../../../Engine/Content/EngineMaterials/GizmoMaterial.uasset" 1050
"../../../Engine/Content/EngineMaterials/GizmoMaterial.uexp" 1051
"../../../Engine/Content/EngineMaterials/BaseFlattenEmissiveMap_VT.uasset" 1052
"../../../Engine/Content/EngineMaterials/BaseFlattenEmissiveMap_VT.uexp" 1053
"../../../Engine/Content/EngineMaterials/BaseFlattenGrayscaleMap_VT.uasset" 1054
"../../../Engine/Content/EngineMaterials/BaseFlattenGrayscaleMap_VT.uexp" 1055
"../../../Engine/Content/EngineMaterials/BaseFlattenLinearColor_VT.uasset" 1056
"../../../Engine/Content/EngineMaterials/BaseFlattenLinearColor_VT.uexp" 1057
"../../../Engine/Content/EngineMaterials/Black_1x1_EXR_Texture_VT.uasset" 1058
"../../../Engine/Content/EngineMaterials/Black_1x1_EXR_Texture_VT.uexp" 1059
"../../../Engine/Content/EngineMaterials/BaseFlattenDiffuseMap_VT.uasset" 1060
"../../../Engine/Content/EngineMaterials/BaseFlattenDiffuseMap_VT.uexp" 1061
"../../../Engine/Content/EngineMaterials/BaseFlattenNormalMap_VT.uasset" 1062
"../../../Engine/Content/EngineMaterials/BaseFlattenNormalMap_VT.uexp" 1063
"../../../Engine/Content/EngineMaterials/FlattenMaterial_WS_Normal_VT.uasset" 1064
"../../../Engine/Content/EngineMaterials/FlattenMaterial_WS_Normal_VT.uexp" 1065
"../../../Engine/Content/EngineMaterials/FlattenMaterial_VT.uasset" 1066
"../../../Engine/Content/EngineMaterials/FlattenMaterial_VT.uexp" 1067
"../../../Engine/Content/EngineMaterials/BaseFlattenNormalMap.uasset" 1068
"../../../Engine/Content/EngineMaterials/BaseFlattenNormalMap.uexp" 1069
"../../../Engine/Content/EngineMaterials/BaseFlattenGrayscaleMap.uasset" 1070
"../../../Engine/Content/EngineMaterials/BaseFlattenGrayscaleMap.uexp" 1071
"../../../Engine/Content/EngineMaterials/BaseFlattenDiffuseMap.uasset" 1072
"../../../Engine/Content/EngineMaterials/BaseFlattenDiffuseMap.uexp" 1073
"../../../Engine/Content/Functions/Engine_MaterialFunctions02/PivotPainter2/Black_1x1_EXR_Texture.uasset" 1074
"../../../Engine/Content/Functions/Engine_MaterialFunctions02/PivotPainter2/Black_1x1_EXR_Texture.uexp" 1075
"../../../Engine/Content/EngineMaterials/BaseFlattenEmissiveMap.uasset" 1076
"../../../Engine/Content/EngineMaterials/BaseFlattenEmissiveMap.uexp" 1077
"../../../Engine/Content/EngineMaterials/BaseFlattenLinearColor.uasset" 1078
"../../../Engine/Content/EngineMaterials/BaseFlattenLinearColor.uexp" 1079
"../../../Engine/Content/EngineMaterials/FlattenMaterial.uasset" 1080
"../../../Engine/Content/EngineMaterials/FlattenMaterial.uexp" 1081
"../../../Engine/Content/EngineMaterials/DefaultWhiteGrid_Low.uasset" 1082
"../../../Engine/Content/EngineMaterials/DefaultWhiteGrid_Low.uexp" 1083
"../../../Engine/Content/EngineMaterials/EmissiveMeshMaterial.uasset" 1084
"../../../Engine/Content/EngineMaterials/EmissiveMeshMaterial.uexp" 1085
"../../../Engine/Content/EngineFonts/RobotoDistanceField.uasset" 1086
"../../../Engine/Content/EngineFonts/RobotoDistanceField.uexp" 1087
"../../../Engine/Content/EngineMaterials/DefaultTextMaterialOpaque.uasset" 1088
"../../../Engine/Content/EngineMaterials/DefaultTextMaterialOpaque.uexp" 1089
"../../../Engine/Content/EngineMaterials/DefaultDiffuse.uasset" 1090
"../../../Engine/Content/EngineMaterials/DefaultDiffuse.ubulk" 1091
"../../../Engine/Content/EngineMaterials/DefaultDiffuse.uexp" 1092
"../../../Engine/Content/EngineMaterials/DefaultPostProcessMaterial.uasset" 1093
"../../../Engine/Content/EngineMaterials/DefaultPostProcessMaterial.uexp" 1094
"../../../Engine/Content/EngineMaterials/DefaultPhysicalMaterial.uasset" 1095
"../../../Engine/Content/EngineMaterials/DefaultPhysicalMaterial.uexp" 1096
"../../../Engine/Content/EngineMaterials/DefaultLightFunctionMaterial.uasset" 1097
"../../../Engine/Content/EngineMaterials/DefaultLightFunctionMaterial.uexp" 1098
"../../../Engine/Content/EngineMaterials/DefaultDestructiblePhysicalMaterial.uasset" 1099
"../../../Engine/Content/EngineMaterials/DefaultDestructiblePhysicalMaterial.uexp" 1100
"../../../Engine/Content/EngineMaterials/DefaultDeferredDecalMaterial.uasset" 1101
"../../../Engine/Content/EngineMaterials/DefaultDeferredDecalMaterial.uexp" 1102
"../../../Engine/Content/EngineMaterials/DefaultBloomKernel.uasset" 1103
"../../../Engine/Content/EngineMaterials/DefaultBloomKernel.uexp" 1104
"../../../Engine/Content/EngineFonts/Faces/RobotoLight.uasset" 1105
"../../../Engine/Content/EngineFonts/Faces/RobotoLight.ufont" 1106
"../../../Engine/Content/EngineFonts/Faces/RobotoLight.uexp" 1107
"../../../Engine/Content/EngineFonts/Faces/RobotoBold.uasset" 1108
"../../../Engine/Content/EngineFonts/Faces/RobotoBold.ufont" 1109
"../../../Engine/Content/EngineFonts/Faces/RobotoBold.uexp" 1110
"../../../Engine/Content/EngineFonts/Faces/RobotoRegular.uasset" 1111
"../../../Engine/Content/EngineFonts/Faces/RobotoRegular.ufont" 1112
"../../../Engine/Content/EngineFonts/Faces/RobotoRegular.uexp" 1113
"../../../Engine/Content/EngineFonts/Faces/DroidSansFallback.uasset" 1114
"../../../Engine/Content/EngineFonts/Faces/DroidSansFallback.ufont" 1115
"../../../Engine/Content/EngineFonts/Faces/DroidSansFallback.uexp" 1116
"../../../Engine/Content/EngineFonts/Faces/RobotoItalic.uasset" 1117
"../../../Engine/Content/EngineFonts/Faces/RobotoItalic.ufont" 1118
"../../../Engine/Content/EngineFonts/Faces/RobotoItalic.uexp" 1119
"../../../Engine/Content/EngineFonts/Faces/RobotoBoldItalic.uasset" 1120
"../../../Engine/Content/EngineFonts/Faces/RobotoBoldItalic.ufont" 1121
"../../../Engine/Content/EngineFonts/Faces/RobotoBoldItalic.uexp" 1122
"../../../Engine/Content/EngineFonts/Roboto.uasset" 1123
"../../../Engine/Content/EngineFonts/Roboto.uexp" 1124
"../../../Engine/Content/EngineDebugMaterials/DebugMeshMaterial.uasset" 1125
"../../../Engine/Content/EngineDebugMaterials/DebugMeshMaterial.uexp" 1126
"../../../Engine/Content/EngineDebugMaterials/DebugEditorMaterial.uasset" 1127
"../../../Engine/Content/EngineDebugMaterials/DebugEditorMaterial.uexp" 1128
"../../../Engine/Content/EngineDebugMaterials/BlackUnlitMaterial.uasset" 1129
"../../../Engine/Content/EngineDebugMaterials/BlackUnlitMaterial.uexp" 1130
"../../../Engine/Content/EngineDamageTypes/DmgTypeBP_Environmental.uasset" 1131
"../../../Engine/Content/EngineDamageTypes/DmgTypeBP_Environmental.uexp" 1132
"../../../Engine/Content/EditorResources/S_Terrain.uasset" 1133
"../../../Engine/Content/EditorResources/S_Terrain.ubulk" 1134
"../../../Engine/Content/EditorResources/S_Terrain.uexp" 1135
"../../../Engine/Content/EditorResources/EmptyActor.uasset" 1136
"../../../Engine/Content/EditorResources/EmptyActor.uexp" 1137
"../../../Engine/Content/EditorResources/BSPVertex.uasset" 1138
"../../../Engine/Content/EditorResources/BSPVertex.uexp" 1139
"../../../Engine/Content/EditorMaterials/PreviewShadowIndicator.uasset" 1140
"../../../Engine/Content/EditorMaterials/PreviewShadowIndicator.ubulk" 1141
"../../../Engine/Content/EditorMaterials/PreviewShadowIndicator.uexp" 1142
"../../../Engine/Content/EditorMaterials/PreviewShadowIndicatorMaterial.uasset" 1143
"../../../Engine/Content/EditorMaterials/PreviewShadowIndicatorMaterial.uexp" 1144
"../../../Engine/Content/EditorMaterials/PhAT_UnselectedMaterial.uasset" 1145
"../../../Engine/Content/EditorMaterials/PhAT_UnselectedMaterial.uexp" 1146
"../../../Engine/Content/EditorMaterials/PhAT_NoCollisionMaterial.uasset" 1147
"../../../Engine/Content/EditorMaterials/PhAT_NoCollisionMaterial.uexp" 1148
"../../../Engine/Content/EditorLandscapeResources/DefaultAlphaTexture.uasset" 1149
"../../../Engine/Content/EditorLandscapeResources/DefaultAlphaTexture.uexp" 1150
"../../../Engine/Content/EditorLandscapeResources/DataLayer.uasset" 1151
"../../../Engine/Content/EditorLandscapeResources/DataLayer.uexp" 1152
"../../../Engine/Content/BasicShapes/Cube.uasset" 1153
"../../../Engine/Content/BasicShapes/Cube.ubulk" 1154
"../../../Engine/Content/BasicShapes/Cube.uexp" 1155
"../../../Engine/Content/BasicShapes/Cone.uasset" 1156
"../../../Engine/Content/BasicShapes/Cone.ubulk" 1157
"../../../Engine/Content/BasicShapes/Cone.uexp" 1158
"../../../Engine/Content/EngineSky/VolumetricClouds/CloudWeatherTexture.uasset" 1159
"../../../Engine/Content/EngineSky/VolumetricClouds/CloudWeatherTexture.uexp" 1160
"../../../Engine/Content/Functions/Engine_MaterialFunctions02/Utility/MakeFloat2.uasset" 1161
"../../../Engine/Content/Functions/Engine_MaterialFunctions02/Utility/MakeFloat2.uexp" 1162
"../../../Engine/Content/EngineSky/VolumetricClouds/CloudGradientTexture.uasset" 1163
"../../../Engine/Content/EngineSky/VolumetricClouds/CloudGradientTexture.uexp" 1164
"../../../Engine/Content/EngineSky/VolumetricClouds/T_NoiseShape64.uasset" 1165
"../../../Engine/Content/EngineSky/VolumetricClouds/T_NoiseShape64.ubulk" 1166
"../../../Engine/Content/EngineSky/VolumetricClouds/T_NoiseShape64.uexp" 1167
"../../../Engine/Content/EngineSky/VolumetricClouds/T_VolumeNoiseShape64.uasset" 1168
"../../../Engine/Content/EngineSky/VolumetricClouds/T_VolumeNoiseShape64.uexp" 1169
"../../../Engine/Content/EngineSky/VolumetricClouds/T_NoiseErosion.uasset" 1170
"../../../Engine/Content/EngineSky/VolumetricClouds/T_NoiseErosion.ubulk" 1171
"../../../Engine/Content/EngineSky/VolumetricClouds/T_NoiseErosion.uexp" 1172
"../../../Engine/Content/EngineSky/VolumetricClouds/T_VolumeNoiseErosion32.uasset" 1173
"../../../Engine/Content/EngineSky/VolumetricClouds/T_VolumeNoiseErosion32.uexp" 1174
"../../../Engine/Content/EngineSky/VolumetricClouds/m_SimpleVolumetricCloud.uasset" 1175
"../../../Engine/Content/EngineSky/VolumetricClouds/m_SimpleVolumetricCloud.uexp" 1176
"../../../Engine/Content/EngineSky/VolumetricClouds/m_SimpleVolumetricCloud_Inst.uasset" 1177
"../../../Engine/Content/EngineSky/VolumetricClouds/m_SimpleVolumetricCloud_Inst.uexp" 1178
"../../../Engine/Content/EngineResources/FilmGrains/Marcie_Grain_v3_128_M2_000.uasset" 1179
"../../../Engine/Content/EngineResources/FilmGrains/Marcie_Grain_v3_128_M2_000.uexp" 1180
"F:/Pro/FPSRogueLikePrj/FPSRogueLike/Content/MilitaryWeapSilver/FX/Materials/M_Tracer_A.uasset" 1181
"F:/Pro/FPSRogueLikePrj/FPSRogueLike/Content/MilitaryWeapSilver/FX/Materials/M_Tracer_A.uexp" 1182
"F:/Pro/FPSRogueLikePrj/FPSRogueLike/Content/MilitaryWeapSilver/FX/Meshes/St_Tracer_A.uasset" 1183
"F:/Pro/FPSRogueLikePrj/FPSRogueLike/Content/MilitaryWeapSilver/FX/Meshes/St_Tracer_A.ubulk" 1184
"F:/Pro/FPSRogueLikePrj/FPSRogueLike/Content/MilitaryWeapSilver/FX/Meshes/St_Tracer_A.uexp" 1185
"F:/Pro/FPSRogueLikePrj/FPSRogueLike/Content/MilitaryWeapSilver/FX/P_SniperRifle_Tracer_01.uasset" 1186
"F:/Pro/FPSRogueLikePrj/FPSRogueLike/Content/MilitaryWeapSilver/FX/P_SniperRifle_Tracer_01.uexp" 1187
"F:/Pro/FPSRogueLikePrj/FPSRogueLike/Content/MilitaryWeapSilver/FX/Textures/T_Pistol_MuzzleFlashes_4x1_B.uasset" 1188
"F:/Pro/FPSRogueLikePrj/FPSRogueLike/Content/MilitaryWeapSilver/FX/Textures/T_Pistol_MuzzleFlashes_4x1_B.ubulk" 1189
"F:/Pro/FPSRogueLikePrj/FPSRogueLike/Content/MilitaryWeapSilver/FX/Textures/T_Pistol_MuzzleFlashes_4x1_B.uexp" 1190
"F:/Pro/FPSRogueLikePrj/FPSRogueLike/Content/MilitaryWeapSilver/FX/Materials/M_Pistol_MuzzleFlash_4x1_A.uasset" 1191
"F:/Pro/FPSRogueLikePrj/FPSRogueLike/Content/MilitaryWeapSilver/FX/Materials/M_Pistol_MuzzleFlash_4x1_A.uexp" 1192
"F:/Pro/FPSRogueLikePrj/FPSRogueLike/Content/MilitaryWeapSilver/FX/P_SniperRifle_MuzzleFlash_01.uasset" 1193
"F:/Pro/FPSRogueLikePrj/FPSRogueLike/Content/MilitaryWeapSilver/FX/P_SniperRifle_MuzzleFlash_01.uexp" 1194
"F:/Pro/FPSRogueLikePrj/FPSRogueLike/Content/MilitaryWeapSilver/FX/P_Shotgun_Tracer_01.uasset" 1195
"F:/Pro/FPSRogueLikePrj/FPSRogueLike/Content/MilitaryWeapSilver/FX/P_Shotgun_Tracer_01.uexp" 1196
"F:/Pro/FPSRogueLikePrj/FPSRogueLike/Content/MilitaryWeapSilver/FX/Textures/T_Explosion_8x8_Density_01.uasset" 1197
"F:/Pro/FPSRogueLikePrj/FPSRogueLike/Content/MilitaryWeapSilver/FX/Textures/T_Explosion_8x8_Density_01.ubulk" 1198
"F:/Pro/FPSRogueLikePrj/FPSRogueLike/Content/MilitaryWeapSilver/FX/Textures/T_Explosion_8x8_Density_01.uexp" 1199
"F:/Pro/FPSRogueLikePrj/FPSRogueLike/Content/MilitaryWeapSilver/FX/Textures/T_Explosion_Macro_01.uasset" 1200
"F:/Pro/FPSRogueLikePrj/FPSRogueLike/Content/MilitaryWeapSilver/FX/Textures/T_Explosion_Macro_01.ubulk" 1201
"F:/Pro/FPSRogueLikePrj/FPSRogueLike/Content/MilitaryWeapSilver/FX/Textures/T_Explosion_Macro_01.uexp" 1202
"F:/Pro/FPSRogueLikePrj/FPSRogueLike/Content/MilitaryWeapSilver/FX/Textures/T_Explosion_8x8_Temperature_01.uasset" 1203
"F:/Pro/FPSRogueLikePrj/FPSRogueLike/Content/MilitaryWeapSilver/FX/Textures/T_Explosion_8x8_Temperature_01.ubulk" 1204
"F:/Pro/FPSRogueLikePrj/FPSRogueLike/Content/MilitaryWeapSilver/FX/Textures/T_Explosion_8x8_Temperature_01.uexp" 1205
"F:/Pro/FPSRogueLikePrj/FPSRogueLike/Content/MilitaryWeapSilver/FX/Textures/T_Explosion_8x8_Erode_01.uasset" 1206
"F:/Pro/FPSRogueLikePrj/FPSRogueLike/Content/MilitaryWeapSilver/FX/Textures/T_Explosion_8x8_Erode_01.ubulk" 1207
"F:/Pro/FPSRogueLikePrj/FPSRogueLike/Content/MilitaryWeapSilver/FX/Textures/T_Explosion_8x8_Erode_01.uexp" 1208
"F:/Pro/FPSRogueLikePrj/FPSRogueLike/Content/MilitaryWeapSilver/FX/Materials/M_Explosion_8x8_A_01.uasset" 1209
"F:/Pro/FPSRogueLikePrj/FPSRogueLike/Content/MilitaryWeapSilver/FX/Materials/M_Explosion_8x8_A_01.uexp" 1210
"F:/Pro/FPSRogueLikePrj/FPSRogueLike/Content/MilitaryWeapSilver/FX/Materials/M_RocketLauncher_Trail_01_Inst.uasset" 1211
"F:/Pro/FPSRogueLikePrj/FPSRogueLike/Content/MilitaryWeapSilver/FX/Materials/M_RocketLauncher_Trail_01_Inst.uexp" 1212
"F:/Pro/FPSRogueLikePrj/FPSRogueLike/Content/MilitaryWeapSilver/FX/Textures/T_Pistol_Streaks_01.uasset" 1213
"F:/Pro/FPSRogueLikePrj/FPSRogueLike/Content/MilitaryWeapSilver/FX/Textures/T_Pistol_Streaks_01.ubulk" 1214
"F:/Pro/FPSRogueLikePrj/FPSRogueLike/Content/MilitaryWeapSilver/FX/Textures/T_Pistol_Streaks_01.uexp" 1215
"F:/Pro/FPSRogueLikePrj/FPSRogueLike/Content/MilitaryWeapSilver/FX/Materials/M_Pistol_Streaks_01.uasset" 1216
"F:/Pro/FPSRogueLikePrj/FPSRogueLike/Content/MilitaryWeapSilver/FX/Materials/M_Pistol_Streaks_01.uexp" 1217
"F:/Pro/FPSRogueLikePrj/FPSRogueLike/Content/MilitaryWeapSilver/FX/P_RocketLauncher_Trail_01.uasset" 1218
"F:/Pro/FPSRogueLikePrj/FPSRogueLike/Content/MilitaryWeapSilver/FX/P_RocketLauncher_Trail_01.uexp" 1219
"F:/Pro/FPSRogueLikePrj/FPSRogueLike/Content/MilitaryWeapSilver/FX/Materials/M_Smoke_8x8_B_01_Inst.uasset" 1220
"F:/Pro/FPSRogueLikePrj/FPSRogueLike/Content/MilitaryWeapSilver/FX/Materials/M_Smoke_8x8_B_01_Inst.uexp" 1221
"F:/Pro/FPSRogueLikePrj/FPSRogueLike/Content/MilitaryWeapSilver/FX/Materials/M_RocketExplosion_8x8_A_01_Inst.uasset" 1222
"F:/Pro/FPSRogueLikePrj/FPSRogueLike/Content/MilitaryWeapSilver/FX/Materials/M_RocketExplosion_8x8_A_01_Inst.uexp" 1223
"F:/Pro/FPSRogueLikePrj/FPSRogueLike/Content/MilitaryWeapSilver/FX/Textures/T_SmokeRibbon_01.uasset" 1224
"F:/Pro/FPSRogueLikePrj/FPSRogueLike/Content/MilitaryWeapSilver/FX/Textures/T_SmokeRibbon_01.ubulk" 1225
"F:/Pro/FPSRogueLikePrj/FPSRogueLike/Content/MilitaryWeapSilver/FX/Textures/T_SmokeRibbon_01.uexp" 1226
"F:/Pro/FPSRogueLikePrj/FPSRogueLike/Content/MilitaryWeapSilver/FX/Materials/M_SmokeRibbon_01.uasset" 1227
"F:/Pro/FPSRogueLikePrj/FPSRogueLike/Content/MilitaryWeapSilver/FX/Materials/M_SmokeRibbon_01.uexp" 1228
"F:/Pro/FPSRogueLikePrj/FPSRogueLike/Content/MilitaryWeapSilver/FX/Textures/T_Ember_01.uasset" 1229
"F:/Pro/FPSRogueLikePrj/FPSRogueLike/Content/MilitaryWeapSilver/FX/Textures/T_Ember_01.ubulk" 1230
"F:/Pro/FPSRogueLikePrj/FPSRogueLike/Content/MilitaryWeapSilver/FX/Textures/T_Ember_01.uexp" 1231
"F:/Pro/FPSRogueLikePrj/FPSRogueLike/Content/MilitaryWeapSilver/FX/Materials/M_Ember_Speed_01.uasset" 1232
"F:/Pro/FPSRogueLikePrj/FPSRogueLike/Content/MilitaryWeapSilver/FX/Materials/M_Ember_Speed_01.uexp" 1233
"F:/Pro/FPSRogueLikePrj/FPSRogueLike/Content/MilitaryWeapSilver/FX/Textures/T_Sparks_02.uasset" 1234
"F:/Pro/FPSRogueLikePrj/FPSRogueLike/Content/MilitaryWeapSilver/FX/Textures/T_Sparks_02.ubulk" 1235
"F:/Pro/FPSRogueLikePrj/FPSRogueLike/Content/MilitaryWeapSilver/FX/Textures/T_Sparks_02.uexp" 1236
"F:/Pro/FPSRogueLikePrj/FPSRogueLike/Content/MilitaryWeapSilver/FX/Materials/M_Sparks_02.uasset" 1237
"F:/Pro/FPSRogueLikePrj/FPSRogueLike/Content/MilitaryWeapSilver/FX/Materials/M_Sparks_02.uexp" 1238
"F:/Pro/FPSRogueLikePrj/FPSRogueLike/Content/MilitaryWeapSilver/FX/Textures/T_LightRay_01.uasset" 1239
"F:/Pro/FPSRogueLikePrj/FPSRogueLike/Content/MilitaryWeapSilver/FX/Textures/T_LightRay_01.ubulk" 1240
"F:/Pro/FPSRogueLikePrj/FPSRogueLike/Content/MilitaryWeapSilver/FX/Textures/T_LightRay_01.uexp" 1241
"F:/Pro/FPSRogueLikePrj/FPSRogueLike/Content/MilitaryWeapSilver/FX/Materials/M_LightRay_01.uasset" 1242
"F:/Pro/FPSRogueLikePrj/FPSRogueLike/Content/MilitaryWeapSilver/FX/Materials/M_LightRay_01.uexp" 1243
"F:/Pro/FPSRogueLikePrj/FPSRogueLike/Content/MilitaryWeapSilver/FX/Textures/T_Shockwave_NormalMap_01.uasset" 1244
"F:/Pro/FPSRogueLikePrj/FPSRogueLike/Content/MilitaryWeapSilver/FX/Textures/T_Shockwave_NormalMap_01.ubulk" 1245
"F:/Pro/FPSRogueLikePrj/FPSRogueLike/Content/MilitaryWeapSilver/FX/Textures/T_Shockwave_NormalMap_01.uexp" 1246
"F:/Pro/FPSRogueLikePrj/FPSRogueLike/Content/MilitaryWeapSilver/FX/Materials/M_Shockwave_Refraction_01.uasset" 1247
"F:/Pro/FPSRogueLikePrj/FPSRogueLike/Content/MilitaryWeapSilver/FX/Materials/M_Shockwave_Refraction_01.uexp" 1248
"F:/Pro/FPSRogueLikePrj/FPSRogueLike/Content/MilitaryWeapSilver/FX/P_RocketLauncher_Explosion_01.uasset" 1249
"F:/Pro/FPSRogueLikePrj/FPSRogueLike/Content/MilitaryWeapSilver/FX/P_RocketLauncher_Explosion_01.uexp" 1250
"F:/Pro/FPSRogueLikePrj/FPSRogueLike/Content/MilitaryWeapSilver/FX/P_Pistol_Tracer_01.uasset" 1251
"F:/Pro/FPSRogueLikePrj/FPSRogueLike/Content/MilitaryWeapSilver/FX/P_Pistol_Tracer_01.uexp" 1252
"F:/Pro/FPSRogueLikePrj/FPSRogueLike/Content/MilitaryWeapSilver/FX/Textures/T_Knife_RibbonTrail_Refraction_01.uasset" 1253
"F:/Pro/FPSRogueLikePrj/FPSRogueLike/Content/MilitaryWeapSilver/FX/Textures/T_Knife_RibbonTrail_Refraction_01.ubulk" 1254
"F:/Pro/FPSRogueLikePrj/FPSRogueLike/Content/MilitaryWeapSilver/FX/Textures/T_Knife_RibbonTrail_Refraction_01.uexp" 1255
"F:/Pro/FPSRogueLikePrj/FPSRogueLike/Content/MilitaryWeapSilver/FX/Textures/T_Knife_RibbonTrail_01.uasset" 1256
"F:/Pro/FPSRogueLikePrj/FPSRogueLike/Content/MilitaryWeapSilver/FX/Textures/T_Knife_RibbonTrail_01.ubulk" 1257
"F:/Pro/FPSRogueLikePrj/FPSRogueLike/Content/MilitaryWeapSilver/FX/Textures/T_Knife_RibbonTrail_01.uexp" 1258
"F:/Pro/FPSRogueLikePrj/FPSRogueLike/Content/MilitaryWeapSilver/FX/Textures/T_NormalNoise_01.uasset" 1259
"F:/Pro/FPSRogueLikePrj/FPSRogueLike/Content/MilitaryWeapSilver/FX/Textures/T_NormalNoise_01.ubulk" 1260
"F:/Pro/FPSRogueLikePrj/FPSRogueLike/Content/MilitaryWeapSilver/FX/Textures/T_NormalNoise_01.uexp" 1261
"F:/Pro/FPSRogueLikePrj/FPSRogueLike/Content/MilitaryWeapSilver/FX/Materials/M_Knife_RibbonTrail_01.uasset" 1262
"F:/Pro/FPSRogueLikePrj/FPSRogueLike/Content/MilitaryWeapSilver/FX/Materials/M_Knife_RibbonTrail_01.uexp" 1263
"F:/Pro/FPSRogueLikePrj/FPSRogueLike/Content/MilitaryWeapSilver/FX/P_Knife_RibbonTrail_01.uasset" 1264
"F:/Pro/FPSRogueLikePrj/FPSRogueLike/Content/MilitaryWeapSilver/FX/P_Knife_RibbonTrail_01.uexp" 1265
"F:/Pro/FPSRogueLikePrj/FPSRogueLike/Content/MilitaryWeapSilver/FX/Textures/T_WoodChips_8x1_01.uasset" 1266
"F:/Pro/FPSRogueLikePrj/FPSRogueLike/Content/MilitaryWeapSilver/FX/Textures/T_WoodChips_8x1_01.ubulk" 1267
"F:/Pro/FPSRogueLikePrj/FPSRogueLike/Content/MilitaryWeapSilver/FX/Textures/T_WoodChips_8x1_01.uexp" 1268
"F:/Pro/FPSRogueLikePrj/FPSRogueLike/Content/MilitaryWeapSilver/FX/Textures/T_WoodChips_8x1_Normal_01.uasset" 1269
"F:/Pro/FPSRogueLikePrj/FPSRogueLike/Content/MilitaryWeapSilver/FX/Textures/T_WoodChips_8x1_Normal_01.ubulk" 1270
"F:/Pro/FPSRogueLikePrj/FPSRogueLike/Content/MilitaryWeapSilver/FX/Textures/T_WoodChips_8x1_Normal_01.uexp" 1271
"F:/Pro/FPSRogueLikePrj/FPSRogueLike/Content/MilitaryWeapSilver/FX/Materials/M_Woodchips_8x1_01.uasset" 1272
"F:/Pro/FPSRogueLikePrj/FPSRogueLike/Content/MilitaryWeapSilver/FX/Materials/M_Woodchips_8x1_01.uexp" 1273
"F:/Pro/FPSRogueLikePrj/FPSRogueLike/Content/MilitaryWeapSilver/FX/Textures/T_RockSmall_01.uasset" 1274
"F:/Pro/FPSRogueLikePrj/FPSRogueLike/Content/MilitaryWeapSilver/FX/Textures/T_RockSmall_01.ubulk" 1275
"F:/Pro/FPSRogueLikePrj/FPSRogueLike/Content/MilitaryWeapSilver/FX/Textures/T_RockSmall_01.uexp" 1276
"F:/Pro/FPSRogueLikePrj/FPSRogueLike/Content/MilitaryWeapSilver/FX/Materials/M_RockSmall_01.uasset" 1277
"F:/Pro/FPSRogueLikePrj/FPSRogueLike/Content/MilitaryWeapSilver/FX/Materials/M_RockSmall_01.uexp" 1278
"F:/Pro/FPSRogueLikePrj/FPSRogueLike/Content/MilitaryWeapSilver/FX/P_Impact_Wood_Small_01.uasset" 1279
"F:/Pro/FPSRogueLikePrj/FPSRogueLike/Content/MilitaryWeapSilver/FX/P_Impact_Wood_Small_01.uexp" 1280
"F:/Pro/FPSRogueLikePrj/FPSRogueLike/Content/MilitaryWeapSilver/FX/P_Impact_Wood_Medium_01.uasset" 1281
"F:/Pro/FPSRogueLikePrj/FPSRogueLike/Content/MilitaryWeapSilver/FX/P_Impact_Wood_Medium_01.uexp" 1282
"F:/Pro/FPSRogueLikePrj/FPSRogueLike/Content/MilitaryWeapSilver/FX/P_Impact_Wood_Large_01.uasset" 1283
"F:/Pro/FPSRogueLikePrj/FPSRogueLike/Content/MilitaryWeapSilver/FX/P_Impact_Wood_Large_01.uexp" 1284
"F:/Pro/FPSRogueLikePrj/FPSRogueLike/Content/MilitaryWeapSilver/FX/P_Impact_Stone_Small_01.uasset" 1285
"F:/Pro/FPSRogueLikePrj/FPSRogueLike/Content/MilitaryWeapSilver/FX/P_Impact_Stone_Small_01.uexp" 1286
"F:/Pro/FPSRogueLikePrj/FPSRogueLike/Content/MilitaryWeapSilver/FX/Textures/T_Rock_Normal_01.uasset" 1287
"F:/Pro/FPSRogueLikePrj/FPSRogueLike/Content/MilitaryWeapSilver/FX/Textures/T_Rock_Normal_01.ubulk" 1288
"F:/Pro/FPSRogueLikePrj/FPSRogueLike/Content/MilitaryWeapSilver/FX/Textures/T_Rock_Normal_01.uexp" 1289
"F:/Pro/FPSRogueLikePrj/FPSRogueLike/Content/MilitaryWeapSilver/FX/Materials/M_RockMesh_01.uasset" 1290
"F:/Pro/FPSRogueLikePrj/FPSRogueLike/Content/MilitaryWeapSilver/FX/Materials/M_RockMesh_01.uexp" 1291
"F:/Pro/FPSRogueLikePrj/FPSRogueLike/Content/MilitaryWeapSilver/FX/Meshes/St_Rock_01.uasset" 1292
"F:/Pro/FPSRogueLikePrj/FPSRogueLike/Content/MilitaryWeapSilver/FX/Meshes/St_Rock_01.ubulk" 1293
"F:/Pro/FPSRogueLikePrj/FPSRogueLike/Content/MilitaryWeapSilver/FX/Meshes/St_Rock_01.uexp" 1294
"F:/Pro/FPSRogueLikePrj/FPSRogueLike/Content/MilitaryWeapSilver/FX/P_Impact_Stone_Medium_01.uasset" 1295
"F:/Pro/FPSRogueLikePrj/FPSRogueLike/Content/MilitaryWeapSilver/FX/P_Impact_Stone_Medium_01.uexp" 1296
"F:/Pro/FPSRogueLikePrj/FPSRogueLike/Content/MilitaryWeapSilver/FX/P_Impact_Stone_Large_01.uasset" 1297
"F:/Pro/FPSRogueLikePrj/FPSRogueLike/Content/MilitaryWeapSilver/FX/P_Impact_Stone_Large_01.uexp" 1298
"F:/Pro/FPSRogueLikePrj/FPSRogueLike/Content/MilitaryWeapSilver/FX/Textures/T_SparkImpacts_2x2_01.uasset" 1299
"F:/Pro/FPSRogueLikePrj/FPSRogueLike/Content/MilitaryWeapSilver/FX/Textures/T_SparkImpacts_2x2_01.ubulk" 1300
"F:/Pro/FPSRogueLikePrj/FPSRogueLike/Content/MilitaryWeapSilver/FX/Textures/T_SparkImpacts_2x2_01.uexp" 1301
"F:/Pro/FPSRogueLikePrj/FPSRogueLike/Content/MilitaryWeapSilver/FX/Materials/M_SparksImpact_2x2_01.uasset" 1302
"F:/Pro/FPSRogueLikePrj/FPSRogueLike/Content/MilitaryWeapSilver/FX/Materials/M_SparksImpact_2x2_01.uexp" 1303
"F:/Pro/FPSRogueLikePrj/FPSRogueLike/Content/MilitaryWeapSilver/FX/P_Impact_Metal_Small_01.uasset" 1304
"F:/Pro/FPSRogueLikePrj/FPSRogueLike/Content/MilitaryWeapSilver/FX/P_Impact_Metal_Small_01.uexp" 1305
"F:/Pro/FPSRogueLikePrj/FPSRogueLike/Content/MilitaryWeapSilver/FX/P_Impact_Metal_Medium_01.uasset" 1306
"F:/Pro/FPSRogueLikePrj/FPSRogueLike/Content/MilitaryWeapSilver/FX/P_Impact_Metal_Medium_01.uexp" 1307
"F:/Pro/FPSRogueLikePrj/FPSRogueLike/Content/MilitaryWeapSilver/FX/Vector_Fields/VF_Turbulence_01.uasset" 1308
"F:/Pro/FPSRogueLikePrj/FPSRogueLike/Content/MilitaryWeapSilver/FX/Vector_Fields/VF_Turbulence_01.uexp" 1309
"F:/Pro/FPSRogueLikePrj/FPSRogueLike/Content/MilitaryWeapSilver/FX/P_Impact_Metal_Large_01.uasset" 1310
"F:/Pro/FPSRogueLikePrj/FPSRogueLike/Content/MilitaryWeapSilver/FX/P_Impact_Metal_Large_01.uexp" 1311
"F:/Pro/FPSRogueLikePrj/FPSRogueLike/Content/MilitaryWeapSilver/FX/P_Grenade_Trail_01.uasset" 1312
"F:/Pro/FPSRogueLikePrj/FPSRogueLike/Content/MilitaryWeapSilver/FX/P_Grenade_Trail_01.uexp" 1313
"F:/Pro/FPSRogueLikePrj/FPSRogueLike/Content/MilitaryWeapSilver/FX/Textures/T_Debris_Tileable_01.uasset" 1314
"F:/Pro/FPSRogueLikePrj/FPSRogueLike/Content/MilitaryWeapSilver/FX/Textures/T_Debris_Tileable_01.ubulk" 1315
"F:/Pro/FPSRogueLikePrj/FPSRogueLike/Content/MilitaryWeapSilver/FX/Textures/T_Debris_Tileable_01.uexp" 1316
"F:/Pro/FPSRogueLikePrj/FPSRogueLike/Content/MilitaryWeapSilver/FX/Materials/M_Debris_Tileable_01.uasset" 1317
"F:/Pro/FPSRogueLikePrj/FPSRogueLike/Content/MilitaryWeapSilver/FX/Materials/M_Debris_Tileable_01.uexp" 1318
"F:/Pro/FPSRogueLikePrj/FPSRogueLike/Content/MilitaryWeapSilver/FX/P_Grenade_Explosion_01.uasset" 1319
"F:/Pro/FPSRogueLikePrj/FPSRogueLike/Content/MilitaryWeapSilver/FX/P_Grenade_Explosion_01.uexp" 1320
"F:/Pro/FPSRogueLikePrj/FPSRogueLike/Content/MilitaryWeapSilver/FX/P_AssaultRifle_Tracer_01.uasset" 1321
"F:/Pro/FPSRogueLikePrj/FPSRogueLike/Content/MilitaryWeapSilver/FX/P_AssaultRifle_Tracer_01.uexp" 1322
"F:/Pro/FPSRogueLikePrj/FPSRogueLike/Content/LevelPrototyping/Textures/T_GridChecker_A.uasset" 1323
"F:/Pro/FPSRogueLikePrj/FPSRogueLike/Content/LevelPrototyping/Textures/T_GridChecker_A.ubulk" 1324
"F:/Pro/FPSRogueLikePrj/FPSRogueLike/Content/LevelPrototyping/Textures/T_GridChecker_A.uexp" 1325
"../../../Engine/Content/Functions/Engine_MaterialFunctions02/Utility/MakeFloat3.uasset" 1326
"../../../Engine/Content/Functions/Engine_MaterialFunctions02/Utility/MakeFloat3.uexp" 1327
"../../../Engine/Content/Functions/Engine_MaterialFunctions01/Gradient/LinearGradient.uasset" 1328
"../../../Engine/Content/Functions/Engine_MaterialFunctions01/Gradient/LinearGradient.uexp" 1329
"../../../Engine/Content/Functions/Engine_MaterialFunctions01/ImageAdjustment/CheapContrast.uasset" 1330
"../../../Engine/Content/Functions/Engine_MaterialFunctions01/ImageAdjustment/CheapContrast.uexp" 1331
"F:/Pro/FPSRogueLikePrj/FPSRogueLike/Content/LevelPrototyping/Materials/MF_ProcGrid.uasset" 1332
"F:/Pro/FPSRogueLikePrj/FPSRogueLike/Content/LevelPrototyping/Materials/MF_ProcGrid.uexp" 1333
"F:/Pro/FPSRogueLikePrj/FPSRogueLike/Content/LevelPrototyping/Materials/M_PrototypeGrid.uasset" 1334
"F:/Pro/FPSRogueLikePrj/FPSRogueLike/Content/LevelPrototyping/Materials/M_PrototypeGrid.uexp" 1335
"F:/Pro/FPSRogueLikePrj/FPSRogueLike/Content/LevelPrototyping/Materials/MI_PrototypeGrid_Gray.uasset" 1336
"F:/Pro/FPSRogueLikePrj/FPSRogueLike/Content/LevelPrototyping/Materials/MI_PrototypeGrid_Gray.uexp" 1337
"F:/Pro/FPSRogueLikePrj/FPSRogueLike/Content/LevelPrototyping/Meshes/SM_Ramp.uasset" 1338
"F:/Pro/FPSRogueLikePrj/FPSRogueLike/Content/LevelPrototyping/Meshes/SM_Ramp.ubulk" 1339
"F:/Pro/FPSRogueLikePrj/FPSRogueLike/Content/LevelPrototyping/Meshes/SM_Ramp.uexp" 1340
"F:/Pro/FPSRogueLikePrj/FPSRogueLike/Content/LevelPrototyping/Meshes/SM_QuarterCylinder.uasset" 1341
"F:/Pro/FPSRogueLikePrj/FPSRogueLike/Content/LevelPrototyping/Meshes/SM_QuarterCylinder.ubulk" 1342
"F:/Pro/FPSRogueLikePrj/FPSRogueLike/Content/LevelPrototyping/Meshes/SM_QuarterCylinder.uexp" 1343
"F:/Pro/FPSRogueLikePrj/FPSRogueLike/Content/LevelPrototyping/Meshes/SM_Cylinder.uasset" 1344
"F:/Pro/FPSRogueLikePrj/FPSRogueLike/Content/LevelPrototyping/Meshes/SM_Cylinder.ubulk" 1345
"F:/Pro/FPSRogueLikePrj/FPSRogueLike/Content/LevelPrototyping/Meshes/SM_Cylinder.uexp" 1346
"F:/Pro/FPSRogueLikePrj/FPSRogueLike/Content/LevelPrototyping/Meshes/SM_Cube.uasset" 1347
"F:/Pro/FPSRogueLikePrj/FPSRogueLike/Content/LevelPrototyping/Meshes/SM_Cube.ubulk" 1348
"F:/Pro/FPSRogueLikePrj/FPSRogueLike/Content/LevelPrototyping/Meshes/SM_Cube.uexp" 1349
"F:/Pro/FPSRogueLikePrj/FPSRogueLike/Content/StarterContent/Audio/Steam01.uasset" 1350
"F:/Pro/FPSRogueLikePrj/FPSRogueLike/Content/StarterContent/Audio/Steam01.ubulk" 1351
"F:/Pro/FPSRogueLikePrj/FPSRogueLike/Content/StarterContent/Audio/Steam01.uexp" 1352
"F:/Pro/FPSRogueLikePrj/FPSRogueLike/Content/StarterContent/Audio/Starter_Wind06.uasset" 1353
"F:/Pro/FPSRogueLikePrj/FPSRogueLike/Content/StarterContent/Audio/Starter_Wind06.ubulk" 1354
"F:/Pro/FPSRogueLikePrj/FPSRogueLike/Content/StarterContent/Audio/Starter_Wind06.uexp" 1355
"F:/Pro/FPSRogueLikePrj/FPSRogueLike/Content/StarterContent/Audio/Starter_Wind05.uasset" 1356
"F:/Pro/FPSRogueLikePrj/FPSRogueLike/Content/StarterContent/Audio/Starter_Wind05.ubulk" 1357
"F:/Pro/FPSRogueLikePrj/FPSRogueLike/Content/StarterContent/Audio/Starter_Wind05.uexp" 1358
"F:/Pro/FPSRogueLikePrj/FPSRogueLike/Content/StarterContent/Audio/Starter_Music_Cue.uasset" 1359
"F:/Pro/FPSRogueLikePrj/FPSRogueLike/Content/StarterContent/Audio/Starter_Music_Cue.uexp" 1360
"F:/Pro/FPSRogueLikePrj/FPSRogueLike/Content/StarterContent/Audio/Starter_Music01.uasset" 1361
"F:/Pro/FPSRogueLikePrj/FPSRogueLike/Content/StarterContent/Audio/Starter_Music01.ubulk" 1362
"F:/Pro/FPSRogueLikePrj/FPSRogueLike/Content/StarterContent/Audio/Starter_Music01.uexp" 1363
"F:/Pro/FPSRogueLikePrj/FPSRogueLike/Content/StarterContent/Audio/Starter_Birds01.uasset" 1364
"F:/Pro/FPSRogueLikePrj/FPSRogueLike/Content/StarterContent/Audio/Starter_Birds01.ubulk" 1365
"F:/Pro/FPSRogueLikePrj/FPSRogueLike/Content/StarterContent/Audio/Starter_Birds01.uexp" 1366
"F:/Pro/FPSRogueLikePrj/FPSRogueLike/Content/StarterContent/Audio/Starter_Background_Cue.uasset" 1367
"F:/Pro/FPSRogueLikePrj/FPSRogueLike/Content/StarterContent/Audio/Starter_Background_Cue.uexp" 1368
"F:/Pro/FPSRogueLikePrj/FPSRogueLike/Content/StarterContent/Audio/Smoke01.uasset" 1369
"F:/Pro/FPSRogueLikePrj/FPSRogueLike/Content/StarterContent/Audio/Smoke01.ubulk" 1370
"F:/Pro/FPSRogueLikePrj/FPSRogueLike/Content/StarterContent/Audio/Smoke01.uexp" 1371
"F:/Pro/FPSRogueLikePrj/FPSRogueLike/Content/StarterContent/Audio/Light02_Cue.uasset" 1372
"F:/Pro/FPSRogueLikePrj/FPSRogueLike/Content/StarterContent/Audio/Light02_Cue.uexp" 1373
"F:/Pro/FPSRogueLikePrj/FPSRogueLike/Content/StarterContent/Audio/Light02.uasset" 1374
"F:/Pro/FPSRogueLikePrj/FPSRogueLike/Content/StarterContent/Audio/Light02.ubulk" 1375
"F:/Pro/FPSRogueLikePrj/FPSRogueLike/Content/StarterContent/Audio/Light02.uexp" 1376
"F:/Pro/FPSRogueLikePrj/FPSRogueLike/Content/StarterContent/Audio/Light01_Cue.uasset" 1377
"F:/Pro/FPSRogueLikePrj/FPSRogueLike/Content/StarterContent/Audio/Light01_Cue.uexp" 1378
"F:/Pro/FPSRogueLikePrj/FPSRogueLike/Content/StarterContent/Audio/Light01.uasset" 1379
"F:/Pro/FPSRogueLikePrj/FPSRogueLike/Content/StarterContent/Audio/Light01.ubulk" 1380
"F:/Pro/FPSRogueLikePrj/FPSRogueLike/Content/StarterContent/Audio/Light01.uexp" 1381
"F:/Pro/FPSRogueLikePrj/FPSRogueLike/Content/StarterContent/Audio/Fire_Sparks01.uasset" 1382
"F:/Pro/FPSRogueLikePrj/FPSRogueLike/Content/StarterContent/Audio/Fire_Sparks01.ubulk" 1383
"F:/Pro/FPSRogueLikePrj/FPSRogueLike/Content/StarterContent/Audio/Fire_Sparks01.uexp" 1384
"F:/Pro/FPSRogueLikePrj/FPSRogueLike/Content/StarterContent/Audio/Fire01.uasset" 1385
"F:/Pro/FPSRogueLikePrj/FPSRogueLike/Content/StarterContent/Audio/Fire01.ubulk" 1386
"F:/Pro/FPSRogueLikePrj/FPSRogueLike/Content/StarterContent/Audio/Fire01.uexp" 1387
"F:/Pro/FPSRogueLikePrj/FPSRogueLike/Content/StarterContent/Audio/Explosion02.uasset" 1388
"F:/Pro/FPSRogueLikePrj/FPSRogueLike/Content/StarterContent/Audio/Explosion02.ubulk" 1389
"F:/Pro/FPSRogueLikePrj/FPSRogueLike/Content/StarterContent/Audio/Explosion02.uexp" 1390
"F:/Pro/FPSRogueLikePrj/FPSRogueLike/Content/StarterContent/Audio/Explosion01.uasset" 1391
"F:/Pro/FPSRogueLikePrj/FPSRogueLike/Content/StarterContent/Audio/Explosion01.ubulk" 1392
"F:/Pro/FPSRogueLikePrj/FPSRogueLike/Content/StarterContent/Audio/Explosion01.uexp" 1393
"F:/Pro/FPSRogueLikePrj/FPSRogueLike/Content/StarterContent/Audio/Collapse_Cue.uasset" 1394
"F:/Pro/FPSRogueLikePrj/FPSRogueLike/Content/StarterContent/Audio/Collapse_Cue.uexp" 1395
"F:/Pro/FPSRogueLikePrj/FPSRogueLike/Content/StarterContent/Audio/Collapse02.uasset" 1396
"F:/Pro/FPSRogueLikePrj/FPSRogueLike/Content/StarterContent/Audio/Collapse02.ubulk" 1397
"F:/Pro/FPSRogueLikePrj/FPSRogueLike/Content/StarterContent/Audio/Collapse02.uexp" 1398
"F:/Pro/FPSRogueLikePrj/FPSRogueLike/Content/StarterContent/Audio/Collapse01.uasset" 1399
"F:/Pro/FPSRogueLikePrj/FPSRogueLike/Content/StarterContent/Audio/Collapse01.ubulk" 1400
"F:/Pro/FPSRogueLikePrj/FPSRogueLike/Content/StarterContent/Audio/Collapse01.uexp" 1401
"F:/Pro/FPSRogueLikePrj/FPSRogueLike/Content/StarterContent/Textures/T_TableRound_N.uasset" 1402
"F:/Pro/FPSRogueLikePrj/FPSRogueLike/Content/StarterContent/Textures/T_TableRound_N.ubulk" 1403
"F:/Pro/FPSRogueLikePrj/FPSRogueLike/Content/StarterContent/Textures/T_TableRound_N.uexp" 1404
"F:/Pro/FPSRogueLikePrj/FPSRogueLike/Content/StarterContent/Textures/T_TableRound_M.uasset" 1405
"F:/Pro/FPSRogueLikePrj/FPSRogueLike/Content/StarterContent/Textures/T_TableRound_M.ubulk" 1406
"F:/Pro/FPSRogueLikePrj/FPSRogueLike/Content/StarterContent/Textures/T_TableRound_M.uexp" 1407
"F:/Pro/FPSRogueLikePrj/FPSRogueLike/Content/StarterContent/Textures/T_Statue_N.uasset" 1408
"F:/Pro/FPSRogueLikePrj/FPSRogueLike/Content/StarterContent/Textures/T_Statue_N.ubulk" 1409
"F:/Pro/FPSRogueLikePrj/FPSRogueLike/Content/StarterContent/Textures/T_Statue_N.uexp" 1410
"F:/Pro/FPSRogueLikePrj/FPSRogueLike/Content/StarterContent/Textures/T_Statue_M.uasset" 1411
"F:/Pro/FPSRogueLikePrj/FPSRogueLike/Content/StarterContent/Textures/T_Statue_M.ubulk" 1412
"F:/Pro/FPSRogueLikePrj/FPSRogueLike/Content/StarterContent/Textures/T_Statue_M.uexp" 1413
"F:/Pro/FPSRogueLikePrj/FPSRogueLike/Content/StarterContent/Textures/T_Shelf_N.uasset" 1414
"F:/Pro/FPSRogueLikePrj/FPSRogueLike/Content/StarterContent/Textures/T_Shelf_N.ubulk" 1415
"F:/Pro/FPSRogueLikePrj/FPSRogueLike/Content/StarterContent/Textures/T_Shelf_N.uexp" 1416
"F:/Pro/FPSRogueLikePrj/FPSRogueLike/Content/StarterContent/Textures/T_Shelf_M.uasset" 1417
"F:/Pro/FPSRogueLikePrj/FPSRogueLike/Content/StarterContent/Textures/T_Shelf_M.ubulk" 1418
"F:/Pro/FPSRogueLikePrj/FPSRogueLike/Content/StarterContent/Textures/T_Shelf_M.uexp" 1419
"F:/Pro/FPSRogueLikePrj/FPSRogueLike/Content/StarterContent/Textures/T_RockMesh_N.uasset" 1420
"F:/Pro/FPSRogueLikePrj/FPSRogueLike/Content/StarterContent/Textures/T_RockMesh_N.ubulk" 1421
"F:/Pro/FPSRogueLikePrj/FPSRogueLike/Content/StarterContent/Textures/T_RockMesh_N.uexp" 1422
"F:/Pro/FPSRogueLikePrj/FPSRogueLike/Content/StarterContent/Textures/T_RockMesh_M.uasset" 1423
"F:/Pro/FPSRogueLikePrj/FPSRogueLike/Content/StarterContent/Textures/T_RockMesh_M.ubulk" 1424
"F:/Pro/FPSRogueLikePrj/FPSRogueLike/Content/StarterContent/Textures/T_RockMesh_M.uexp" 1425
"F:/Pro/FPSRogueLikePrj/FPSRogueLike/Content/StarterContent/Textures/T_Lamp_N.uasset" 1426
"F:/Pro/FPSRogueLikePrj/FPSRogueLike/Content/StarterContent/Textures/T_Lamp_N.ubulk" 1427
"F:/Pro/FPSRogueLikePrj/FPSRogueLike/Content/StarterContent/Textures/T_Lamp_N.uexp" 1428
"F:/Pro/FPSRogueLikePrj/FPSRogueLike/Content/StarterContent/Textures/T_Lamp_M.uasset" 1429
"F:/Pro/FPSRogueLikePrj/FPSRogueLike/Content/StarterContent/Textures/T_Lamp_M.ubulk" 1430
"F:/Pro/FPSRogueLikePrj/FPSRogueLike/Content/StarterContent/Textures/T_Lamp_M.uexp" 1431
"F:/Pro/FPSRogueLikePrj/FPSRogueLike/Content/StarterContent/Textures/T_Frame_N.uasset" 1432
"F:/Pro/FPSRogueLikePrj/FPSRogueLike/Content/StarterContent/Textures/T_Frame_N.ubulk" 1433
"F:/Pro/FPSRogueLikePrj/FPSRogueLike/Content/StarterContent/Textures/T_Frame_N.uexp" 1434
"F:/Pro/FPSRogueLikePrj/FPSRogueLike/Content/StarterContent/Textures/T_Frame_M.uasset" 1435
"F:/Pro/FPSRogueLikePrj/FPSRogueLike/Content/StarterContent/Textures/T_Frame_M.ubulk" 1436
"F:/Pro/FPSRogueLikePrj/FPSRogueLike/Content/StarterContent/Textures/T_Frame_M.uexp" 1437
"F:/Pro/FPSRogueLikePrj/FPSRogueLike/Content/StarterContent/Textures/T_Door_N.uasset" 1438
"F:/Pro/FPSRogueLikePrj/FPSRogueLike/Content/StarterContent/Textures/T_Door_N.ubulk" 1439
"F:/Pro/FPSRogueLikePrj/FPSRogueLike/Content/StarterContent/Textures/T_Door_N.uexp" 1440
"F:/Pro/FPSRogueLikePrj/FPSRogueLike/Content/StarterContent/Textures/T_Door_M.uasset" 1441
"F:/Pro/FPSRogueLikePrj/FPSRogueLike/Content/StarterContent/Textures/T_Door_M.ubulk" 1442
"F:/Pro/FPSRogueLikePrj/FPSRogueLike/Content/StarterContent/Textures/T_Door_M.uexp" 1443
"F:/Pro/FPSRogueLikePrj/FPSRogueLike/Content/StarterContent/Textures/T_Chair_N.uasset" 1444
"F:/Pro/FPSRogueLikePrj/FPSRogueLike/Content/StarterContent/Textures/T_Chair_N.ubulk" 1445
"F:/Pro/FPSRogueLikePrj/FPSRogueLike/Content/StarterContent/Textures/T_Chair_N.uexp" 1446
"F:/Pro/FPSRogueLikePrj/FPSRogueLike/Content/StarterContent/Textures/T_Chair_M.uasset" 1447
"F:/Pro/FPSRogueLikePrj/FPSRogueLike/Content/StarterContent/Textures/T_Chair_M.ubulk" 1448
"F:/Pro/FPSRogueLikePrj/FPSRogueLike/Content/StarterContent/Textures/T_Chair_M.uexp" 1449
"F:/Pro/FPSRogueLikePrj/FPSRogueLike/Content/StarterContent/Textures/T_Bush_N.uasset" 1450
"F:/Pro/FPSRogueLikePrj/FPSRogueLike/Content/StarterContent/Textures/T_Bush_N.ubulk" 1451
"F:/Pro/FPSRogueLikePrj/FPSRogueLike/Content/StarterContent/Textures/T_Bush_N.uexp" 1452
"F:/Pro/FPSRogueLikePrj/FPSRogueLike/Content/StarterContent/Textures/T_Bush_D.uasset" 1453
"F:/Pro/FPSRogueLikePrj/FPSRogueLike/Content/StarterContent/Textures/T_Bush_D.ubulk" 1454
"F:/Pro/FPSRogueLikePrj/FPSRogueLike/Content/StarterContent/Textures/T_Bush_D.uexp" 1455
"F:/Pro/FPSRogueLikePrj/FPSRogueLike/Content/StarterContent/Materials/M_Basic_Wall.uasset" 1456
"F:/Pro/FPSRogueLikePrj/FPSRogueLike/Content/StarterContent/Materials/M_Basic_Wall.uexp" 1457
"F:/Pro/FPSRogueLikePrj/FPSRogueLike/Content/StarterContent/Shapes/Shape_WideCapsule.uasset" 1458
"F:/Pro/FPSRogueLikePrj/FPSRogueLike/Content/StarterContent/Shapes/Shape_WideCapsule.ubulk" 1459
"F:/Pro/FPSRogueLikePrj/FPSRogueLike/Content/StarterContent/Shapes/Shape_WideCapsule.uexp" 1460
"F:/Pro/FPSRogueLikePrj/FPSRogueLike/Content/StarterContent/Shapes/Shape_Wedge_B.uasset" 1461
"F:/Pro/FPSRogueLikePrj/FPSRogueLike/Content/StarterContent/Shapes/Shape_Wedge_B.ubulk" 1462
"F:/Pro/FPSRogueLikePrj/FPSRogueLike/Content/StarterContent/Shapes/Shape_Wedge_B.uexp" 1463
"F:/Pro/FPSRogueLikePrj/FPSRogueLike/Content/StarterContent/Shapes/Shape_Wedge_A.uasset" 1464
"F:/Pro/FPSRogueLikePrj/FPSRogueLike/Content/StarterContent/Shapes/Shape_Wedge_A.ubulk" 1465
"F:/Pro/FPSRogueLikePrj/FPSRogueLike/Content/StarterContent/Shapes/Shape_Wedge_A.uexp" 1466
"F:/Pro/FPSRogueLikePrj/FPSRogueLike/Content/StarterContent/Shapes/Shape_Tube.uasset" 1467
"F:/Pro/FPSRogueLikePrj/FPSRogueLike/Content/StarterContent/Shapes/Shape_Tube.ubulk" 1468
"F:/Pro/FPSRogueLikePrj/FPSRogueLike/Content/StarterContent/Shapes/Shape_Tube.uexp" 1469
"F:/Pro/FPSRogueLikePrj/FPSRogueLike/Content/StarterContent/Shapes/Shape_TriPyramid.uasset" 1470
"F:/Pro/FPSRogueLikePrj/FPSRogueLike/Content/StarterContent/Shapes/Shape_TriPyramid.ubulk" 1471
"F:/Pro/FPSRogueLikePrj/FPSRogueLike/Content/StarterContent/Shapes/Shape_TriPyramid.uexp" 1472
"F:/Pro/FPSRogueLikePrj/FPSRogueLike/Content/StarterContent/Shapes/Shape_Trim_90_Out.uasset" 1473
"F:/Pro/FPSRogueLikePrj/FPSRogueLike/Content/StarterContent/Shapes/Shape_Trim_90_Out.ubulk" 1474
"F:/Pro/FPSRogueLikePrj/FPSRogueLike/Content/StarterContent/Shapes/Shape_Trim_90_Out.uexp" 1475
"F:/Pro/FPSRogueLikePrj/FPSRogueLike/Content/StarterContent/Shapes/Shape_Trim_90_In.uasset" 1476
"F:/Pro/FPSRogueLikePrj/FPSRogueLike/Content/StarterContent/Shapes/Shape_Trim_90_In.ubulk" 1477
"F:/Pro/FPSRogueLikePrj/FPSRogueLike/Content/StarterContent/Shapes/Shape_Trim_90_In.uexp" 1478
"F:/Pro/FPSRogueLikePrj/FPSRogueLike/Content/StarterContent/Shapes/Shape_Trim.uasset" 1479
"F:/Pro/FPSRogueLikePrj/FPSRogueLike/Content/StarterContent/Shapes/Shape_Trim.ubulk" 1480
"F:/Pro/FPSRogueLikePrj/FPSRogueLike/Content/StarterContent/Shapes/Shape_Trim.uexp" 1481
"F:/Pro/FPSRogueLikePrj/FPSRogueLike/Content/StarterContent/Shapes/Shape_Torus.uasset" 1482
"F:/Pro/FPSRogueLikePrj/FPSRogueLike/Content/StarterContent/Shapes/Shape_Torus.ubulk" 1483
"F:/Pro/FPSRogueLikePrj/FPSRogueLike/Content/StarterContent/Shapes/Shape_Torus.uexp" 1484
"F:/Pro/FPSRogueLikePrj/FPSRogueLike/Content/StarterContent/Shapes/Shape_Sphere.uasset" 1485
"F:/Pro/FPSRogueLikePrj/FPSRogueLike/Content/StarterContent/Shapes/Shape_Sphere.ubulk" 1486
"F:/Pro/FPSRogueLikePrj/FPSRogueLike/Content/StarterContent/Shapes/Shape_Sphere.uexp" 1487
"F:/Pro/FPSRogueLikePrj/FPSRogueLike/Content/StarterContent/Shapes/Shape_QuadPyramid.uasset" 1488
"F:/Pro/FPSRogueLikePrj/FPSRogueLike/Content/StarterContent/Shapes/Shape_QuadPyramid.ubulk" 1489
"F:/Pro/FPSRogueLikePrj/FPSRogueLike/Content/StarterContent/Shapes/Shape_QuadPyramid.uexp" 1490
"F:/Pro/FPSRogueLikePrj/FPSRogueLike/Content/StarterContent/Shapes/Shape_Plane.uasset" 1491
"F:/Pro/FPSRogueLikePrj/FPSRogueLike/Content/StarterContent/Shapes/Shape_Plane.ubulk" 1492
"F:/Pro/FPSRogueLikePrj/FPSRogueLike/Content/StarterContent/Shapes/Shape_Plane.uexp" 1493
"F:/Pro/FPSRogueLikePrj/FPSRogueLike/Content/StarterContent/Shapes/Shape_Pipe_90.uasset" 1494
"F:/Pro/FPSRogueLikePrj/FPSRogueLike/Content/StarterContent/Shapes/Shape_Pipe_90.ubulk" 1495
"F:/Pro/FPSRogueLikePrj/FPSRogueLike/Content/StarterContent/Shapes/Shape_Pipe_90.uexp" 1496
"F:/Pro/FPSRogueLikePrj/FPSRogueLike/Content/StarterContent/Shapes/Shape_Pipe_180.uasset" 1497
"F:/Pro/FPSRogueLikePrj/FPSRogueLike/Content/StarterContent/Shapes/Shape_Pipe_180.ubulk" 1498
"F:/Pro/FPSRogueLikePrj/FPSRogueLike/Content/StarterContent/Shapes/Shape_Pipe_180.uexp" 1499
"F:/Pro/FPSRogueLikePrj/FPSRogueLike/Content/StarterContent/Shapes/Shape_Pipe.uasset" 1500
"F:/Pro/FPSRogueLikePrj/FPSRogueLike/Content/StarterContent/Shapes/Shape_Pipe.ubulk" 1501
"F:/Pro/FPSRogueLikePrj/FPSRogueLike/Content/StarterContent/Shapes/Shape_Pipe.uexp" 1502
"F:/Pro/FPSRogueLikePrj/FPSRogueLike/Content/StarterContent/Shapes/Shape_NarrowCapsule.uasset" 1503
"F:/Pro/FPSRogueLikePrj/FPSRogueLike/Content/StarterContent/Shapes/Shape_NarrowCapsule.ubulk" 1504
"F:/Pro/FPSRogueLikePrj/FPSRogueLike/Content/StarterContent/Shapes/Shape_NarrowCapsule.uexp" 1505
"F:/Pro/FPSRogueLikePrj/FPSRogueLike/Content/StarterContent/Shapes/Shape_Cylinder.uasset" 1506
"F:/Pro/FPSRogueLikePrj/FPSRogueLike/Content/StarterContent/Shapes/Shape_Cylinder.ubulk" 1507
"F:/Pro/FPSRogueLikePrj/FPSRogueLike/Content/StarterContent/Shapes/Shape_Cylinder.uexp" 1508
"F:/Pro/FPSRogueLikePrj/FPSRogueLike/Content/StarterContent/Shapes/Shape_Cube.uasset" 1509
"F:/Pro/FPSRogueLikePrj/FPSRogueLike/Content/StarterContent/Shapes/Shape_Cube.ubulk" 1510
"F:/Pro/FPSRogueLikePrj/FPSRogueLike/Content/StarterContent/Shapes/Shape_Cube.uexp" 1511
"F:/Pro/FPSRogueLikePrj/FPSRogueLike/Content/StarterContent/Shapes/Shape_Cone.uasset" 1512
"F:/Pro/FPSRogueLikePrj/FPSRogueLike/Content/StarterContent/Shapes/Shape_Cone.ubulk" 1513
"F:/Pro/FPSRogueLikePrj/FPSRogueLike/Content/StarterContent/Shapes/Shape_Cone.uexp" 1514
"F:/Pro/FPSRogueLikePrj/FPSRogueLike/Content/StarterContent/Textures/T_Dust_Particle_D.uasset" 1515
"F:/Pro/FPSRogueLikePrj/FPSRogueLike/Content/StarterContent/Textures/T_Dust_Particle_D.ubulk" 1516
"F:/Pro/FPSRogueLikePrj/FPSRogueLike/Content/StarterContent/Textures/T_Dust_Particle_D.uexp" 1517
"F:/Pro/FPSRogueLikePrj/FPSRogueLike/Content/StarterContent/Particles/Materials/M_Dust_Particle.uasset" 1518
"F:/Pro/FPSRogueLikePrj/FPSRogueLike/Content/StarterContent/Particles/Materials/M_Dust_Particle.uexp" 1519
"F:/Pro/FPSRogueLikePrj/FPSRogueLike/Content/StarterContent/Particles/P_Ambient_Dust.uasset" 1520
"F:/Pro/FPSRogueLikePrj/FPSRogueLike/Content/StarterContent/Particles/P_Ambient_Dust.uexp" 1521
"F:/Pro/FPSRogueLikePrj/FPSRogueLike/Content/StarterContent/Textures/T_Wood_Pine_D.uasset" 1522
"F:/Pro/FPSRogueLikePrj/FPSRogueLike/Content/StarterContent/Textures/T_Wood_Pine_D.ubulk" 1523
"F:/Pro/FPSRogueLikePrj/FPSRogueLike/Content/StarterContent/Textures/T_Wood_Pine_D.uexp" 1524
"F:/Pro/FPSRogueLikePrj/FPSRogueLike/Content/StarterContent/Textures/T_Wood_Pine_N.uasset" 1525
"F:/Pro/FPSRogueLikePrj/FPSRogueLike/Content/StarterContent/Textures/T_Wood_Pine_N.ubulk" 1526
"F:/Pro/FPSRogueLikePrj/FPSRogueLike/Content/StarterContent/Textures/T_Wood_Pine_N.uexp" 1527
"F:/Pro/FPSRogueLikePrj/FPSRogueLike/Content/StarterContent/Textures/T_Perlin_Noise_M.uasset" 1528
"F:/Pro/FPSRogueLikePrj/FPSRogueLike/Content/StarterContent/Textures/T_Perlin_Noise_M.ubulk" 1529
"F:/Pro/FPSRogueLikePrj/FPSRogueLike/Content/StarterContent/Textures/T_Perlin_Noise_M.uexp" 1530
"F:/Pro/FPSRogueLikePrj/FPSRogueLike/Content/StarterContent/Materials/M_Wood_Pine.uasset" 1531
"F:/Pro/FPSRogueLikePrj/FPSRogueLike/Content/StarterContent/Materials/M_Wood_Pine.uexp" 1532
"F:/Pro/FPSRogueLikePrj/FPSRogueLike/Content/StarterContent/Textures/T_Wood_Oak_N.uasset" 1533
"F:/Pro/FPSRogueLikePrj/FPSRogueLike/Content/StarterContent/Textures/T_Wood_Oak_N.ubulk" 1534
"F:/Pro/FPSRogueLikePrj/FPSRogueLike/Content/StarterContent/Textures/T_Wood_Oak_N.uexp" 1535
"F:/Pro/FPSRogueLikePrj/FPSRogueLike/Content/StarterContent/Textures/T_Wood_Oak_D.uasset" 1536
"F:/Pro/FPSRogueLikePrj/FPSRogueLike/Content/StarterContent/Textures/T_Wood_Oak_D.ubulk" 1537
"F:/Pro/FPSRogueLikePrj/FPSRogueLike/Content/StarterContent/Textures/T_Wood_Oak_D.uexp" 1538
"F:/Pro/FPSRogueLikePrj/FPSRogueLike/Content/StarterContent/Materials/M_Wood_Oak.uasset" 1539
"F:/Pro/FPSRogueLikePrj/FPSRogueLike/Content/StarterContent/Materials/M_Wood_Oak.uexp" 1540
"../../../Engine/Content/Functions/Engine_MaterialFunctions01/Opacity/AlphaOffset.uasset" 1541
"../../../Engine/Content/Functions/Engine_MaterialFunctions01/Opacity/AlphaOffset.uexp" 1542
"F:/Pro/FPSRogueLikePrj/FPSRogueLike/Content/StarterContent/Textures/T_Wood_Floor_Walnut_M.uasset" 1543
"F:/Pro/FPSRogueLikePrj/FPSRogueLike/Content/StarterContent/Textures/T_Wood_Floor_Walnut_M.ubulk" 1544
"F:/Pro/FPSRogueLikePrj/FPSRogueLike/Content/StarterContent/Textures/T_Wood_Floor_Walnut_M.uexp" 1545
"F:/Pro/FPSRogueLikePrj/FPSRogueLike/Content/StarterContent/Textures/T_Wood_Floor_Walnut_D.uasset" 1546
"F:/Pro/FPSRogueLikePrj/FPSRogueLike/Content/StarterContent/Textures/T_Wood_Floor_Walnut_D.ubulk" 1547
"F:/Pro/FPSRogueLikePrj/FPSRogueLike/Content/StarterContent/Textures/T_Wood_Floor_Walnut_D.uexp" 1548
"F:/Pro/FPSRogueLikePrj/FPSRogueLike/Content/StarterContent/Textures/T_Wood_Floor_Walnut_N.uasset" 1549
"F:/Pro/FPSRogueLikePrj/FPSRogueLike/Content/StarterContent/Textures/T_Wood_Floor_Walnut_N.ubulk" 1550
"F:/Pro/FPSRogueLikePrj/FPSRogueLike/Content/StarterContent/Textures/T_Wood_Floor_Walnut_N.uexp" 1551
"F:/Pro/FPSRogueLikePrj/FPSRogueLike/Content/StarterContent/Materials/M_Wood_Floor_Walnut_Worn.uasset" 1552
"F:/Pro/FPSRogueLikePrj/FPSRogueLike/Content/StarterContent/Materials/M_Wood_Floor_Walnut_Worn.uexp" 1553
"F:/Pro/FPSRogueLikePrj/FPSRogueLike/Content/StarterContent/Materials/M_Wood_Floor_Walnut_Polished.uasset" 1554
"F:/Pro/FPSRogueLikePrj/FPSRogueLike/Content/StarterContent/Materials/M_Wood_Floor_Walnut_Polished.uexp" 1555
"F:/Pro/FPSRogueLikePrj/FPSRogueLike/Content/StarterContent/Textures/T_Water_M.uasset" 1556
"F:/Pro/FPSRogueLikePrj/FPSRogueLike/Content/StarterContent/Textures/T_Water_M.ubulk" 1557
"F:/Pro/FPSRogueLikePrj/FPSRogueLike/Content/StarterContent/Textures/T_Water_M.uexp" 1558
"F:/Pro/FPSRogueLikePrj/FPSRogueLike/Content/StarterContent/Materials/M_Water_Ocean.uasset" 1559
"F:/Pro/FPSRogueLikePrj/FPSRogueLike/Content/StarterContent/Materials/M_Water_Ocean.uexp" 1560
"F:/Pro/FPSRogueLikePrj/FPSRogueLike/Content/StarterContent/Materials/M_Water_Lake.uasset" 1561
"F:/Pro/FPSRogueLikePrj/FPSRogueLike/Content/StarterContent/Materials/M_Water_Lake.uexp" 1562
"F:/Pro/FPSRogueLikePrj/FPSRogueLike/Content/StarterContent/Textures/T_Metal_Steel_D.uasset" 1563
"F:/Pro/FPSRogueLikePrj/FPSRogueLike/Content/StarterContent/Textures/T_Metal_Steel_D.ubulk" 1564
"F:/Pro/FPSRogueLikePrj/FPSRogueLike/Content/StarterContent/Textures/T_Metal_Steel_D.uexp" 1565
"F:/Pro/FPSRogueLikePrj/FPSRogueLike/Content/StarterContent/Textures/T_Tech_Panel_N.uasset" 1566
"F:/Pro/FPSRogueLikePrj/FPSRogueLike/Content/StarterContent/Textures/T_Tech_Panel_N.ubulk" 1567
"F:/Pro/FPSRogueLikePrj/FPSRogueLike/Content/StarterContent/Textures/T_Tech_Panel_N.uexp" 1568
"F:/Pro/FPSRogueLikePrj/FPSRogueLike/Content/StarterContent/Textures/T_Tech_Panel_M.uasset" 1569
"F:/Pro/FPSRogueLikePrj/FPSRogueLike/Content/StarterContent/Textures/T_Tech_Panel_M.ubulk" 1570
"F:/Pro/FPSRogueLikePrj/FPSRogueLike/Content/StarterContent/Textures/T_Tech_Panel_M.uexp" 1571
"F:/Pro/FPSRogueLikePrj/FPSRogueLike/Content/StarterContent/Materials/M_Tech_Panel.uasset" 1572
"F:/Pro/FPSRogueLikePrj/FPSRogueLike/Content/StarterContent/Materials/M_Tech_Panel.uexp" 1573
"F:/Pro/FPSRogueLikePrj/FPSRogueLike/Content/StarterContent/Textures/T_Tech_Hex_Tile_M.uasset" 1574
"F:/Pro/FPSRogueLikePrj/FPSRogueLike/Content/StarterContent/Textures/T_Tech_Hex_Tile_M.ubulk" 1575
"F:/Pro/FPSRogueLikePrj/FPSRogueLike/Content/StarterContent/Textures/T_Tech_Hex_Tile_M.uexp" 1576
"F:/Pro/FPSRogueLikePrj/FPSRogueLike/Content/StarterContent/Textures/T_Tech_Hex_Tile_N.uasset" 1577
"F:/Pro/FPSRogueLikePrj/FPSRogueLike/Content/StarterContent/Textures/T_Tech_Hex_Tile_N.ubulk" 1578
"F:/Pro/FPSRogueLikePrj/FPSRogueLike/Content/StarterContent/Textures/T_Tech_Hex_Tile_N.uexp" 1579
"F:/Pro/FPSRogueLikePrj/FPSRogueLike/Content/StarterContent/Materials/M_Tech_Hex_Tile_Pulse.uasset" 1580
"F:/Pro/FPSRogueLikePrj/FPSRogueLike/Content/StarterContent/Materials/M_Tech_Hex_Tile_Pulse.uexp" 1581
"F:/Pro/FPSRogueLikePrj/FPSRogueLike/Content/StarterContent/Materials/M_Tech_Hex_Tile.uasset" 1582
"F:/Pro/FPSRogueLikePrj/FPSRogueLike/Content/StarterContent/Materials/M_Tech_Hex_Tile.uexp" 1583
"F:/Pro/FPSRogueLikePrj/FPSRogueLike/Content/StarterContent/Textures/T_Checker_Noise_M.uasset" 1584
"F:/Pro/FPSRogueLikePrj/FPSRogueLike/Content/StarterContent/Textures/T_Checker_Noise_M.ubulk" 1585
"F:/Pro/FPSRogueLikePrj/FPSRogueLike/Content/StarterContent/Textures/T_Checker_Noise_M.uexp" 1586
"F:/Pro/FPSRogueLikePrj/FPSRogueLike/Content/StarterContent/Textures/T_Tech_Dot_M.uasset" 1587
"F:/Pro/FPSRogueLikePrj/FPSRogueLike/Content/StarterContent/Textures/T_Tech_Dot_M.ubulk" 1588
"F:/Pro/FPSRogueLikePrj/FPSRogueLike/Content/StarterContent/Textures/T_Tech_Dot_M.uexp" 1589
"F:/Pro/FPSRogueLikePrj/FPSRogueLike/Content/StarterContent/Textures/T_Tech_Dot_N.uasset" 1590
"F:/Pro/FPSRogueLikePrj/FPSRogueLike/Content/StarterContent/Textures/T_Tech_Dot_N.ubulk" 1591
"F:/Pro/FPSRogueLikePrj/FPSRogueLike/Content/StarterContent/Textures/T_Tech_Dot_N.uexp" 1592
"F:/Pro/FPSRogueLikePrj/FPSRogueLike/Content/StarterContent/Textures/T_Single_Tile_N.uasset" 1593
"F:/Pro/FPSRogueLikePrj/FPSRogueLike/Content/StarterContent/Textures/T_Single_Tile_N.ubulk" 1594
"F:/Pro/FPSRogueLikePrj/FPSRogueLike/Content/StarterContent/Textures/T_Single_Tile_N.uexp" 1595
"F:/Pro/FPSRogueLikePrj/FPSRogueLike/Content/StarterContent/Materials/M_Tech_Checker_Dot.uasset" 1596
"F:/Pro/FPSRogueLikePrj/FPSRogueLike/Content/StarterContent/Materials/M_Tech_Checker_Dot.uexp" 1597
"F:/Pro/FPSRogueLikePrj/FPSRogueLike/Content/StarterContent/Textures/T_Rock_Slate_D.uasset" 1598
"F:/Pro/FPSRogueLikePrj/FPSRogueLike/Content/StarterContent/Textures/T_Rock_Slate_D.ubulk" 1599
"F:/Pro/FPSRogueLikePrj/FPSRogueLike/Content/StarterContent/Textures/T_Rock_Slate_D.uexp" 1600
"F:/Pro/FPSRogueLikePrj/FPSRogueLike/Content/StarterContent/Textures/T_Rock_Slate_N.uasset" 1601
"F:/Pro/FPSRogueLikePrj/FPSRogueLike/Content/StarterContent/Textures/T_Rock_Slate_N.ubulk" 1602
"F:/Pro/FPSRogueLikePrj/FPSRogueLike/Content/StarterContent/Textures/T_Rock_Slate_N.uexp" 1603
"F:/Pro/FPSRogueLikePrj/FPSRogueLike/Content/StarterContent/Materials/M_Rock_Slate.uasset" 1604
"F:/Pro/FPSRogueLikePrj/FPSRogueLike/Content/StarterContent/Materials/M_Rock_Slate.uexp" 1605
"F:/Pro/FPSRogueLikePrj/FPSRogueLike/Content/StarterContent/Textures/T_Rock_Sandstone_N.uasset" 1606
"F:/Pro/FPSRogueLikePrj/FPSRogueLike/Content/StarterContent/Textures/T_Rock_Sandstone_N.ubulk" 1607
"F:/Pro/FPSRogueLikePrj/FPSRogueLike/Content/StarterContent/Textures/T_Rock_Sandstone_N.uexp" 1608
"F:/Pro/FPSRogueLikePrj/FPSRogueLike/Content/StarterContent/Textures/T_Rock_Sandstone_D.uasset" 1609
"F:/Pro/FPSRogueLikePrj/FPSRogueLike/Content/StarterContent/Textures/T_Rock_Sandstone_D.ubulk" 1610
"F:/Pro/FPSRogueLikePrj/FPSRogueLike/Content/StarterContent/Textures/T_Rock_Sandstone_D.uexp" 1611
"F:/Pro/FPSRogueLikePrj/FPSRogueLike/Content/StarterContent/Materials/M_Rock_Sandstone.uasset" 1612
"F:/Pro/FPSRogueLikePrj/FPSRogueLike/Content/StarterContent/Materials/M_Rock_Sandstone.uexp" 1613
"F:/Pro/FPSRogueLikePrj/FPSRogueLike/Content/StarterContent/Textures/T_Metal_Gold_N.uasset" 1614
"F:/Pro/FPSRogueLikePrj/FPSRogueLike/Content/StarterContent/Textures/T_Metal_Gold_N.ubulk" 1615
"F:/Pro/FPSRogueLikePrj/FPSRogueLike/Content/StarterContent/Textures/T_Metal_Gold_N.uexp" 1616
"F:/Pro/FPSRogueLikePrj/FPSRogueLike/Content/StarterContent/Textures/T_Rock_Marble_Polished_D.uasset" 1617
"F:/Pro/FPSRogueLikePrj/FPSRogueLike/Content/StarterContent/Textures/T_Rock_Marble_Polished_D.ubulk" 1618
"F:/Pro/FPSRogueLikePrj/FPSRogueLike/Content/StarterContent/Textures/T_Rock_Marble_Polished_D.uexp" 1619
"F:/Pro/FPSRogueLikePrj/FPSRogueLike/Content/StarterContent/Materials/M_Rock_Marble_Polished.uasset" 1620
"F:/Pro/FPSRogueLikePrj/FPSRogueLike/Content/StarterContent/Materials/M_Rock_Marble_Polished.uexp" 1621
"F:/Pro/FPSRogueLikePrj/FPSRogueLike/Content/StarterContent/Textures/T_Rock_Basalt_D.uasset" 1622
"F:/Pro/FPSRogueLikePrj/FPSRogueLike/Content/StarterContent/Textures/T_Rock_Basalt_D.ubulk" 1623
"F:/Pro/FPSRogueLikePrj/FPSRogueLike/Content/StarterContent/Textures/T_Rock_Basalt_D.uexp" 1624
"F:/Pro/FPSRogueLikePrj/FPSRogueLike/Content/StarterContent/Textures/T_Rock_Basalt_N.uasset" 1625
"F:/Pro/FPSRogueLikePrj/FPSRogueLike/Content/StarterContent/Textures/T_Rock_Basalt_N.ubulk" 1626
"F:/Pro/FPSRogueLikePrj/FPSRogueLike/Content/StarterContent/Textures/T_Rock_Basalt_N.uexp" 1627
"F:/Pro/FPSRogueLikePrj/FPSRogueLike/Content/StarterContent/Materials/M_Rock_Basalt.uasset" 1628
"F:/Pro/FPSRogueLikePrj/FPSRogueLike/Content/StarterContent/Materials/M_Rock_Basalt.uexp" 1629
"F:/Pro/FPSRogueLikePrj/FPSRogueLike/Content/StarterContent/Textures/T_Metal_Steel_N.uasset" 1630
"F:/Pro/FPSRogueLikePrj/FPSRogueLike/Content/StarterContent/Textures/T_Metal_Steel_N.ubulk" 1631
"F:/Pro/FPSRogueLikePrj/FPSRogueLike/Content/StarterContent/Textures/T_Metal_Steel_N.uexp" 1632
"F:/Pro/FPSRogueLikePrj/FPSRogueLike/Content/StarterContent/Materials/M_Metal_Steel.uasset" 1633
"F:/Pro/FPSRogueLikePrj/FPSRogueLike/Content/StarterContent/Materials/M_Metal_Steel.uexp" 1634
"F:/Pro/FPSRogueLikePrj/FPSRogueLike/Content/StarterContent/Textures/T_Metal_Rust_N.uasset" 1635
"F:/Pro/FPSRogueLikePrj/FPSRogueLike/Content/StarterContent/Textures/T_Metal_Rust_N.ubulk" 1636
"F:/Pro/FPSRogueLikePrj/FPSRogueLike/Content/StarterContent/Textures/T_Metal_Rust_N.uexp" 1637
"F:/Pro/FPSRogueLikePrj/FPSRogueLike/Content/StarterContent/Textures/T_Metal_Rust_D.uasset" 1638
"F:/Pro/FPSRogueLikePrj/FPSRogueLike/Content/StarterContent/Textures/T_Metal_Rust_D.ubulk" 1639
"F:/Pro/FPSRogueLikePrj/FPSRogueLike/Content/StarterContent/Textures/T_Metal_Rust_D.uexp" 1640
"F:/Pro/FPSRogueLikePrj/FPSRogueLike/Content/StarterContent/Materials/M_Metal_Rust.uasset" 1641
"F:/Pro/FPSRogueLikePrj/FPSRogueLike/Content/StarterContent/Materials/M_Metal_Rust.uexp" 1642
"F:/Pro/FPSRogueLikePrj/FPSRogueLike/Content/StarterContent/Textures/T_Metal_Gold_D.uasset" 1643
"F:/Pro/FPSRogueLikePrj/FPSRogueLike/Content/StarterContent/Textures/T_Metal_Gold_D.ubulk" 1644
"F:/Pro/FPSRogueLikePrj/FPSRogueLike/Content/StarterContent/Textures/T_Metal_Gold_D.uexp" 1645
"F:/Pro/FPSRogueLikePrj/FPSRogueLike/Content/StarterContent/Materials/M_Metal_Gold.uasset" 1646
"F:/Pro/FPSRogueLikePrj/FPSRogueLike/Content/StarterContent/Materials/M_Metal_Gold.uexp" 1647
"F:/Pro/FPSRogueLikePrj/FPSRogueLike/Content/StarterContent/Textures/T_Metal_Copper_D.uasset" 1648
"F:/Pro/FPSRogueLikePrj/FPSRogueLike/Content/StarterContent/Textures/T_Metal_Copper_D.ubulk" 1649
"F:/Pro/FPSRogueLikePrj/FPSRogueLike/Content/StarterContent/Textures/T_Metal_Copper_D.uexp" 1650
"F:/Pro/FPSRogueLikePrj/FPSRogueLike/Content/StarterContent/Materials/M_Metal_Copper.uasset" 1651
"F:/Pro/FPSRogueLikePrj/FPSRogueLike/Content/StarterContent/Materials/M_Metal_Copper.uexp" 1652
"F:/Pro/FPSRogueLikePrj/FPSRogueLike/Content/StarterContent/Materials/M_Metal_Chrome.uasset" 1653
"F:/Pro/FPSRogueLikePrj/FPSRogueLike/Content/StarterContent/Materials/M_Metal_Chrome.uexp" 1654
"F:/Pro/FPSRogueLikePrj/FPSRogueLike/Content/StarterContent/Textures/T_Metal_Aluminum_D.uasset" 1655
"F:/Pro/FPSRogueLikePrj/FPSRogueLike/Content/StarterContent/Textures/T_Metal_Aluminum_D.ubulk" 1656
"F:/Pro/FPSRogueLikePrj/FPSRogueLike/Content/StarterContent/Textures/T_Metal_Aluminum_D.uexp" 1657
"F:/Pro/FPSRogueLikePrj/FPSRogueLike/Content/StarterContent/Materials/M_Metal_Burnished_Steel.uasset" 1658
"F:/Pro/FPSRogueLikePrj/FPSRogueLike/Content/StarterContent/Materials/M_Metal_Burnished_Steel.uexp" 1659
"F:/Pro/FPSRogueLikePrj/FPSRogueLike/Content/StarterContent/Materials/M_Metal_Brushed_Nickel.uasset" 1660
"F:/Pro/FPSRogueLikePrj/FPSRogueLike/Content/StarterContent/Materials/M_Metal_Brushed_Nickel.uexp" 1661
"F:/Pro/FPSRogueLikePrj/FPSRogueLike/Content/StarterContent/Textures/T_ground_Moss_D.uasset" 1662
"F:/Pro/FPSRogueLikePrj/FPSRogueLike/Content/StarterContent/Textures/T_ground_Moss_D.ubulk" 1663
"F:/Pro/FPSRogueLikePrj/FPSRogueLike/Content/StarterContent/Textures/T_ground_Moss_D.uexp" 1664
"F:/Pro/FPSRogueLikePrj/FPSRogueLike/Content/StarterContent/Textures/T_Ground_Moss_N.uasset" 1665
"F:/Pro/FPSRogueLikePrj/FPSRogueLike/Content/StarterContent/Textures/T_Ground_Moss_N.ubulk" 1666
"F:/Pro/FPSRogueLikePrj/FPSRogueLike/Content/StarterContent/Textures/T_Ground_Moss_N.uexp" 1667
"F:/Pro/FPSRogueLikePrj/FPSRogueLike/Content/StarterContent/Materials/M_Ground_Moss.uasset" 1668
"F:/Pro/FPSRogueLikePrj/FPSRogueLike/Content/StarterContent/Materials/M_Ground_Moss.uexp" 1669
"F:/Pro/FPSRogueLikePrj/FPSRogueLike/Content/StarterContent/Textures/T_Ground_Gravel_N.uasset" 1670
"F:/Pro/FPSRogueLikePrj/FPSRogueLike/Content/StarterContent/Textures/T_Ground_Gravel_N.ubulk" 1671
"F:/Pro/FPSRogueLikePrj/FPSRogueLike/Content/StarterContent/Textures/T_Ground_Gravel_N.uexp" 1672
"F:/Pro/FPSRogueLikePrj/FPSRogueLike/Content/StarterContent/Textures/T_Ground_Gravel_D.uasset" 1673
"F:/Pro/FPSRogueLikePrj/FPSRogueLike/Content/StarterContent/Textures/T_Ground_Gravel_D.ubulk" 1674
"F:/Pro/FPSRogueLikePrj/FPSRogueLike/Content/StarterContent/Textures/T_Ground_Gravel_D.uexp" 1675
"F:/Pro/FPSRogueLikePrj/FPSRogueLike/Content/StarterContent/Materials/M_Ground_Gravel.uasset" 1676
"F:/Pro/FPSRogueLikePrj/FPSRogueLike/Content/StarterContent/Materials/M_Ground_Gravel.uexp" 1677
"F:/Pro/FPSRogueLikePrj/FPSRogueLike/Content/StarterContent/Textures/T_Ground_Grass_D.uasset" 1678
"F:/Pro/FPSRogueLikePrj/FPSRogueLike/Content/StarterContent/Textures/T_Ground_Grass_D.ubulk" 1679
"F:/Pro/FPSRogueLikePrj/FPSRogueLike/Content/StarterContent/Textures/T_Ground_Grass_D.uexp" 1680
"F:/Pro/FPSRogueLikePrj/FPSRogueLike/Content/StarterContent/Textures/T_Ground_Grass_N.uasset" 1681
"F:/Pro/FPSRogueLikePrj/FPSRogueLike/Content/StarterContent/Textures/T_Ground_Grass_N.ubulk" 1682
"F:/Pro/FPSRogueLikePrj/FPSRogueLike/Content/StarterContent/Textures/T_Ground_Grass_N.uexp" 1683
"F:/Pro/FPSRogueLikePrj/FPSRogueLike/Content/StarterContent/Materials/M_Ground_Grass.uasset" 1684
"F:/Pro/FPSRogueLikePrj/FPSRogueLike/Content/StarterContent/Materials/M_Ground_Grass.uexp" 1685
"F:/Pro/FPSRogueLikePrj/FPSRogueLike/Content/StarterContent/Materials/M_Glass.uasset" 1686
"F:/Pro/FPSRogueLikePrj/FPSRogueLike/Content/StarterContent/Materials/M_Glass.uexp" 1687
"F:/Pro/FPSRogueLikePrj/FPSRogueLike/Content/StarterContent/Textures/T_Concrete_Tiles_Variation_M.uasset" 1688
"F:/Pro/FPSRogueLikePrj/FPSRogueLike/Content/StarterContent/Textures/T_Concrete_Tiles_Variation_M.ubulk" 1689
"F:/Pro/FPSRogueLikePrj/FPSRogueLike/Content/StarterContent/Textures/T_Concrete_Tiles_Variation_M.uexp" 1690
"F:/Pro/FPSRogueLikePrj/FPSRogueLike/Content/StarterContent/Textures/T_Concrete_Tiles_D.uasset" 1691
"F:/Pro/FPSRogueLikePrj/FPSRogueLike/Content/StarterContent/Textures/T_Concrete_Tiles_D.ubulk" 1692
"F:/Pro/FPSRogueLikePrj/FPSRogueLike/Content/StarterContent/Textures/T_Concrete_Tiles_D.uexp" 1693
"F:/Pro/FPSRogueLikePrj/FPSRogueLike/Content/StarterContent/Textures/T_Concrete_Tiles_M.uasset" 1694
"F:/Pro/FPSRogueLikePrj/FPSRogueLike/Content/StarterContent/Textures/T_Concrete_Tiles_M.ubulk" 1695
"F:/Pro/FPSRogueLikePrj/FPSRogueLike/Content/StarterContent/Textures/T_Concrete_Tiles_M.uexp" 1696
"F:/Pro/FPSRogueLikePrj/FPSRogueLike/Content/StarterContent/Textures/T_Concrete_Tiles_N.uasset" 1697
"F:/Pro/FPSRogueLikePrj/FPSRogueLike/Content/StarterContent/Textures/T_Concrete_Tiles_N.ubulk" 1698
"F:/Pro/FPSRogueLikePrj/FPSRogueLike/Content/StarterContent/Textures/T_Concrete_Tiles_N.uexp" 1699
"F:/Pro/FPSRogueLikePrj/FPSRogueLike/Content/StarterContent/Materials/M_Concrete_Tiles.uasset" 1700
"F:/Pro/FPSRogueLikePrj/FPSRogueLike/Content/StarterContent/Materials/M_Concrete_Tiles.uexp" 1701
"F:/Pro/FPSRogueLikePrj/FPSRogueLike/Content/StarterContent/Textures/T_Concrete_Poured_D.uasset" 1702
"F:/Pro/FPSRogueLikePrj/FPSRogueLike/Content/StarterContent/Textures/T_Concrete_Poured_D.ubulk" 1703
"F:/Pro/FPSRogueLikePrj/FPSRogueLike/Content/StarterContent/Textures/T_Concrete_Poured_D.uexp" 1704
"F:/Pro/FPSRogueLikePrj/FPSRogueLike/Content/StarterContent/Textures/T_Concrete_Poured_N.uasset" 1705
"F:/Pro/FPSRogueLikePrj/FPSRogueLike/Content/StarterContent/Textures/T_Concrete_Poured_N.ubulk" 1706
"F:/Pro/FPSRogueLikePrj/FPSRogueLike/Content/StarterContent/Textures/T_Concrete_Poured_N.uexp" 1707
"F:/Pro/FPSRogueLikePrj/FPSRogueLike/Content/StarterContent/Materials/M_Concrete_Poured.uasset" 1708
"F:/Pro/FPSRogueLikePrj/FPSRogueLike/Content/StarterContent/Materials/M_Concrete_Poured.uexp" 1709
"F:/Pro/FPSRogueLikePrj/FPSRogueLike/Content/StarterContent/Textures/T_Concrete_Panels_D.uasset" 1710
"F:/Pro/FPSRogueLikePrj/FPSRogueLike/Content/StarterContent/Textures/T_Concrete_Panels_D.ubulk" 1711
"F:/Pro/FPSRogueLikePrj/FPSRogueLike/Content/StarterContent/Textures/T_Concrete_Panels_D.uexp" 1712
"F:/Pro/FPSRogueLikePrj/FPSRogueLike/Content/StarterContent/Textures/T_Concrete_Panels_N.uasset" 1713
"F:/Pro/FPSRogueLikePrj/FPSRogueLike/Content/StarterContent/Textures/T_Concrete_Panels_N.ubulk" 1714
"F:/Pro/FPSRogueLikePrj/FPSRogueLike/Content/StarterContent/Textures/T_Concrete_Panels_N.uexp" 1715
"F:/Pro/FPSRogueLikePrj/FPSRogueLike/Content/StarterContent/Materials/M_Concrete_Panels.uasset" 1716
"F:/Pro/FPSRogueLikePrj/FPSRogueLike/Content/StarterContent/Materials/M_Concrete_Panels.uexp" 1717
"F:/Pro/FPSRogueLikePrj/FPSRogueLike/Content/StarterContent/Textures/T_Concrete_Grime_D.uasset" 1718
"F:/Pro/FPSRogueLikePrj/FPSRogueLike/Content/StarterContent/Textures/T_Concrete_Grime_D.ubulk" 1719
"F:/Pro/FPSRogueLikePrj/FPSRogueLike/Content/StarterContent/Textures/T_Concrete_Grime_D.uexp" 1720
"F:/Pro/FPSRogueLikePrj/FPSRogueLike/Content/StarterContent/Materials/M_Concrete_Grime.uasset" 1721
"F:/Pro/FPSRogueLikePrj/FPSRogueLike/Content/StarterContent/Materials/M_Concrete_Grime.uexp" 1722
"../../../Engine/Content/EditorMeshes/ColorCalibrator/T_ColorGrid.uasset" 1723
"../../../Engine/Content/EditorMeshes/ColorCalibrator/T_ColorGrid.ubulk" 1724
"../../../Engine/Content/EditorMeshes/ColorCalibrator/T_ColorGrid.uexp" 1725
"F:/Pro/FPSRogueLikePrj/FPSRogueLike/Content/StarterContent/Materials/M_ColorGrid_LowSpec.uasset" 1726
"F:/Pro/FPSRogueLikePrj/FPSRogueLike/Content/StarterContent/Materials/M_ColorGrid_LowSpec.uexp" 1727
"F:/Pro/FPSRogueLikePrj/FPSRogueLike/Content/StarterContent/Textures/T_Rock_Smooth_Granite_D.uasset" 1728
"F:/Pro/FPSRogueLikePrj/FPSRogueLike/Content/StarterContent/Textures/T_Rock_Smooth_Granite_D.ubulk" 1729
"F:/Pro/FPSRogueLikePrj/FPSRogueLike/Content/StarterContent/Textures/T_Rock_Smooth_Granite_D.uexp" 1730
"F:/Pro/FPSRogueLikePrj/FPSRogueLike/Content/StarterContent/Textures/T_CobbleStone_Smooth_D.uasset" 1731
"F:/Pro/FPSRogueLikePrj/FPSRogueLike/Content/StarterContent/Textures/T_CobbleStone_Smooth_D.ubulk" 1732
"F:/Pro/FPSRogueLikePrj/FPSRogueLike/Content/StarterContent/Textures/T_CobbleStone_Smooth_D.uexp" 1733
"F:/Pro/FPSRogueLikePrj/FPSRogueLike/Content/StarterContent/Textures/T_Gradinet_01.uasset" 1734
"F:/Pro/FPSRogueLikePrj/FPSRogueLike/Content/StarterContent/Textures/T_Gradinet_01.ubulk" 1735
"F:/Pro/FPSRogueLikePrj/FPSRogueLike/Content/StarterContent/Textures/T_Gradinet_01.uexp" 1736
"F:/Pro/FPSRogueLikePrj/FPSRogueLike/Content/StarterContent/Textures/T_CobbleStone_Smooth_M.uasset" 1737
"F:/Pro/FPSRogueLikePrj/FPSRogueLike/Content/StarterContent/Textures/T_CobbleStone_Smooth_M.ubulk" 1738
"F:/Pro/FPSRogueLikePrj/FPSRogueLike/Content/StarterContent/Textures/T_CobbleStone_Smooth_M.uexp" 1739
"F:/Pro/FPSRogueLikePrj/FPSRogueLike/Content/StarterContent/Textures/T_CobbleStone_Smooth_N.uasset" 1740
"F:/Pro/FPSRogueLikePrj/FPSRogueLike/Content/StarterContent/Textures/T_CobbleStone_Smooth_N.ubulk" 1741
"F:/Pro/FPSRogueLikePrj/FPSRogueLike/Content/StarterContent/Textures/T_CobbleStone_Smooth_N.uexp" 1742
"F:/Pro/FPSRogueLikePrj/FPSRogueLike/Content/StarterContent/Materials/M_CobbleStone_Smooth.uasset" 1743
"F:/Pro/FPSRogueLikePrj/FPSRogueLike/Content/StarterContent/Materials/M_CobbleStone_Smooth.uexp" 1744
"F:/Pro/FPSRogueLikePrj/FPSRogueLike/Content/StarterContent/Textures/T_CobbleStone_Rough_N.uasset" 1745
"F:/Pro/FPSRogueLikePrj/FPSRogueLike/Content/StarterContent/Textures/T_CobbleStone_Rough_N.ubulk" 1746
"F:/Pro/FPSRogueLikePrj/FPSRogueLike/Content/StarterContent/Textures/T_CobbleStone_Rough_N.uexp" 1747
"F:/Pro/FPSRogueLikePrj/FPSRogueLike/Content/StarterContent/Textures/T_CobbleStone_Rough_D.uasset" 1748
"F:/Pro/FPSRogueLikePrj/FPSRogueLike/Content/StarterContent/Textures/T_CobbleStone_Rough_D.ubulk" 1749
"F:/Pro/FPSRogueLikePrj/FPSRogueLike/Content/StarterContent/Textures/T_CobbleStone_Rough_D.uexp" 1750
"F:/Pro/FPSRogueLikePrj/FPSRogueLike/Content/StarterContent/Materials/M_CobbleStone_Rough.uasset" 1751
"F:/Pro/FPSRogueLikePrj/FPSRogueLike/Content/StarterContent/Materials/M_CobbleStone_Rough.uexp" 1752
"F:/Pro/FPSRogueLikePrj/FPSRogueLike/Content/StarterContent/Textures/T_CobbleStone_Pebble_N.uasset" 1753
"F:/Pro/FPSRogueLikePrj/FPSRogueLike/Content/StarterContent/Textures/T_CobbleStone_Pebble_N.ubulk" 1754
"F:/Pro/FPSRogueLikePrj/FPSRogueLike/Content/StarterContent/Textures/T_CobbleStone_Pebble_N.uexp" 1755
"F:/Pro/FPSRogueLikePrj/FPSRogueLike/Content/StarterContent/Textures/T_CobbleStone_Pebble_M.uasset" 1756
"F:/Pro/FPSRogueLikePrj/FPSRogueLike/Content/StarterContent/Textures/T_CobbleStone_Pebble_M.ubulk" 1757
"F:/Pro/FPSRogueLikePrj/FPSRogueLike/Content/StarterContent/Textures/T_CobbleStone_Pebble_M.uexp" 1758
"F:/Pro/FPSRogueLikePrj/FPSRogueLike/Content/StarterContent/Textures/T_CobbleStone_Pebble_D.uasset" 1759
"F:/Pro/FPSRogueLikePrj/FPSRogueLike/Content/StarterContent/Textures/T_CobbleStone_Pebble_D.ubulk" 1760
"F:/Pro/FPSRogueLikePrj/FPSRogueLike/Content/StarterContent/Textures/T_CobbleStone_Pebble_D.uexp" 1761
"F:/Pro/FPSRogueLikePrj/FPSRogueLike/Content/StarterContent/Materials/M_CobbleStone_Pebble.uasset" 1762
"F:/Pro/FPSRogueLikePrj/FPSRogueLike/Content/StarterContent/Materials/M_CobbleStone_Pebble.uexp" 1763
"F:/Pro/FPSRogueLikePrj/FPSRogueLike/Content/StarterContent/Textures/T_Ceramic_Tile_M.uasset" 1764
"F:/Pro/FPSRogueLikePrj/FPSRogueLike/Content/StarterContent/Textures/T_Ceramic_Tile_M.ubulk" 1765
"F:/Pro/FPSRogueLikePrj/FPSRogueLike/Content/StarterContent/Textures/T_Ceramic_Tile_M.uexp" 1766
"F:/Pro/FPSRogueLikePrj/FPSRogueLike/Content/StarterContent/Textures/T_Ceramic_Tile_N.uasset" 1767
"F:/Pro/FPSRogueLikePrj/FPSRogueLike/Content/StarterContent/Textures/T_Ceramic_Tile_N.ubulk" 1768
"F:/Pro/FPSRogueLikePrj/FPSRogueLike/Content/StarterContent/Textures/T_Ceramic_Tile_N.uexp" 1769
"F:/Pro/FPSRogueLikePrj/FPSRogueLike/Content/StarterContent/Materials/M_Ceramic_Tile_Checker.uasset" 1770
"F:/Pro/FPSRogueLikePrj/FPSRogueLike/Content/StarterContent/Materials/M_Ceramic_Tile_Checker.uexp" 1771
"F:/Pro/FPSRogueLikePrj/FPSRogueLike/Content/StarterContent/Textures/T_Detail_Rocky_N.uasset" 1772
"F:/Pro/FPSRogueLikePrj/FPSRogueLike/Content/StarterContent/Textures/T_Detail_Rocky_N.ubulk" 1773
"F:/Pro/FPSRogueLikePrj/FPSRogueLike/Content/StarterContent/Textures/T_Detail_Rocky_N.uexp" 1774
"F:/Pro/FPSRogueLikePrj/FPSRogueLike/Content/StarterContent/Textures/T_Brick_Hewn_Stone_N.uasset" 1775
"F:/Pro/FPSRogueLikePrj/FPSRogueLike/Content/StarterContent/Textures/T_Brick_Hewn_Stone_N.ubulk" 1776
"F:/Pro/FPSRogueLikePrj/FPSRogueLike/Content/StarterContent/Textures/T_Brick_Hewn_Stone_N.uexp" 1777
"F:/Pro/FPSRogueLikePrj/FPSRogueLike/Content/StarterContent/Textures/T_Brick_Hewn_Stone_D.uasset" 1778
"F:/Pro/FPSRogueLikePrj/FPSRogueLike/Content/StarterContent/Textures/T_Brick_Hewn_Stone_D.ubulk" 1779
"F:/Pro/FPSRogueLikePrj/FPSRogueLike/Content/StarterContent/Textures/T_Brick_Hewn_Stone_D.uexp" 1780
"F:/Pro/FPSRogueLikePrj/FPSRogueLike/Content/StarterContent/Textures/T_Brick_Hewn_Stone_M.uasset" 1781
"F:/Pro/FPSRogueLikePrj/FPSRogueLike/Content/StarterContent/Textures/T_Brick_Hewn_Stone_M.ubulk" 1782
"F:/Pro/FPSRogueLikePrj/FPSRogueLike/Content/StarterContent/Textures/T_Brick_Hewn_Stone_M.uexp" 1783
"F:/Pro/FPSRogueLikePrj/FPSRogueLike/Content/StarterContent/Materials/M_Brick_Hewn_Stone.uasset" 1784
"F:/Pro/FPSRogueLikePrj/FPSRogueLike/Content/StarterContent/Materials/M_Brick_Hewn_Stone.uexp" 1785
"F:/Pro/FPSRogueLikePrj/FPSRogueLike/Content/StarterContent/Textures/T_Brick_Cut_Stone_N.uasset" 1786
"F:/Pro/FPSRogueLikePrj/FPSRogueLike/Content/StarterContent/Textures/T_Brick_Cut_Stone_N.ubulk" 1787
"F:/Pro/FPSRogueLikePrj/FPSRogueLike/Content/StarterContent/Textures/T_Brick_Cut_Stone_N.uexp" 1788
"F:/Pro/FPSRogueLikePrj/FPSRogueLike/Content/StarterContent/Textures/T_Brick_Cut_Stone_D.uasset" 1789
"F:/Pro/FPSRogueLikePrj/FPSRogueLike/Content/StarterContent/Textures/T_Brick_Cut_Stone_D.ubulk" 1790
"F:/Pro/FPSRogueLikePrj/FPSRogueLike/Content/StarterContent/Textures/T_Brick_Cut_Stone_D.uexp" 1791
"F:/Pro/FPSRogueLikePrj/FPSRogueLike/Content/StarterContent/Materials/M_Brick_Cut_Stone.uasset" 1792
"F:/Pro/FPSRogueLikePrj/FPSRogueLike/Content/StarterContent/Materials/M_Brick_Cut_Stone.uexp" 1793
"F:/Pro/FPSRogueLikePrj/FPSRogueLike/Content/StarterContent/Textures/T_Brick_Clay_Old_N.uasset" 1794
"F:/Pro/FPSRogueLikePrj/FPSRogueLike/Content/StarterContent/Textures/T_Brick_Clay_Old_N.ubulk" 1795
"F:/Pro/FPSRogueLikePrj/FPSRogueLike/Content/StarterContent/Textures/T_Brick_Clay_Old_N.uexp" 1796
"F:/Pro/FPSRogueLikePrj/FPSRogueLike/Content/StarterContent/Textures/T_Brick_Clay_Old_D.uasset" 1797
"F:/Pro/FPSRogueLikePrj/FPSRogueLike/Content/StarterContent/Textures/T_Brick_Clay_Old_D.ubulk" 1798
"F:/Pro/FPSRogueLikePrj/FPSRogueLike/Content/StarterContent/Textures/T_Brick_Clay_Old_D.uexp" 1799
"F:/Pro/FPSRogueLikePrj/FPSRogueLike/Content/StarterContent/Materials/M_Brick_Clay_Old.uasset" 1800
"F:/Pro/FPSRogueLikePrj/FPSRogueLike/Content/StarterContent/Materials/M_Brick_Clay_Old.uexp" 1801
"F:/Pro/FPSRogueLikePrj/FPSRogueLike/Content/StarterContent/Textures/T_Brick_Clay_New_D.uasset" 1802
"F:/Pro/FPSRogueLikePrj/FPSRogueLike/Content/StarterContent/Textures/T_Brick_Clay_New_D.ubulk" 1803
"F:/Pro/FPSRogueLikePrj/FPSRogueLike/Content/StarterContent/Textures/T_Brick_Clay_New_D.uexp" 1804
"F:/Pro/FPSRogueLikePrj/FPSRogueLike/Content/StarterContent/Textures/T_Brick_Clay_New_M.uasset" 1805
"F:/Pro/FPSRogueLikePrj/FPSRogueLike/Content/StarterContent/Textures/T_Brick_Clay_New_M.uexp" 1806
"F:/Pro/FPSRogueLikePrj/FPSRogueLike/Content/StarterContent/Textures/T_Brick_Clay_New_N.uasset" 1807
"F:/Pro/FPSRogueLikePrj/FPSRogueLike/Content/StarterContent/Textures/T_Brick_Clay_New_N.uexp" 1808
"F:/Pro/FPSRogueLikePrj/FPSRogueLike/Content/StarterContent/Materials/M_Brick_Clay_New.uasset" 1809
"F:/Pro/FPSRogueLikePrj/FPSRogueLike/Content/StarterContent/Materials/M_Brick_Clay_New.uexp" 1810
"F:/Pro/FPSRogueLikePrj/FPSRogueLike/Content/StarterContent/Textures/T_Brick_Clay_Beveled_M.uasset" 1811
"F:/Pro/FPSRogueLikePrj/FPSRogueLike/Content/StarterContent/Textures/T_Brick_Clay_Beveled_M.ubulk" 1812
"F:/Pro/FPSRogueLikePrj/FPSRogueLike/Content/StarterContent/Textures/T_Brick_Clay_Beveled_M.uexp" 1813
"F:/Pro/FPSRogueLikePrj/FPSRogueLike/Content/StarterContent/Textures/T_Brick_Clay_Beveled_N.uasset" 1814
"F:/Pro/FPSRogueLikePrj/FPSRogueLike/Content/StarterContent/Textures/T_Brick_Clay_Beveled_N.ubulk" 1815
"F:/Pro/FPSRogueLikePrj/FPSRogueLike/Content/StarterContent/Textures/T_Brick_Clay_Beveled_N.uexp" 1816
"F:/Pro/FPSRogueLikePrj/FPSRogueLike/Content/StarterContent/Textures/T_Brick_Clay_Beveled_D.uasset" 1817
"F:/Pro/FPSRogueLikePrj/FPSRogueLike/Content/StarterContent/Textures/T_Brick_Clay_Beveled_D.ubulk" 1818
"F:/Pro/FPSRogueLikePrj/FPSRogueLike/Content/StarterContent/Textures/T_Brick_Clay_Beveled_D.uexp" 1819
"F:/Pro/FPSRogueLikePrj/FPSRogueLike/Content/StarterContent/Materials/M_Brick_Clay_Beveled.uasset" 1820
"F:/Pro/FPSRogueLikePrj/FPSRogueLike/Content/StarterContent/Materials/M_Brick_Clay_Beveled.uexp" 1821
"F:/Pro/FPSRogueLikePrj/FPSRogueLike/Content/StarterContent/Materials/M_Basic_Floor.uasset" 1822
"F:/Pro/FPSRogueLikePrj/FPSRogueLike/Content/StarterContent/Materials/M_Basic_Floor.uexp" 1823
"F:/Pro/FPSRogueLikePrj/FPSRogueLike/Content/StarterContent/Materials/M_AssetPlatform.uasset" 1824
"F:/Pro/FPSRogueLikePrj/FPSRogueLike/Content/StarterContent/Materials/M_AssetPlatform.uexp" 1825
"F:/Pro/FPSRogueLikePrj/FPSRogueLike/Content/StarterContent/Audio/Steam01_Cue.uasset" 1826
"F:/Pro/FPSRogueLikePrj/FPSRogueLike/Content/StarterContent/Audio/Steam01_Cue.uexp" 1827
"F:/Pro/FPSRogueLikePrj/FPSRogueLike/Content/StarterContent/Particles/P_Steam_Lit.uasset" 1828
"F:/Pro/FPSRogueLikePrj/FPSRogueLike/Content/StarterContent/Particles/P_Steam_Lit.uexp" 1829
"F:/Pro/FPSRogueLikePrj/FPSRogueLike/Content/StarterContent/Blueprints/Blueprint_Effect_Steam.uasset" 1830
"F:/Pro/FPSRogueLikePrj/FPSRogueLike/Content/StarterContent/Blueprints/Blueprint_Effect_Steam.uexp" 1831
"F:/Pro/FPSRogueLikePrj/FPSRogueLike/Content/StarterContent/Audio/Fire_Sparks01_Cue.uasset" 1832
"F:/Pro/FPSRogueLikePrj/FPSRogueLike/Content/StarterContent/Audio/Fire_Sparks01_Cue.uexp" 1833
"F:/Pro/FPSRogueLikePrj/FPSRogueLike/Content/StarterContent/Textures/T_Spark_Core.uasset" 1834
"F:/Pro/FPSRogueLikePrj/FPSRogueLike/Content/StarterContent/Textures/T_Spark_Core.ubulk" 1835
"F:/Pro/FPSRogueLikePrj/FPSRogueLike/Content/StarterContent/Textures/T_Spark_Core.uexp" 1836
"F:/Pro/FPSRogueLikePrj/FPSRogueLike/Content/StarterContent/Particles/Materials/M_Spark.uasset" 1837
"F:/Pro/FPSRogueLikePrj/FPSRogueLike/Content/StarterContent/Particles/Materials/M_Spark.uexp" 1838
"F:/Pro/FPSRogueLikePrj/FPSRogueLike/Content/StarterContent/Particles/P_Sparks.uasset" 1839
"F:/Pro/FPSRogueLikePrj/FPSRogueLike/Content/StarterContent/Particles/P_Sparks.uexp" 1840
"F:/Pro/FPSRogueLikePrj/FPSRogueLike/Content/StarterContent/Blueprints/Blueprint_Effect_Sparks.uasset" 1841
"F:/Pro/FPSRogueLikePrj/FPSRogueLike/Content/StarterContent/Blueprints/Blueprint_Effect_Sparks.uexp" 1842
"F:/Pro/FPSRogueLikePrj/FPSRogueLike/Content/StarterContent/Audio/Smoke01_Cue.uasset" 1843
"F:/Pro/FPSRogueLikePrj/FPSRogueLike/Content/StarterContent/Audio/Smoke01_Cue.uexp" 1844
"F:/Pro/FPSRogueLikePrj/FPSRogueLike/Content/StarterContent/Particles/P_Smoke.uasset" 1845
"F:/Pro/FPSRogueLikePrj/FPSRogueLike/Content/StarterContent/Particles/P_Smoke.uexp" 1846
"F:/Pro/FPSRogueLikePrj/FPSRogueLike/Content/StarterContent/Blueprints/Blueprint_Effect_Smoke.uasset" 1847
"F:/Pro/FPSRogueLikePrj/FPSRogueLike/Content/StarterContent/Blueprints/Blueprint_Effect_Smoke.uexp" 1848
"F:/Pro/FPSRogueLikePrj/FPSRogueLike/Content/StarterContent/Particles/P_Fire.uasset" 1849
"F:/Pro/FPSRogueLikePrj/FPSRogueLike/Content/StarterContent/Particles/P_Fire.uexp" 1850
"F:/Pro/FPSRogueLikePrj/FPSRogueLike/Content/StarterContent/Audio/Fire01_Cue.uasset" 1851
"F:/Pro/FPSRogueLikePrj/FPSRogueLike/Content/StarterContent/Audio/Fire01_Cue.uexp" 1852
"F:/Pro/FPSRogueLikePrj/FPSRogueLike/Content/StarterContent/Blueprints/Blueprint_Effect_Fire.uasset" 1853
"F:/Pro/FPSRogueLikePrj/FPSRogueLike/Content/StarterContent/Blueprints/Blueprint_Effect_Fire.uexp" 1854
"F:/Pro/FPSRogueLikePrj/FPSRogueLike/Content/StarterContent/Textures/T_Burst_M.uasset" 1855
"F:/Pro/FPSRogueLikePrj/FPSRogueLike/Content/StarterContent/Textures/T_Burst_M.ubulk" 1856
"F:/Pro/FPSRogueLikePrj/FPSRogueLike/Content/StarterContent/Textures/T_Burst_M.uexp" 1857
"F:/Pro/FPSRogueLikePrj/FPSRogueLike/Content/StarterContent/Particles/Materials/M_Burst.uasset" 1858
"F:/Pro/FPSRogueLikePrj/FPSRogueLike/Content/StarterContent/Particles/Materials/M_Burst.uexp" 1859
"F:/Pro/FPSRogueLikePrj/FPSRogueLike/Content/StarterContent/Particles/Materials/m_flare_01.uasset" 1860
"F:/Pro/FPSRogueLikePrj/FPSRogueLike/Content/StarterContent/Particles/Materials/m_flare_01.uexp" 1861
"F:/Pro/FPSRogueLikePrj/FPSRogueLike/Content/StarterContent/Textures/T_Explosion_SubUV.uasset" 1862
"F:/Pro/FPSRogueLikePrj/FPSRogueLike/Content/StarterContent/Textures/T_Explosion_SubUV.ubulk" 1863
"F:/Pro/FPSRogueLikePrj/FPSRogueLike/Content/StarterContent/Textures/T_Explosion_SubUV.uexp" 1864
"F:/Pro/FPSRogueLikePrj/FPSRogueLike/Content/StarterContent/Particles/Materials/M_explosion_subUV.uasset" 1865
"F:/Pro/FPSRogueLikePrj/FPSRogueLike/Content/StarterContent/Particles/Materials/M_explosion_subUV.uexp" 1866
"F:/Pro/FPSRogueLikePrj/FPSRogueLike/Content/StarterContent/Particles/Materials/M_radial_ramp.uasset" 1867
"F:/Pro/FPSRogueLikePrj/FPSRogueLike/Content/StarterContent/Particles/Materials/M_radial_ramp.uexp" 1868
"F:/Pro/FPSRogueLikePrj/FPSRogueLike/Content/StarterContent/Particles/P_Explosion.uasset" 1869
"F:/Pro/FPSRogueLikePrj/FPSRogueLike/Content/StarterContent/Particles/P_Explosion.uexp" 1870
"F:/Pro/FPSRogueLikePrj/FPSRogueLike/Content/StarterContent/Audio/Explosion_Cue.uasset" 1871
"F:/Pro/FPSRogueLikePrj/FPSRogueLike/Content/StarterContent/Audio/Explosion_Cue.uexp" 1872
"F:/Pro/FPSRogueLikePrj/FPSRogueLike/Content/StarterContent/Blueprints/Blueprint_Effect_Explosion.uasset" 1873
"F:/Pro/FPSRogueLikePrj/FPSRogueLike/Content/StarterContent/Blueprints/Blueprint_Effect_Explosion.uexp" 1874
"F:/Pro/FPSRogueLikePrj/FPSRogueLike/Content/Realistic_Starter_VFX_Pack_Vol2/Textures/T_Fire_E.uasset" 1875
"F:/Pro/FPSRogueLikePrj/FPSRogueLike/Content/Realistic_Starter_VFX_Pack_Vol2/Textures/T_Fire_E.ubulk" 1876
"F:/Pro/FPSRogueLikePrj/FPSRogueLike/Content/Realistic_Starter_VFX_Pack_Vol2/Textures/T_Fire_E.uexp" 1877
"F:/Pro/FPSRogueLikePrj/FPSRogueLike/Content/Realistic_Starter_VFX_Pack_Vol2/Materials/M_Mud.uasset" 1878
"F:/Pro/FPSRogueLikePrj/FPSRogueLike/Content/Realistic_Starter_VFX_Pack_Vol2/Materials/M_Mud.uexp" 1879
"F:/Pro/FPSRogueLikePrj/FPSRogueLike/Content/Realistic_Starter_VFX_Pack_Vol2/Mesh/SM_Splash_B.uasset" 1880
"F:/Pro/FPSRogueLikePrj/FPSRogueLike/Content/Realistic_Starter_VFX_Pack_Vol2/Mesh/SM_Splash_B.ubulk" 1881
"F:/Pro/FPSRogueLikePrj/FPSRogueLike/Content/Realistic_Starter_VFX_Pack_Vol2/Mesh/SM_Splash_B.uexp" 1882
"F:/Pro/FPSRogueLikePrj/FPSRogueLike/Content/Realistic_Starter_VFX_Pack_Vol2/Mesh/SM_Splash_A.uasset" 1883
"F:/Pro/FPSRogueLikePrj/FPSRogueLike/Content/Realistic_Starter_VFX_Pack_Vol2/Mesh/SM_Splash_A.ubulk" 1884
"F:/Pro/FPSRogueLikePrj/FPSRogueLike/Content/Realistic_Starter_VFX_Pack_Vol2/Mesh/SM_Splash_A.uexp" 1885
"F:/Pro/FPSRogueLikePrj/FPSRogueLike/Content/Realistic_Starter_VFX_Pack_Vol2/Materials/M_Basic_Shape.uasset" 1886
"F:/Pro/FPSRogueLikePrj/FPSRogueLike/Content/Realistic_Starter_VFX_Pack_Vol2/Materials/M_Basic_Shape.uexp" 1887
"F:/Pro/FPSRogueLikePrj/FPSRogueLike/Content/Realistic_Starter_VFX_Pack_Vol2/Blueprints/Spawn_Particle.uasset" 1888
"F:/Pro/FPSRogueLikePrj/FPSRogueLike/Content/Realistic_Starter_VFX_Pack_Vol2/Blueprints/Spawn_Particle.uexp" 1889
"F:/Pro/FPSRogueLikePrj/FPSRogueLike/Content/MilitaryWeapSilver/Weapons/Sniper_Rifle_A_Skeleton.uasset" 1890
"F:/Pro/FPSRogueLikePrj/FPSRogueLike/Content/MilitaryWeapSilver/Weapons/Sniper_Rifle_A_Skeleton.uexp" 1891
"F:/Pro/FPSRogueLikePrj/FPSRogueLike/Content/MilitaryWeapSilver/Weapons/Sniper_Rifle_A_PhysicsAsset.uasset" 1892
"F:/Pro/FPSRogueLikePrj/FPSRogueLike/Content/MilitaryWeapSilver/Weapons/Sniper_Rifle_A_PhysicsAsset.uexp" 1893
"F:/Pro/FPSRogueLikePrj/FPSRogueLike/Content/MilitaryWeapSilver/Weapons/Textures/Sniper_Rifle_A_Masks.uasset" 1894
"F:/Pro/FPSRogueLikePrj/FPSRogueLike/Content/MilitaryWeapSilver/Weapons/Textures/Sniper_Rifle_A_Masks.ubulk" 1895
"F:/Pro/FPSRogueLikePrj/FPSRogueLike/Content/MilitaryWeapSilver/Weapons/Textures/Sniper_Rifle_A_Masks.uexp" 1896
"F:/Pro/FPSRogueLikePrj/FPSRogueLike/Content/MilitaryWeapSilver/Weapons/Textures/Sniper_Rifle_A_Diff.uasset" 1897
"F:/Pro/FPSRogueLikePrj/FPSRogueLike/Content/MilitaryWeapSilver/Weapons/Textures/Sniper_Rifle_A_Diff.ubulk" 1898
"F:/Pro/FPSRogueLikePrj/FPSRogueLike/Content/MilitaryWeapSilver/Weapons/Textures/Sniper_Rifle_A_Diff.uexp" 1899
"F:/Pro/FPSRogueLikePrj/FPSRogueLike/Content/MilitaryWeapSilver/Weapons/Textures/Assault_Rifle_A_Norm.uasset" 1900
"F:/Pro/FPSRogueLikePrj/FPSRogueLike/Content/MilitaryWeapSilver/Weapons/Textures/Assault_Rifle_A_Norm.ubulk" 1901
"F:/Pro/FPSRogueLikePrj/FPSRogueLike/Content/MilitaryWeapSilver/Weapons/Textures/Assault_Rifle_A_Norm.uexp" 1902
"F:/Pro/FPSRogueLikePrj/FPSRogueLike/Content/MilitaryWeapSilver/Weapons/Textures/Assault_Rifle_A_Diff.uasset" 1903
"F:/Pro/FPSRogueLikePrj/FPSRogueLike/Content/MilitaryWeapSilver/Weapons/Textures/Assault_Rifle_A_Diff.ubulk" 1904
"F:/Pro/FPSRogueLikePrj/FPSRogueLike/Content/MilitaryWeapSilver/Weapons/Textures/Assault_Rifle_A_Diff.uexp" 1905
"F:/Pro/FPSRogueLikePrj/FPSRogueLike/Content/MilitaryWeapSilver/Weapons/Textures/Assault_Rifle_A_masks.uasset" 1906
"F:/Pro/FPSRogueLikePrj/FPSRogueLike/Content/MilitaryWeapSilver/Weapons/Textures/Assault_Rifle_A_masks.ubulk" 1907
"F:/Pro/FPSRogueLikePrj/FPSRogueLike/Content/MilitaryWeapSilver/Weapons/Textures/Assault_Rifle_A_masks.uexp" 1908
"F:/Pro/FPSRogueLikePrj/FPSRogueLike/Content/MilitaryWeapSilver/Weapons/Materials/M_WeaponMaster_01.uasset" 1909
"F:/Pro/FPSRogueLikePrj/FPSRogueLike/Content/MilitaryWeapSilver/Weapons/Materials/M_WeaponMaster_01.uexp" 1910
"F:/Pro/FPSRogueLikePrj/FPSRogueLike/Content/MilitaryWeapSilver/Weapons/Textures/Sniper_Rifle_A_Norm.uasset" 1911
"F:/Pro/FPSRogueLikePrj/FPSRogueLike/Content/MilitaryWeapSilver/Weapons/Textures/Sniper_Rifle_A_Norm.ubulk" 1912
"F:/Pro/FPSRogueLikePrj/FPSRogueLike/Content/MilitaryWeapSilver/Weapons/Textures/Sniper_Rifle_A_Norm.uexp" 1913
"F:/Pro/FPSRogueLikePrj/FPSRogueLike/Content/MilitaryWeapSilver/Weapons/Materials/M_SniperRifle_01.uasset" 1914
"F:/Pro/FPSRogueLikePrj/FPSRogueLike/Content/MilitaryWeapSilver/Weapons/Materials/M_SniperRifle_01.uexp" 1915
"F:/Pro/FPSRogueLikePrj/FPSRogueLike/Content/MilitaryWeapSilver/Weapons/Sniper_Rifle_A.uasset" 1916
"F:/Pro/FPSRogueLikePrj/FPSRogueLike/Content/MilitaryWeapSilver/Weapons/Sniper_Rifle_A.uexp" 1917
"F:/Pro/FPSRogueLikePrj/FPSRogueLike/Content/MilitaryWeapSilver/Weapons/SniperRifleA_Ammo.uasset" 1918
"F:/Pro/FPSRogueLikePrj/FPSRogueLike/Content/MilitaryWeapSilver/Weapons/SniperRifleA_Ammo.ubulk" 1919
"F:/Pro/FPSRogueLikePrj/FPSRogueLike/Content/MilitaryWeapSilver/Weapons/SniperRifleA_Ammo.uexp" 1920
"F:/Pro/FPSRogueLikePrj/FPSRogueLike/Content/MilitaryWeapSilver/Weapons/Textures/Shotgun_A_Diff.uasset" 1921
"F:/Pro/FPSRogueLikePrj/FPSRogueLike/Content/MilitaryWeapSilver/Weapons/Textures/Shotgun_A_Diff.ubulk" 1922
"F:/Pro/FPSRogueLikePrj/FPSRogueLike/Content/MilitaryWeapSilver/Weapons/Textures/Shotgun_A_Diff.uexp" 1923
"F:/Pro/FPSRogueLikePrj/FPSRogueLike/Content/MilitaryWeapSilver/Weapons/Textures/Shotgun_A_Masks.uasset" 1924
"F:/Pro/FPSRogueLikePrj/FPSRogueLike/Content/MilitaryWeapSilver/Weapons/Textures/Shotgun_A_Masks.ubulk" 1925
"F:/Pro/FPSRogueLikePrj/FPSRogueLike/Content/MilitaryWeapSilver/Weapons/Textures/Shotgun_A_Masks.uexp" 1926
"F:/Pro/FPSRogueLikePrj/FPSRogueLike/Content/MilitaryWeapSilver/Weapons/Textures/Shotgun_A_Norm.uasset" 1927
"F:/Pro/FPSRogueLikePrj/FPSRogueLike/Content/MilitaryWeapSilver/Weapons/Textures/Shotgun_A_Norm.ubulk" 1928
"F:/Pro/FPSRogueLikePrj/FPSRogueLike/Content/MilitaryWeapSilver/Weapons/Textures/Shotgun_A_Norm.uexp" 1929
"F:/Pro/FPSRogueLikePrj/FPSRogueLike/Content/MilitaryWeapSilver/Weapons/Materials/M_Shotgun_01.uasset" 1930
"F:/Pro/FPSRogueLikePrj/FPSRogueLike/Content/MilitaryWeapSilver/Weapons/Materials/M_Shotgun_01.uexp" 1931
"F:/Pro/FPSRogueLikePrj/FPSRogueLike/Content/MilitaryWeapSilver/Weapons/Shotgun_A_Skeleton.uasset" 1932
"F:/Pro/FPSRogueLikePrj/FPSRogueLike/Content/MilitaryWeapSilver/Weapons/Shotgun_A_Skeleton.uexp" 1933
"F:/Pro/FPSRogueLikePrj/FPSRogueLike/Content/MilitaryWeapSilver/Weapons/Shotgun_A_PhysicsAsset.uasset" 1934
"F:/Pro/FPSRogueLikePrj/FPSRogueLike/Content/MilitaryWeapSilver/Weapons/Shotgun_A_PhysicsAsset.uexp" 1935
"F:/Pro/FPSRogueLikePrj/FPSRogueLike/Content/MilitaryWeapSilver/Weapons/Shotgun_A.uasset" 1936
"F:/Pro/FPSRogueLikePrj/FPSRogueLike/Content/MilitaryWeapSilver/Weapons/Shotgun_A.uexp" 1937
"F:/Pro/FPSRogueLikePrj/FPSRogueLike/Content/MilitaryWeapSilver/Weapons/ShotgunA_Ammo.uasset" 1938
"F:/Pro/FPSRogueLikePrj/FPSRogueLike/Content/MilitaryWeapSilver/Weapons/ShotgunA_Ammo.ubulk" 1939
"F:/Pro/FPSRogueLikePrj/FPSRogueLike/Content/MilitaryWeapSilver/Weapons/ShotgunA_Ammo.uexp" 1940
"F:/Pro/FPSRogueLikePrj/FPSRogueLike/Content/MilitaryWeapSilver/Weapons/Rocket_Launcher_A_PhysicsAsset.uasset" 1941
"F:/Pro/FPSRogueLikePrj/FPSRogueLike/Content/MilitaryWeapSilver/Weapons/Rocket_Launcher_A_PhysicsAsset.uexp" 1942
"F:/Pro/FPSRogueLikePrj/FPSRogueLike/Content/MilitaryWeapSilver/Weapons/Textures/Rocket_launcher_A_Diff.uasset" 1943
"F:/Pro/FPSRogueLikePrj/FPSRogueLike/Content/MilitaryWeapSilver/Weapons/Textures/Rocket_launcher_A_Diff.ubulk" 1944
"F:/Pro/FPSRogueLikePrj/FPSRogueLike/Content/MilitaryWeapSilver/Weapons/Textures/Rocket_launcher_A_Diff.uexp" 1945
"F:/Pro/FPSRogueLikePrj/FPSRogueLike/Content/MilitaryWeapSilver/Weapons/Textures/Rocket_launcher_A_Masks.uasset" 1946
"F:/Pro/FPSRogueLikePrj/FPSRogueLike/Content/MilitaryWeapSilver/Weapons/Textures/Rocket_launcher_A_Masks.ubulk" 1947
"F:/Pro/FPSRogueLikePrj/FPSRogueLike/Content/MilitaryWeapSilver/Weapons/Textures/Rocket_launcher_A_Masks.uexp" 1948
"F:/Pro/FPSRogueLikePrj/FPSRogueLike/Content/MilitaryWeapSilver/Weapons/Textures/Rocket_launcher_A_Norm.uasset" 1949
"F:/Pro/FPSRogueLikePrj/FPSRogueLike/Content/MilitaryWeapSilver/Weapons/Textures/Rocket_launcher_A_Norm.ubulk" 1950
"F:/Pro/FPSRogueLikePrj/FPSRogueLike/Content/MilitaryWeapSilver/Weapons/Textures/Rocket_launcher_A_Norm.uexp" 1951
"F:/Pro/FPSRogueLikePrj/FPSRogueLike/Content/MilitaryWeapSilver/Weapons/Materials/M_RocketLauncher_01.uasset" 1952
"F:/Pro/FPSRogueLikePrj/FPSRogueLike/Content/MilitaryWeapSilver/Weapons/Materials/M_RocketLauncher_01.uexp" 1953
"F:/Pro/FPSRogueLikePrj/FPSRogueLike/Content/MilitaryWeapSilver/Weapons/Rocket_Launcher_A_Skeleton.uasset" 1954
"F:/Pro/FPSRogueLikePrj/FPSRogueLike/Content/MilitaryWeapSilver/Weapons/Rocket_Launcher_A_Skeleton.uexp" 1955
"F:/Pro/FPSRogueLikePrj/FPSRogueLike/Content/MilitaryWeapSilver/Weapons/Rocket_Launcher_A.uasset" 1956
"F:/Pro/FPSRogueLikePrj/FPSRogueLike/Content/MilitaryWeapSilver/Weapons/Rocket_Launcher_A.uexp" 1957
"F:/Pro/FPSRogueLikePrj/FPSRogueLike/Content/MilitaryWeapSilver/Weapons/RocketLauncherA_Ammo.uasset" 1958
"F:/Pro/FPSRogueLikePrj/FPSRogueLike/Content/MilitaryWeapSilver/Weapons/RocketLauncherA_Ammo.ubulk" 1959
"F:/Pro/FPSRogueLikePrj/FPSRogueLike/Content/MilitaryWeapSilver/Weapons/RocketLauncherA_Ammo.uexp" 1960
"F:/Pro/FPSRogueLikePrj/FPSRogueLike/Content/MilitaryWeapSilver/Weapons/Pistols_A_PhysicsAsset.uasset" 1961
"F:/Pro/FPSRogueLikePrj/FPSRogueLike/Content/MilitaryWeapSilver/Weapons/Pistols_A_PhysicsAsset.uexp" 1962
"F:/Pro/FPSRogueLikePrj/FPSRogueLike/Content/MilitaryWeapSilver/Weapons/Pistols_A_Skeleton.uasset" 1963
"F:/Pro/FPSRogueLikePrj/FPSRogueLike/Content/MilitaryWeapSilver/Weapons/Pistols_A_Skeleton.uexp" 1964
"F:/Pro/FPSRogueLikePrj/FPSRogueLike/Content/MilitaryWeapSilver/Weapons/Textures/Pistols_A_Masks.uasset" 1965
"F:/Pro/FPSRogueLikePrj/FPSRogueLike/Content/MilitaryWeapSilver/Weapons/Textures/Pistols_A_Masks.ubulk" 1966
"F:/Pro/FPSRogueLikePrj/FPSRogueLike/Content/MilitaryWeapSilver/Weapons/Textures/Pistols_A_Masks.uexp" 1967
"F:/Pro/FPSRogueLikePrj/FPSRogueLike/Content/MilitaryWeapSilver/Weapons/Textures/Pistols_A_Norm.uasset" 1968
"F:/Pro/FPSRogueLikePrj/FPSRogueLike/Content/MilitaryWeapSilver/Weapons/Textures/Pistols_A_Norm.ubulk" 1969
"F:/Pro/FPSRogueLikePrj/FPSRogueLike/Content/MilitaryWeapSilver/Weapons/Textures/Pistols_A_Norm.uexp" 1970
"F:/Pro/FPSRogueLikePrj/FPSRogueLike/Content/MilitaryWeapSilver/Weapons/Textures/Pistols_A_Diff.uasset" 1971
"F:/Pro/FPSRogueLikePrj/FPSRogueLike/Content/MilitaryWeapSilver/Weapons/Textures/Pistols_A_Diff.ubulk" 1972
"F:/Pro/FPSRogueLikePrj/FPSRogueLike/Content/MilitaryWeapSilver/Weapons/Textures/Pistols_A_Diff.uexp" 1973
"F:/Pro/FPSRogueLikePrj/FPSRogueLike/Content/MilitaryWeapSilver/Weapons/Materials/M_Pistol_01.uasset" 1974
"F:/Pro/FPSRogueLikePrj/FPSRogueLike/Content/MilitaryWeapSilver/Weapons/Materials/M_Pistol_01.uexp" 1975
"F:/Pro/FPSRogueLikePrj/FPSRogueLike/Content/MilitaryWeapSilver/Weapons/Pistols_A.uasset" 1976
"F:/Pro/FPSRogueLikePrj/FPSRogueLike/Content/MilitaryWeapSilver/Weapons/Pistols_A.uexp" 1977
"F:/Pro/FPSRogueLikePrj/FPSRogueLike/Content/MilitaryWeapSilver/Weapons/PistolA_Ammo.uasset" 1978
"F:/Pro/FPSRogueLikePrj/FPSRogueLike/Content/MilitaryWeapSilver/Weapons/PistolA_Ammo.ubulk" 1979
"F:/Pro/FPSRogueLikePrj/FPSRogueLike/Content/MilitaryWeapSilver/Weapons/PistolA_Ammo.uexp" 1980
"F:/Pro/FPSRogueLikePrj/FPSRogueLike/Content/MilitaryWeapSilver/Weapons/Knife_A_PhysicsAsset.uasset" 1981
"F:/Pro/FPSRogueLikePrj/FPSRogueLike/Content/MilitaryWeapSilver/Weapons/Knife_A_PhysicsAsset.uexp" 1982
"F:/Pro/FPSRogueLikePrj/FPSRogueLike/Content/MilitaryWeapSilver/Weapons/Knife_A_Skeleton.uasset" 1983
"F:/Pro/FPSRogueLikePrj/FPSRogueLike/Content/MilitaryWeapSilver/Weapons/Knife_A_Skeleton.uexp" 1984
"F:/Pro/FPSRogueLikePrj/FPSRogueLike/Content/MilitaryWeapSilver/Weapons/Textures/Knife_A_Masks.uasset" 1985
"F:/Pro/FPSRogueLikePrj/FPSRogueLike/Content/MilitaryWeapSilver/Weapons/Textures/Knife_A_Masks.ubulk" 1986
"F:/Pro/FPSRogueLikePrj/FPSRogueLike/Content/MilitaryWeapSilver/Weapons/Textures/Knife_A_Masks.uexp" 1987
"F:/Pro/FPSRogueLikePrj/FPSRogueLike/Content/MilitaryWeapSilver/Weapons/Textures/Knife_A_Diff.uasset" 1988
"F:/Pro/FPSRogueLikePrj/FPSRogueLike/Content/MilitaryWeapSilver/Weapons/Textures/Knife_A_Diff.ubulk" 1989
"F:/Pro/FPSRogueLikePrj/FPSRogueLike/Content/MilitaryWeapSilver/Weapons/Textures/Knife_A_Diff.uexp" 1990
"F:/Pro/FPSRogueLikePrj/FPSRogueLike/Content/MilitaryWeapSilver/Weapons/Textures/Knife_A_Norm.uasset" 1991
"F:/Pro/FPSRogueLikePrj/FPSRogueLike/Content/MilitaryWeapSilver/Weapons/Textures/Knife_A_Norm.ubulk" 1992
"F:/Pro/FPSRogueLikePrj/FPSRogueLike/Content/MilitaryWeapSilver/Weapons/Textures/Knife_A_Norm.uexp" 1993
"F:/Pro/FPSRogueLikePrj/FPSRogueLike/Content/MilitaryWeapSilver/Weapons/Materials/M_Knife_01.uasset" 1994
"F:/Pro/FPSRogueLikePrj/FPSRogueLike/Content/MilitaryWeapSilver/Weapons/Materials/M_Knife_01.uexp" 1995
"F:/Pro/FPSRogueLikePrj/FPSRogueLike/Content/MilitaryWeapSilver/Weapons/Knife_A.uasset" 1996
"F:/Pro/FPSRogueLikePrj/FPSRogueLike/Content/MilitaryWeapSilver/Weapons/Knife_A.uexp" 1997
"F:/Pro/FPSRogueLikePrj/FPSRogueLike/Content/MilitaryWeapSilver/Weapons/Grenade_Launcher_A_Skeleton.uasset" 1998
"F:/Pro/FPSRogueLikePrj/FPSRogueLike/Content/MilitaryWeapSilver/Weapons/Grenade_Launcher_A_Skeleton.uexp" 1999
"F:/Pro/FPSRogueLikePrj/FPSRogueLike/Content/MilitaryWeapSilver/Weapons/Textures/Grenade_Launcher_A_Masks.uasset" 2000
"F:/Pro/FPSRogueLikePrj/FPSRogueLike/Content/MilitaryWeapSilver/Weapons/Textures/Grenade_Launcher_A_Masks.ubulk" 2001
"F:/Pro/FPSRogueLikePrj/FPSRogueLike/Content/MilitaryWeapSilver/Weapons/Textures/Grenade_Launcher_A_Masks.uexp" 2002
"F:/Pro/FPSRogueLikePrj/FPSRogueLike/Content/MilitaryWeapSilver/Weapons/Textures/Grenade_Launcher_A_Norm.uasset" 2003
"F:/Pro/FPSRogueLikePrj/FPSRogueLike/Content/MilitaryWeapSilver/Weapons/Textures/Grenade_Launcher_A_Norm.ubulk" 2004
"F:/Pro/FPSRogueLikePrj/FPSRogueLike/Content/MilitaryWeapSilver/Weapons/Textures/Grenade_Launcher_A_Norm.uexp" 2005
"F:/Pro/FPSRogueLikePrj/FPSRogueLike/Content/MilitaryWeapSilver/Weapons/Textures/Grenade_Launcher_A_Diff.uasset" 2006
"F:/Pro/FPSRogueLikePrj/FPSRogueLike/Content/MilitaryWeapSilver/Weapons/Textures/Grenade_Launcher_A_Diff.ubulk" 2007
"F:/Pro/FPSRogueLikePrj/FPSRogueLike/Content/MilitaryWeapSilver/Weapons/Textures/Grenade_Launcher_A_Diff.uexp" 2008
"F:/Pro/FPSRogueLikePrj/FPSRogueLike/Content/MilitaryWeapSilver/Weapons/Materials/M_GrenadeLauncher_01.uasset" 2009
"F:/Pro/FPSRogueLikePrj/FPSRogueLike/Content/MilitaryWeapSilver/Weapons/Materials/M_GrenadeLauncher_01.uexp" 2010
"F:/Pro/FPSRogueLikePrj/FPSRogueLike/Content/MilitaryWeapSilver/Weapons/Grenade_Launcher_A_PhysicsAsset.uasset" 2011
"F:/Pro/FPSRogueLikePrj/FPSRogueLike/Content/MilitaryWeapSilver/Weapons/Grenade_Launcher_A_PhysicsAsset.uexp" 2012
"F:/Pro/FPSRogueLikePrj/FPSRogueLike/Content/MilitaryWeapSilver/Weapons/Grenade_Launcher_A.uasset" 2013
"F:/Pro/FPSRogueLikePrj/FPSRogueLike/Content/MilitaryWeapSilver/Weapons/Grenade_Launcher_A.uexp" 2014
"F:/Pro/FPSRogueLikePrj/FPSRogueLike/Content/MilitaryWeapSilver/Weapons/GrenadeLauncherA_Ammo.uasset" 2015
"F:/Pro/FPSRogueLikePrj/FPSRogueLike/Content/MilitaryWeapSilver/Weapons/GrenadeLauncherA_Ammo.ubulk" 2016
"F:/Pro/FPSRogueLikePrj/FPSRogueLike/Content/MilitaryWeapSilver/Weapons/GrenadeLauncherA_Ammo.uexp" 2017
"F:/Pro/FPSRogueLikePrj/FPSRogueLike/Content/MilitaryWeapSilver/Weapons/Assault_Rifle_A_PhysicsAsset.uasset" 2018
"F:/Pro/FPSRogueLikePrj/FPSRogueLike/Content/MilitaryWeapSilver/Weapons/Assault_Rifle_A_PhysicsAsset.uexp" 2019
"F:/Pro/FPSRogueLikePrj/FPSRogueLike/Content/MilitaryWeapSilver/Weapons/Assault_Rifle_A_Skeleton.uasset" 2020
"F:/Pro/FPSRogueLikePrj/FPSRogueLike/Content/MilitaryWeapSilver/Weapons/Assault_Rifle_A_Skeleton.uexp" 2021
"F:/Pro/FPSRogueLikePrj/FPSRogueLike/Content/MilitaryWeapSilver/Weapons/Materials/M_AssaultRifle_01.uasset" 2022
"F:/Pro/FPSRogueLikePrj/FPSRogueLike/Content/MilitaryWeapSilver/Weapons/Materials/M_AssaultRifle_01.uexp" 2023
"F:/Pro/FPSRogueLikePrj/FPSRogueLike/Content/MilitaryWeapSilver/Weapons/Assault_Rifle_A.uasset" 2024
"F:/Pro/FPSRogueLikePrj/FPSRogueLike/Content/MilitaryWeapSilver/Weapons/Assault_Rifle_A.uexp" 2025
"F:/Pro/FPSRogueLikePrj/FPSRogueLike/Content/MilitaryWeapSilver/Weapons/AssaultRifleA_Ammo.uasset" 2026
"F:/Pro/FPSRogueLikePrj/FPSRogueLike/Content/MilitaryWeapSilver/Weapons/AssaultRifleA_Ammo.ubulk" 2027
"F:/Pro/FPSRogueLikePrj/FPSRogueLike/Content/MilitaryWeapSilver/Weapons/AssaultRifleA_Ammo.uexp" 2028
"F:/Pro/FPSRogueLikePrj/FPSRogueLike/Content/MilitaryWeapSilver/Pickups/Textures/Pickup_Diff.uasset" 2029
"F:/Pro/FPSRogueLikePrj/FPSRogueLike/Content/MilitaryWeapSilver/Pickups/Textures/Pickup_Diff.ubulk" 2030
"F:/Pro/FPSRogueLikePrj/FPSRogueLike/Content/MilitaryWeapSilver/Pickups/Textures/Pickup_Diff.uexp" 2031
"F:/Pro/FPSRogueLikePrj/FPSRogueLike/Content/MilitaryWeapSilver/Pickups/Textures/Pickup_Norm.uasset" 2032
"F:/Pro/FPSRogueLikePrj/FPSRogueLike/Content/MilitaryWeapSilver/Pickups/Textures/Pickup_Norm.ubulk" 2033
"F:/Pro/FPSRogueLikePrj/FPSRogueLike/Content/MilitaryWeapSilver/Pickups/Textures/Pickup_Norm.uexp" 2034
"F:/Pro/FPSRogueLikePrj/FPSRogueLike/Content/MilitaryWeapSilver/Pickups/Textures/Pickup_Masks.uasset" 2035
"F:/Pro/FPSRogueLikePrj/FPSRogueLike/Content/MilitaryWeapSilver/Pickups/Textures/Pickup_Masks.ubulk" 2036
"F:/Pro/FPSRogueLikePrj/FPSRogueLike/Content/MilitaryWeapSilver/Pickups/Textures/Pickup_Masks.uexp" 2037
"F:/Pro/FPSRogueLikePrj/FPSRogueLike/Content/MilitaryWeapSilver/Pickups/Materials/M_Pickups_Inst.uasset" 2038
"F:/Pro/FPSRogueLikePrj/FPSRogueLike/Content/MilitaryWeapSilver/Pickups/Materials/M_Pickups_Inst.uexp" 2039
"F:/Pro/FPSRogueLikePrj/FPSRogueLike/Content/MilitaryWeapSilver/Pickups/SniperRifle_Pickup.uasset" 2040
"F:/Pro/FPSRogueLikePrj/FPSRogueLike/Content/MilitaryWeapSilver/Pickups/SniperRifle_Pickup.ubulk" 2041
"F:/Pro/FPSRogueLikePrj/FPSRogueLike/Content/MilitaryWeapSilver/Pickups/SniperRifle_Pickup.uexp" 2042
"F:/Pro/FPSRogueLikePrj/FPSRogueLike/Content/MilitaryWeapSilver/Pickups/Shotgun_Pickup.uasset" 2043
"F:/Pro/FPSRogueLikePrj/FPSRogueLike/Content/MilitaryWeapSilver/Pickups/Shotgun_Pickup.ubulk" 2044
"F:/Pro/FPSRogueLikePrj/FPSRogueLike/Content/MilitaryWeapSilver/Pickups/Shotgun_Pickup.uexp" 2045
"F:/Pro/FPSRogueLikePrj/FPSRogueLike/Content/MilitaryWeapSilver/Pickups/RocketLauncher_Pickup.uasset" 2046
"F:/Pro/FPSRogueLikePrj/FPSRogueLike/Content/MilitaryWeapSilver/Pickups/RocketLauncher_Pickup.ubulk" 2047
"F:/Pro/FPSRogueLikePrj/FPSRogueLike/Content/MilitaryWeapSilver/Pickups/RocketLauncher_Pickup.uexp" 2048
"F:/Pro/FPSRogueLikePrj/FPSRogueLike/Content/MilitaryWeapSilver/Pickups/Pistol_Pickup.uasset" 2049
"F:/Pro/FPSRogueLikePrj/FPSRogueLike/Content/MilitaryWeapSilver/Pickups/Pistol_Pickup.ubulk" 2050
"F:/Pro/FPSRogueLikePrj/FPSRogueLike/Content/MilitaryWeapSilver/Pickups/Pistol_Pickup.uexp" 2051
"F:/Pro/FPSRogueLikePrj/FPSRogueLike/Content/MilitaryWeapSilver/Pickups/GrenadeLauncher_Pickup.uasset" 2052
"F:/Pro/FPSRogueLikePrj/FPSRogueLike/Content/MilitaryWeapSilver/Pickups/GrenadeLauncher_Pickup.ubulk" 2053
"F:/Pro/FPSRogueLikePrj/FPSRogueLike/Content/MilitaryWeapSilver/Pickups/GrenadeLauncher_Pickup.uexp" 2054
"F:/Pro/FPSRogueLikePrj/FPSRogueLike/Content/MilitaryWeapSilver/Pickups/AssaultRifle_Pickup.uasset" 2055
"F:/Pro/FPSRogueLikePrj/FPSRogueLike/Content/MilitaryWeapSilver/Pickups/AssaultRifle_Pickup.ubulk" 2056
"F:/Pro/FPSRogueLikePrj/FPSRogueLike/Content/MilitaryWeapSilver/Pickups/AssaultRifle_Pickup.uexp" 2057
"F:/Pro/FPSRogueLikePrj/FPSRogueLike/Content/LevelPrototyping/Materials/M_Solid.uasset" 2058
"F:/Pro/FPSRogueLikePrj/FPSRogueLike/Content/LevelPrototyping/Materials/M_Solid.uexp" 2059
"F:/Pro/FPSRogueLikePrj/FPSRogueLike/Content/LevelPrototyping/Materials/MI_Solid_Blue.uasset" 2060
"F:/Pro/FPSRogueLikePrj/FPSRogueLike/Content/LevelPrototyping/Materials/MI_Solid_Blue.uexp" 2061
"F:/Pro/FPSRogueLikePrj/FPSRogueLike/Content/LevelPrototyping/Meshes/SM_ChamferCube.uasset" 2062
"F:/Pro/FPSRogueLikePrj/FPSRogueLike/Content/LevelPrototyping/Meshes/SM_ChamferCube.ubulk" 2063
"F:/Pro/FPSRogueLikePrj/FPSRogueLike/Content/LevelPrototyping/Meshes/SM_ChamferCube.uexp" 2064
"F:/Pro/FPSRogueLikePrj/FPSRogueLike/Content/LevelPrototyping/Materials/MI_PrototypeGrid_TopDark.uasset" 2065
"F:/Pro/FPSRogueLikePrj/FPSRogueLike/Content/LevelPrototyping/Materials/MI_PrototypeGrid_TopDark.uexp" 2066
"F:/Pro/FPSRogueLikePrj/FPSRogueLike/Content/LevelPrototyping/Materials/MI_PrototypeGrid_Gray_02.uasset" 2067
"F:/Pro/FPSRogueLikePrj/FPSRogueLike/Content/LevelPrototyping/Materials/MI_PrototypeGrid_Gray_02.uexp" 2068
"F:/Pro/FPSRogueLikePrj/FPSRogueLike/Content/FPWeapon/Mesh/SK_FPGun_PhysicsAsset.uasset" 2069
"F:/Pro/FPSRogueLikePrj/FPSRogueLike/Content/FPWeapon/Mesh/SK_FPGun_PhysicsAsset.uexp" 2070
"F:/Pro/FPSRogueLikePrj/FPSRogueLike/Content/FirstPersonArms/Animations/FP_Walk_Fwd.uasset" 2071
"F:/Pro/FPSRogueLikePrj/FPSRogueLike/Content/FirstPersonArms/Animations/FP_Walk_Fwd.uexp" 2072
"F:/Pro/FPSRogueLikePrj/FPSRogueLike/Content/FirstPerson/Maps/FirstPersonMap_BuiltData.uasset" 2073
"F:/Pro/FPSRogueLikePrj/FPSRogueLike/Content/FirstPerson/Maps/FirstPersonMap_BuiltData.ubulk" 2074
"F:/Pro/FPSRogueLikePrj/FPSRogueLike/Content/FirstPerson/Maps/FirstPersonMap_BuiltData.uexp" 2075
"F:/Pro/FPSRogueLikePrj/FPSRogueLike/Content/FirstPerson/Blueprints/BP_Pickup_Rifle.uasset" 2076
"F:/Pro/FPSRogueLikePrj/FPSRogueLike/Content/FirstPerson/Blueprints/BP_Pickup_Rifle.uexp" 2077
"../../../Engine/Content/MobileResources/HUD/VirtualJoystick_Background.uasset" 2078
"../../../Engine/Content/MobileResources/HUD/VirtualJoystick_Background.uexp" 2079
"../../../Engine/Content/MobileResources/HUD/VirtualJoystick_Thumb.uasset" 2080
"../../../Engine/Content/MobileResources/HUD/VirtualJoystick_Thumb.uexp" 2081
"../../../Engine/Content/MobileResources/HUD/DefaultVirtualJoysticks.uasset" 2082
"../../../Engine/Content/MobileResources/HUD/DefaultVirtualJoysticks.uexp" 2083
"../../../Engine/Content/MapTemplates/Sky/M_BlackBackground.uasset" 2084
"../../../Engine/Content/MapTemplates/Sky/M_BlackBackground.uexp" 2085
"../../../Engine/Content/EditorResources/SequenceRecorder/RecordingIndicator.uasset" 2086
"../../../Engine/Content/EditorResources/SequenceRecorder/RecordingIndicator.uexp" 2087
"../../../Engine/Content/EditorResources/SequenceRecorder/Countdown.uasset" 2088
"../../../Engine/Content/EditorResources/SequenceRecorder/Countdown.uexp" 2089
"F:/Pro/FPSRogueLikePrj/FPSRogueLike/Content/MilitaryWeapSilver/Sound/Attenuation/WeaponShotClose_Att.uasset" 2090
"F:/Pro/FPSRogueLikePrj/FPSRogueLike/Content/MilitaryWeapSilver/Sound/Attenuation/WeaponShotClose_Att.uexp" 2091
"F:/Pro/FPSRogueLikePrj/FPSRogueLike/Content/MilitaryWeapSilver/FX/Textures/T_Pistol_MuzzleFlashes_4x1_A.uasset" 2092
"F:/Pro/FPSRogueLikePrj/FPSRogueLike/Content/MilitaryWeapSilver/FX/Textures/T_Pistol_MuzzleFlashes_4x1_A.ubulk" 2093
"F:/Pro/FPSRogueLikePrj/FPSRogueLike/Content/MilitaryWeapSilver/FX/Textures/T_Pistol_MuzzleFlashes_4x1_A.uexp" 2094
"F:/Pro/FPSRogueLikePrj/FPSRogueLike/Content/StarterContent/Blueprints/Assets/SunlightColorLUT.uasset" 2095
"F:/Pro/FPSRogueLikePrj/FPSRogueLike/Content/StarterContent/Blueprints/Assets/SunlightColorLUT.uexp" 2096
"F:/Pro/FPSRogueLikePrj/FPSRogueLike/Content/StarterContent/Blueprints/Assets/SM_Arrows.uasset" 2097
"F:/Pro/FPSRogueLikePrj/FPSRogueLike/Content/StarterContent/Blueprints/Assets/SM_Arrows.ubulk" 2098
"F:/Pro/FPSRogueLikePrj/FPSRogueLike/Content/StarterContent/Blueprints/Assets/SM_Arrows.uexp" 2099
"../../../Engine/Content/ArtTools/RenderToTexture/MaterialFunctions/CheckerPattern.uasset" 2100
"../../../Engine/Content/ArtTools/RenderToTexture/MaterialFunctions/CheckerPattern.uexp" 2101
"../../../Engine/Content/Functions/Engine_MaterialFunctions02/ScreenResolution.uasset" 2102
"../../../Engine/Content/Functions/Engine_MaterialFunctions02/ScreenResolution.uexp" 2103
"../../../Engine/Content/Functions/Engine_MaterialFunctions02/Texturing/ScreenAlignedUVs.uasset" 2104
"../../../Engine/Content/Functions/Engine_MaterialFunctions02/Texturing/ScreenAlignedUVs.uexp" 2105
"../../../Engine/Content/EditorMaterials/Thumbnails/SkySphereMaterial.uasset" 2106
"../../../Engine/Content/EditorMaterials/Thumbnails/SkySphereMaterial.uexp" 2107
"F:/Pro/FPSRogueLikePrj/FPSRogueLike/Content/StarterContent/Blueprints/Assets/Skybox.uasset" 2108
"F:/Pro/FPSRogueLikePrj/FPSRogueLike/Content/StarterContent/Blueprints/Assets/Skybox.ubulk" 2109
"F:/Pro/FPSRogueLikePrj/FPSRogueLike/Content/StarterContent/Blueprints/Assets/Skybox.uexp" 2110
"../../../Engine/Content/MapTemplates/Sky/DaylightAmbientCubemap.uasset" 2111
"../../../Engine/Content/MapTemplates/Sky/DaylightAmbientCubemap.uexp" 2112
"F:/Pro/FPSRogueLikePrj/FPSRogueLike/Content/StarterContent/Blueprints/Assets/M_LightStage_Skybox_Master.uasset" 2113
"F:/Pro/FPSRogueLikePrj/FPSRogueLike/Content/StarterContent/Blueprints/Assets/M_LightStage_Skybox_Master.uexp" 2114
"F:/Pro/FPSRogueLikePrj/FPSRogueLike/Content/StarterContent/Blueprints/Assets/M_LightStage_Skybox_HDRI.uasset" 2115
"F:/Pro/FPSRogueLikePrj/FPSRogueLike/Content/StarterContent/Blueprints/Assets/M_LightStage_Skybox_HDRI.uexp" 2116
"F:/Pro/FPSRogueLikePrj/FPSRogueLike/Content/StarterContent/Blueprints/Assets/M_LightStage_Skybox_Black.uasset" 2117
"F:/Pro/FPSRogueLikePrj/FPSRogueLike/Content/StarterContent/Blueprints/Assets/M_LightStage_Skybox_Black.uexp" 2118
"F:/Pro/FPSRogueLikePrj/FPSRogueLike/Content/StarterContent/Blueprints/Assets/M_LightStage_Arrows.uasset" 2119
"F:/Pro/FPSRogueLikePrj/FPSRogueLike/Content/StarterContent/Blueprints/Assets/M_LightStage_Arrows.uexp" 2120
"F:/Pro/FPSRogueLikePrj/FPSRogueLike/Content/StarterContent/Blueprints/Assets/FogBrightnessLUT.uasset" 2121
"F:/Pro/FPSRogueLikePrj/FPSRogueLike/Content/StarterContent/Blueprints/Assets/FogBrightnessLUT.uexp" 2122
"F:/Pro/FPSRogueLikePrj/FPSRogueLike/Content/Realistic_Starter_VFX_Pack_Vol2/Textures/T_Splat.uasset" 2123
"F:/Pro/FPSRogueLikePrj/FPSRogueLike/Content/Realistic_Starter_VFX_Pack_Vol2/Textures/T_Splat.ubulk" 2124
"F:/Pro/FPSRogueLikePrj/FPSRogueLike/Content/Realistic_Starter_VFX_Pack_Vol2/Textures/T_Splat.uexp" 2125
"F:/Pro/FPSRogueLikePrj/FPSRogueLike/Content/Realistic_Starter_VFX_Pack_Vol2/Materials/M_Splat_A.uasset" 2126
"F:/Pro/FPSRogueLikePrj/FPSRogueLike/Content/Realistic_Starter_VFX_Pack_Vol2/Materials/M_Splat_A.uexp" 2127
"F:/Pro/FPSRogueLikePrj/FPSRogueLike/Content/Realistic_Starter_VFX_Pack_Vol2/Textures/T_Water_A.uasset" 2128
"F:/Pro/FPSRogueLikePrj/FPSRogueLike/Content/Realistic_Starter_VFX_Pack_Vol2/Textures/T_Water_A.ubulk" 2129
"F:/Pro/FPSRogueLikePrj/FPSRogueLike/Content/Realistic_Starter_VFX_Pack_Vol2/Textures/T_Water_A.uexp" 2130
"F:/Pro/FPSRogueLikePrj/FPSRogueLike/Content/Realistic_Starter_VFX_Pack_Vol2/Materials/M_Slash.uasset" 2131
"F:/Pro/FPSRogueLikePrj/FPSRogueLike/Content/Realistic_Starter_VFX_Pack_Vol2/Materials/M_Slash.uexp" 2132
"F:/Pro/FPSRogueLikePrj/FPSRogueLike/Content/Realistic_Starter_VFX_Pack_Vol2/Textures/T_Water_D.uasset" 2133
"F:/Pro/FPSRogueLikePrj/FPSRogueLike/Content/Realistic_Starter_VFX_Pack_Vol2/Textures/T_Water_D.ubulk" 2134
"F:/Pro/FPSRogueLikePrj/FPSRogueLike/Content/Realistic_Starter_VFX_Pack_Vol2/Textures/T_Water_D.uexp" 2135
"F:/Pro/FPSRogueLikePrj/FPSRogueLike/Content/Realistic_Starter_VFX_Pack_Vol2/Materials/M_Bubble_B.uasset" 2136
"F:/Pro/FPSRogueLikePrj/FPSRogueLike/Content/Realistic_Starter_VFX_Pack_Vol2/Materials/M_Bubble_B.uexp" 2137
"F:/Pro/FPSRogueLikePrj/FPSRogueLike/Content/Realistic_Starter_VFX_Pack_Vol2/Textures/T_Droplets_A.uasset" 2138
"F:/Pro/FPSRogueLikePrj/FPSRogueLike/Content/Realistic_Starter_VFX_Pack_Vol2/Textures/T_Droplets_A.ubulk" 2139
"F:/Pro/FPSRogueLikePrj/FPSRogueLike/Content/Realistic_Starter_VFX_Pack_Vol2/Textures/T_Droplets_A.uexp" 2140
"F:/Pro/FPSRogueLikePrj/FPSRogueLike/Content/Realistic_Starter_VFX_Pack_Vol2/Textures/T_Droplets_A_N.uasset" 2141
"F:/Pro/FPSRogueLikePrj/FPSRogueLike/Content/Realistic_Starter_VFX_Pack_Vol2/Textures/T_Droplets_A_N.ubulk" 2142
"F:/Pro/FPSRogueLikePrj/FPSRogueLike/Content/Realistic_Starter_VFX_Pack_Vol2/Textures/T_Droplets_A_N.uexp" 2143
"F:/Pro/FPSRogueLikePrj/FPSRogueLike/Content/Realistic_Starter_VFX_Pack_Vol2/Materials/M_WaterDrop_A.uasset" 2144
"F:/Pro/FPSRogueLikePrj/FPSRogueLike/Content/Realistic_Starter_VFX_Pack_Vol2/Materials/M_WaterDrop_A.uexp" 2145
"F:/Pro/FPSRogueLikePrj/FPSRogueLike/Content/Realistic_Starter_VFX_Pack_Vol2/Particles/Water/P_Water_Leak_B.uasset" 2146
"F:/Pro/FPSRogueLikePrj/FPSRogueLike/Content/Realistic_Starter_VFX_Pack_Vol2/Particles/Water/P_Water_Leak_B.uexp" 2147
"F:/Pro/FPSRogueLikePrj/FPSRogueLike/Content/Realistic_Starter_VFX_Pack_Vol2/Textures/T_Dirt_C.uasset" 2148
"F:/Pro/FPSRogueLikePrj/FPSRogueLike/Content/Realistic_Starter_VFX_Pack_Vol2/Textures/T_Dirt_C.ubulk" 2149
"F:/Pro/FPSRogueLikePrj/FPSRogueLike/Content/Realistic_Starter_VFX_Pack_Vol2/Textures/T_Dirt_C.uexp" 2150
"../../../Engine/Content/Functions/Engine_MaterialFunctions02/Texturing/CustomRotator.uasset" 2151
"../../../Engine/Content/Functions/Engine_MaterialFunctions02/Texturing/CustomRotator.uexp" 2152
"F:/Pro/FPSRogueLikePrj/FPSRogueLike/Content/Realistic_Starter_VFX_Pack_Vol2/Materials/M_Dirt_A.uasset" 2153
"F:/Pro/FPSRogueLikePrj/FPSRogueLike/Content/Realistic_Starter_VFX_Pack_Vol2/Materials/M_Dirt_A.uexp" 2154
"../../../Engine/Content/Functions/Engine_MaterialFunctions01/Density/ExponentialDensity.uasset" 2155
"../../../Engine/Content/Functions/Engine_MaterialFunctions01/Density/ExponentialDensity.uexp" 2156
"../../../Engine/Content/Functions/Engine_MaterialFunctions01/Gradient/RadialGradientExponential.uasset" 2157
"../../../Engine/Content/Functions/Engine_MaterialFunctions01/Gradient/RadialGradientExponential.uexp" 2158
"F:/Pro/FPSRogueLikePrj/FPSRogueLike/Content/Realistic_Starter_VFX_Pack_Vol2/Materials/M_Snow.uasset" 2159
"F:/Pro/FPSRogueLikePrj/FPSRogueLike/Content/Realistic_Starter_VFX_Pack_Vol2/Materials/M_Snow.uexp" 2160
"F:/Pro/FPSRogueLikePrj/FPSRogueLike/Content/Realistic_Starter_VFX_Pack_Vol2/Textures/T_Water_C.uasset" 2161
"F:/Pro/FPSRogueLikePrj/FPSRogueLike/Content/Realistic_Starter_VFX_Pack_Vol2/Textures/T_Water_C.ubulk" 2162
"F:/Pro/FPSRogueLikePrj/FPSRogueLike/Content/Realistic_Starter_VFX_Pack_Vol2/Textures/T_Water_C.uexp" 2163
"F:/Pro/FPSRogueLikePrj/FPSRogueLike/Content/Realistic_Starter_VFX_Pack_Vol2/Materials/M_Water_Splat.uasset" 2164
"F:/Pro/FPSRogueLikePrj/FPSRogueLike/Content/Realistic_Starter_VFX_Pack_Vol2/Materials/M_Water_Splat.uexp" 2165
"F:/Pro/FPSRogueLikePrj/FPSRogueLike/Content/Realistic_Starter_VFX_Pack_Vol2/Textures/T_Bubble.uasset" 2166
"F:/Pro/FPSRogueLikePrj/FPSRogueLike/Content/Realistic_Starter_VFX_Pack_Vol2/Textures/T_Bubble.ubulk" 2167
"F:/Pro/FPSRogueLikePrj/FPSRogueLike/Content/Realistic_Starter_VFX_Pack_Vol2/Textures/T_Bubble.uexp" 2168
"F:/Pro/FPSRogueLikePrj/FPSRogueLike/Content/Realistic_Starter_VFX_Pack_Vol2/Textures/T_NoiseNormal_B.uasset" 2169
"F:/Pro/FPSRogueLikePrj/FPSRogueLike/Content/Realistic_Starter_VFX_Pack_Vol2/Textures/T_NoiseNormal_B.ubulk" 2170
"F:/Pro/FPSRogueLikePrj/FPSRogueLike/Content/Realistic_Starter_VFX_Pack_Vol2/Textures/T_NoiseNormal_B.uexp" 2171
"F:/Pro/FPSRogueLikePrj/FPSRogueLike/Content/Realistic_Starter_VFX_Pack_Vol2/Materials/M_WaterDrop.uasset" 2172
"F:/Pro/FPSRogueLikePrj/FPSRogueLike/Content/Realistic_Starter_VFX_Pack_Vol2/Materials/M_WaterDrop.uexp" 2173
"F:/Pro/FPSRogueLikePrj/FPSRogueLike/Content/Realistic_Starter_VFX_Pack_Vol2/Materials/M_WaterDrop_B.uasset" 2174
"F:/Pro/FPSRogueLikePrj/FPSRogueLike/Content/Realistic_Starter_VFX_Pack_Vol2/Materials/M_WaterDrop_B.uexp" 2175
"F:/Pro/FPSRogueLikePrj/FPSRogueLike/Content/Realistic_Starter_VFX_Pack_Vol2/Particles/Water/P_Water_Leak_A.uasset" 2176
"F:/Pro/FPSRogueLikePrj/FPSRogueLike/Content/Realistic_Starter_VFX_Pack_Vol2/Particles/Water/P_Water_Leak_A.uexp" 2177
"F:/Pro/FPSRogueLikePrj/FPSRogueLike/Content/Realistic_Starter_VFX_Pack_Vol2/Particles/Water/P_Water_Dripping_B.uasset" 2178
"F:/Pro/FPSRogueLikePrj/FPSRogueLike/Content/Realistic_Starter_VFX_Pack_Vol2/Particles/Water/P_Water_Dripping_B.uexp" 2179
"F:/Pro/FPSRogueLikePrj/FPSRogueLike/Content/Realistic_Starter_VFX_Pack_Vol2/Particles/Water/P_Water_Dripping_A.uasset" 2180
"F:/Pro/FPSRogueLikePrj/FPSRogueLike/Content/Realistic_Starter_VFX_Pack_Vol2/Particles/Water/P_Water_Dripping_A.uexp" 2181
"F:/Pro/FPSRogueLikePrj/FPSRogueLike/Content/Realistic_Starter_VFX_Pack_Vol2/Textures/T_Bubblepop.uasset" 2182
"F:/Pro/FPSRogueLikePrj/FPSRogueLike/Content/Realistic_Starter_VFX_Pack_Vol2/Textures/T_Bubblepop.ubulk" 2183
"F:/Pro/FPSRogueLikePrj/FPSRogueLike/Content/Realistic_Starter_VFX_Pack_Vol2/Textures/T_Bubblepop.uexp" 2184
"F:/Pro/FPSRogueLikePrj/FPSRogueLike/Content/Realistic_Starter_VFX_Pack_Vol2/Materials/M_Bubble_pop.uasset" 2185
"F:/Pro/FPSRogueLikePrj/FPSRogueLike/Content/Realistic_Starter_VFX_Pack_Vol2/Materials/M_Bubble_pop.uexp" 2186
"F:/Pro/FPSRogueLikePrj/FPSRogueLike/Content/Realistic_Starter_VFX_Pack_Vol2/Particles/Water/P_Bubbles_B.uasset" 2187
"F:/Pro/FPSRogueLikePrj/FPSRogueLike/Content/Realistic_Starter_VFX_Pack_Vol2/Particles/Water/P_Bubbles_B.uexp" 2188
"F:/Pro/FPSRogueLikePrj/FPSRogueLike/Content/Realistic_Starter_VFX_Pack_Vol2/Materials/M_Bubble.uasset" 2189
"F:/Pro/FPSRogueLikePrj/FPSRogueLike/Content/Realistic_Starter_VFX_Pack_Vol2/Materials/M_Bubble.uexp" 2190
"F:/Pro/FPSRogueLikePrj/FPSRogueLike/Content/Realistic_Starter_VFX_Pack_Vol2/Vectorfields/VectorField_D.uasset" 2191
"F:/Pro/FPSRogueLikePrj/FPSRogueLike/Content/Realistic_Starter_VFX_Pack_Vol2/Vectorfields/VectorField_D.uexp" 2192
"F:/Pro/FPSRogueLikePrj/FPSRogueLike/Content/Realistic_Starter_VFX_Pack_Vol2/Particles/Water/P_Bubbles_A.uasset" 2193
"F:/Pro/FPSRogueLikePrj/FPSRogueLike/Content/Realistic_Starter_VFX_Pack_Vol2/Particles/Water/P_Bubbles_A.uexp" 2194
"F:/Pro/FPSRogueLikePrj/FPSRogueLike/Content/Realistic_Starter_VFX_Pack_Vol2/Textures/T_Flare_D.uasset" 2195
"F:/Pro/FPSRogueLikePrj/FPSRogueLike/Content/Realistic_Starter_VFX_Pack_Vol2/Textures/T_Flare_D.ubulk" 2196
"F:/Pro/FPSRogueLikePrj/FPSRogueLike/Content/Realistic_Starter_VFX_Pack_Vol2/Textures/T_Flare_D.uexp" 2197
"F:/Pro/FPSRogueLikePrj/FPSRogueLike/Content/Realistic_Starter_VFX_Pack_Vol2/Materials/M_Glow_D.uasset" 2198
"F:/Pro/FPSRogueLikePrj/FPSRogueLike/Content/Realistic_Starter_VFX_Pack_Vol2/Materials/M_Glow_D.uexp" 2199
"F:/Pro/FPSRogueLikePrj/FPSRogueLike/Content/Realistic_Starter_VFX_Pack_Vol2/Particles/Sparks/P_Sparks_G.uasset" 2200
"F:/Pro/FPSRogueLikePrj/FPSRogueLike/Content/Realistic_Starter_VFX_Pack_Vol2/Particles/Sparks/P_Sparks_G.uexp" 2201
"F:/Pro/FPSRogueLikePrj/FPSRogueLike/Content/Realistic_Starter_VFX_Pack_Vol2/Materials/M_Spark_A.uasset" 2202
"F:/Pro/FPSRogueLikePrj/FPSRogueLike/Content/Realistic_Starter_VFX_Pack_Vol2/Materials/M_Spark_A.uexp" 2203
"F:/Pro/FPSRogueLikePrj/FPSRogueLike/Content/Realistic_Starter_VFX_Pack_Vol2/Particles/Sparks/P_Sparks_F.uasset" 2204
"F:/Pro/FPSRogueLikePrj/FPSRogueLike/Content/Realistic_Starter_VFX_Pack_Vol2/Particles/Sparks/P_Sparks_F.uexp" 2205
"F:/Pro/FPSRogueLikePrj/FPSRogueLike/Content/Realistic_Starter_VFX_Pack_Vol2/Vectorfields/VectorField_A.uasset" 2206
"F:/Pro/FPSRogueLikePrj/FPSRogueLike/Content/Realistic_Starter_VFX_Pack_Vol2/Vectorfields/VectorField_A.uexp" 2207
"F:/Pro/FPSRogueLikePrj/FPSRogueLike/Content/Realistic_Starter_VFX_Pack_Vol2/Particles/Sparks/P_Sparks_E.uasset" 2208
"F:/Pro/FPSRogueLikePrj/FPSRogueLike/Content/Realistic_Starter_VFX_Pack_Vol2/Particles/Sparks/P_Sparks_E.uexp" 2209
"F:/Pro/FPSRogueLikePrj/FPSRogueLike/Content/Realistic_Starter_VFX_Pack_Vol2/Particles/Sparks/P_Sparks_D.uasset" 2210
"F:/Pro/FPSRogueLikePrj/FPSRogueLike/Content/Realistic_Starter_VFX_Pack_Vol2/Particles/Sparks/P_Sparks_D.uexp" 2211
"F:/Pro/FPSRogueLikePrj/FPSRogueLike/Content/Realistic_Starter_VFX_Pack_Vol2/Particles/Sparks/P_Sparks_C.uasset" 2212
"F:/Pro/FPSRogueLikePrj/FPSRogueLike/Content/Realistic_Starter_VFX_Pack_Vol2/Particles/Sparks/P_Sparks_C.uexp" 2213
"F:/Pro/FPSRogueLikePrj/FPSRogueLike/Content/Realistic_Starter_VFX_Pack_Vol2/Vectorfields/VectorField_B.uasset" 2214
"F:/Pro/FPSRogueLikePrj/FPSRogueLike/Content/Realistic_Starter_VFX_Pack_Vol2/Vectorfields/VectorField_B.uexp" 2215
"F:/Pro/FPSRogueLikePrj/FPSRogueLike/Content/Realistic_Starter_VFX_Pack_Vol2/Particles/Sparks/P_Sparks_B.uasset" 2216
"F:/Pro/FPSRogueLikePrj/FPSRogueLike/Content/Realistic_Starter_VFX_Pack_Vol2/Particles/Sparks/P_Sparks_B.uexp" 2217
"F:/Pro/FPSRogueLikePrj/FPSRogueLike/Content/Realistic_Starter_VFX_Pack_Vol2/Vectorfields/VectorField_C.uasset" 2218
"F:/Pro/FPSRogueLikePrj/FPSRogueLike/Content/Realistic_Starter_VFX_Pack_Vol2/Vectorfields/VectorField_C.uexp" 2219
"F:/Pro/FPSRogueLikePrj/FPSRogueLike/Content/Realistic_Starter_VFX_Pack_Vol2/Particles/Sparks/P_Sparks_A.uasset" 2220
"F:/Pro/FPSRogueLikePrj/FPSRogueLike/Content/Realistic_Starter_VFX_Pack_Vol2/Particles/Sparks/P_Sparks_A.uexp" 2221
"F:/Pro/FPSRogueLikePrj/FPSRogueLike/Content/Realistic_Starter_VFX_Pack_Vol2/Particles/Sparks/P_Embers_A.uasset" 2222
"F:/Pro/FPSRogueLikePrj/FPSRogueLike/Content/Realistic_Starter_VFX_Pack_Vol2/Particles/Sparks/P_Embers_A.uexp" 2223
"F:/Pro/FPSRogueLikePrj/FPSRogueLike/Content/Realistic_Starter_VFX_Pack_Vol2/Textures/T_Steam_A.uasset" 2224
"F:/Pro/FPSRogueLikePrj/FPSRogueLike/Content/Realistic_Starter_VFX_Pack_Vol2/Textures/T_Steam_A.ubulk" 2225
"F:/Pro/FPSRogueLikePrj/FPSRogueLike/Content/Realistic_Starter_VFX_Pack_Vol2/Textures/T_Steam_A.uexp" 2226
"F:/Pro/FPSRogueLikePrj/FPSRogueLike/Content/Realistic_Starter_VFX_Pack_Vol2/Materials/M_Smoke_Ground_C.uasset" 2227
"F:/Pro/FPSRogueLikePrj/FPSRogueLike/Content/Realistic_Starter_VFX_Pack_Vol2/Materials/M_Smoke_Ground_C.uexp" 2228
"F:/Pro/FPSRogueLikePrj/FPSRogueLike/Content/Realistic_Starter_VFX_Pack_Vol2/Particles/Smoke/P_Steam_A.uasset" 2229
"F:/Pro/FPSRogueLikePrj/FPSRogueLike/Content/Realistic_Starter_VFX_Pack_Vol2/Particles/Smoke/P_Steam_A.uexp" 2230
"F:/Pro/FPSRogueLikePrj/FPSRogueLike/Content/Realistic_Starter_VFX_Pack_Vol2/Textures/T_Smoke_B.uasset" 2231
"F:/Pro/FPSRogueLikePrj/FPSRogueLike/Content/Realistic_Starter_VFX_Pack_Vol2/Textures/T_Smoke_B.ubulk" 2232
"F:/Pro/FPSRogueLikePrj/FPSRogueLike/Content/Realistic_Starter_VFX_Pack_Vol2/Textures/T_Smoke_B.uexp" 2233
"F:/Pro/FPSRogueLikePrj/FPSRogueLike/Content/Realistic_Starter_VFX_Pack_Vol2/Textures/T_Smoke_A.uasset" 2234
"F:/Pro/FPSRogueLikePrj/FPSRogueLike/Content/Realistic_Starter_VFX_Pack_Vol2/Textures/T_Smoke_A.ubulk" 2235
"F:/Pro/FPSRogueLikePrj/FPSRogueLike/Content/Realistic_Starter_VFX_Pack_Vol2/Textures/T_Smoke_A.uexp" 2236
"F:/Pro/FPSRogueLikePrj/FPSRogueLike/Content/Realistic_Starter_VFX_Pack_Vol2/Materials/M_Smoke_C.uasset" 2237
"F:/Pro/FPSRogueLikePrj/FPSRogueLike/Content/Realistic_Starter_VFX_Pack_Vol2/Materials/M_Smoke_C.uexp" 2238
"F:/Pro/FPSRogueLikePrj/FPSRogueLike/Content/Realistic_Starter_VFX_Pack_Vol2/Textures/T_Smoke_Puff_color.uasset" 2239
"F:/Pro/FPSRogueLikePrj/FPSRogueLike/Content/Realistic_Starter_VFX_Pack_Vol2/Textures/T_Smoke_Puff_color.ubulk" 2240
"F:/Pro/FPSRogueLikePrj/FPSRogueLike/Content/Realistic_Starter_VFX_Pack_Vol2/Textures/T_Smoke_Puff_color.uexp" 2241
"F:/Pro/FPSRogueLikePrj/FPSRogueLike/Content/Realistic_Starter_VFX_Pack_Vol2/Materials/M_Smoke_Puff_A.uasset" 2242
"F:/Pro/FPSRogueLikePrj/FPSRogueLike/Content/Realistic_Starter_VFX_Pack_Vol2/Materials/M_Smoke_Puff_A.uexp" 2243
"F:/Pro/FPSRogueLikePrj/FPSRogueLike/Content/Realistic_Starter_VFX_Pack_Vol2/Particles/Smoke/P_Smoke_F.uasset" 2244
"F:/Pro/FPSRogueLikePrj/FPSRogueLike/Content/Realistic_Starter_VFX_Pack_Vol2/Particles/Smoke/P_Smoke_F.uexp" 2245
"F:/Pro/FPSRogueLikePrj/FPSRogueLike/Content/Realistic_Starter_VFX_Pack_Vol2/Textures/T_Smoke_G.uasset" 2246
"F:/Pro/FPSRogueLikePrj/FPSRogueLike/Content/Realistic_Starter_VFX_Pack_Vol2/Textures/T_Smoke_G.ubulk" 2247
"F:/Pro/FPSRogueLikePrj/FPSRogueLike/Content/Realistic_Starter_VFX_Pack_Vol2/Textures/T_Smoke_G.uexp" 2248
"F:/Pro/FPSRogueLikePrj/FPSRogueLike/Content/Realistic_Starter_VFX_Pack_Vol2/Materials/M_Smoke_Ground_B.uasset" 2249
"F:/Pro/FPSRogueLikePrj/FPSRogueLike/Content/Realistic_Starter_VFX_Pack_Vol2/Materials/M_Smoke_Ground_B.uexp" 2250
"F:/Pro/FPSRogueLikePrj/FPSRogueLike/Content/Realistic_Starter_VFX_Pack_Vol2/Particles/Smoke/P_Smoke_D.uasset" 2251
"F:/Pro/FPSRogueLikePrj/FPSRogueLike/Content/Realistic_Starter_VFX_Pack_Vol2/Particles/Smoke/P_Smoke_D.uexp" 2252
"F:/Pro/FPSRogueLikePrj/FPSRogueLike/Content/Realistic_Starter_VFX_Pack_Vol2/Materials/M_Smoke_A.uasset" 2253
"F:/Pro/FPSRogueLikePrj/FPSRogueLike/Content/Realistic_Starter_VFX_Pack_Vol2/Materials/M_Smoke_A.uexp" 2254
"F:/Pro/FPSRogueLikePrj/FPSRogueLike/Content/Realistic_Starter_VFX_Pack_Vol2/Particles/Smoke/P_Smoke_C.uasset" 2255
"F:/Pro/FPSRogueLikePrj/FPSRogueLike/Content/Realistic_Starter_VFX_Pack_Vol2/Particles/Smoke/P_Smoke_C.uexp" 2256
"F:/Pro/FPSRogueLikePrj/FPSRogueLike/Content/Realistic_Starter_VFX_Pack_Vol2/Textures/T_Epxlosion_B_packed.uasset" 2257
"F:/Pro/FPSRogueLikePrj/FPSRogueLike/Content/Realistic_Starter_VFX_Pack_Vol2/Textures/T_Epxlosion_B_packed.ubulk" 2258
"F:/Pro/FPSRogueLikePrj/FPSRogueLike/Content/Realistic_Starter_VFX_Pack_Vol2/Textures/T_Epxlosion_B_packed.uexp" 2259
"F:/Pro/FPSRogueLikePrj/FPSRogueLike/Content/Realistic_Starter_VFX_Pack_Vol2/Textures/T_Epxlosion_B_color.uasset" 2260
"F:/Pro/FPSRogueLikePrj/FPSRogueLike/Content/Realistic_Starter_VFX_Pack_Vol2/Textures/T_Epxlosion_B_color.ubulk" 2261
"F:/Pro/FPSRogueLikePrj/FPSRogueLike/Content/Realistic_Starter_VFX_Pack_Vol2/Textures/T_Epxlosion_B_color.uexp" 2262
"F:/Pro/FPSRogueLikePrj/FPSRogueLike/Content/Realistic_Starter_VFX_Pack_Vol2/Materials/M_Explosion_B.uasset" 2263
"F:/Pro/FPSRogueLikePrj/FPSRogueLike/Content/Realistic_Starter_VFX_Pack_Vol2/Materials/M_Explosion_B.uexp" 2264
"F:/Pro/FPSRogueLikePrj/FPSRogueLike/Content/Realistic_Starter_VFX_Pack_Vol2/Particles/Smoke/P_Smoke_B.uasset" 2265
"F:/Pro/FPSRogueLikePrj/FPSRogueLike/Content/Realistic_Starter_VFX_Pack_Vol2/Particles/Smoke/P_Smoke_B.uexp" 2266
"F:/Pro/FPSRogueLikePrj/FPSRogueLike/Content/Realistic_Starter_VFX_Pack_Vol2/Particles/Smoke/P_Smoke_A.uasset" 2267
"F:/Pro/FPSRogueLikePrj/FPSRogueLike/Content/Realistic_Starter_VFX_Pack_Vol2/Particles/Smoke/P_Smoke_A.uexp" 2268
"F:/Pro/FPSRogueLikePrj/FPSRogueLike/Content/Realistic_Starter_VFX_Pack_Vol2/Textures/T_NoiseNormal_A.uasset" 2269
"F:/Pro/FPSRogueLikePrj/FPSRogueLike/Content/Realistic_Starter_VFX_Pack_Vol2/Textures/T_NoiseNormal_A.ubulk" 2270
"F:/Pro/FPSRogueLikePrj/FPSRogueLike/Content/Realistic_Starter_VFX_Pack_Vol2/Textures/T_NoiseNormal_A.uexp" 2271
"F:/Pro/FPSRogueLikePrj/FPSRogueLike/Content/Realistic_Starter_VFX_Pack_Vol2/Textures/T_Wood.uasset" 2272
"F:/Pro/FPSRogueLikePrj/FPSRogueLike/Content/Realistic_Starter_VFX_Pack_Vol2/Textures/T_Wood.ubulk" 2273
"F:/Pro/FPSRogueLikePrj/FPSRogueLike/Content/Realistic_Starter_VFX_Pack_Vol2/Textures/T_Wood.uexp" 2274
"F:/Pro/FPSRogueLikePrj/FPSRogueLike/Content/Realistic_Starter_VFX_Pack_Vol2/Materials/M_Wood.uasset" 2275
"F:/Pro/FPSRogueLikePrj/FPSRogueLike/Content/Realistic_Starter_VFX_Pack_Vol2/Materials/M_Wood.uexp" 2276
"F:/Pro/FPSRogueLikePrj/FPSRogueLike/Content/Realistic_Starter_VFX_Pack_Vol2/Particles/Hit/P_Wood.uasset" 2277
"F:/Pro/FPSRogueLikePrj/FPSRogueLike/Content/Realistic_Starter_VFX_Pack_Vol2/Particles/Hit/P_Wood.uexp" 2278
"F:/Pro/FPSRogueLikePrj/FPSRogueLike/Content/Realistic_Starter_VFX_Pack_Vol2/Textures/T_Leaves.uasset" 2279
"F:/Pro/FPSRogueLikePrj/FPSRogueLike/Content/Realistic_Starter_VFX_Pack_Vol2/Textures/T_Leaves.ubulk" 2280
"F:/Pro/FPSRogueLikePrj/FPSRogueLike/Content/Realistic_Starter_VFX_Pack_Vol2/Textures/T_Leaves.uexp" 2281
"../../../Engine/Content/Functions/Engine_MaterialFunctions01/WorldPositionOffset/SimpleGrassWind.uasset" 2282
"../../../Engine/Content/Functions/Engine_MaterialFunctions01/WorldPositionOffset/SimpleGrassWind.uexp" 2283
"F:/Pro/FPSRogueLikePrj/FPSRogueLike/Content/Realistic_Starter_VFX_Pack_Vol2/Materials/M_Leaves_A.uasset" 2284
"F:/Pro/FPSRogueLikePrj/FPSRogueLike/Content/Realistic_Starter_VFX_Pack_Vol2/Materials/M_Leaves_A.uexp" 2285
"F:/Pro/FPSRogueLikePrj/FPSRogueLike/Content/Realistic_Starter_VFX_Pack_Vol2/Particles/Hit/P_Vegetation.uasset" 2286
"F:/Pro/FPSRogueLikePrj/FPSRogueLike/Content/Realistic_Starter_VFX_Pack_Vol2/Particles/Hit/P_Vegetation.uexp" 2287
"F:/Pro/FPSRogueLikePrj/FPSRogueLike/Content/Realistic_Starter_VFX_Pack_Vol2/Textures/T_Spark_A.uasset" 2288
"F:/Pro/FPSRogueLikePrj/FPSRogueLike/Content/Realistic_Starter_VFX_Pack_Vol2/Textures/T_Spark_A.uexp" 2289
"F:/Pro/FPSRogueLikePrj/FPSRogueLike/Content/Realistic_Starter_VFX_Pack_Vol2/Materials/M_spark_C.uasset" 2290
"F:/Pro/FPSRogueLikePrj/FPSRogueLike/Content/Realistic_Starter_VFX_Pack_Vol2/Materials/M_spark_C.uexp" 2291
"F:/Pro/FPSRogueLikePrj/FPSRogueLike/Content/Realistic_Starter_VFX_Pack_Vol2/Particles/Hit/P_Rubber.uasset" 2292
"F:/Pro/FPSRogueLikePrj/FPSRogueLike/Content/Realistic_Starter_VFX_Pack_Vol2/Particles/Hit/P_Rubber.uexp" 2293
"F:/Pro/FPSRogueLikePrj/FPSRogueLike/Content/Realistic_Starter_VFX_Pack_Vol2/Textures/T_Paper.uasset" 2294
"F:/Pro/FPSRogueLikePrj/FPSRogueLike/Content/Realistic_Starter_VFX_Pack_Vol2/Textures/T_Paper.ubulk" 2295
"F:/Pro/FPSRogueLikePrj/FPSRogueLike/Content/Realistic_Starter_VFX_Pack_Vol2/Textures/T_Paper.uexp" 2296
"F:/Pro/FPSRogueLikePrj/FPSRogueLike/Content/Realistic_Starter_VFX_Pack_Vol2/Materials/M_Paper.uasset" 2297
"F:/Pro/FPSRogueLikePrj/FPSRogueLike/Content/Realistic_Starter_VFX_Pack_Vol2/Materials/M_Paper.uexp" 2298
"F:/Pro/FPSRogueLikePrj/FPSRogueLike/Content/Realistic_Starter_VFX_Pack_Vol2/Textures/T_Dirt_B.uasset" 2299
"F:/Pro/FPSRogueLikePrj/FPSRogueLike/Content/Realistic_Starter_VFX_Pack_Vol2/Textures/T_Dirt_B.ubulk" 2300
"F:/Pro/FPSRogueLikePrj/FPSRogueLike/Content/Realistic_Starter_VFX_Pack_Vol2/Textures/T_Dirt_B.uexp" 2301
"F:/Pro/FPSRogueLikePrj/FPSRogueLike/Content/Realistic_Starter_VFX_Pack_Vol2/Materials/M_Impact_A.uasset" 2302
"F:/Pro/FPSRogueLikePrj/FPSRogueLike/Content/Realistic_Starter_VFX_Pack_Vol2/Materials/M_Impact_A.uexp" 2303
"F:/Pro/FPSRogueLikePrj/FPSRogueLike/Content/Realistic_Starter_VFX_Pack_Vol2/Particles/Hit/P_Paper.uasset" 2304
"F:/Pro/FPSRogueLikePrj/FPSRogueLike/Content/Realistic_Starter_VFX_Pack_Vol2/Particles/Hit/P_Paper.uexp" 2305
"F:/Pro/FPSRogueLikePrj/FPSRogueLike/Content/Realistic_Starter_VFX_Pack_Vol2/Particles/Hit/P_Leather.uasset" 2306
"F:/Pro/FPSRogueLikePrj/FPSRogueLike/Content/Realistic_Starter_VFX_Pack_Vol2/Particles/Hit/P_Leather.uexp" 2307
"F:/Pro/FPSRogueLikePrj/FPSRogueLike/Content/Realistic_Starter_VFX_Pack_Vol2/Textures/T_Glass.uasset" 2308
"F:/Pro/FPSRogueLikePrj/FPSRogueLike/Content/Realistic_Starter_VFX_Pack_Vol2/Textures/T_Glass.ubulk" 2309
"F:/Pro/FPSRogueLikePrj/FPSRogueLike/Content/Realistic_Starter_VFX_Pack_Vol2/Textures/T_Glass.uexp" 2310
"F:/Pro/FPSRogueLikePrj/FPSRogueLike/Content/Realistic_Starter_VFX_Pack_Vol2/Materials/M_Glass.uasset" 2311
"F:/Pro/FPSRogueLikePrj/FPSRogueLike/Content/Realistic_Starter_VFX_Pack_Vol2/Materials/M_Glass.uexp" 2312
"F:/Pro/FPSRogueLikePrj/FPSRogueLike/Content/Realistic_Starter_VFX_Pack_Vol2/Particles/Hit/P_Ice.uasset" 2313
"F:/Pro/FPSRogueLikePrj/FPSRogueLike/Content/Realistic_Starter_VFX_Pack_Vol2/Particles/Hit/P_Ice.uexp" 2314
"F:/Pro/FPSRogueLikePrj/FPSRogueLike/Content/Realistic_Starter_VFX_Pack_Vol2/Particles/Hit/P_Default.uasset" 2315
"F:/Pro/FPSRogueLikePrj/FPSRogueLike/Content/Realistic_Starter_VFX_Pack_Vol2/Particles/Hit/P_Default.uexp" 2316
"F:/Pro/FPSRogueLikePrj/FPSRogueLike/Content/Realistic_Starter_VFX_Pack_Vol2/Mesh/SM_Derbis_B.uasset" 2317
"F:/Pro/FPSRogueLikePrj/FPSRogueLike/Content/Realistic_Starter_VFX_Pack_Vol2/Mesh/SM_Derbis_B.ubulk" 2318
"F:/Pro/FPSRogueLikePrj/FPSRogueLike/Content/Realistic_Starter_VFX_Pack_Vol2/Mesh/SM_Derbis_B.uexp" 2319
"F:/Pro/FPSRogueLikePrj/FPSRogueLike/Content/Realistic_Starter_VFX_Pack_Vol2/Particles/Hit/P_Concrete.uasset" 2320
"F:/Pro/FPSRogueLikePrj/FPSRogueLike/Content/Realistic_Starter_VFX_Pack_Vol2/Particles/Hit/P_Concrete.uexp" 2321
"F:/Pro/FPSRogueLikePrj/FPSRogueLike/Content/Realistic_Starter_VFX_Pack_Vol2/Particles/Hit/P_Ceramic.uasset" 2322
"F:/Pro/FPSRogueLikePrj/FPSRogueLike/Content/Realistic_Starter_VFX_Pack_Vol2/Particles/Hit/P_Ceramic.uexp" 2323
"F:/Pro/FPSRogueLikePrj/FPSRogueLike/Content/Realistic_Starter_VFX_Pack_Vol2/Mesh/SM_Derbis_C.uasset" 2324
"F:/Pro/FPSRogueLikePrj/FPSRogueLike/Content/Realistic_Starter_VFX_Pack_Vol2/Mesh/SM_Derbis_C.ubulk" 2325
"F:/Pro/FPSRogueLikePrj/FPSRogueLike/Content/Realistic_Starter_VFX_Pack_Vol2/Mesh/SM_Derbis_C.uexp" 2326
"F:/Pro/FPSRogueLikePrj/FPSRogueLike/Content/Realistic_Starter_VFX_Pack_Vol2/Particles/Hit/P_Brick.uasset" 2327
"F:/Pro/FPSRogueLikePrj/FPSRogueLike/Content/Realistic_Starter_VFX_Pack_Vol2/Particles/Hit/P_Brick.uexp" 2328
"F:/Pro/FPSRogueLikePrj/FPSRogueLike/Content/Realistic_Starter_VFX_Pack_Vol2/Materials/M_Heat_Distortion.uasset" 2329
"F:/Pro/FPSRogueLikePrj/FPSRogueLike/Content/Realistic_Starter_VFX_Pack_Vol2/Materials/M_Heat_Distortion.uexp" 2330
"F:/Pro/FPSRogueLikePrj/FPSRogueLike/Content/Realistic_Starter_VFX_Pack_Vol2/Textures/T_Fire_F.uasset" 2331
"F:/Pro/FPSRogueLikePrj/FPSRogueLike/Content/Realistic_Starter_VFX_Pack_Vol2/Textures/T_Fire_F.ubulk" 2332
"F:/Pro/FPSRogueLikePrj/FPSRogueLike/Content/Realistic_Starter_VFX_Pack_Vol2/Textures/T_Fire_F.uexp" 2333
"F:/Pro/FPSRogueLikePrj/FPSRogueLike/Content/Realistic_Starter_VFX_Pack_Vol2/Textures/T_Fire_B.uasset" 2334
"F:/Pro/FPSRogueLikePrj/FPSRogueLike/Content/Realistic_Starter_VFX_Pack_Vol2/Textures/T_Fire_B.ubulk" 2335
"F:/Pro/FPSRogueLikePrj/FPSRogueLike/Content/Realistic_Starter_VFX_Pack_Vol2/Textures/T_Fire_B.uexp" 2336
"F:/Pro/FPSRogueLikePrj/FPSRogueLike/Content/Realistic_Starter_VFX_Pack_Vol2/Materials/M_Fire_C.uasset" 2337
"F:/Pro/FPSRogueLikePrj/FPSRogueLike/Content/Realistic_Starter_VFX_Pack_Vol2/Materials/M_Fire_C.uexp" 2338
"F:/Pro/FPSRogueLikePrj/FPSRogueLike/Content/Realistic_Starter_VFX_Pack_Vol2/Particles/Fire/P_flamethrower.uasset" 2339
"F:/Pro/FPSRogueLikePrj/FPSRogueLike/Content/Realistic_Starter_VFX_Pack_Vol2/Particles/Fire/P_flamethrower.uexp" 2340
"F:/Pro/FPSRogueLikePrj/FPSRogueLike/Content/Realistic_Starter_VFX_Pack_Vol2/Particles/Fire/P_Fire_Wall.uasset" 2341
"F:/Pro/FPSRogueLikePrj/FPSRogueLike/Content/Realistic_Starter_VFX_Pack_Vol2/Particles/Fire/P_Fire_Wall.uexp" 2342
"F:/Pro/FPSRogueLikePrj/FPSRogueLike/Content/Realistic_Starter_VFX_Pack_Vol2/Textures/T_Fire_D.uasset" 2343
"F:/Pro/FPSRogueLikePrj/FPSRogueLike/Content/Realistic_Starter_VFX_Pack_Vol2/Textures/T_Fire_D.ubulk" 2344
"F:/Pro/FPSRogueLikePrj/FPSRogueLike/Content/Realistic_Starter_VFX_Pack_Vol2/Textures/T_Fire_D.uexp" 2345
"F:/Pro/FPSRogueLikePrj/FPSRogueLike/Content/Realistic_Starter_VFX_Pack_Vol2/Materials/M_Fire_B.uasset" 2346
"F:/Pro/FPSRogueLikePrj/FPSRogueLike/Content/Realistic_Starter_VFX_Pack_Vol2/Materials/M_Fire_B.uexp" 2347
"F:/Pro/FPSRogueLikePrj/FPSRogueLike/Content/Realistic_Starter_VFX_Pack_Vol2/Particles/Fire/P_Fire_Small.uasset" 2348
"F:/Pro/FPSRogueLikePrj/FPSRogueLike/Content/Realistic_Starter_VFX_Pack_Vol2/Particles/Fire/P_Fire_Small.uexp" 2349
"F:/Pro/FPSRogueLikePrj/FPSRogueLike/Content/Realistic_Starter_VFX_Pack_Vol2/Particles/Fire/P_Fire_Big.uasset" 2350
"F:/Pro/FPSRogueLikePrj/FPSRogueLike/Content/Realistic_Starter_VFX_Pack_Vol2/Particles/Fire/P_Fire_Big.uexp" 2351
"F:/Pro/FPSRogueLikePrj/FPSRogueLike/Content/Realistic_Starter_VFX_Pack_Vol2/Textures/T_Fire_A.uasset" 2352
"F:/Pro/FPSRogueLikePrj/FPSRogueLike/Content/Realistic_Starter_VFX_Pack_Vol2/Textures/T_Fire_A.ubulk" 2353
"F:/Pro/FPSRogueLikePrj/FPSRogueLike/Content/Realistic_Starter_VFX_Pack_Vol2/Textures/T_Fire_A.uexp" 2354
"F:/Pro/FPSRogueLikePrj/FPSRogueLike/Content/Realistic_Starter_VFX_Pack_Vol2/Materials/M_Fire_Splat.uasset" 2355
"F:/Pro/FPSRogueLikePrj/FPSRogueLike/Content/Realistic_Starter_VFX_Pack_Vol2/Materials/M_Fire_Splat.uexp" 2356
"F:/Pro/FPSRogueLikePrj/FPSRogueLike/Content/Realistic_Starter_VFX_Pack_Vol2/Particles/Explosion/P_Molotov.uasset" 2357
"F:/Pro/FPSRogueLikePrj/FPSRogueLike/Content/Realistic_Starter_VFX_Pack_Vol2/Particles/Explosion/P_Molotov.uexp" 2358
"F:/Pro/FPSRogueLikePrj/FPSRogueLike/Content/Realistic_Starter_VFX_Pack_Vol2/Materials/M_Glow_B.uasset" 2359
"F:/Pro/FPSRogueLikePrj/FPSRogueLike/Content/Realistic_Starter_VFX_Pack_Vol2/Materials/M_Glow_B.uexp" 2360
"../../../Engine/Content/Functions/Engine_MaterialFunctions01/Gradient/SphereGradient-2D.uasset" 2361
"../../../Engine/Content/Functions/Engine_MaterialFunctions01/Gradient/SphereGradient-2D.uexp" 2362
"F:/Pro/FPSRogueLikePrj/FPSRogueLike/Content/Realistic_Starter_VFX_Pack_Vol2/Materials/M_Distortion.uasset" 2363
"F:/Pro/FPSRogueLikePrj/FPSRogueLike/Content/Realistic_Starter_VFX_Pack_Vol2/Materials/M_Distortion.uexp" 2364
"F:/Pro/FPSRogueLikePrj/FPSRogueLike/Content/Realistic_Starter_VFX_Pack_Vol2/Particles/Explosion/P_Explosion_Smoke.uasset" 2365
"F:/Pro/FPSRogueLikePrj/FPSRogueLike/Content/Realistic_Starter_VFX_Pack_Vol2/Particles/Explosion/P_Explosion_Smoke.uexp" 2366
"F:/Pro/FPSRogueLikePrj/FPSRogueLike/Content/Realistic_Starter_VFX_Pack_Vol2/Textures/T_Explosion_Air.uasset" 2367
"F:/Pro/FPSRogueLikePrj/FPSRogueLike/Content/Realistic_Starter_VFX_Pack_Vol2/Textures/T_Explosion_Air.ubulk" 2368
"F:/Pro/FPSRogueLikePrj/FPSRogueLike/Content/Realistic_Starter_VFX_Pack_Vol2/Textures/T_Explosion_Air.uexp" 2369
"F:/Pro/FPSRogueLikePrj/FPSRogueLike/Content/Realistic_Starter_VFX_Pack_Vol2/Materials/M_Explosion_i.uasset" 2370
"F:/Pro/FPSRogueLikePrj/FPSRogueLike/Content/Realistic_Starter_VFX_Pack_Vol2/Materials/M_Explosion_i.uexp" 2371
"F:/Pro/FPSRogueLikePrj/FPSRogueLike/Content/Realistic_Starter_VFX_Pack_Vol2/Textures/T_Impact_Flare.uasset" 2372
"F:/Pro/FPSRogueLikePrj/FPSRogueLike/Content/Realistic_Starter_VFX_Pack_Vol2/Textures/T_Impact_Flare.ubulk" 2373
"F:/Pro/FPSRogueLikePrj/FPSRogueLike/Content/Realistic_Starter_VFX_Pack_Vol2/Textures/T_Impact_Flare.uexp" 2374
"F:/Pro/FPSRogueLikePrj/FPSRogueLike/Content/Realistic_Starter_VFX_Pack_Vol2/Materials/M_Impact_B.uasset" 2375
"F:/Pro/FPSRogueLikePrj/FPSRogueLike/Content/Realistic_Starter_VFX_Pack_Vol2/Materials/M_Impact_B.uexp" 2376
"F:/Pro/FPSRogueLikePrj/FPSRogueLike/Content/Realistic_Starter_VFX_Pack_Vol2/Textures/T_Smoke_Ground.uasset" 2377
"F:/Pro/FPSRogueLikePrj/FPSRogueLike/Content/Realistic_Starter_VFX_Pack_Vol2/Textures/T_Smoke_Ground.ubulk" 2378
"F:/Pro/FPSRogueLikePrj/FPSRogueLike/Content/Realistic_Starter_VFX_Pack_Vol2/Textures/T_Smoke_Ground.uexp" 2379
"F:/Pro/FPSRogueLikePrj/FPSRogueLike/Content/Realistic_Starter_VFX_Pack_Vol2/Materials/M_Smoke_Ground.uasset" 2380
"F:/Pro/FPSRogueLikePrj/FPSRogueLike/Content/Realistic_Starter_VFX_Pack_Vol2/Materials/M_Smoke_Ground.uexp" 2381
"F:/Pro/FPSRogueLikePrj/FPSRogueLike/Content/Realistic_Starter_VFX_Pack_Vol2/Particles/Explosion/P_Explosion_Side.uasset" 2382
"F:/Pro/FPSRogueLikePrj/FPSRogueLike/Content/Realistic_Starter_VFX_Pack_Vol2/Particles/Explosion/P_Explosion_Side.uexp" 2383
"F:/Pro/FPSRogueLikePrj/FPSRogueLike/Content/Realistic_Starter_VFX_Pack_Vol2/Textures/T_Epxlosion_G.uasset" 2384
"F:/Pro/FPSRogueLikePrj/FPSRogueLike/Content/Realistic_Starter_VFX_Pack_Vol2/Textures/T_Epxlosion_G.ubulk" 2385
"F:/Pro/FPSRogueLikePrj/FPSRogueLike/Content/Realistic_Starter_VFX_Pack_Vol2/Textures/T_Epxlosion_G.uexp" 2386
"F:/Pro/FPSRogueLikePrj/FPSRogueLike/Content/Realistic_Starter_VFX_Pack_Vol2/Materials/M_Explosion_G.uasset" 2387
"F:/Pro/FPSRogueLikePrj/FPSRogueLike/Content/Realistic_Starter_VFX_Pack_Vol2/Materials/M_Explosion_G.uexp" 2388
"F:/Pro/FPSRogueLikePrj/FPSRogueLike/Content/Realistic_Starter_VFX_Pack_Vol2/Textures/T_Explosion_E.uasset" 2389
"F:/Pro/FPSRogueLikePrj/FPSRogueLike/Content/Realistic_Starter_VFX_Pack_Vol2/Textures/T_Explosion_E.ubulk" 2390
"F:/Pro/FPSRogueLikePrj/FPSRogueLike/Content/Realistic_Starter_VFX_Pack_Vol2/Textures/T_Explosion_E.uexp" 2391
"F:/Pro/FPSRogueLikePrj/FPSRogueLike/Content/Realistic_Starter_VFX_Pack_Vol2/Materials/M_Explosion_E.uasset" 2392
"F:/Pro/FPSRogueLikePrj/FPSRogueLike/Content/Realistic_Starter_VFX_Pack_Vol2/Materials/M_Explosion_E.uexp" 2393
"F:/Pro/FPSRogueLikePrj/FPSRogueLike/Content/Realistic_Starter_VFX_Pack_Vol2/Particles/Explosion/P_Explosion_Big_C.uasset" 2394
"F:/Pro/FPSRogueLikePrj/FPSRogueLike/Content/Realistic_Starter_VFX_Pack_Vol2/Particles/Explosion/P_Explosion_Big_C.uexp" 2395
"F:/Pro/FPSRogueLikePrj/FPSRogueLike/Content/Realistic_Starter_VFX_Pack_Vol2/Textures/T_Impact.uasset" 2396
"F:/Pro/FPSRogueLikePrj/FPSRogueLike/Content/Realistic_Starter_VFX_Pack_Vol2/Textures/T_Impact.ubulk" 2397
"F:/Pro/FPSRogueLikePrj/FPSRogueLike/Content/Realistic_Starter_VFX_Pack_Vol2/Textures/T_Impact.uexp" 2398
"F:/Pro/FPSRogueLikePrj/FPSRogueLike/Content/Realistic_Starter_VFX_Pack_Vol2/Materials/M_Impact_C.uasset" 2399
"F:/Pro/FPSRogueLikePrj/FPSRogueLike/Content/Realistic_Starter_VFX_Pack_Vol2/Materials/M_Impact_C.uexp" 2400
"F:/Pro/FPSRogueLikePrj/FPSRogueLike/Content/Realistic_Starter_VFX_Pack_Vol2/Textures/T_Epxlosion_F.uasset" 2401
"F:/Pro/FPSRogueLikePrj/FPSRogueLike/Content/Realistic_Starter_VFX_Pack_Vol2/Textures/T_Epxlosion_F.ubulk" 2402
"F:/Pro/FPSRogueLikePrj/FPSRogueLike/Content/Realistic_Starter_VFX_Pack_Vol2/Textures/T_Epxlosion_F.uexp" 2403
"F:/Pro/FPSRogueLikePrj/FPSRogueLike/Content/Realistic_Starter_VFX_Pack_Vol2/Materials/M_Explosion_D.uasset" 2404
"F:/Pro/FPSRogueLikePrj/FPSRogueLike/Content/Realistic_Starter_VFX_Pack_Vol2/Materials/M_Explosion_D.uexp" 2405
"F:/Pro/FPSRogueLikePrj/FPSRogueLike/Content/Realistic_Starter_VFX_Pack_Vol2/Particles/Explosion/P_Explosion_Big_B.uasset" 2406
"F:/Pro/FPSRogueLikePrj/FPSRogueLike/Content/Realistic_Starter_VFX_Pack_Vol2/Particles/Explosion/P_Explosion_Big_B.uexp" 2407
"F:/Pro/FPSRogueLikePrj/FPSRogueLike/Content/Realistic_Starter_VFX_Pack_Vol2/Particles/Explosion/P_Explosion_Big_A.uasset" 2408
"F:/Pro/FPSRogueLikePrj/FPSRogueLike/Content/Realistic_Starter_VFX_Pack_Vol2/Particles/Explosion/P_Explosion_Big_A.uexp" 2409
"F:/Pro/FPSRogueLikePrj/FPSRogueLike/Content/Realistic_Starter_VFX_Pack_Vol2/Particles/Environment/P_Leaves_Vortex.uasset" 2410
"F:/Pro/FPSRogueLikePrj/FPSRogueLike/Content/Realistic_Starter_VFX_Pack_Vol2/Particles/Environment/P_Leaves_Vortex.uexp" 2411
"F:/Pro/FPSRogueLikePrj/FPSRogueLike/Content/Realistic_Starter_VFX_Pack_Vol2/Textures/T_Fish_NM.uasset" 2412
"F:/Pro/FPSRogueLikePrj/FPSRogueLike/Content/Realistic_Starter_VFX_Pack_Vol2/Textures/T_Fish_NM.ubulk" 2413
"F:/Pro/FPSRogueLikePrj/FPSRogueLike/Content/Realistic_Starter_VFX_Pack_Vol2/Textures/T_Fish_NM.uexp" 2414
"../../../Engine/Content/Functions/Engine_MaterialFunctions02/WorldPositionOffset/ObjectPivotPoint.uasset" 2415
"../../../Engine/Content/Functions/Engine_MaterialFunctions02/WorldPositionOffset/ObjectPivotPoint.uexp" 2416
"../../../Engine/Content/Functions/Engine_MaterialFunctions02/WorldPositionOffset/RotateAboutWorldAxis_cheap.uasset" 2417
"../../../Engine/Content/Functions/Engine_MaterialFunctions02/WorldPositionOffset/RotateAboutWorldAxis_cheap.uexp" 2418
"F:/Pro/FPSRogueLikePrj/FPSRogueLike/Content/Realistic_Starter_VFX_Pack_Vol2/Textures/T_Fish.uasset" 2419
"F:/Pro/FPSRogueLikePrj/FPSRogueLike/Content/Realistic_Starter_VFX_Pack_Vol2/Textures/T_Fish.ubulk" 2420
"F:/Pro/FPSRogueLikePrj/FPSRogueLike/Content/Realistic_Starter_VFX_Pack_Vol2/Textures/T_Fish.uexp" 2421
"F:/Pro/FPSRogueLikePrj/FPSRogueLike/Content/Realistic_Starter_VFX_Pack_Vol2/Materials/M_Fish_A.uasset" 2422
"F:/Pro/FPSRogueLikePrj/FPSRogueLike/Content/Realistic_Starter_VFX_Pack_Vol2/Materials/M_Fish_A.uexp" 2423
"F:/Pro/FPSRogueLikePrj/FPSRogueLike/Content/Realistic_Starter_VFX_Pack_Vol2/Particles/Environment/P_Fish_B.uasset" 2424
"F:/Pro/FPSRogueLikePrj/FPSRogueLike/Content/Realistic_Starter_VFX_Pack_Vol2/Particles/Environment/P_Fish_B.uexp" 2425
"F:/Pro/FPSRogueLikePrj/FPSRogueLike/Content/Realistic_Starter_VFX_Pack_Vol2/Particles/Environment/P_Fish_A.uasset" 2426
"F:/Pro/FPSRogueLikePrj/FPSRogueLike/Content/Realistic_Starter_VFX_Pack_Vol2/Particles/Environment/P_Fish_A.uexp" 2427
"F:/Pro/FPSRogueLikePrj/FPSRogueLike/Content/Realistic_Starter_VFX_Pack_Vol2/Textures/T_Flies.uasset" 2428
"F:/Pro/FPSRogueLikePrj/FPSRogueLike/Content/Realistic_Starter_VFX_Pack_Vol2/Textures/T_Flies.ubulk" 2429
"F:/Pro/FPSRogueLikePrj/FPSRogueLike/Content/Realistic_Starter_VFX_Pack_Vol2/Textures/T_Flies.uexp" 2430
"F:/Pro/FPSRogueLikePrj/FPSRogueLike/Content/Realistic_Starter_VFX_Pack_Vol2/Textures/T_Fireflies_Emms.uasset" 2431
"F:/Pro/FPSRogueLikePrj/FPSRogueLike/Content/Realistic_Starter_VFX_Pack_Vol2/Textures/T_Fireflies_Emms.ubulk" 2432
"F:/Pro/FPSRogueLikePrj/FPSRogueLike/Content/Realistic_Starter_VFX_Pack_Vol2/Textures/T_Fireflies_Emms.uexp" 2433
"F:/Pro/FPSRogueLikePrj/FPSRogueLike/Content/Realistic_Starter_VFX_Pack_Vol2/Materials/M_Flies.uasset" 2434
"F:/Pro/FPSRogueLikePrj/FPSRogueLike/Content/Realistic_Starter_VFX_Pack_Vol2/Materials/M_Flies.uexp" 2435
"F:/Pro/FPSRogueLikePrj/FPSRogueLike/Content/Realistic_Starter_VFX_Pack_Vol2/Particles/Environment/P_Fireflies.uasset" 2436
"F:/Pro/FPSRogueLikePrj/FPSRogueLike/Content/Realistic_Starter_VFX_Pack_Vol2/Particles/Environment/P_Fireflies.uexp" 2437
"F:/Pro/FPSRogueLikePrj/FPSRogueLike/Content/Realistic_Starter_VFX_Pack_Vol2/Textures/T_Dandelion.uasset" 2438
"F:/Pro/FPSRogueLikePrj/FPSRogueLike/Content/Realistic_Starter_VFX_Pack_Vol2/Textures/T_Dandelion.ubulk" 2439
"F:/Pro/FPSRogueLikePrj/FPSRogueLike/Content/Realistic_Starter_VFX_Pack_Vol2/Textures/T_Dandelion.uexp" 2440
"F:/Pro/FPSRogueLikePrj/FPSRogueLike/Content/Realistic_Starter_VFX_Pack_Vol2/Materials/M_Dandelion.uasset" 2441
"F:/Pro/FPSRogueLikePrj/FPSRogueLike/Content/Realistic_Starter_VFX_Pack_Vol2/Materials/M_Dandelion.uexp" 2442
"F:/Pro/FPSRogueLikePrj/FPSRogueLike/Content/Realistic_Starter_VFX_Pack_Vol2/Particles/Environment/P_Dandelion.uasset" 2443
"F:/Pro/FPSRogueLikePrj/FPSRogueLike/Content/Realistic_Starter_VFX_Pack_Vol2/Particles/Environment/P_Dandelion.uexp" 2444
"F:/Pro/FPSRogueLikePrj/FPSRogueLike/Content/Realistic_Starter_VFX_Pack_Vol2/Textures/T_Butterfly.uasset" 2445
"F:/Pro/FPSRogueLikePrj/FPSRogueLike/Content/Realistic_Starter_VFX_Pack_Vol2/Textures/T_Butterfly.ubulk" 2446
"F:/Pro/FPSRogueLikePrj/FPSRogueLike/Content/Realistic_Starter_VFX_Pack_Vol2/Textures/T_Butterfly.uexp" 2447
"F:/Pro/FPSRogueLikePrj/FPSRogueLike/Content/Realistic_Starter_VFX_Pack_Vol2/Materials/M_Butterfly.uasset" 2448
"F:/Pro/FPSRogueLikePrj/FPSRogueLike/Content/Realistic_Starter_VFX_Pack_Vol2/Materials/M_Butterfly.uexp" 2449
"F:/Pro/FPSRogueLikePrj/FPSRogueLike/Content/Realistic_Starter_VFX_Pack_Vol2/Particles/Environment/P_Butterfly.uasset" 2450
"F:/Pro/FPSRogueLikePrj/FPSRogueLike/Content/Realistic_Starter_VFX_Pack_Vol2/Particles/Environment/P_Butterfly.uexp" 2451
"F:/Pro/FPSRogueLikePrj/FPSRogueLike/Content/Realistic_Starter_VFX_Pack_Vol2/Particles/Destruction/P_Destruction_Wood.uasset" 2452
"F:/Pro/FPSRogueLikePrj/FPSRogueLike/Content/Realistic_Starter_VFX_Pack_Vol2/Particles/Destruction/P_Destruction_Wood.uexp" 2453
"F:/Pro/FPSRogueLikePrj/FPSRogueLike/Content/Realistic_Starter_VFX_Pack_Vol2/Particles/Destruction/P_Destruction_Metal.uasset" 2454
"F:/Pro/FPSRogueLikePrj/FPSRogueLike/Content/Realistic_Starter_VFX_Pack_Vol2/Particles/Destruction/P_Destruction_Metal.uexp" 2455
"F:/Pro/FPSRogueLikePrj/FPSRogueLike/Content/Realistic_Starter_VFX_Pack_Vol2/Particles/Destruction/P_Destruction_Glass.uasset" 2456
"F:/Pro/FPSRogueLikePrj/FPSRogueLike/Content/Realistic_Starter_VFX_Pack_Vol2/Particles/Destruction/P_Destruction_Glass.uexp" 2457
"F:/Pro/FPSRogueLikePrj/FPSRogueLike/Content/Realistic_Starter_VFX_Pack_Vol2/Textures/T_Lightning_A.uasset" 2458
"F:/Pro/FPSRogueLikePrj/FPSRogueLike/Content/Realistic_Starter_VFX_Pack_Vol2/Textures/T_Lightning_A.ubulk" 2459
"F:/Pro/FPSRogueLikePrj/FPSRogueLike/Content/Realistic_Starter_VFX_Pack_Vol2/Textures/T_Lightning_A.uexp" 2460
"F:/Pro/FPSRogueLikePrj/FPSRogueLike/Content/Realistic_Starter_VFX_Pack_Vol2/Materials/M_Lightning_small.uasset" 2461
"F:/Pro/FPSRogueLikePrj/FPSRogueLike/Content/Realistic_Starter_VFX_Pack_Vol2/Materials/M_Lightning_small.uexp" 2462
"F:/Pro/FPSRogueLikePrj/FPSRogueLike/Content/Realistic_Starter_VFX_Pack_Vol2/Particles/Destruction/P_Destruction_Electric.uasset" 2463
"F:/Pro/FPSRogueLikePrj/FPSRogueLike/Content/Realistic_Starter_VFX_Pack_Vol2/Particles/Destruction/P_Destruction_Electric.uexp" 2464
"F:/Pro/FPSRogueLikePrj/FPSRogueLike/Content/Realistic_Starter_VFX_Pack_Vol2/Particles/Destruction/P_Destruction_Concrete.uasset" 2465
"F:/Pro/FPSRogueLikePrj/FPSRogueLike/Content/Realistic_Starter_VFX_Pack_Vol2/Particles/Destruction/P_Destruction_Concrete.uexp" 2466
"F:/Pro/FPSRogueLikePrj/FPSRogueLike/Content/Realistic_Starter_VFX_Pack_Vol2/Particles/Destruction/P_Destruction_Ceramic.uasset" 2467
"F:/Pro/FPSRogueLikePrj/FPSRogueLike/Content/Realistic_Starter_VFX_Pack_Vol2/Particles/Destruction/P_Destruction_Ceramic.uexp" 2468
"F:/Pro/FPSRogueLikePrj/FPSRogueLike/Content/Realistic_Starter_VFX_Pack_Vol2/Particles/Destruction/P_Destruction_Building_B.uasset" 2469
"F:/Pro/FPSRogueLikePrj/FPSRogueLike/Content/Realistic_Starter_VFX_Pack_Vol2/Particles/Destruction/P_Destruction_Building_B.uexp" 2470
"F:/Pro/FPSRogueLikePrj/FPSRogueLike/Content/Realistic_Starter_VFX_Pack_Vol2/Materials/M_Glow_A.uasset" 2471
"F:/Pro/FPSRogueLikePrj/FPSRogueLike/Content/Realistic_Starter_VFX_Pack_Vol2/Materials/M_Glow_A.uexp" 2472
"F:/Pro/FPSRogueLikePrj/FPSRogueLike/Content/Realistic_Starter_VFX_Pack_Vol2/Particles/Destruction/P_Destruction_Building_A.uasset" 2473
"F:/Pro/FPSRogueLikePrj/FPSRogueLike/Content/Realistic_Starter_VFX_Pack_Vol2/Particles/Destruction/P_Destruction_Building_A.uexp" 2474
"F:/Pro/FPSRogueLikePrj/FPSRogueLike/Content/Realistic_Starter_VFX_Pack_Vol2/Textures/T_Splash_A.uasset" 2475
"F:/Pro/FPSRogueLikePrj/FPSRogueLike/Content/Realistic_Starter_VFX_Pack_Vol2/Textures/T_Splash_A.ubulk" 2476
"F:/Pro/FPSRogueLikePrj/FPSRogueLike/Content/Realistic_Starter_VFX_Pack_Vol2/Textures/T_Splash_A.uexp" 2477
"F:/Pro/FPSRogueLikePrj/FPSRogueLike/Content/Realistic_Starter_VFX_Pack_Vol2/Materials/M_Blood_C.uasset" 2478
"F:/Pro/FPSRogueLikePrj/FPSRogueLike/Content/Realistic_Starter_VFX_Pack_Vol2/Materials/M_Blood_C.uexp" 2479
"F:/Pro/FPSRogueLikePrj/FPSRogueLike/Content/Realistic_Starter_VFX_Pack_Vol2/Particles/Blood/P_Blood_Splat_Cone.uasset" 2480
"F:/Pro/FPSRogueLikePrj/FPSRogueLike/Content/Realistic_Starter_VFX_Pack_Vol2/Particles/Blood/P_Blood_Splat_Cone.uexp" 2481
"F:/Pro/FPSRogueLikePrj/FPSRogueLike/Content/MilitaryWeapSilver/Weapons/Animations/Sniper_Rifle_A_Skeleton.uasset" 2482
"F:/Pro/FPSRogueLikePrj/FPSRogueLike/Content/MilitaryWeapSilver/Weapons/Animations/Sniper_Rifle_A_Skeleton.uexp" 2483
"F:/Pro/FPSRogueLikePrj/FPSRogueLike/Content/MilitaryWeapSilver/Weapons/Animations/Shotgun_A_Skeleton.uasset" 2484
"F:/Pro/FPSRogueLikePrj/FPSRogueLike/Content/MilitaryWeapSilver/Weapons/Animations/Shotgun_A_Skeleton.uexp" 2485
"F:/Pro/FPSRogueLikePrj/FPSRogueLike/Content/MilitaryWeapSilver/Weapons/Animations/Rocket_Launcher_A_Skeleton.uasset" 2486
"F:/Pro/FPSRogueLikePrj/FPSRogueLike/Content/MilitaryWeapSilver/Weapons/Animations/Rocket_Launcher_A_Skeleton.uexp" 2487
"F:/Pro/FPSRogueLikePrj/FPSRogueLike/Content/MilitaryWeapSilver/Sound/SniperRifle/Wavs/SniperRifle_Reload03.uasset" 2488
"F:/Pro/FPSRogueLikePrj/FPSRogueLike/Content/MilitaryWeapSilver/Sound/SniperRifle/Wavs/SniperRifle_Reload03.ubulk" 2489
"F:/Pro/FPSRogueLikePrj/FPSRogueLike/Content/MilitaryWeapSilver/Sound/SniperRifle/Wavs/SniperRifle_Reload03.uexp" 2490
"F:/Pro/FPSRogueLikePrj/FPSRogueLike/Content/MilitaryWeapSilver/Sound/SniperRifle/Wavs/SniperRifle_Reload01.uasset" 2491
"F:/Pro/FPSRogueLikePrj/FPSRogueLike/Content/MilitaryWeapSilver/Sound/SniperRifle/Wavs/SniperRifle_Reload01.ubulk" 2492
"F:/Pro/FPSRogueLikePrj/FPSRogueLike/Content/MilitaryWeapSilver/Sound/SniperRifle/Wavs/SniperRifle_Reload01.uexp" 2493
"F:/Pro/FPSRogueLikePrj/FPSRogueLike/Content/MilitaryWeapSilver/Sound/Attenuation/WeaponHandling_att.uasset" 2494
"F:/Pro/FPSRogueLikePrj/FPSRogueLike/Content/MilitaryWeapSilver/Sound/Attenuation/WeaponHandling_att.uexp" 2495
"F:/Pro/FPSRogueLikePrj/FPSRogueLike/Content/MilitaryWeapSilver/Sound/SniperRifle/Wavs/SniperRifle_Reload02.uasset" 2496
"F:/Pro/FPSRogueLikePrj/FPSRogueLike/Content/MilitaryWeapSilver/Sound/SniperRifle/Wavs/SniperRifle_Reload02.ubulk" 2497
"F:/Pro/FPSRogueLikePrj/FPSRogueLike/Content/MilitaryWeapSilver/Sound/SniperRifle/Wavs/SniperRifle_Reload02.uexp" 2498
"F:/Pro/FPSRogueLikePrj/FPSRogueLike/Content/MilitaryWeapSilver/Sound/SniperRifle/Cues/SniperRifle_Reload_Cue.uasset" 2499
"F:/Pro/FPSRogueLikePrj/FPSRogueLike/Content/MilitaryWeapSilver/Sound/SniperRifle/Cues/SniperRifle_Reload_Cue.uexp" 2500
"F:/Pro/FPSRogueLikePrj/FPSRogueLike/Content/MilitaryWeapSilver/Sound/SniperRifle/Wavs/SniperRifle_ReloadInsert03.uasset" 2501
"F:/Pro/FPSRogueLikePrj/FPSRogueLike/Content/MilitaryWeapSilver/Sound/SniperRifle/Wavs/SniperRifle_ReloadInsert03.ubulk" 2502
"F:/Pro/FPSRogueLikePrj/FPSRogueLike/Content/MilitaryWeapSilver/Sound/SniperRifle/Wavs/SniperRifle_ReloadInsert03.uexp" 2503
"F:/Pro/FPSRogueLikePrj/FPSRogueLike/Content/MilitaryWeapSilver/Sound/SniperRifle/Wavs/SniperRifle_ReloadInsert02.uasset" 2504
"F:/Pro/FPSRogueLikePrj/FPSRogueLike/Content/MilitaryWeapSilver/Sound/SniperRifle/Wavs/SniperRifle_ReloadInsert02.ubulk" 2505
"F:/Pro/FPSRogueLikePrj/FPSRogueLike/Content/MilitaryWeapSilver/Sound/SniperRifle/Wavs/SniperRifle_ReloadInsert02.uexp" 2506
"F:/Pro/FPSRogueLikePrj/FPSRogueLike/Content/MilitaryWeapSilver/Sound/SniperRifle/Wavs/SniperRifle_ReloadInsert01.uasset" 2507
"F:/Pro/FPSRogueLikePrj/FPSRogueLike/Content/MilitaryWeapSilver/Sound/SniperRifle/Wavs/SniperRifle_ReloadInsert01.ubulk" 2508
"F:/Pro/FPSRogueLikePrj/FPSRogueLike/Content/MilitaryWeapSilver/Sound/SniperRifle/Wavs/SniperRifle_ReloadInsert01.uexp" 2509
"F:/Pro/FPSRogueLikePrj/FPSRogueLike/Content/MilitaryWeapSilver/Sound/SniperRifle/Cues/SniperRifle_ReloadInsert_Cue.uasset" 2510
"F:/Pro/FPSRogueLikePrj/FPSRogueLike/Content/MilitaryWeapSilver/Sound/SniperRifle/Cues/SniperRifle_ReloadInsert_Cue.uexp" 2511
"F:/Pro/FPSRogueLikePrj/FPSRogueLike/Content/MilitaryWeapSilver/Weapons/Animations/Reload_SniperRifle_Ironsights_W.uasset" 2512
"F:/Pro/FPSRogueLikePrj/FPSRogueLike/Content/MilitaryWeapSilver/Weapons/Animations/Reload_SniperRifle_Ironsights_W.uexp" 2513
"F:/Pro/FPSRogueLikePrj/FPSRogueLike/Content/MilitaryWeapSilver/Weapons/Animations/Reload_SniperRifle_Hip_W.uasset" 2514
"F:/Pro/FPSRogueLikePrj/FPSRogueLike/Content/MilitaryWeapSilver/Weapons/Animations/Reload_SniperRifle_Hip_W.uexp" 2515
"F:/Pro/FPSRogueLikePrj/FPSRogueLike/Content/MilitaryWeapSilver/Sound/Shotgun/Wavs/Shotgun_Reload_In03.uasset" 2516
"F:/Pro/FPSRogueLikePrj/FPSRogueLike/Content/MilitaryWeapSilver/Sound/Shotgun/Wavs/Shotgun_Reload_In03.ubulk" 2517
"F:/Pro/FPSRogueLikePrj/FPSRogueLike/Content/MilitaryWeapSilver/Sound/Shotgun/Wavs/Shotgun_Reload_In03.uexp" 2518
"F:/Pro/FPSRogueLikePrj/FPSRogueLike/Content/MilitaryWeapSilver/Sound/Shotgun/Wavs/Shotgun_Reload_In02.uasset" 2519
"F:/Pro/FPSRogueLikePrj/FPSRogueLike/Content/MilitaryWeapSilver/Sound/Shotgun/Wavs/Shotgun_Reload_In02.ubulk" 2520
"F:/Pro/FPSRogueLikePrj/FPSRogueLike/Content/MilitaryWeapSilver/Sound/Shotgun/Wavs/Shotgun_Reload_In02.uexp" 2521
"F:/Pro/FPSRogueLikePrj/FPSRogueLike/Content/MilitaryWeapSilver/Sound/Shotgun/Wavs/Shotgun_Reload_In01.uasset" 2522
"F:/Pro/FPSRogueLikePrj/FPSRogueLike/Content/MilitaryWeapSilver/Sound/Shotgun/Wavs/Shotgun_Reload_In01.ubulk" 2523
"F:/Pro/FPSRogueLikePrj/FPSRogueLike/Content/MilitaryWeapSilver/Sound/Shotgun/Wavs/Shotgun_Reload_In01.uexp" 2524
"F:/Pro/FPSRogueLikePrj/FPSRogueLike/Content/MilitaryWeapSilver/Sound/Shotgun/Cues/Shotgun_Reload_In_Cue.uasset" 2525
"F:/Pro/FPSRogueLikePrj/FPSRogueLike/Content/MilitaryWeapSilver/Sound/Shotgun/Cues/Shotgun_Reload_In_Cue.uexp" 2526
"F:/Pro/FPSRogueLikePrj/FPSRogueLike/Content/MilitaryWeapSilver/Sound/Shotgun/Wavs/Shotgun_Reload_Out01.uasset" 2527
"F:/Pro/FPSRogueLikePrj/FPSRogueLike/Content/MilitaryWeapSilver/Sound/Shotgun/Wavs/Shotgun_Reload_Out01.ubulk" 2528
"F:/Pro/FPSRogueLikePrj/FPSRogueLike/Content/MilitaryWeapSilver/Sound/Shotgun/Wavs/Shotgun_Reload_Out01.uexp" 2529
"F:/Pro/FPSRogueLikePrj/FPSRogueLike/Content/MilitaryWeapSilver/Sound/Shotgun/Wavs/Shotgun_Reload_Out02.uasset" 2530
"F:/Pro/FPSRogueLikePrj/FPSRogueLike/Content/MilitaryWeapSilver/Sound/Shotgun/Wavs/Shotgun_Reload_Out02.ubulk" 2531
"F:/Pro/FPSRogueLikePrj/FPSRogueLike/Content/MilitaryWeapSilver/Sound/Shotgun/Wavs/Shotgun_Reload_Out02.uexp" 2532
"F:/Pro/FPSRogueLikePrj/FPSRogueLike/Content/MilitaryWeapSilver/Sound/Shotgun/Wavs/Shotgun_Reload_Out03.uasset" 2533
"F:/Pro/FPSRogueLikePrj/FPSRogueLike/Content/MilitaryWeapSilver/Sound/Shotgun/Wavs/Shotgun_Reload_Out03.ubulk" 2534
"F:/Pro/FPSRogueLikePrj/FPSRogueLike/Content/MilitaryWeapSilver/Sound/Shotgun/Wavs/Shotgun_Reload_Out03.uexp" 2535
"F:/Pro/FPSRogueLikePrj/FPSRogueLike/Content/MilitaryWeapSilver/Sound/Shotgun/Cues/Shotgun_Reload_Out_Cue.uasset" 2536
"F:/Pro/FPSRogueLikePrj/FPSRogueLike/Content/MilitaryWeapSilver/Sound/Shotgun/Cues/Shotgun_Reload_Out_Cue.uexp" 2537
"F:/Pro/FPSRogueLikePrj/FPSRogueLike/Content/MilitaryWeapSilver/Weapons/Animations/Reload_Shotgun_Ironsights_W.uasset" 2538
"F:/Pro/FPSRogueLikePrj/FPSRogueLike/Content/MilitaryWeapSilver/Weapons/Animations/Reload_Shotgun_Ironsights_W.uexp" 2539
"F:/Pro/FPSRogueLikePrj/FPSRogueLike/Content/MilitaryWeapSilver/Weapons/Animations/Reload_Shotgun_Hip_W.uasset" 2540
"F:/Pro/FPSRogueLikePrj/FPSRogueLike/Content/MilitaryWeapSilver/Weapons/Animations/Reload_Shotgun_Hip_W.uexp" 2541
"F:/Pro/FPSRogueLikePrj/FPSRogueLike/Content/MilitaryWeapSilver/Sound/RocketLauncher/Wavs/RocketLauncher_Reload03.uasset" 2542
"F:/Pro/FPSRogueLikePrj/FPSRogueLike/Content/MilitaryWeapSilver/Sound/RocketLauncher/Wavs/RocketLauncher_Reload03.ubulk" 2543
"F:/Pro/FPSRogueLikePrj/FPSRogueLike/Content/MilitaryWeapSilver/Sound/RocketLauncher/Wavs/RocketLauncher_Reload03.uexp" 2544
"F:/Pro/FPSRogueLikePrj/FPSRogueLike/Content/MilitaryWeapSilver/Sound/RocketLauncher/Cues/RocketLauncher_ReloadDetach_Cue.uasset" 2545
"F:/Pro/FPSRogueLikePrj/FPSRogueLike/Content/MilitaryWeapSilver/Sound/RocketLauncher/Cues/RocketLauncher_ReloadDetach_Cue.uexp" 2546
"F:/Pro/FPSRogueLikePrj/FPSRogueLike/Content/MilitaryWeapSilver/Sound/RocketLauncher/Wavs/RocketLauncher_Reload01.uasset" 2547
"F:/Pro/FPSRogueLikePrj/FPSRogueLike/Content/MilitaryWeapSilver/Sound/RocketLauncher/Wavs/RocketLauncher_Reload01.ubulk" 2548
"F:/Pro/FPSRogueLikePrj/FPSRogueLike/Content/MilitaryWeapSilver/Sound/RocketLauncher/Wavs/RocketLauncher_Reload01.uexp" 2549
"F:/Pro/FPSRogueLikePrj/FPSRogueLike/Content/MilitaryWeapSilver/Sound/RocketLauncher/Wavs/RocketLauncher_Reload02.uasset" 2550
"F:/Pro/FPSRogueLikePrj/FPSRogueLike/Content/MilitaryWeapSilver/Sound/RocketLauncher/Wavs/RocketLauncher_Reload02.ubulk" 2551
"F:/Pro/FPSRogueLikePrj/FPSRogueLike/Content/MilitaryWeapSilver/Sound/RocketLauncher/Wavs/RocketLauncher_Reload02.uexp" 2552
"F:/Pro/FPSRogueLikePrj/FPSRogueLike/Content/MilitaryWeapSilver/Sound/RocketLauncher/Cues/RocketLauncher_Reload_Cue.uasset" 2553
"F:/Pro/FPSRogueLikePrj/FPSRogueLike/Content/MilitaryWeapSilver/Sound/RocketLauncher/Cues/RocketLauncher_Reload_Cue.uexp" 2554
"F:/Pro/FPSRogueLikePrj/FPSRogueLike/Content/MilitaryWeapSilver/Weapons/Animations/Reload_RocketLauncher_W.uasset" 2555
"F:/Pro/FPSRogueLikePrj/FPSRogueLike/Content/MilitaryWeapSilver/Weapons/Animations/Reload_RocketLauncher_W.uexp" 2556
"F:/Pro/FPSRogueLikePrj/FPSRogueLike/Content/MilitaryWeapSilver/Sound/Rifle/Wavs/Rifle_Reload01.uasset" 2557
"F:/Pro/FPSRogueLikePrj/FPSRogueLike/Content/MilitaryWeapSilver/Sound/Rifle/Wavs/Rifle_Reload01.ubulk" 2558
"F:/Pro/FPSRogueLikePrj/FPSRogueLike/Content/MilitaryWeapSilver/Sound/Rifle/Wavs/Rifle_Reload01.uexp" 2559
"F:/Pro/FPSRogueLikePrj/FPSRogueLike/Content/MilitaryWeapSilver/Sound/Rifle/Cues/Rifle_Reload_Cue.uasset" 2560
"F:/Pro/FPSRogueLikePrj/FPSRogueLike/Content/MilitaryWeapSilver/Sound/Rifle/Cues/Rifle_Reload_Cue.uexp" 2561
"F:/Pro/FPSRogueLikePrj/FPSRogueLike/Content/MilitaryWeapSilver/Sound/Rifle/Wavs/Rifle_Reload02.uasset" 2562
"F:/Pro/FPSRogueLikePrj/FPSRogueLike/Content/MilitaryWeapSilver/Sound/Rifle/Wavs/Rifle_Reload02.ubulk" 2563
"F:/Pro/FPSRogueLikePrj/FPSRogueLike/Content/MilitaryWeapSilver/Sound/Rifle/Wavs/Rifle_Reload02.uexp" 2564
"F:/Pro/FPSRogueLikePrj/FPSRogueLike/Content/MilitaryWeapSilver/Sound/Rifle/Wavs/Rifle_Reload03.uasset" 2565
"F:/Pro/FPSRogueLikePrj/FPSRogueLike/Content/MilitaryWeapSilver/Sound/Rifle/Wavs/Rifle_Reload03.ubulk" 2566
"F:/Pro/FPSRogueLikePrj/FPSRogueLike/Content/MilitaryWeapSilver/Sound/Rifle/Wavs/Rifle_Reload03.uexp" 2567
"F:/Pro/FPSRogueLikePrj/FPSRogueLike/Content/MilitaryWeapSilver/Sound/Rifle/Cues/Rifle_ReloadInsert_Cue.uasset" 2568
"F:/Pro/FPSRogueLikePrj/FPSRogueLike/Content/MilitaryWeapSilver/Sound/Rifle/Cues/Rifle_ReloadInsert_Cue.uexp" 2569
"F:/Pro/FPSRogueLikePrj/FPSRogueLike/Content/MilitaryWeapSilver/Weapons/Animations/Reload_Rifle_Ironsights_W.uasset" 2570
"F:/Pro/FPSRogueLikePrj/FPSRogueLike/Content/MilitaryWeapSilver/Weapons/Animations/Reload_Rifle_Ironsights_W.uexp" 2571
"F:/Pro/FPSRogueLikePrj/FPSRogueLike/Content/MilitaryWeapSilver/Weapons/Animations/Reload_Rifle_Hip_W.uasset" 2572
"F:/Pro/FPSRogueLikePrj/FPSRogueLike/Content/MilitaryWeapSilver/Weapons/Animations/Reload_Rifle_Hip_W.uexp" 2573
"F:/Pro/FPSRogueLikePrj/FPSRogueLike/Content/MilitaryWeapSilver/Sound/Pistol/Wavs/Pistol_ReloadMagInsert01.uasset" 2574
"F:/Pro/FPSRogueLikePrj/FPSRogueLike/Content/MilitaryWeapSilver/Sound/Pistol/Wavs/Pistol_ReloadMagInsert01.ubulk" 2575
"F:/Pro/FPSRogueLikePrj/FPSRogueLike/Content/MilitaryWeapSilver/Sound/Pistol/Wavs/Pistol_ReloadMagInsert01.uexp" 2576
"F:/Pro/FPSRogueLikePrj/FPSRogueLike/Content/MilitaryWeapSilver/Sound/Pistol/Wavs/Pistol_ReloadSlideRack02.uasset" 2577
"F:/Pro/FPSRogueLikePrj/FPSRogueLike/Content/MilitaryWeapSilver/Sound/Pistol/Wavs/Pistol_ReloadSlideRack02.ubulk" 2578
"F:/Pro/FPSRogueLikePrj/FPSRogueLike/Content/MilitaryWeapSilver/Sound/Pistol/Wavs/Pistol_ReloadSlideRack02.uexp" 2579
"F:/Pro/FPSRogueLikePrj/FPSRogueLike/Content/MilitaryWeapSilver/Sound/Pistol/Wavs/Pistol_ReloadMagInsert02.uasset" 2580
"F:/Pro/FPSRogueLikePrj/FPSRogueLike/Content/MilitaryWeapSilver/Sound/Pistol/Wavs/Pistol_ReloadMagInsert02.ubulk" 2581
"F:/Pro/FPSRogueLikePrj/FPSRogueLike/Content/MilitaryWeapSilver/Sound/Pistol/Wavs/Pistol_ReloadMagInsert02.uexp" 2582
"F:/Pro/FPSRogueLikePrj/FPSRogueLike/Content/MilitaryWeapSilver/Sound/Pistol/Wavs/Pistol_ReloadSlideRack03.uasset" 2583
"F:/Pro/FPSRogueLikePrj/FPSRogueLike/Content/MilitaryWeapSilver/Sound/Pistol/Wavs/Pistol_ReloadSlideRack03.ubulk" 2584
"F:/Pro/FPSRogueLikePrj/FPSRogueLike/Content/MilitaryWeapSilver/Sound/Pistol/Wavs/Pistol_ReloadSlideRack03.uexp" 2585
"F:/Pro/FPSRogueLikePrj/FPSRogueLike/Content/MilitaryWeapSilver/Sound/Pistol/Wavs/Pistol_ReloadSlideRack01.uasset" 2586
"F:/Pro/FPSRogueLikePrj/FPSRogueLike/Content/MilitaryWeapSilver/Sound/Pistol/Wavs/Pistol_ReloadSlideRack01.ubulk" 2587
"F:/Pro/FPSRogueLikePrj/FPSRogueLike/Content/MilitaryWeapSilver/Sound/Pistol/Wavs/Pistol_ReloadSlideRack01.uexp" 2588
"F:/Pro/FPSRogueLikePrj/FPSRogueLike/Content/MilitaryWeapSilver/Sound/Pistol/Cues/Pistol_ReloadInsert_Cue.uasset" 2589
"F:/Pro/FPSRogueLikePrj/FPSRogueLike/Content/MilitaryWeapSilver/Sound/Pistol/Cues/Pistol_ReloadInsert_Cue.uexp" 2590
"F:/Pro/FPSRogueLikePrj/FPSRogueLike/Content/MilitaryWeapSilver/Sound/Pistol/Wavs/Pistol_ReloadMagEject02.uasset" 2591
"F:/Pro/FPSRogueLikePrj/FPSRogueLike/Content/MilitaryWeapSilver/Sound/Pistol/Wavs/Pistol_ReloadMagEject02.ubulk" 2592
"F:/Pro/FPSRogueLikePrj/FPSRogueLike/Content/MilitaryWeapSilver/Sound/Pistol/Wavs/Pistol_ReloadMagEject02.uexp" 2593
"F:/Pro/FPSRogueLikePrj/FPSRogueLike/Content/MilitaryWeapSilver/Sound/Pistol/Wavs/Pistol_ReloadMagEject01.uasset" 2594
"F:/Pro/FPSRogueLikePrj/FPSRogueLike/Content/MilitaryWeapSilver/Sound/Pistol/Wavs/Pistol_ReloadMagEject01.ubulk" 2595
"F:/Pro/FPSRogueLikePrj/FPSRogueLike/Content/MilitaryWeapSilver/Sound/Pistol/Wavs/Pistol_ReloadMagEject01.uexp" 2596
"F:/Pro/FPSRogueLikePrj/FPSRogueLike/Content/MilitaryWeapSilver/Sound/Pistol/Cues/Pistol_ReloadEject_Cue.uasset" 2597
"F:/Pro/FPSRogueLikePrj/FPSRogueLike/Content/MilitaryWeapSilver/Sound/Pistol/Cues/Pistol_ReloadEject_Cue.uexp" 2598
"F:/Pro/FPSRogueLikePrj/FPSRogueLike/Content/MilitaryWeapSilver/Weapons/Animations/Reload_Pistol_W.uasset" 2599
"F:/Pro/FPSRogueLikePrj/FPSRogueLike/Content/MilitaryWeapSilver/Weapons/Animations/Reload_Pistol_W.uexp" 2600
"F:/Pro/FPSRogueLikePrj/FPSRogueLike/Content/MilitaryWeapSilver/Sound/GrenadeLauncher/Wavs/GrenadeLauncher_Reload02.uasset" 2601
"F:/Pro/FPSRogueLikePrj/FPSRogueLike/Content/MilitaryWeapSilver/Sound/GrenadeLauncher/Wavs/GrenadeLauncher_Reload02.ubulk" 2602
"F:/Pro/FPSRogueLikePrj/FPSRogueLike/Content/MilitaryWeapSilver/Sound/GrenadeLauncher/Wavs/GrenadeLauncher_Reload02.uexp" 2603
"F:/Pro/FPSRogueLikePrj/FPSRogueLike/Content/MilitaryWeapSilver/Sound/GrenadeLauncher/Wavs/GrenadeLauncher_Reload01.uasset" 2604
"F:/Pro/FPSRogueLikePrj/FPSRogueLike/Content/MilitaryWeapSilver/Sound/GrenadeLauncher/Wavs/GrenadeLauncher_Reload01.ubulk" 2605
"F:/Pro/FPSRogueLikePrj/FPSRogueLike/Content/MilitaryWeapSilver/Sound/GrenadeLauncher/Wavs/GrenadeLauncher_Reload01.uexp" 2606
"F:/Pro/FPSRogueLikePrj/FPSRogueLike/Content/MilitaryWeapSilver/Sound/GrenadeLauncher/Wavs/GrenadeLauncher_Reload03.uasset" 2607
"F:/Pro/FPSRogueLikePrj/FPSRogueLike/Content/MilitaryWeapSilver/Sound/GrenadeLauncher/Wavs/GrenadeLauncher_Reload03.ubulk" 2608
"F:/Pro/FPSRogueLikePrj/FPSRogueLike/Content/MilitaryWeapSilver/Sound/GrenadeLauncher/Wavs/GrenadeLauncher_Reload03.uexp" 2609
"F:/Pro/FPSRogueLikePrj/FPSRogueLike/Content/MilitaryWeapSilver/Sound/GrenadeLauncher/Cues/GrenadeLauncher_Reload_Cue.uasset" 2610
"F:/Pro/FPSRogueLikePrj/FPSRogueLike/Content/MilitaryWeapSilver/Sound/GrenadeLauncher/Cues/GrenadeLauncher_Reload_Cue.uexp" 2611
"F:/Pro/FPSRogueLikePrj/FPSRogueLike/Content/MilitaryWeapSilver/Weapons/Animations/Reload_GrenadeLauncher_W.uasset" 2612
"F:/Pro/FPSRogueLikePrj/FPSRogueLike/Content/MilitaryWeapSilver/Weapons/Animations/Reload_GrenadeLauncher_W.uexp" 2613
"F:/Pro/FPSRogueLikePrj/FPSRogueLike/Content/MilitaryWeapSilver/Weapons/Animations/Prone_Reload_SniperRifle_W.uasset" 2614
"F:/Pro/FPSRogueLikePrj/FPSRogueLike/Content/MilitaryWeapSilver/Weapons/Animations/Prone_Reload_SniperRifle_W.uexp" 2615
"F:/Pro/FPSRogueLikePrj/FPSRogueLike/Content/MilitaryWeapSilver/Weapons/Animations/Prone_Reload_Shotgun_W.uasset" 2616
"F:/Pro/FPSRogueLikePrj/FPSRogueLike/Content/MilitaryWeapSilver/Weapons/Animations/Prone_Reload_Shotgun_W.uexp" 2617
"F:/Pro/FPSRogueLikePrj/FPSRogueLike/Content/MilitaryWeapSilver/Weapons/Animations/Prone_Reload_Rifle_W.uasset" 2618
"F:/Pro/FPSRogueLikePrj/FPSRogueLike/Content/MilitaryWeapSilver/Weapons/Animations/Prone_Reload_Rifle_W.uexp" 2619
"F:/Pro/FPSRogueLikePrj/FPSRogueLike/Content/MilitaryWeapSilver/Weapons/Animations/Pistols_A_Skeleton.uasset" 2620
"F:/Pro/FPSRogueLikePrj/FPSRogueLike/Content/MilitaryWeapSilver/Weapons/Animations/Pistols_A_Skeleton.uexp" 2621
"F:/Pro/FPSRogueLikePrj/FPSRogueLike/Content/MilitaryWeapSilver/Weapons/Animations/Knife_A_Skeleton.uasset" 2622
"F:/Pro/FPSRogueLikePrj/FPSRogueLike/Content/MilitaryWeapSilver/Weapons/Animations/Knife_A_Skeleton.uexp" 2623
"F:/Pro/FPSRogueLikePrj/FPSRogueLike/Content/MilitaryWeapSilver/Weapons/Animations/Grenade_Launcher_A_Skeleton.uasset" 2624
"F:/Pro/FPSRogueLikePrj/FPSRogueLike/Content/MilitaryWeapSilver/Weapons/Animations/Grenade_Launcher_A_Skeleton.uexp" 2625
"F:/Pro/FPSRogueLikePrj/FPSRogueLike/Content/MilitaryWeapSilver/Sound/SniperRifle/Wavs/SniperRifleA_Fire04.uasset" 2626
"F:/Pro/FPSRogueLikePrj/FPSRogueLike/Content/MilitaryWeapSilver/Sound/SniperRifle/Wavs/SniperRifleA_Fire04.ubulk" 2627
"F:/Pro/FPSRogueLikePrj/FPSRogueLike/Content/MilitaryWeapSilver/Sound/SniperRifle/Wavs/SniperRifleA_Fire04.uexp" 2628
"F:/Pro/FPSRogueLikePrj/FPSRogueLike/Content/MilitaryWeapSilver/Sound/SniperRifle/Wavs/SniperRifleA_Fire02.uasset" 2629
"F:/Pro/FPSRogueLikePrj/FPSRogueLike/Content/MilitaryWeapSilver/Sound/SniperRifle/Wavs/SniperRifleA_Fire02.ubulk" 2630
"F:/Pro/FPSRogueLikePrj/FPSRogueLike/Content/MilitaryWeapSilver/Sound/SniperRifle/Wavs/SniperRifleA_Fire02.uexp" 2631
"F:/Pro/FPSRogueLikePrj/FPSRogueLike/Content/MilitaryWeapSilver/Sound/Attenuation/WeaponShot_att.uasset" 2632
"F:/Pro/FPSRogueLikePrj/FPSRogueLike/Content/MilitaryWeapSilver/Sound/Attenuation/WeaponShot_att.uexp" 2633
"F:/Pro/FPSRogueLikePrj/FPSRogueLike/Content/MilitaryWeapSilver/Sound/SniperRifle/Wavs/SniperRifleA_Fire03.uasset" 2634
"F:/Pro/FPSRogueLikePrj/FPSRogueLike/Content/MilitaryWeapSilver/Sound/SniperRifle/Wavs/SniperRifleA_Fire03.ubulk" 2635
"F:/Pro/FPSRogueLikePrj/FPSRogueLike/Content/MilitaryWeapSilver/Sound/SniperRifle/Wavs/SniperRifleA_Fire03.uexp" 2636
"F:/Pro/FPSRogueLikePrj/FPSRogueLike/Content/MilitaryWeapSilver/Sound/SniperRifle/Wavs/SniperRifleA_Fire_ST02.uasset" 2637
"F:/Pro/FPSRogueLikePrj/FPSRogueLike/Content/MilitaryWeapSilver/Sound/SniperRifle/Wavs/SniperRifleA_Fire_ST02.ubulk" 2638
"F:/Pro/FPSRogueLikePrj/FPSRogueLike/Content/MilitaryWeapSilver/Sound/SniperRifle/Wavs/SniperRifleA_Fire_ST02.uexp" 2639
"F:/Pro/FPSRogueLikePrj/FPSRogueLike/Content/MilitaryWeapSilver/Sound/SniperRifle/Wavs/SniperRifleA_Fire_ST01.uasset" 2640
"F:/Pro/FPSRogueLikePrj/FPSRogueLike/Content/MilitaryWeapSilver/Sound/SniperRifle/Wavs/SniperRifleA_Fire_ST01.ubulk" 2641
"F:/Pro/FPSRogueLikePrj/FPSRogueLike/Content/MilitaryWeapSilver/Sound/SniperRifle/Wavs/SniperRifleA_Fire_ST01.uexp" 2642
"F:/Pro/FPSRogueLikePrj/FPSRogueLike/Content/MilitaryWeapSilver/Sound/SniperRifle/Wavs/SniperRifleA_Fire_ST03.uasset" 2643
"F:/Pro/FPSRogueLikePrj/FPSRogueLike/Content/MilitaryWeapSilver/Sound/SniperRifle/Wavs/SniperRifleA_Fire_ST03.ubulk" 2644
"F:/Pro/FPSRogueLikePrj/FPSRogueLike/Content/MilitaryWeapSilver/Sound/SniperRifle/Wavs/SniperRifleA_Fire_ST03.uexp" 2645
"F:/Pro/FPSRogueLikePrj/FPSRogueLike/Content/MilitaryWeapSilver/Sound/SniperRifle/Wavs/SniperRifleA_Fire01.uasset" 2646
"F:/Pro/FPSRogueLikePrj/FPSRogueLike/Content/MilitaryWeapSilver/Sound/SniperRifle/Wavs/SniperRifleA_Fire01.ubulk" 2647
"F:/Pro/FPSRogueLikePrj/FPSRogueLike/Content/MilitaryWeapSilver/Sound/SniperRifle/Wavs/SniperRifleA_Fire01.uexp" 2648
"F:/Pro/FPSRogueLikePrj/FPSRogueLike/Content/MilitaryWeapSilver/Sound/SniperRifle/Wavs/SniperRifleA_Fire_ST04.uasset" 2649
"F:/Pro/FPSRogueLikePrj/FPSRogueLike/Content/MilitaryWeapSilver/Sound/SniperRifle/Wavs/SniperRifleA_Fire_ST04.ubulk" 2650
"F:/Pro/FPSRogueLikePrj/FPSRogueLike/Content/MilitaryWeapSilver/Sound/SniperRifle/Wavs/SniperRifleA_Fire_ST04.uexp" 2651
"F:/Pro/FPSRogueLikePrj/FPSRogueLike/Content/MilitaryWeapSilver/Sound/SniperRifle/Cues/SniperRifleA_Fire_Cue.uasset" 2652
"F:/Pro/FPSRogueLikePrj/FPSRogueLike/Content/MilitaryWeapSilver/Sound/SniperRifle/Cues/SniperRifleA_Fire_Cue.uexp" 2653
"F:/Pro/FPSRogueLikePrj/FPSRogueLike/Content/MilitaryWeapSilver/Weapons/Animations/Fire_SniperRifle_W.uasset" 2654
"F:/Pro/FPSRogueLikePrj/FPSRogueLike/Content/MilitaryWeapSilver/Weapons/Animations/Fire_SniperRifle_W.uexp" 2655
"F:/Pro/FPSRogueLikePrj/FPSRogueLike/Content/MilitaryWeapSilver/FX/Materials/M_Ember_01.uasset" 2656
"F:/Pro/FPSRogueLikePrj/FPSRogueLike/Content/MilitaryWeapSilver/FX/Materials/M_Ember_01.uexp" 2657
"F:/Pro/FPSRogueLikePrj/FPSRogueLike/Content/MilitaryWeapSilver/FX/P_Shotgun_MuzzleFlash_01.uasset" 2658
"F:/Pro/FPSRogueLikePrj/FPSRogueLike/Content/MilitaryWeapSilver/FX/P_Shotgun_MuzzleFlash_01.uexp" 2659
"F:/Pro/FPSRogueLikePrj/FPSRogueLike/Content/MilitaryWeapSilver/Sound/Shotgun/Wavs/ShotgunA_Fire_ST01.uasset" 2660
"F:/Pro/FPSRogueLikePrj/FPSRogueLike/Content/MilitaryWeapSilver/Sound/Shotgun/Wavs/ShotgunA_Fire_ST01.ubulk" 2661
"F:/Pro/FPSRogueLikePrj/FPSRogueLike/Content/MilitaryWeapSilver/Sound/Shotgun/Wavs/ShotgunA_Fire_ST01.uexp" 2662
"F:/Pro/FPSRogueLikePrj/FPSRogueLike/Content/MilitaryWeapSilver/Sound/Shotgun/Wavs/ShotgunA_Fire03.uasset" 2663
"F:/Pro/FPSRogueLikePrj/FPSRogueLike/Content/MilitaryWeapSilver/Sound/Shotgun/Wavs/ShotgunA_Fire03.ubulk" 2664
"F:/Pro/FPSRogueLikePrj/FPSRogueLike/Content/MilitaryWeapSilver/Sound/Shotgun/Wavs/ShotgunA_Fire03.uexp" 2665
"F:/Pro/FPSRogueLikePrj/FPSRogueLike/Content/MilitaryWeapSilver/Sound/Shotgun/Wavs/ShotgunA_Fire_ST04.uasset" 2666
"F:/Pro/FPSRogueLikePrj/FPSRogueLike/Content/MilitaryWeapSilver/Sound/Shotgun/Wavs/ShotgunA_Fire_ST04.ubulk" 2667
"F:/Pro/FPSRogueLikePrj/FPSRogueLike/Content/MilitaryWeapSilver/Sound/Shotgun/Wavs/ShotgunA_Fire_ST04.uexp" 2668
"F:/Pro/FPSRogueLikePrj/FPSRogueLike/Content/MilitaryWeapSilver/Sound/Shotgun/Wavs/ShotgunA_Fire02.uasset" 2669
"F:/Pro/FPSRogueLikePrj/FPSRogueLike/Content/MilitaryWeapSilver/Sound/Shotgun/Wavs/ShotgunA_Fire02.ubulk" 2670
"F:/Pro/FPSRogueLikePrj/FPSRogueLike/Content/MilitaryWeapSilver/Sound/Shotgun/Wavs/ShotgunA_Fire02.uexp" 2671
"F:/Pro/FPSRogueLikePrj/FPSRogueLike/Content/MilitaryWeapSilver/Sound/Shotgun/Wavs/ShotgunA_Fire01.uasset" 2672
"F:/Pro/FPSRogueLikePrj/FPSRogueLike/Content/MilitaryWeapSilver/Sound/Shotgun/Wavs/ShotgunA_Fire01.ubulk" 2673
"F:/Pro/FPSRogueLikePrj/FPSRogueLike/Content/MilitaryWeapSilver/Sound/Shotgun/Wavs/ShotgunA_Fire01.uexp" 2674
"F:/Pro/FPSRogueLikePrj/FPSRogueLike/Content/MilitaryWeapSilver/Sound/Shotgun/Wavs/ShotgunA_Fire_ST03.uasset" 2675
"F:/Pro/FPSRogueLikePrj/FPSRogueLike/Content/MilitaryWeapSilver/Sound/Shotgun/Wavs/ShotgunA_Fire_ST03.ubulk" 2676
"F:/Pro/FPSRogueLikePrj/FPSRogueLike/Content/MilitaryWeapSilver/Sound/Shotgun/Wavs/ShotgunA_Fire_ST03.uexp" 2677
"F:/Pro/FPSRogueLikePrj/FPSRogueLike/Content/MilitaryWeapSilver/Sound/Shotgun/Wavs/ShotgunA_Fire_ST02.uasset" 2678
"F:/Pro/FPSRogueLikePrj/FPSRogueLike/Content/MilitaryWeapSilver/Sound/Shotgun/Wavs/ShotgunA_Fire_ST02.ubulk" 2679
"F:/Pro/FPSRogueLikePrj/FPSRogueLike/Content/MilitaryWeapSilver/Sound/Shotgun/Wavs/ShotgunA_Fire_ST02.uexp" 2680
"F:/Pro/FPSRogueLikePrj/FPSRogueLike/Content/MilitaryWeapSilver/Sound/Shotgun/Wavs/ShotgunA_Fire04.uasset" 2681
"F:/Pro/FPSRogueLikePrj/FPSRogueLike/Content/MilitaryWeapSilver/Sound/Shotgun/Wavs/ShotgunA_Fire04.ubulk" 2682
"F:/Pro/FPSRogueLikePrj/FPSRogueLike/Content/MilitaryWeapSilver/Sound/Shotgun/Wavs/ShotgunA_Fire04.uexp" 2683
"F:/Pro/FPSRogueLikePrj/FPSRogueLike/Content/MilitaryWeapSilver/Sound/Shotgun/Cues/ShotgunA_Fire_Cue.uasset" 2684
"F:/Pro/FPSRogueLikePrj/FPSRogueLike/Content/MilitaryWeapSilver/Sound/Shotgun/Cues/ShotgunA_Fire_Cue.uexp" 2685
"F:/Pro/FPSRogueLikePrj/FPSRogueLike/Content/MilitaryWeapSilver/Sound/Shotgun/Wavs/Shotgun_Reload01.uasset" 2686
"F:/Pro/FPSRogueLikePrj/FPSRogueLike/Content/MilitaryWeapSilver/Sound/Shotgun/Wavs/Shotgun_Reload01.ubulk" 2687
"F:/Pro/FPSRogueLikePrj/FPSRogueLike/Content/MilitaryWeapSilver/Sound/Shotgun/Wavs/Shotgun_Reload01.uexp" 2688
"F:/Pro/FPSRogueLikePrj/FPSRogueLike/Content/MilitaryWeapSilver/Sound/Shotgun/Wavs/Shotgun_Reload03.uasset" 2689
"F:/Pro/FPSRogueLikePrj/FPSRogueLike/Content/MilitaryWeapSilver/Sound/Shotgun/Wavs/Shotgun_Reload03.ubulk" 2690
"F:/Pro/FPSRogueLikePrj/FPSRogueLike/Content/MilitaryWeapSilver/Sound/Shotgun/Wavs/Shotgun_Reload03.uexp" 2691
"F:/Pro/FPSRogueLikePrj/FPSRogueLike/Content/MilitaryWeapSilver/Sound/Shotgun/Wavs/Shotgun_Reload02.uasset" 2692
"F:/Pro/FPSRogueLikePrj/FPSRogueLike/Content/MilitaryWeapSilver/Sound/Shotgun/Wavs/Shotgun_Reload02.ubulk" 2693
"F:/Pro/FPSRogueLikePrj/FPSRogueLike/Content/MilitaryWeapSilver/Sound/Shotgun/Wavs/Shotgun_Reload02.uexp" 2694
"F:/Pro/FPSRogueLikePrj/FPSRogueLike/Content/MilitaryWeapSilver/Sound/Shotgun/Cues/Shotgun_Reload_Cue.uasset" 2695
"F:/Pro/FPSRogueLikePrj/FPSRogueLike/Content/MilitaryWeapSilver/Sound/Shotgun/Cues/Shotgun_Reload_Cue.uexp" 2696
"F:/Pro/FPSRogueLikePrj/FPSRogueLike/Content/MilitaryWeapSilver/Weapons/Animations/Fire_Shotgun_W.uasset" 2697
"F:/Pro/FPSRogueLikePrj/FPSRogueLike/Content/MilitaryWeapSilver/Weapons/Animations/Fire_Shotgun_W.uexp" 2698
"F:/Pro/FPSRogueLikePrj/FPSRogueLike/Content/MilitaryWeapSilver/Sound/RocketLauncher/Wavs/RocketLauncherA_Fire_ST02.uasset" 2699
"F:/Pro/FPSRogueLikePrj/FPSRogueLike/Content/MilitaryWeapSilver/Sound/RocketLauncher/Wavs/RocketLauncherA_Fire_ST02.ubulk" 2700
"F:/Pro/FPSRogueLikePrj/FPSRogueLike/Content/MilitaryWeapSilver/Sound/RocketLauncher/Wavs/RocketLauncherA_Fire_ST02.uexp" 2701
"F:/Pro/FPSRogueLikePrj/FPSRogueLike/Content/MilitaryWeapSilver/Sound/RocketLauncher/Wavs/RocketLauncherA_Fire_ST04.uasset" 2702
"F:/Pro/FPSRogueLikePrj/FPSRogueLike/Content/MilitaryWeapSilver/Sound/RocketLauncher/Wavs/RocketLauncherA_Fire_ST04.ubulk" 2703
"F:/Pro/FPSRogueLikePrj/FPSRogueLike/Content/MilitaryWeapSilver/Sound/RocketLauncher/Wavs/RocketLauncherA_Fire_ST04.uexp" 2704
"F:/Pro/FPSRogueLikePrj/FPSRogueLike/Content/MilitaryWeapSilver/Sound/RocketLauncher/Wavs/RocketLauncherA_Fire_ST03.uasset" 2705
"F:/Pro/FPSRogueLikePrj/FPSRogueLike/Content/MilitaryWeapSilver/Sound/RocketLauncher/Wavs/RocketLauncherA_Fire_ST03.ubulk" 2706
"F:/Pro/FPSRogueLikePrj/FPSRogueLike/Content/MilitaryWeapSilver/Sound/RocketLauncher/Wavs/RocketLauncherA_Fire_ST03.uexp" 2707
"F:/Pro/FPSRogueLikePrj/FPSRogueLike/Content/MilitaryWeapSilver/Sound/RocketLauncher/Wavs/RocketLauncherA_Fire04.uasset" 2708
"F:/Pro/FPSRogueLikePrj/FPSRogueLike/Content/MilitaryWeapSilver/Sound/RocketLauncher/Wavs/RocketLauncherA_Fire04.ubulk" 2709
"F:/Pro/FPSRogueLikePrj/FPSRogueLike/Content/MilitaryWeapSilver/Sound/RocketLauncher/Wavs/RocketLauncherA_Fire04.uexp" 2710
"F:/Pro/FPSRogueLikePrj/FPSRogueLike/Content/MilitaryWeapSilver/Sound/RocketLauncher/Wavs/RocketLauncherA_Fire02.uasset" 2711
"F:/Pro/FPSRogueLikePrj/FPSRogueLike/Content/MilitaryWeapSilver/Sound/RocketLauncher/Wavs/RocketLauncherA_Fire02.ubulk" 2712
"F:/Pro/FPSRogueLikePrj/FPSRogueLike/Content/MilitaryWeapSilver/Sound/RocketLauncher/Wavs/RocketLauncherA_Fire02.uexp" 2713
"F:/Pro/FPSRogueLikePrj/FPSRogueLike/Content/MilitaryWeapSilver/Sound/RocketLauncher/Wavs/RocketLauncherA_Fire_ST01.uasset" 2714
"F:/Pro/FPSRogueLikePrj/FPSRogueLike/Content/MilitaryWeapSilver/Sound/RocketLauncher/Wavs/RocketLauncherA_Fire_ST01.ubulk" 2715
"F:/Pro/FPSRogueLikePrj/FPSRogueLike/Content/MilitaryWeapSilver/Sound/RocketLauncher/Wavs/RocketLauncherA_Fire_ST01.uexp" 2716
"F:/Pro/FPSRogueLikePrj/FPSRogueLike/Content/MilitaryWeapSilver/Sound/RocketLauncher/Wavs/RocketLauncherA_Fire03.uasset" 2717
"F:/Pro/FPSRogueLikePrj/FPSRogueLike/Content/MilitaryWeapSilver/Sound/RocketLauncher/Wavs/RocketLauncherA_Fire03.ubulk" 2718
"F:/Pro/FPSRogueLikePrj/FPSRogueLike/Content/MilitaryWeapSilver/Sound/RocketLauncher/Wavs/RocketLauncherA_Fire03.uexp" 2719
"F:/Pro/FPSRogueLikePrj/FPSRogueLike/Content/MilitaryWeapSilver/Sound/RocketLauncher/Wavs/RocketLauncherA_Fire01.uasset" 2720
"F:/Pro/FPSRogueLikePrj/FPSRogueLike/Content/MilitaryWeapSilver/Sound/RocketLauncher/Wavs/RocketLauncherA_Fire01.ubulk" 2721
"F:/Pro/FPSRogueLikePrj/FPSRogueLike/Content/MilitaryWeapSilver/Sound/RocketLauncher/Wavs/RocketLauncherA_Fire01.uexp" 2722
"F:/Pro/FPSRogueLikePrj/FPSRogueLike/Content/MilitaryWeapSilver/Sound/RocketLauncher/Cues/RocketLauncherA_Fire_Cue.uasset" 2723
"F:/Pro/FPSRogueLikePrj/FPSRogueLike/Content/MilitaryWeapSilver/Sound/RocketLauncher/Cues/RocketLauncherA_Fire_Cue.uexp" 2724
"F:/Pro/FPSRogueLikePrj/FPSRogueLike/Content/MilitaryWeapSilver/FX/P_RocketLauncher_MuzzleFlash_Rear_01.uasset" 2725
"F:/Pro/FPSRogueLikePrj/FPSRogueLike/Content/MilitaryWeapSilver/FX/P_RocketLauncher_MuzzleFlash_Rear_01.uexp" 2726
"F:/Pro/FPSRogueLikePrj/FPSRogueLike/Content/MilitaryWeapSilver/FX/P_RocketLauncher_MuzzleFlash_Front_01.uasset" 2727
"F:/Pro/FPSRogueLikePrj/FPSRogueLike/Content/MilitaryWeapSilver/FX/P_RocketLauncher_MuzzleFlash_Front_01.uexp" 2728
"F:/Pro/FPSRogueLikePrj/FPSRogueLike/Content/MilitaryWeapSilver/Weapons/Animations/Fire_RocketLauncher_W.uasset" 2729
"F:/Pro/FPSRogueLikePrj/FPSRogueLike/Content/MilitaryWeapSilver/Weapons/Animations/Fire_RocketLauncher_W.uexp" 2730
"F:/Pro/FPSRogueLikePrj/FPSRogueLike/Content/MilitaryWeapSilver/Sound/Rifle/Wavs/RifleA_Fire_ST03.uasset" 2731
"F:/Pro/FPSRogueLikePrj/FPSRogueLike/Content/MilitaryWeapSilver/Sound/Rifle/Wavs/RifleA_Fire_ST03.ubulk" 2732
"F:/Pro/FPSRogueLikePrj/FPSRogueLike/Content/MilitaryWeapSilver/Sound/Rifle/Wavs/RifleA_Fire_ST03.uexp" 2733
"F:/Pro/FPSRogueLikePrj/FPSRogueLike/Content/MilitaryWeapSilver/Sound/Rifle/Wavs/RifleA_Fire05.uasset" 2734
"F:/Pro/FPSRogueLikePrj/FPSRogueLike/Content/MilitaryWeapSilver/Sound/Rifle/Wavs/RifleA_Fire05.ubulk" 2735
"F:/Pro/FPSRogueLikePrj/FPSRogueLike/Content/MilitaryWeapSilver/Sound/Rifle/Wavs/RifleA_Fire05.uexp" 2736
"F:/Pro/FPSRogueLikePrj/FPSRogueLike/Content/MilitaryWeapSilver/Sound/Rifle/Wavs/RifleA_Fire_ST06.uasset" 2737
"F:/Pro/FPSRogueLikePrj/FPSRogueLike/Content/MilitaryWeapSilver/Sound/Rifle/Wavs/RifleA_Fire_ST06.ubulk" 2738
"F:/Pro/FPSRogueLikePrj/FPSRogueLike/Content/MilitaryWeapSilver/Sound/Rifle/Wavs/RifleA_Fire_ST06.uexp" 2739
"F:/Pro/FPSRogueLikePrj/FPSRogueLike/Content/MilitaryWeapSilver/Sound/Rifle/Wavs/RifleA_Fire_ST05.uasset" 2740
"F:/Pro/FPSRogueLikePrj/FPSRogueLike/Content/MilitaryWeapSilver/Sound/Rifle/Wavs/RifleA_Fire_ST05.ubulk" 2741
"F:/Pro/FPSRogueLikePrj/FPSRogueLike/Content/MilitaryWeapSilver/Sound/Rifle/Wavs/RifleA_Fire_ST05.uexp" 2742
"F:/Pro/FPSRogueLikePrj/FPSRogueLike/Content/MilitaryWeapSilver/Sound/Rifle/Wavs/RifleA_Fire_ST02.uasset" 2743
"F:/Pro/FPSRogueLikePrj/FPSRogueLike/Content/MilitaryWeapSilver/Sound/Rifle/Wavs/RifleA_Fire_ST02.ubulk" 2744
"F:/Pro/FPSRogueLikePrj/FPSRogueLike/Content/MilitaryWeapSilver/Sound/Rifle/Wavs/RifleA_Fire_ST02.uexp" 2745
"F:/Pro/FPSRogueLikePrj/FPSRogueLike/Content/MilitaryWeapSilver/Sound/Rifle/Wavs/RifleA_Fire02.uasset" 2746
"F:/Pro/FPSRogueLikePrj/FPSRogueLike/Content/MilitaryWeapSilver/Sound/Rifle/Wavs/RifleA_Fire02.ubulk" 2747
"F:/Pro/FPSRogueLikePrj/FPSRogueLike/Content/MilitaryWeapSilver/Sound/Rifle/Wavs/RifleA_Fire02.uexp" 2748
"F:/Pro/FPSRogueLikePrj/FPSRogueLike/Content/MilitaryWeapSilver/Sound/Rifle/Wavs/RifleA_Fire03.uasset" 2749
"F:/Pro/FPSRogueLikePrj/FPSRogueLike/Content/MilitaryWeapSilver/Sound/Rifle/Wavs/RifleA_Fire03.ubulk" 2750
"F:/Pro/FPSRogueLikePrj/FPSRogueLike/Content/MilitaryWeapSilver/Sound/Rifle/Wavs/RifleA_Fire03.uexp" 2751
"F:/Pro/FPSRogueLikePrj/FPSRogueLike/Content/MilitaryWeapSilver/Sound/Rifle/Wavs/RifleA_Fire01.uasset" 2752
"F:/Pro/FPSRogueLikePrj/FPSRogueLike/Content/MilitaryWeapSilver/Sound/Rifle/Wavs/RifleA_Fire01.ubulk" 2753
"F:/Pro/FPSRogueLikePrj/FPSRogueLike/Content/MilitaryWeapSilver/Sound/Rifle/Wavs/RifleA_Fire01.uexp" 2754
"F:/Pro/FPSRogueLikePrj/FPSRogueLike/Content/MilitaryWeapSilver/Sound/Rifle/Wavs/RifleA_Fire04.uasset" 2755
"F:/Pro/FPSRogueLikePrj/FPSRogueLike/Content/MilitaryWeapSilver/Sound/Rifle/Wavs/RifleA_Fire04.ubulk" 2756
"F:/Pro/FPSRogueLikePrj/FPSRogueLike/Content/MilitaryWeapSilver/Sound/Rifle/Wavs/RifleA_Fire04.uexp" 2757
"F:/Pro/FPSRogueLikePrj/FPSRogueLike/Content/MilitaryWeapSilver/Sound/Rifle/Wavs/RifleA_Fire06.uasset" 2758
"F:/Pro/FPSRogueLikePrj/FPSRogueLike/Content/MilitaryWeapSilver/Sound/Rifle/Wavs/RifleA_Fire06.ubulk" 2759
"F:/Pro/FPSRogueLikePrj/FPSRogueLike/Content/MilitaryWeapSilver/Sound/Rifle/Wavs/RifleA_Fire06.uexp" 2760
"F:/Pro/FPSRogueLikePrj/FPSRogueLike/Content/MilitaryWeapSilver/Sound/Rifle/Wavs/RifleA_Fire_ST04.uasset" 2761
"F:/Pro/FPSRogueLikePrj/FPSRogueLike/Content/MilitaryWeapSilver/Sound/Rifle/Wavs/RifleA_Fire_ST04.ubulk" 2762
"F:/Pro/FPSRogueLikePrj/FPSRogueLike/Content/MilitaryWeapSilver/Sound/Rifle/Wavs/RifleA_Fire_ST04.uexp" 2763
"F:/Pro/FPSRogueLikePrj/FPSRogueLike/Content/MilitaryWeapSilver/Sound/Rifle/Wavs/RifleA_Fire_ST01.uasset" 2764
"F:/Pro/FPSRogueLikePrj/FPSRogueLike/Content/MilitaryWeapSilver/Sound/Rifle/Wavs/RifleA_Fire_ST01.ubulk" 2765
"F:/Pro/FPSRogueLikePrj/FPSRogueLike/Content/MilitaryWeapSilver/Sound/Rifle/Wavs/RifleA_Fire_ST01.uexp" 2766
"F:/Pro/FPSRogueLikePrj/FPSRogueLike/Content/MilitaryWeapSilver/Sound/Rifle/Cues/RifleA_Fire_Cue.uasset" 2767
"F:/Pro/FPSRogueLikePrj/FPSRogueLike/Content/MilitaryWeapSilver/Sound/Rifle/Cues/RifleA_Fire_Cue.uexp" 2768
"F:/Pro/FPSRogueLikePrj/FPSRogueLike/Content/MilitaryWeapSilver/Weapons/Animations/Fire_Rifle_W.uasset" 2769
"F:/Pro/FPSRogueLikePrj/FPSRogueLike/Content/MilitaryWeapSilver/Weapons/Animations/Fire_Rifle_W.uexp" 2770
"F:/Pro/FPSRogueLikePrj/FPSRogueLike/Content/MilitaryWeapSilver/FX/P_Pistol_MuzzleFlash_01.uasset" 2771
"F:/Pro/FPSRogueLikePrj/FPSRogueLike/Content/MilitaryWeapSilver/FX/P_Pistol_MuzzleFlash_01.uexp" 2772
"F:/Pro/FPSRogueLikePrj/FPSRogueLike/Content/MilitaryWeapSilver/Sound/Pistol/Wavs/PistolA_Fire_ST03.uasset" 2773
"F:/Pro/FPSRogueLikePrj/FPSRogueLike/Content/MilitaryWeapSilver/Sound/Pistol/Wavs/PistolA_Fire_ST03.ubulk" 2774
"F:/Pro/FPSRogueLikePrj/FPSRogueLike/Content/MilitaryWeapSilver/Sound/Pistol/Wavs/PistolA_Fire_ST03.uexp" 2775
"F:/Pro/FPSRogueLikePrj/FPSRogueLike/Content/MilitaryWeapSilver/Sound/Pistol/Wavs/PistolA_Fire_ST02.uasset" 2776
"F:/Pro/FPSRogueLikePrj/FPSRogueLike/Content/MilitaryWeapSilver/Sound/Pistol/Wavs/PistolA_Fire_ST02.ubulk" 2777
"F:/Pro/FPSRogueLikePrj/FPSRogueLike/Content/MilitaryWeapSilver/Sound/Pistol/Wavs/PistolA_Fire_ST02.uexp" 2778
"F:/Pro/FPSRogueLikePrj/FPSRogueLike/Content/MilitaryWeapSilver/Sound/Pistol/Wavs/PistolA_Fire02.uasset" 2779
"F:/Pro/FPSRogueLikePrj/FPSRogueLike/Content/MilitaryWeapSilver/Sound/Pistol/Wavs/PistolA_Fire02.ubulk" 2780
"F:/Pro/FPSRogueLikePrj/FPSRogueLike/Content/MilitaryWeapSilver/Sound/Pistol/Wavs/PistolA_Fire02.uexp" 2781
"F:/Pro/FPSRogueLikePrj/FPSRogueLike/Content/MilitaryWeapSilver/Sound/Pistol/Wavs/PistolA_Fire05.uasset" 2782
"F:/Pro/FPSRogueLikePrj/FPSRogueLike/Content/MilitaryWeapSilver/Sound/Pistol/Wavs/PistolA_Fire05.ubulk" 2783
"F:/Pro/FPSRogueLikePrj/FPSRogueLike/Content/MilitaryWeapSilver/Sound/Pistol/Wavs/PistolA_Fire05.uexp" 2784
"F:/Pro/FPSRogueLikePrj/FPSRogueLike/Content/MilitaryWeapSilver/Sound/Pistol/Wavs/PistolA_Fire04.uasset" 2785
"F:/Pro/FPSRogueLikePrj/FPSRogueLike/Content/MilitaryWeapSilver/Sound/Pistol/Wavs/PistolA_Fire04.ubulk" 2786
"F:/Pro/FPSRogueLikePrj/FPSRogueLike/Content/MilitaryWeapSilver/Sound/Pistol/Wavs/PistolA_Fire04.uexp" 2787
"F:/Pro/FPSRogueLikePrj/FPSRogueLike/Content/MilitaryWeapSilver/Sound/Pistol/Wavs/PistolA_Fire_ST01.uasset" 2788
"F:/Pro/FPSRogueLikePrj/FPSRogueLike/Content/MilitaryWeapSilver/Sound/Pistol/Wavs/PistolA_Fire_ST01.ubulk" 2789
"F:/Pro/FPSRogueLikePrj/FPSRogueLike/Content/MilitaryWeapSilver/Sound/Pistol/Wavs/PistolA_Fire_ST01.uexp" 2790
"F:/Pro/FPSRogueLikePrj/FPSRogueLike/Content/MilitaryWeapSilver/Sound/Pistol/Wavs/PistolA_Fire06.uasset" 2791
"F:/Pro/FPSRogueLikePrj/FPSRogueLike/Content/MilitaryWeapSilver/Sound/Pistol/Wavs/PistolA_Fire06.ubulk" 2792
"F:/Pro/FPSRogueLikePrj/FPSRogueLike/Content/MilitaryWeapSilver/Sound/Pistol/Wavs/PistolA_Fire06.uexp" 2793
"F:/Pro/FPSRogueLikePrj/FPSRogueLike/Content/MilitaryWeapSilver/Sound/Pistol/Wavs/PistolA_Fire_ST06.uasset" 2794
"F:/Pro/FPSRogueLikePrj/FPSRogueLike/Content/MilitaryWeapSilver/Sound/Pistol/Wavs/PistolA_Fire_ST06.ubulk" 2795
"F:/Pro/FPSRogueLikePrj/FPSRogueLike/Content/MilitaryWeapSilver/Sound/Pistol/Wavs/PistolA_Fire_ST06.uexp" 2796
"F:/Pro/FPSRogueLikePrj/FPSRogueLike/Content/MilitaryWeapSilver/Sound/Pistol/Wavs/PistolA_Fire03.uasset" 2797
"F:/Pro/FPSRogueLikePrj/FPSRogueLike/Content/MilitaryWeapSilver/Sound/Pistol/Wavs/PistolA_Fire03.ubulk" 2798
"F:/Pro/FPSRogueLikePrj/FPSRogueLike/Content/MilitaryWeapSilver/Sound/Pistol/Wavs/PistolA_Fire03.uexp" 2799
"F:/Pro/FPSRogueLikePrj/FPSRogueLike/Content/MilitaryWeapSilver/Sound/Pistol/Wavs/PistolA_Fire_ST05.uasset" 2800
"F:/Pro/FPSRogueLikePrj/FPSRogueLike/Content/MilitaryWeapSilver/Sound/Pistol/Wavs/PistolA_Fire_ST05.ubulk" 2801
"F:/Pro/FPSRogueLikePrj/FPSRogueLike/Content/MilitaryWeapSilver/Sound/Pistol/Wavs/PistolA_Fire_ST05.uexp" 2802
"F:/Pro/FPSRogueLikePrj/FPSRogueLike/Content/MilitaryWeapSilver/Sound/Pistol/Wavs/PistolA_Fire01.uasset" 2803
"F:/Pro/FPSRogueLikePrj/FPSRogueLike/Content/MilitaryWeapSilver/Sound/Pistol/Wavs/PistolA_Fire01.ubulk" 2804
"F:/Pro/FPSRogueLikePrj/FPSRogueLike/Content/MilitaryWeapSilver/Sound/Pistol/Wavs/PistolA_Fire01.uexp" 2805
"F:/Pro/FPSRogueLikePrj/FPSRogueLike/Content/MilitaryWeapSilver/Sound/Pistol/Wavs/PistolA_Fire_ST04.uasset" 2806
"F:/Pro/FPSRogueLikePrj/FPSRogueLike/Content/MilitaryWeapSilver/Sound/Pistol/Wavs/PistolA_Fire_ST04.ubulk" 2807
"F:/Pro/FPSRogueLikePrj/FPSRogueLike/Content/MilitaryWeapSilver/Sound/Pistol/Wavs/PistolA_Fire_ST04.uexp" 2808
"F:/Pro/FPSRogueLikePrj/FPSRogueLike/Content/MilitaryWeapSilver/Sound/Pistol/Cues/PistolA_Fire_Cue.uasset" 2809
"F:/Pro/FPSRogueLikePrj/FPSRogueLike/Content/MilitaryWeapSilver/Sound/Pistol/Cues/PistolA_Fire_Cue.uexp" 2810
"F:/Pro/FPSRogueLikePrj/FPSRogueLike/Content/MilitaryWeapSilver/Weapons/Animations/Fire_Pistol_W.uasset" 2811
"F:/Pro/FPSRogueLikePrj/FPSRogueLike/Content/MilitaryWeapSilver/Weapons/Animations/Fire_Pistol_W.uexp" 2812
"F:/Pro/FPSRogueLikePrj/FPSRogueLike/Content/MilitaryWeapSilver/FX/P_Grenade_MuzzleFlash_01.uasset" 2813
"F:/Pro/FPSRogueLikePrj/FPSRogueLike/Content/MilitaryWeapSilver/FX/P_Grenade_MuzzleFlash_01.uexp" 2814
"F:/Pro/FPSRogueLikePrj/FPSRogueLike/Content/MilitaryWeapSilver/Sound/GrenadeLauncher/Wavs/GrenadeLauncherA_Fire_ST04.uasset" 2815
"F:/Pro/FPSRogueLikePrj/FPSRogueLike/Content/MilitaryWeapSilver/Sound/GrenadeLauncher/Wavs/GrenadeLauncherA_Fire_ST04.ubulk" 2816
"F:/Pro/FPSRogueLikePrj/FPSRogueLike/Content/MilitaryWeapSilver/Sound/GrenadeLauncher/Wavs/GrenadeLauncherA_Fire_ST04.uexp" 2817
"F:/Pro/FPSRogueLikePrj/FPSRogueLike/Content/MilitaryWeapSilver/Sound/GrenadeLauncher/Wavs/GrenadeLauncherA_Fire_ST03.uasset" 2818
"F:/Pro/FPSRogueLikePrj/FPSRogueLike/Content/MilitaryWeapSilver/Sound/GrenadeLauncher/Wavs/GrenadeLauncherA_Fire_ST03.ubulk" 2819
"F:/Pro/FPSRogueLikePrj/FPSRogueLike/Content/MilitaryWeapSilver/Sound/GrenadeLauncher/Wavs/GrenadeLauncherA_Fire_ST03.uexp" 2820
"F:/Pro/FPSRogueLikePrj/FPSRogueLike/Content/MilitaryWeapSilver/Sound/GrenadeLauncher/Wavs/GrenadeLauncherA_Fire02.uasset" 2821
"F:/Pro/FPSRogueLikePrj/FPSRogueLike/Content/MilitaryWeapSilver/Sound/GrenadeLauncher/Wavs/GrenadeLauncherA_Fire02.ubulk" 2822
"F:/Pro/FPSRogueLikePrj/FPSRogueLike/Content/MilitaryWeapSilver/Sound/GrenadeLauncher/Wavs/GrenadeLauncherA_Fire02.uexp" 2823
"F:/Pro/FPSRogueLikePrj/FPSRogueLike/Content/MilitaryWeapSilver/Sound/GrenadeLauncher/Wavs/GrenadeLauncherA_Fire03.uasset" 2824
"F:/Pro/FPSRogueLikePrj/FPSRogueLike/Content/MilitaryWeapSilver/Sound/GrenadeLauncher/Wavs/GrenadeLauncherA_Fire03.ubulk" 2825
"F:/Pro/FPSRogueLikePrj/FPSRogueLike/Content/MilitaryWeapSilver/Sound/GrenadeLauncher/Wavs/GrenadeLauncherA_Fire03.uexp" 2826
"F:/Pro/FPSRogueLikePrj/FPSRogueLike/Content/MilitaryWeapSilver/Sound/GrenadeLauncher/Wavs/GrenadeLauncherA_Fire01.uasset" 2827
"F:/Pro/FPSRogueLikePrj/FPSRogueLike/Content/MilitaryWeapSilver/Sound/GrenadeLauncher/Wavs/GrenadeLauncherA_Fire01.ubulk" 2828
"F:/Pro/FPSRogueLikePrj/FPSRogueLike/Content/MilitaryWeapSilver/Sound/GrenadeLauncher/Wavs/GrenadeLauncherA_Fire01.uexp" 2829
"F:/Pro/FPSRogueLikePrj/FPSRogueLike/Content/MilitaryWeapSilver/Sound/GrenadeLauncher/Wavs/GrenadeLauncherA_Fire04.uasset" 2830
"F:/Pro/FPSRogueLikePrj/FPSRogueLike/Content/MilitaryWeapSilver/Sound/GrenadeLauncher/Wavs/GrenadeLauncherA_Fire04.ubulk" 2831
"F:/Pro/FPSRogueLikePrj/FPSRogueLike/Content/MilitaryWeapSilver/Sound/GrenadeLauncher/Wavs/GrenadeLauncherA_Fire04.uexp" 2832
"F:/Pro/FPSRogueLikePrj/FPSRogueLike/Content/MilitaryWeapSilver/Sound/GrenadeLauncher/Wavs/GrenadeLauncherA_Fire_ST01.uasset" 2833
"F:/Pro/FPSRogueLikePrj/FPSRogueLike/Content/MilitaryWeapSilver/Sound/GrenadeLauncher/Wavs/GrenadeLauncherA_Fire_ST01.ubulk" 2834
"F:/Pro/FPSRogueLikePrj/FPSRogueLike/Content/MilitaryWeapSilver/Sound/GrenadeLauncher/Wavs/GrenadeLauncherA_Fire_ST01.uexp" 2835
"F:/Pro/FPSRogueLikePrj/FPSRogueLike/Content/MilitaryWeapSilver/Sound/GrenadeLauncher/Wavs/GrenadeLauncherA_Fire_ST02.uasset" 2836
"F:/Pro/FPSRogueLikePrj/FPSRogueLike/Content/MilitaryWeapSilver/Sound/GrenadeLauncher/Wavs/GrenadeLauncherA_Fire_ST02.ubulk" 2837
"F:/Pro/FPSRogueLikePrj/FPSRogueLike/Content/MilitaryWeapSilver/Sound/GrenadeLauncher/Wavs/GrenadeLauncherA_Fire_ST02.uexp" 2838
"F:/Pro/FPSRogueLikePrj/FPSRogueLike/Content/MilitaryWeapSilver/Sound/GrenadeLauncher/Cues/GrenadeLauncherA_Fire_Cue.uasset" 2839
"F:/Pro/FPSRogueLikePrj/FPSRogueLike/Content/MilitaryWeapSilver/Sound/GrenadeLauncher/Cues/GrenadeLauncherA_Fire_Cue.uexp" 2840
"F:/Pro/FPSRogueLikePrj/FPSRogueLike/Content/MilitaryWeapSilver/Weapons/Animations/Fire_GrenadeLauncher_W.uasset" 2841
"F:/Pro/FPSRogueLikePrj/FPSRogueLike/Content/MilitaryWeapSilver/Weapons/Animations/Fire_GrenadeLauncher_W.uexp" 2842
"F:/Pro/FPSRogueLikePrj/FPSRogueLike/Content/MilitaryWeapSilver/Weapons/Animations/Assault_Rifle_A_Skeleton.uasset" 2843
"F:/Pro/FPSRogueLikePrj/FPSRogueLike/Content/MilitaryWeapSilver/Weapons/Animations/Assault_Rifle_A_Skeleton.uexp" 2844
"F:/Pro/FPSRogueLikePrj/FPSRogueLike/Content/MilitaryWeapSilver/FX/Textures/T_Grit_01.uasset" 2845
"F:/Pro/FPSRogueLikePrj/FPSRogueLike/Content/MilitaryWeapSilver/FX/Textures/T_Grit_01.ubulk" 2846
"F:/Pro/FPSRogueLikePrj/FPSRogueLike/Content/MilitaryWeapSilver/FX/Textures/T_Grit_01.uexp" 2847
"F:/Pro/FPSRogueLikePrj/FPSRogueLike/Content/MilitaryWeapSilver/FX/Textures/T_FrameClamp.uasset" 2848
"F:/Pro/FPSRogueLikePrj/FPSRogueLike/Content/MilitaryWeapSilver/FX/Textures/T_FrameClamp.ubulk" 2849
"F:/Pro/FPSRogueLikePrj/FPSRogueLike/Content/MilitaryWeapSilver/FX/Textures/T_FrameClamp.uexp" 2850
"F:/Pro/FPSRogueLikePrj/FPSRogueLike/Content/MilitaryWeapSilver/FX/Textures/T_Explosion_8x8_A_02.uasset" 2851
"F:/Pro/FPSRogueLikePrj/FPSRogueLike/Content/MilitaryWeapSilver/FX/Textures/T_Explosion_8x8_A_02.ubulk" 2852
"F:/Pro/FPSRogueLikePrj/FPSRogueLike/Content/MilitaryWeapSilver/FX/Textures/T_Explosion_8x8_A_02.uexp" 2853
"F:/Pro/FPSRogueLikePrj/FPSRogueLike/Content/MilitaryWeapSilver/FX/Textures/T_Explosion_8x8_A_01.uasset" 2854
"F:/Pro/FPSRogueLikePrj/FPSRogueLike/Content/MilitaryWeapSilver/FX/Textures/T_Explosion_8x8_A_01.ubulk" 2855
"F:/Pro/FPSRogueLikePrj/FPSRogueLike/Content/MilitaryWeapSilver/FX/Textures/T_Explosion_8x8_A_01.uexp" 2856
"F:/Pro/FPSRogueLikePrj/FPSRogueLike/Content/MilitaryWeapSilver/FX/Textures/T_Sparks_4x1_01.uasset" 2857
"F:/Pro/FPSRogueLikePrj/FPSRogueLike/Content/MilitaryWeapSilver/FX/Textures/T_Sparks_4x1_01.ubulk" 2858
"F:/Pro/FPSRogueLikePrj/FPSRogueLike/Content/MilitaryWeapSilver/FX/Textures/T_Sparks_4x1_01.uexp" 2859
"F:/Pro/FPSRogueLikePrj/FPSRogueLike/Content/MilitaryWeapSilver/FX/Materials/M_Sparks_4x1_01.uasset" 2860
"F:/Pro/FPSRogueLikePrj/FPSRogueLike/Content/MilitaryWeapSilver/FX/Materials/M_Sparks_4x1_01.uexp" 2861
"F:/Pro/FPSRogueLikePrj/FPSRogueLike/Content/MilitaryWeapSilver/FX/Textures/T_SmokeSimple_01.uasset" 2862
"F:/Pro/FPSRogueLikePrj/FPSRogueLike/Content/MilitaryWeapSilver/FX/Textures/T_SmokeSimple_01.ubulk" 2863
"F:/Pro/FPSRogueLikePrj/FPSRogueLike/Content/MilitaryWeapSilver/FX/Textures/T_SmokeSimple_01.uexp" 2864
"F:/Pro/FPSRogueLikePrj/FPSRogueLike/Content/MilitaryWeapSilver/FX/Materials/M_SmokeSimple_01.uasset" 2865
"F:/Pro/FPSRogueLikePrj/FPSRogueLike/Content/MilitaryWeapSilver/FX/Materials/M_SmokeSimple_01.uexp" 2866
"F:/Pro/FPSRogueLikePrj/FPSRogueLike/Content/MilitaryWeapSilver/FX/Materials/M_RocketLauncher_Trail_02_Inst.uasset" 2867
"F:/Pro/FPSRogueLikePrj/FPSRogueLike/Content/MilitaryWeapSilver/FX/Materials/M_RocketLauncher_Trail_02_Inst.uexp" 2868
"F:/Pro/FPSRogueLikePrj/FPSRogueLike/Content/FPWeapon/Materials/MaterialLayers/T_ML_FineRubber.uasset" 2869
"F:/Pro/FPSRogueLikePrj/FPSRogueLike/Content/FPWeapon/Materials/MaterialLayers/T_ML_FineRubber.ubulk" 2870
"F:/Pro/FPSRogueLikePrj/FPSRogueLike/Content/FPWeapon/Materials/MaterialLayers/T_ML_FineRubber.uexp" 2871
"F:/Pro/FPSRogueLikePrj/FPSRogueLike/Content/Characters/Mannequins/Meshes/Mannequin_LODSettings.uasset" 2872
"F:/Pro/FPSRogueLikePrj/FPSRogueLike/Content/Characters/Mannequins/Meshes/Mannequin_LODSettings.uexp" 2873
"F:/Pro/FPSRogueLikePrj/FPSRogueLike/Content/Characters/Mannequins/Animations/Manny/MM_Walk_InPlace.uasset" 2874
"F:/Pro/FPSRogueLikePrj/FPSRogueLike/Content/Characters/Mannequins/Animations/Manny/MM_Walk_InPlace.uexp" 2875
"F:/Pro/FPSRogueLikePrj/FPSRogueLike/Content/Characters/Mannequins/Animations/Quinn/BS_MF_Unarmed_WalkRun.uasset" 2876
"F:/Pro/FPSRogueLikePrj/FPSRogueLike/Content/Characters/Mannequins/Animations/Quinn/BS_MF_Unarmed_WalkRun.uexp" 2877
"F:/Pro/FPSRogueLikePrj/FPSRogueLike/Content/Characters/Mannequins/Animations/Manny/MM_Fall_Loop.uasset" 2878
"F:/Pro/FPSRogueLikePrj/FPSRogueLike/Content/Characters/Mannequins/Animations/Manny/MM_Fall_Loop.uexp" 2879
"F:/Pro/FPSRogueLikePrj/FPSRogueLike/Content/Characters/Mannequins/Animations/Manny/MM_Jump.uasset" 2880
"F:/Pro/FPSRogueLikePrj/FPSRogueLike/Content/Characters/Mannequins/Animations/Manny/MM_Jump.uexp" 2881
"F:/Pro/FPSRogueLikePrj/FPSRogueLike/Content/Characters/Mannequins/Rigs/CR_Mannequin_BasicFootIK.uasset" 2882
"F:/Pro/FPSRogueLikePrj/FPSRogueLike/Content/Characters/Mannequins/Rigs/CR_Mannequin_BasicFootIK.uexp" 2883
"F:/Pro/FPSRogueLikePrj/FPSRogueLike/Content/Characters/Mannequins/Animations/Manny/MM_Run_Fwd.uasset" 2884
"F:/Pro/FPSRogueLikePrj/FPSRogueLike/Content/Characters/Mannequins/Animations/Manny/MM_Run_Fwd.uexp" 2885
"F:/Pro/FPSRogueLikePrj/FPSRogueLike/Content/Characters/Mannequins/Animations/Manny/MM_Walk_Fwd.uasset" 2886
"F:/Pro/FPSRogueLikePrj/FPSRogueLike/Content/Characters/Mannequins/Animations/Manny/MM_Walk_Fwd.uexp" 2887
"F:/Pro/FPSRogueLikePrj/FPSRogueLike/Content/Characters/Mannequins/Animations/Manny/BS_MM_WalkRun.uasset" 2888
"F:/Pro/FPSRogueLikePrj/FPSRogueLike/Content/Characters/Mannequins/Animations/Manny/BS_MM_WalkRun.uexp" 2889
"F:/Pro/FPSRogueLikePrj/FPSRogueLike/Content/Characters/Mannequins/Animations/Manny/MM_Land.uasset" 2890
"F:/Pro/FPSRogueLikePrj/FPSRogueLike/Content/Characters/Mannequins/Animations/Manny/MM_Land.uexp" 2891
"F:/Pro/FPSRogueLikePrj/FPSRogueLike/Content/Characters/Mannequins/Animations/Manny/MM_Idle.uasset" 2892
"F:/Pro/FPSRogueLikePrj/FPSRogueLike/Content/Characters/Mannequins/Animations/Manny/MM_Idle.uexp" 2893
"F:/Pro/FPSRogueLikePrj/FPSRogueLike/Content/Characters/Mannequins/Animations/ABP_Manny.uasset" 2894
"F:/Pro/FPSRogueLikePrj/FPSRogueLike/Content/Characters/Mannequins/Animations/ABP_Manny.uexp" 2895
"F:/Pro/FPSRogueLikePrj/FPSRogueLike/Content/Characters/Mannequins/Animations/ABP_Quinn.uasset" 2896
"F:/Pro/FPSRogueLikePrj/FPSRogueLike/Content/Characters/Mannequins/Animations/ABP_Quinn.uexp" 2897
"F:/Pro/FPSRogueLikePrj/FPSRogueLike/Content/Sword_Animation/Demo/Characters/Mannequins/Meshes/Mannequin_LODSettings.uasset" 2898
"F:/Pro/FPSRogueLikePrj/FPSRogueLike/Content/Sword_Animation/Demo/Characters/Mannequins/Meshes/Mannequin_LODSettings.uexp" 2899
"F:/Pro/FPSRogueLikePrj/FPSRogueLike/Content/MilitaryWeapSilver/Sound/SniperRifle/Wavs/SniperRifle_ImpactSurface04.uasset" 2900
"F:/Pro/FPSRogueLikePrj/FPSRogueLike/Content/MilitaryWeapSilver/Sound/SniperRifle/Wavs/SniperRifle_ImpactSurface04.ubulk" 2901
"F:/Pro/FPSRogueLikePrj/FPSRogueLike/Content/MilitaryWeapSilver/Sound/SniperRifle/Wavs/SniperRifle_ImpactSurface04.uexp" 2902
"F:/Pro/FPSRogueLikePrj/FPSRogueLike/Content/MilitaryWeapSilver/Sound/SniperRifle/Wavs/SniperRifle_ImpactSurface03.uasset" 2903
"F:/Pro/FPSRogueLikePrj/FPSRogueLike/Content/MilitaryWeapSilver/Sound/SniperRifle/Wavs/SniperRifle_ImpactSurface03.ubulk" 2904
"F:/Pro/FPSRogueLikePrj/FPSRogueLike/Content/MilitaryWeapSilver/Sound/SniperRifle/Wavs/SniperRifle_ImpactSurface03.uexp" 2905
"F:/Pro/FPSRogueLikePrj/FPSRogueLike/Content/MilitaryWeapSilver/Sound/SniperRifle/Wavs/SniperRifle_ImpactSurface02.uasset" 2906
"F:/Pro/FPSRogueLikePrj/FPSRogueLike/Content/MilitaryWeapSilver/Sound/SniperRifle/Wavs/SniperRifle_ImpactSurface02.ubulk" 2907
"F:/Pro/FPSRogueLikePrj/FPSRogueLike/Content/MilitaryWeapSilver/Sound/SniperRifle/Wavs/SniperRifle_ImpactSurface02.uexp" 2908
"F:/Pro/FPSRogueLikePrj/FPSRogueLike/Content/MilitaryWeapSilver/Sound/SniperRifle/Wavs/SniperRifle_ZoomOut.uasset" 2909
"F:/Pro/FPSRogueLikePrj/FPSRogueLike/Content/MilitaryWeapSilver/Sound/SniperRifle/Wavs/SniperRifle_ZoomOut.ubulk" 2910
"F:/Pro/FPSRogueLikePrj/FPSRogueLike/Content/MilitaryWeapSilver/Sound/SniperRifle/Wavs/SniperRifle_ZoomOut.uexp" 2911
"F:/Pro/FPSRogueLikePrj/FPSRogueLike/Content/MilitaryWeapSilver/Sound/SniperRifle/Cues/SniperRifle_ZoomOut_Cue.uasset" 2912
"F:/Pro/FPSRogueLikePrj/FPSRogueLike/Content/MilitaryWeapSilver/Sound/SniperRifle/Cues/SniperRifle_ZoomOut_Cue.uexp" 2913
"F:/Pro/FPSRogueLikePrj/FPSRogueLike/Content/MilitaryWeapSilver/Sound/SniperRifle/Wavs/SniperRifle_ZoomIn.uasset" 2914
"F:/Pro/FPSRogueLikePrj/FPSRogueLike/Content/MilitaryWeapSilver/Sound/SniperRifle/Wavs/SniperRifle_ZoomIn.ubulk" 2915
"F:/Pro/FPSRogueLikePrj/FPSRogueLike/Content/MilitaryWeapSilver/Sound/SniperRifle/Wavs/SniperRifle_ZoomIn.uexp" 2916
"F:/Pro/FPSRogueLikePrj/FPSRogueLike/Content/MilitaryWeapSilver/Sound/SniperRifle/Cues/SniperRifle_ZoomIn_Cue.uasset" 2917
"F:/Pro/FPSRogueLikePrj/FPSRogueLike/Content/MilitaryWeapSilver/Sound/SniperRifle/Cues/SniperRifle_ZoomIn_Cue.uexp" 2918
"F:/Pro/FPSRogueLikePrj/FPSRogueLike/Content/MilitaryWeapSilver/Sound/SniperRifle/Wavs/SniperRifle_Raise.uasset" 2919
"F:/Pro/FPSRogueLikePrj/FPSRogueLike/Content/MilitaryWeapSilver/Sound/SniperRifle/Wavs/SniperRifle_Raise.ubulk" 2920
"F:/Pro/FPSRogueLikePrj/FPSRogueLike/Content/MilitaryWeapSilver/Sound/SniperRifle/Wavs/SniperRifle_Raise.uexp" 2921
"F:/Pro/FPSRogueLikePrj/FPSRogueLike/Content/MilitaryWeapSilver/Sound/SniperRifle/Cues/SniperRifle_Raise_Cue.uasset" 2922
"F:/Pro/FPSRogueLikePrj/FPSRogueLike/Content/MilitaryWeapSilver/Sound/SniperRifle/Cues/SniperRifle_Raise_Cue.uexp" 2923
"F:/Pro/FPSRogueLikePrj/FPSRogueLike/Content/MilitaryWeapSilver/Sound/SniperRifle/Wavs/SniperRifle_Lower.uasset" 2924
"F:/Pro/FPSRogueLikePrj/FPSRogueLike/Content/MilitaryWeapSilver/Sound/SniperRifle/Wavs/SniperRifle_Lower.ubulk" 2925
"F:/Pro/FPSRogueLikePrj/FPSRogueLike/Content/MilitaryWeapSilver/Sound/SniperRifle/Wavs/SniperRifle_Lower.uexp" 2926
"F:/Pro/FPSRogueLikePrj/FPSRogueLike/Content/MilitaryWeapSilver/Sound/SniperRifle/Cues/SniperRifle_Lower_Cue.uasset" 2927
"F:/Pro/FPSRogueLikePrj/FPSRogueLike/Content/MilitaryWeapSilver/Sound/SniperRifle/Cues/SniperRifle_Lower_Cue.uexp" 2928
"F:/Pro/FPSRogueLikePrj/FPSRogueLike/Content/MilitaryWeapSilver/Sound/Attenuation/ProjectileImpact_att.uasset" 2929
"F:/Pro/FPSRogueLikePrj/FPSRogueLike/Content/MilitaryWeapSilver/Sound/Attenuation/ProjectileImpact_att.uexp" 2930
"F:/Pro/FPSRogueLikePrj/FPSRogueLike/Content/MilitaryWeapSilver/Sound/SniperRifle/Wavs/SniperRifle_ImpactSurface01.uasset" 2931
"F:/Pro/FPSRogueLikePrj/FPSRogueLike/Content/MilitaryWeapSilver/Sound/SniperRifle/Wavs/SniperRifle_ImpactSurface01.ubulk" 2932
"F:/Pro/FPSRogueLikePrj/FPSRogueLike/Content/MilitaryWeapSilver/Sound/SniperRifle/Wavs/SniperRifle_ImpactSurface01.uexp" 2933
"F:/Pro/FPSRogueLikePrj/FPSRogueLike/Content/MilitaryWeapSilver/Sound/SniperRifle/Cues/SniperRifle_ImpactSurface_Cue.uasset" 2934
"F:/Pro/FPSRogueLikePrj/FPSRogueLike/Content/MilitaryWeapSilver/Sound/SniperRifle/Cues/SniperRifle_ImpactSurface_Cue.uexp" 2935
"F:/Pro/FPSRogueLikePrj/FPSRogueLike/Content/MilitaryWeapSilver/Sound/SniperRifle/Wavs/SniperRifle_ImpactBody03.uasset" 2936
"F:/Pro/FPSRogueLikePrj/FPSRogueLike/Content/MilitaryWeapSilver/Sound/SniperRifle/Wavs/SniperRifle_ImpactBody03.ubulk" 2937
"F:/Pro/FPSRogueLikePrj/FPSRogueLike/Content/MilitaryWeapSilver/Sound/SniperRifle/Wavs/SniperRifle_ImpactBody03.uexp" 2938
"F:/Pro/FPSRogueLikePrj/FPSRogueLike/Content/MilitaryWeapSilver/Sound/SniperRifle/Wavs/SniperRifle_ImpactBody04.uasset" 2939
"F:/Pro/FPSRogueLikePrj/FPSRogueLike/Content/MilitaryWeapSilver/Sound/SniperRifle/Wavs/SniperRifle_ImpactBody04.ubulk" 2940
"F:/Pro/FPSRogueLikePrj/FPSRogueLike/Content/MilitaryWeapSilver/Sound/SniperRifle/Wavs/SniperRifle_ImpactBody04.uexp" 2941
"F:/Pro/FPSRogueLikePrj/FPSRogueLike/Content/MilitaryWeapSilver/Sound/SniperRifle/Wavs/SniperRifle_ImpactBody01.uasset" 2942
"F:/Pro/FPSRogueLikePrj/FPSRogueLike/Content/MilitaryWeapSilver/Sound/SniperRifle/Wavs/SniperRifle_ImpactBody01.ubulk" 2943
"F:/Pro/FPSRogueLikePrj/FPSRogueLike/Content/MilitaryWeapSilver/Sound/SniperRifle/Wavs/SniperRifle_ImpactBody01.uexp" 2944
"F:/Pro/FPSRogueLikePrj/FPSRogueLike/Content/MilitaryWeapSilver/Sound/SniperRifle/Wavs/SniperRifle_ImpactBody02.uasset" 2945
"F:/Pro/FPSRogueLikePrj/FPSRogueLike/Content/MilitaryWeapSilver/Sound/SniperRifle/Wavs/SniperRifle_ImpactBody02.ubulk" 2946
"F:/Pro/FPSRogueLikePrj/FPSRogueLike/Content/MilitaryWeapSilver/Sound/SniperRifle/Wavs/SniperRifle_ImpactBody02.uexp" 2947
"F:/Pro/FPSRogueLikePrj/FPSRogueLike/Content/MilitaryWeapSilver/Sound/SniperRifle/Cues/SniperRifle_ImpactBody_Cue.uasset" 2948
"F:/Pro/FPSRogueLikePrj/FPSRogueLike/Content/MilitaryWeapSilver/Sound/SniperRifle/Cues/SniperRifle_ImpactBody_Cue.uexp" 2949
"F:/Pro/FPSRogueLikePrj/FPSRogueLike/Content/MilitaryWeapSilver/Sound/SniperRifle/Wavs/SniperRifle_AmmoPickup.uasset" 2950
"F:/Pro/FPSRogueLikePrj/FPSRogueLike/Content/MilitaryWeapSilver/Sound/SniperRifle/Wavs/SniperRifle_AmmoPickup.ubulk" 2951
"F:/Pro/FPSRogueLikePrj/FPSRogueLike/Content/MilitaryWeapSilver/Sound/SniperRifle/Wavs/SniperRifle_AmmoPickup.uexp" 2952
"F:/Pro/FPSRogueLikePrj/FPSRogueLike/Content/MilitaryWeapSilver/Sound/SniperRifle/Cues/SniperRifle_AmmoPickup_Cue.uasset" 2953
"F:/Pro/FPSRogueLikePrj/FPSRogueLike/Content/MilitaryWeapSilver/Sound/SniperRifle/Cues/SniperRifle_AmmoPickup_Cue.uexp" 2954
"F:/Pro/FPSRogueLikePrj/FPSRogueLike/Content/MilitaryWeapSilver/Sound/Shotgun/Wavs/Shotgun_Raise.uasset" 2955
"F:/Pro/FPSRogueLikePrj/FPSRogueLike/Content/MilitaryWeapSilver/Sound/Shotgun/Wavs/Shotgun_Raise.ubulk" 2956
"F:/Pro/FPSRogueLikePrj/FPSRogueLike/Content/MilitaryWeapSilver/Sound/Shotgun/Wavs/Shotgun_Raise.uexp" 2957
"F:/Pro/FPSRogueLikePrj/FPSRogueLike/Content/MilitaryWeapSilver/Sound/Shotgun/Cues/Shotgun_Raise_Cue.uasset" 2958
"F:/Pro/FPSRogueLikePrj/FPSRogueLike/Content/MilitaryWeapSilver/Sound/Shotgun/Cues/Shotgun_Raise_Cue.uexp" 2959
"F:/Pro/FPSRogueLikePrj/FPSRogueLike/Content/MilitaryWeapSilver/Sound/Shotgun/Wavs/Shotgun_Lower.uasset" 2960
"F:/Pro/FPSRogueLikePrj/FPSRogueLike/Content/MilitaryWeapSilver/Sound/Shotgun/Wavs/Shotgun_Lower.ubulk" 2961
"F:/Pro/FPSRogueLikePrj/FPSRogueLike/Content/MilitaryWeapSilver/Sound/Shotgun/Wavs/Shotgun_Lower.uexp" 2962
"F:/Pro/FPSRogueLikePrj/FPSRogueLike/Content/MilitaryWeapSilver/Sound/Shotgun/Cues/Shotgun_Lower_Cue.uasset" 2963
"F:/Pro/FPSRogueLikePrj/FPSRogueLike/Content/MilitaryWeapSilver/Sound/Shotgun/Cues/Shotgun_Lower_Cue.uexp" 2964
"F:/Pro/FPSRogueLikePrj/FPSRogueLike/Content/MilitaryWeapSilver/Sound/Shotgun/Wavs/Shotgun_ImpactSurface04.uasset" 2965
"F:/Pro/FPSRogueLikePrj/FPSRogueLike/Content/MilitaryWeapSilver/Sound/Shotgun/Wavs/Shotgun_ImpactSurface04.ubulk" 2966
"F:/Pro/FPSRogueLikePrj/FPSRogueLike/Content/MilitaryWeapSilver/Sound/Shotgun/Wavs/Shotgun_ImpactSurface04.uexp" 2967
"F:/Pro/FPSRogueLikePrj/FPSRogueLike/Content/MilitaryWeapSilver/Sound/Shotgun/Wavs/Shotgun_ImpactSurface02.uasset" 2968
"F:/Pro/FPSRogueLikePrj/FPSRogueLike/Content/MilitaryWeapSilver/Sound/Shotgun/Wavs/Shotgun_ImpactSurface02.ubulk" 2969
"F:/Pro/FPSRogueLikePrj/FPSRogueLike/Content/MilitaryWeapSilver/Sound/Shotgun/Wavs/Shotgun_ImpactSurface02.uexp" 2970
"F:/Pro/FPSRogueLikePrj/FPSRogueLike/Content/MilitaryWeapSilver/Sound/Shotgun/Wavs/Shotgun_ImpactSurface03.uasset" 2971
"F:/Pro/FPSRogueLikePrj/FPSRogueLike/Content/MilitaryWeapSilver/Sound/Shotgun/Wavs/Shotgun_ImpactSurface03.ubulk" 2972
"F:/Pro/FPSRogueLikePrj/FPSRogueLike/Content/MilitaryWeapSilver/Sound/Shotgun/Wavs/Shotgun_ImpactSurface03.uexp" 2973
"F:/Pro/FPSRogueLikePrj/FPSRogueLike/Content/MilitaryWeapSilver/Sound/Shotgun/Wavs/Shotgun_ImpactSurface01.uasset" 2974
"F:/Pro/FPSRogueLikePrj/FPSRogueLike/Content/MilitaryWeapSilver/Sound/Shotgun/Wavs/Shotgun_ImpactSurface01.ubulk" 2975
"F:/Pro/FPSRogueLikePrj/FPSRogueLike/Content/MilitaryWeapSilver/Sound/Shotgun/Wavs/Shotgun_ImpactSurface01.uexp" 2976
"F:/Pro/FPSRogueLikePrj/FPSRogueLike/Content/MilitaryWeapSilver/Sound/Shotgun/Cues/Shotgun_ImpactSurface_Cue.uasset" 2977
"F:/Pro/FPSRogueLikePrj/FPSRogueLike/Content/MilitaryWeapSilver/Sound/Shotgun/Cues/Shotgun_ImpactSurface_Cue.uexp" 2978
"F:/Pro/FPSRogueLikePrj/FPSRogueLike/Content/MilitaryWeapSilver/Sound/Shotgun/Wavs/Shotgun_ImpactBody02.uasset" 2979
"F:/Pro/FPSRogueLikePrj/FPSRogueLike/Content/MilitaryWeapSilver/Sound/Shotgun/Wavs/Shotgun_ImpactBody02.ubulk" 2980
"F:/Pro/FPSRogueLikePrj/FPSRogueLike/Content/MilitaryWeapSilver/Sound/Shotgun/Wavs/Shotgun_ImpactBody02.uexp" 2981
"F:/Pro/FPSRogueLikePrj/FPSRogueLike/Content/MilitaryWeapSilver/Sound/Shotgun/Wavs/Shotgun_ImpactBody03.uasset" 2982
"F:/Pro/FPSRogueLikePrj/FPSRogueLike/Content/MilitaryWeapSilver/Sound/Shotgun/Wavs/Shotgun_ImpactBody03.ubulk" 2983
"F:/Pro/FPSRogueLikePrj/FPSRogueLike/Content/MilitaryWeapSilver/Sound/Shotgun/Wavs/Shotgun_ImpactBody03.uexp" 2984
"F:/Pro/FPSRogueLikePrj/FPSRogueLike/Content/MilitaryWeapSilver/Sound/Shotgun/Wavs/Shotgun_ImpactBody01.uasset" 2985
"F:/Pro/FPSRogueLikePrj/FPSRogueLike/Content/MilitaryWeapSilver/Sound/Shotgun/Wavs/Shotgun_ImpactBody01.ubulk" 2986
"F:/Pro/FPSRogueLikePrj/FPSRogueLike/Content/MilitaryWeapSilver/Sound/Shotgun/Wavs/Shotgun_ImpactBody01.uexp" 2987
"F:/Pro/FPSRogueLikePrj/FPSRogueLike/Content/MilitaryWeapSilver/Sound/Shotgun/Wavs/Shotgun_ImpactBody04.uasset" 2988
"F:/Pro/FPSRogueLikePrj/FPSRogueLike/Content/MilitaryWeapSilver/Sound/Shotgun/Wavs/Shotgun_ImpactBody04.ubulk" 2989
"F:/Pro/FPSRogueLikePrj/FPSRogueLike/Content/MilitaryWeapSilver/Sound/Shotgun/Wavs/Shotgun_ImpactBody04.uexp" 2990
"F:/Pro/FPSRogueLikePrj/FPSRogueLike/Content/MilitaryWeapSilver/Sound/Shotgun/Cues/Shotgun_ImpactBody_Cue.uasset" 2991
"F:/Pro/FPSRogueLikePrj/FPSRogueLike/Content/MilitaryWeapSilver/Sound/Shotgun/Cues/Shotgun_ImpactBody_Cue.uexp" 2992
"F:/Pro/FPSRogueLikePrj/FPSRogueLike/Content/MilitaryWeapSilver/Sound/Shotgun/Wavs/Shotgun_AmmoPickup.uasset" 2993
"F:/Pro/FPSRogueLikePrj/FPSRogueLike/Content/MilitaryWeapSilver/Sound/Shotgun/Wavs/Shotgun_AmmoPickup.ubulk" 2994
"F:/Pro/FPSRogueLikePrj/FPSRogueLike/Content/MilitaryWeapSilver/Sound/Shotgun/Wavs/Shotgun_AmmoPickup.uexp" 2995
"F:/Pro/FPSRogueLikePrj/FPSRogueLike/Content/MilitaryWeapSilver/Sound/Shotgun/Cues/Shotgun_AmmoPickup_Cue.uasset" 2996
"F:/Pro/FPSRogueLikePrj/FPSRogueLike/Content/MilitaryWeapSilver/Sound/Shotgun/Cues/Shotgun_AmmoPickup_Cue.uexp" 2997
"F:/Pro/FPSRogueLikePrj/FPSRogueLike/Content/MilitaryWeapSilver/Sound/RocketLauncher/Wavs/RocketLauncher_Raise.uasset" 2998
"F:/Pro/FPSRogueLikePrj/FPSRogueLike/Content/MilitaryWeapSilver/Sound/RocketLauncher/Wavs/RocketLauncher_Raise.ubulk" 2999
"F:/Pro/FPSRogueLikePrj/FPSRogueLike/Content/MilitaryWeapSilver/Sound/RocketLauncher/Wavs/RocketLauncher_Raise.uexp" 3000
"F:/Pro/FPSRogueLikePrj/FPSRogueLike/Content/MilitaryWeapSilver/Sound/RocketLauncher/Cues/RocketLauncher_Raise_Cue.uasset" 3001
"F:/Pro/FPSRogueLikePrj/FPSRogueLike/Content/MilitaryWeapSilver/Sound/RocketLauncher/Cues/RocketLauncher_Raise_Cue.uexp" 3002
"F:/Pro/FPSRogueLikePrj/FPSRogueLike/Content/MilitaryWeapSilver/Sound/RocketLauncher/Wavs/RocketLauncher_Lower.uasset" 3003
"F:/Pro/FPSRogueLikePrj/FPSRogueLike/Content/MilitaryWeapSilver/Sound/RocketLauncher/Wavs/RocketLauncher_Lower.ubulk" 3004
"F:/Pro/FPSRogueLikePrj/FPSRogueLike/Content/MilitaryWeapSilver/Sound/RocketLauncher/Wavs/RocketLauncher_Lower.uexp" 3005
"F:/Pro/FPSRogueLikePrj/FPSRogueLike/Content/MilitaryWeapSilver/Sound/RocketLauncher/Cues/RocketLauncher_Lower_Cue.uasset" 3006
"F:/Pro/FPSRogueLikePrj/FPSRogueLike/Content/MilitaryWeapSilver/Sound/RocketLauncher/Cues/RocketLauncher_Lower_Cue.uexp" 3007
"F:/Pro/FPSRogueLikePrj/FPSRogueLike/Content/MilitaryWeapSilver/Sound/Attenuation/RocketLoop_att.uasset" 3008
"F:/Pro/FPSRogueLikePrj/FPSRogueLike/Content/MilitaryWeapSilver/Sound/Attenuation/RocketLoop_att.uexp" 3009
"F:/Pro/FPSRogueLikePrj/FPSRogueLike/Content/MilitaryWeapSilver/Sound/RocketLauncher/Wavs/RocketLauncher_InAirLoop.uasset" 3010
"F:/Pro/FPSRogueLikePrj/FPSRogueLike/Content/MilitaryWeapSilver/Sound/RocketLauncher/Wavs/RocketLauncher_InAirLoop.ubulk" 3011
"F:/Pro/FPSRogueLikePrj/FPSRogueLike/Content/MilitaryWeapSilver/Sound/RocketLauncher/Wavs/RocketLauncher_InAirLoop.uexp" 3012
"F:/Pro/FPSRogueLikePrj/FPSRogueLike/Content/MilitaryWeapSilver/Sound/RocketLauncher/Cues/RocketLauncher_InAirLoop_Cue.uasset" 3013
"F:/Pro/FPSRogueLikePrj/FPSRogueLike/Content/MilitaryWeapSilver/Sound/RocketLauncher/Cues/RocketLauncher_InAirLoop_Cue.uexp" 3014
"F:/Pro/FPSRogueLikePrj/FPSRogueLike/Content/MilitaryWeapSilver/Sound/RocketLauncher/Wavs/RocketLauncher_Explosion03.uasset" 3015
"F:/Pro/FPSRogueLikePrj/FPSRogueLike/Content/MilitaryWeapSilver/Sound/RocketLauncher/Wavs/RocketLauncher_Explosion03.ubulk" 3016
"F:/Pro/FPSRogueLikePrj/FPSRogueLike/Content/MilitaryWeapSilver/Sound/RocketLauncher/Wavs/RocketLauncher_Explosion03.uexp" 3017
"F:/Pro/FPSRogueLikePrj/FPSRogueLike/Content/MilitaryWeapSilver/Sound/RocketLauncher/Wavs/RocketLauncher_Explosion01.uasset" 3018
"F:/Pro/FPSRogueLikePrj/FPSRogueLike/Content/MilitaryWeapSilver/Sound/RocketLauncher/Wavs/RocketLauncher_Explosion01.ubulk" 3019
"F:/Pro/FPSRogueLikePrj/FPSRogueLike/Content/MilitaryWeapSilver/Sound/RocketLauncher/Wavs/RocketLauncher_Explosion01.uexp" 3020
"F:/Pro/FPSRogueLikePrj/FPSRogueLike/Content/MilitaryWeapSilver/Sound/RocketLauncher/Wavs/RocketLauncher_Explosion02.uasset" 3021
"F:/Pro/FPSRogueLikePrj/FPSRogueLike/Content/MilitaryWeapSilver/Sound/RocketLauncher/Wavs/RocketLauncher_Explosion02.ubulk" 3022
"F:/Pro/FPSRogueLikePrj/FPSRogueLike/Content/MilitaryWeapSilver/Sound/RocketLauncher/Wavs/RocketLauncher_Explosion02.uexp" 3023
"F:/Pro/FPSRogueLikePrj/FPSRogueLike/Content/MilitaryWeapSilver/Sound/RocketLauncher/Wavs/RocketLauncher_Explosion05.uasset" 3024
"F:/Pro/FPSRogueLikePrj/FPSRogueLike/Content/MilitaryWeapSilver/Sound/RocketLauncher/Wavs/RocketLauncher_Explosion05.ubulk" 3025
"F:/Pro/FPSRogueLikePrj/FPSRogueLike/Content/MilitaryWeapSilver/Sound/RocketLauncher/Wavs/RocketLauncher_Explosion05.uexp" 3026
"F:/Pro/FPSRogueLikePrj/FPSRogueLike/Content/MilitaryWeapSilver/Sound/RocketLauncher/Wavs/RocketLauncher_Explosion04.uasset" 3027
"F:/Pro/FPSRogueLikePrj/FPSRogueLike/Content/MilitaryWeapSilver/Sound/RocketLauncher/Wavs/RocketLauncher_Explosion04.ubulk" 3028
"F:/Pro/FPSRogueLikePrj/FPSRogueLike/Content/MilitaryWeapSilver/Sound/RocketLauncher/Wavs/RocketLauncher_Explosion04.uexp" 3029
"F:/Pro/FPSRogueLikePrj/FPSRogueLike/Content/MilitaryWeapSilver/Sound/Attenuation/Explosion_att.uasset" 3030
"F:/Pro/FPSRogueLikePrj/FPSRogueLike/Content/MilitaryWeapSilver/Sound/Attenuation/Explosion_att.uexp" 3031
"F:/Pro/FPSRogueLikePrj/FPSRogueLike/Content/MilitaryWeapSilver/Sound/RocketLauncher/Cues/RocketLauncher_Explosion_Cue.uasset" 3032
"F:/Pro/FPSRogueLikePrj/FPSRogueLike/Content/MilitaryWeapSilver/Sound/RocketLauncher/Cues/RocketLauncher_Explosion_Cue.uexp" 3033
"F:/Pro/FPSRogueLikePrj/FPSRogueLike/Content/MilitaryWeapSilver/Sound/RocketLauncher/Wavs/RocketLauncher_AmmoPickup.uasset" 3034
"F:/Pro/FPSRogueLikePrj/FPSRogueLike/Content/MilitaryWeapSilver/Sound/RocketLauncher/Wavs/RocketLauncher_AmmoPickup.ubulk" 3035
"F:/Pro/FPSRogueLikePrj/FPSRogueLike/Content/MilitaryWeapSilver/Sound/RocketLauncher/Wavs/RocketLauncher_AmmoPickup.uexp" 3036
"F:/Pro/FPSRogueLikePrj/FPSRogueLike/Content/MilitaryWeapSilver/Sound/RocketLauncher/Cues/RocketLauncher_AmmoPickup_Cue.uasset" 3037
"F:/Pro/FPSRogueLikePrj/FPSRogueLike/Content/MilitaryWeapSilver/Sound/RocketLauncher/Cues/RocketLauncher_AmmoPickup_Cue.uexp" 3038
"F:/Pro/FPSRogueLikePrj/FPSRogueLike/Content/MilitaryWeapSilver/Sound/Rifle/Wavs/Rifle_Whip02.uasset" 3039
"F:/Pro/FPSRogueLikePrj/FPSRogueLike/Content/MilitaryWeapSilver/Sound/Rifle/Wavs/Rifle_Whip02.ubulk" 3040
"F:/Pro/FPSRogueLikePrj/FPSRogueLike/Content/MilitaryWeapSilver/Sound/Rifle/Wavs/Rifle_Whip02.uexp" 3041
"F:/Pro/FPSRogueLikePrj/FPSRogueLike/Content/MilitaryWeapSilver/Sound/Rifle/Wavs/Rifle_Whip01.uasset" 3042
"F:/Pro/FPSRogueLikePrj/FPSRogueLike/Content/MilitaryWeapSilver/Sound/Rifle/Wavs/Rifle_Whip01.ubulk" 3043
"F:/Pro/FPSRogueLikePrj/FPSRogueLike/Content/MilitaryWeapSilver/Sound/Rifle/Wavs/Rifle_Whip01.uexp" 3044
"F:/Pro/FPSRogueLikePrj/FPSRogueLike/Content/MilitaryWeapSilver/Sound/Rifle/Wavs/Rifle_Whip05.uasset" 3045
"F:/Pro/FPSRogueLikePrj/FPSRogueLike/Content/MilitaryWeapSilver/Sound/Rifle/Wavs/Rifle_Whip05.ubulk" 3046
"F:/Pro/FPSRogueLikePrj/FPSRogueLike/Content/MilitaryWeapSilver/Sound/Rifle/Wavs/Rifle_Whip05.uexp" 3047
"F:/Pro/FPSRogueLikePrj/FPSRogueLike/Content/MilitaryWeapSilver/Sound/Rifle/Wavs/Rifle_Whip03.uasset" 3048
"F:/Pro/FPSRogueLikePrj/FPSRogueLike/Content/MilitaryWeapSilver/Sound/Rifle/Wavs/Rifle_Whip03.ubulk" 3049
"F:/Pro/FPSRogueLikePrj/FPSRogueLike/Content/MilitaryWeapSilver/Sound/Rifle/Wavs/Rifle_Whip03.uexp" 3050
"F:/Pro/FPSRogueLikePrj/FPSRogueLike/Content/MilitaryWeapSilver/Sound/Rifle/Wavs/Rifle_Whip04.uasset" 3051
"F:/Pro/FPSRogueLikePrj/FPSRogueLike/Content/MilitaryWeapSilver/Sound/Rifle/Wavs/Rifle_Whip04.ubulk" 3052
"F:/Pro/FPSRogueLikePrj/FPSRogueLike/Content/MilitaryWeapSilver/Sound/Rifle/Wavs/Rifle_Whip04.uexp" 3053
"F:/Pro/FPSRogueLikePrj/FPSRogueLike/Content/MilitaryWeapSilver/Sound/Rifle/Cues/Rifle_Whip_Cue.uasset" 3054
"F:/Pro/FPSRogueLikePrj/FPSRogueLike/Content/MilitaryWeapSilver/Sound/Rifle/Cues/Rifle_Whip_Cue.uexp" 3055
"F:/Pro/FPSRogueLikePrj/FPSRogueLike/Content/MilitaryWeapSilver/Sound/Rifle/Wavs/Rifle_Raise.uasset" 3056
"F:/Pro/FPSRogueLikePrj/FPSRogueLike/Content/MilitaryWeapSilver/Sound/Rifle/Wavs/Rifle_Raise.ubulk" 3057
"F:/Pro/FPSRogueLikePrj/FPSRogueLike/Content/MilitaryWeapSilver/Sound/Rifle/Wavs/Rifle_Raise.uexp" 3058
"F:/Pro/FPSRogueLikePrj/FPSRogueLike/Content/MilitaryWeapSilver/Sound/Rifle/Cues/Rifle_Raise_Cue.uasset" 3059
"F:/Pro/FPSRogueLikePrj/FPSRogueLike/Content/MilitaryWeapSilver/Sound/Rifle/Cues/Rifle_Raise_Cue.uexp" 3060
"F:/Pro/FPSRogueLikePrj/FPSRogueLike/Content/MilitaryWeapSilver/Sound/Rifle/Wavs/Rifle_Lower.uasset" 3061
"F:/Pro/FPSRogueLikePrj/FPSRogueLike/Content/MilitaryWeapSilver/Sound/Rifle/Wavs/Rifle_Lower.ubulk" 3062
"F:/Pro/FPSRogueLikePrj/FPSRogueLike/Content/MilitaryWeapSilver/Sound/Rifle/Wavs/Rifle_Lower.uexp" 3063
"F:/Pro/FPSRogueLikePrj/FPSRogueLike/Content/MilitaryWeapSilver/Sound/Rifle/Cues/Rifle_Lower_Cue.uasset" 3064
"F:/Pro/FPSRogueLikePrj/FPSRogueLike/Content/MilitaryWeapSilver/Sound/Rifle/Cues/Rifle_Lower_Cue.uexp" 3065
"F:/Pro/FPSRogueLikePrj/FPSRogueLike/Content/MilitaryWeapSilver/Sound/Rifle/Wavs/Rifle_ImpactSurface01.uasset" 3066
"F:/Pro/FPSRogueLikePrj/FPSRogueLike/Content/MilitaryWeapSilver/Sound/Rifle/Wavs/Rifle_ImpactSurface01.ubulk" 3067
"F:/Pro/FPSRogueLikePrj/FPSRogueLike/Content/MilitaryWeapSilver/Sound/Rifle/Wavs/Rifle_ImpactSurface01.uexp" 3068
"F:/Pro/FPSRogueLikePrj/FPSRogueLike/Content/MilitaryWeapSilver/Sound/Rifle/Wavs/Rifle_ImpactSurface05.uasset" 3069
"F:/Pro/FPSRogueLikePrj/FPSRogueLike/Content/MilitaryWeapSilver/Sound/Rifle/Wavs/Rifle_ImpactSurface05.ubulk" 3070
"F:/Pro/FPSRogueLikePrj/FPSRogueLike/Content/MilitaryWeapSilver/Sound/Rifle/Wavs/Rifle_ImpactSurface05.uexp" 3071
"F:/Pro/FPSRogueLikePrj/FPSRogueLike/Content/MilitaryWeapSilver/Sound/Rifle/Wavs/Rifle_ImpactSurface02.uasset" 3072
"F:/Pro/FPSRogueLikePrj/FPSRogueLike/Content/MilitaryWeapSilver/Sound/Rifle/Wavs/Rifle_ImpactSurface02.ubulk" 3073
"F:/Pro/FPSRogueLikePrj/FPSRogueLike/Content/MilitaryWeapSilver/Sound/Rifle/Wavs/Rifle_ImpactSurface02.uexp" 3074
"F:/Pro/FPSRogueLikePrj/FPSRogueLike/Content/MilitaryWeapSilver/Sound/Rifle/Wavs/Rifle_ImpactSurface03.uasset" 3075
"F:/Pro/FPSRogueLikePrj/FPSRogueLike/Content/MilitaryWeapSilver/Sound/Rifle/Wavs/Rifle_ImpactSurface03.ubulk" 3076
"F:/Pro/FPSRogueLikePrj/FPSRogueLike/Content/MilitaryWeapSilver/Sound/Rifle/Wavs/Rifle_ImpactSurface03.uexp" 3077
"F:/Pro/FPSRogueLikePrj/FPSRogueLike/Content/MilitaryWeapSilver/Sound/Rifle/Wavs/Rifle_ImpactSurface06.uasset" 3078
"F:/Pro/FPSRogueLikePrj/FPSRogueLike/Content/MilitaryWeapSilver/Sound/Rifle/Wavs/Rifle_ImpactSurface06.ubulk" 3079
"F:/Pro/FPSRogueLikePrj/FPSRogueLike/Content/MilitaryWeapSilver/Sound/Rifle/Wavs/Rifle_ImpactSurface06.uexp" 3080
"F:/Pro/FPSRogueLikePrj/FPSRogueLike/Content/MilitaryWeapSilver/Sound/Rifle/Wavs/Rifle_ImpactSurface04.uasset" 3081
"F:/Pro/FPSRogueLikePrj/FPSRogueLike/Content/MilitaryWeapSilver/Sound/Rifle/Wavs/Rifle_ImpactSurface04.ubulk" 3082
"F:/Pro/FPSRogueLikePrj/FPSRogueLike/Content/MilitaryWeapSilver/Sound/Rifle/Wavs/Rifle_ImpactSurface04.uexp" 3083
"F:/Pro/FPSRogueLikePrj/FPSRogueLike/Content/MilitaryWeapSilver/Sound/Rifle/Cues/Rifle_ImpactSurface_Cue.uasset" 3084
"F:/Pro/FPSRogueLikePrj/FPSRogueLike/Content/MilitaryWeapSilver/Sound/Rifle/Cues/Rifle_ImpactSurface_Cue.uexp" 3085
"F:/Pro/FPSRogueLikePrj/FPSRogueLike/Content/MilitaryWeapSilver/Sound/Rifle/Wavs/Rifle_ImpactBody04.uasset" 3086
"F:/Pro/FPSRogueLikePrj/FPSRogueLike/Content/MilitaryWeapSilver/Sound/Rifle/Wavs/Rifle_ImpactBody04.ubulk" 3087
"F:/Pro/FPSRogueLikePrj/FPSRogueLike/Content/MilitaryWeapSilver/Sound/Rifle/Wavs/Rifle_ImpactBody04.uexp" 3088
"F:/Pro/FPSRogueLikePrj/FPSRogueLike/Content/MilitaryWeapSilver/Sound/Rifle/Wavs/Rifle_ImpactBody01.uasset" 3089
"F:/Pro/FPSRogueLikePrj/FPSRogueLike/Content/MilitaryWeapSilver/Sound/Rifle/Wavs/Rifle_ImpactBody01.ubulk" 3090
"F:/Pro/FPSRogueLikePrj/FPSRogueLike/Content/MilitaryWeapSilver/Sound/Rifle/Wavs/Rifle_ImpactBody01.uexp" 3091
"F:/Pro/FPSRogueLikePrj/FPSRogueLike/Content/MilitaryWeapSilver/Sound/Rifle/Wavs/Rifle_ImpactBody05.uasset" 3092
"F:/Pro/FPSRogueLikePrj/FPSRogueLike/Content/MilitaryWeapSilver/Sound/Rifle/Wavs/Rifle_ImpactBody05.ubulk" 3093
"F:/Pro/FPSRogueLikePrj/FPSRogueLike/Content/MilitaryWeapSilver/Sound/Rifle/Wavs/Rifle_ImpactBody05.uexp" 3094
"F:/Pro/FPSRogueLikePrj/FPSRogueLike/Content/MilitaryWeapSilver/Sound/Rifle/Wavs/Rifle_ImpactBody02.uasset" 3095
"F:/Pro/FPSRogueLikePrj/FPSRogueLike/Content/MilitaryWeapSilver/Sound/Rifle/Wavs/Rifle_ImpactBody02.ubulk" 3096
"F:/Pro/FPSRogueLikePrj/FPSRogueLike/Content/MilitaryWeapSilver/Sound/Rifle/Wavs/Rifle_ImpactBody02.uexp" 3097
"F:/Pro/FPSRogueLikePrj/FPSRogueLike/Content/MilitaryWeapSilver/Sound/Rifle/Wavs/Rifle_ImpactBody06.uasset" 3098
"F:/Pro/FPSRogueLikePrj/FPSRogueLike/Content/MilitaryWeapSilver/Sound/Rifle/Wavs/Rifle_ImpactBody06.ubulk" 3099
"F:/Pro/FPSRogueLikePrj/FPSRogueLike/Content/MilitaryWeapSilver/Sound/Rifle/Wavs/Rifle_ImpactBody06.uexp" 3100
"F:/Pro/FPSRogueLikePrj/FPSRogueLike/Content/MilitaryWeapSilver/Sound/Rifle/Wavs/Rifle_ImpactBody03.uasset" 3101
"F:/Pro/FPSRogueLikePrj/FPSRogueLike/Content/MilitaryWeapSilver/Sound/Rifle/Wavs/Rifle_ImpactBody03.ubulk" 3102
"F:/Pro/FPSRogueLikePrj/FPSRogueLike/Content/MilitaryWeapSilver/Sound/Rifle/Wavs/Rifle_ImpactBody03.uexp" 3103
"F:/Pro/FPSRogueLikePrj/FPSRogueLike/Content/MilitaryWeapSilver/Sound/Rifle/Cues/Rifle_ImpactBody_Cue.uasset" 3104
"F:/Pro/FPSRogueLikePrj/FPSRogueLike/Content/MilitaryWeapSilver/Sound/Rifle/Cues/Rifle_ImpactBody_Cue.uexp" 3105
"F:/Pro/FPSRogueLikePrj/FPSRogueLike/Content/MilitaryWeapSilver/Sound/Rifle/Wavs/Rifle_AmmoPickup.uasset" 3106
"F:/Pro/FPSRogueLikePrj/FPSRogueLike/Content/MilitaryWeapSilver/Sound/Rifle/Wavs/Rifle_AmmoPickup.ubulk" 3107
"F:/Pro/FPSRogueLikePrj/FPSRogueLike/Content/MilitaryWeapSilver/Sound/Rifle/Wavs/Rifle_AmmoPickup.uexp" 3108
"F:/Pro/FPSRogueLikePrj/FPSRogueLike/Content/MilitaryWeapSilver/Sound/Rifle/Cues/Rifle_AmmoPickup_Cue.uasset" 3109
"F:/Pro/FPSRogueLikePrj/FPSRogueLike/Content/MilitaryWeapSilver/Sound/Rifle/Cues/Rifle_AmmoPickup_Cue.uexp" 3110
"F:/Pro/FPSRogueLikePrj/FPSRogueLike/Content/MilitaryWeapSilver/Sound/Rifle/Wavs/RifleA_Fire_Loop_ST01.uasset" 3111
"F:/Pro/FPSRogueLikePrj/FPSRogueLike/Content/MilitaryWeapSilver/Sound/Rifle/Wavs/RifleA_Fire_Loop_ST01.ubulk" 3112
"F:/Pro/FPSRogueLikePrj/FPSRogueLike/Content/MilitaryWeapSilver/Sound/Rifle/Wavs/RifleA_Fire_Loop_ST01.uexp" 3113
"F:/Pro/FPSRogueLikePrj/FPSRogueLike/Content/MilitaryWeapSilver/Sound/Rifle/Wavs/RifleA_Fire_Loop_ST03.uasset" 3114
"F:/Pro/FPSRogueLikePrj/FPSRogueLike/Content/MilitaryWeapSilver/Sound/Rifle/Wavs/RifleA_Fire_Loop_ST03.ubulk" 3115
"F:/Pro/FPSRogueLikePrj/FPSRogueLike/Content/MilitaryWeapSilver/Sound/Rifle/Wavs/RifleA_Fire_Loop_ST03.uexp" 3116
"F:/Pro/FPSRogueLikePrj/FPSRogueLike/Content/MilitaryWeapSilver/Sound/Rifle/Wavs/RifleA_FireLoop02.uasset" 3117
"F:/Pro/FPSRogueLikePrj/FPSRogueLike/Content/MilitaryWeapSilver/Sound/Rifle/Wavs/RifleA_FireLoop02.ubulk" 3118
"F:/Pro/FPSRogueLikePrj/FPSRogueLike/Content/MilitaryWeapSilver/Sound/Rifle/Wavs/RifleA_FireLoop02.uexp" 3119
"F:/Pro/FPSRogueLikePrj/FPSRogueLike/Content/MilitaryWeapSilver/Sound/Rifle/Wavs/RifleA_Fire_Loop_ST02.uasset" 3120
"F:/Pro/FPSRogueLikePrj/FPSRogueLike/Content/MilitaryWeapSilver/Sound/Rifle/Wavs/RifleA_Fire_Loop_ST02.ubulk" 3121
"F:/Pro/FPSRogueLikePrj/FPSRogueLike/Content/MilitaryWeapSilver/Sound/Rifle/Wavs/RifleA_Fire_Loop_ST02.uexp" 3122
"F:/Pro/FPSRogueLikePrj/FPSRogueLike/Content/MilitaryWeapSilver/Sound/Rifle/Wavs/RifleA_FireLoop03.uasset" 3123
"F:/Pro/FPSRogueLikePrj/FPSRogueLike/Content/MilitaryWeapSilver/Sound/Rifle/Wavs/RifleA_FireLoop03.ubulk" 3124
"F:/Pro/FPSRogueLikePrj/FPSRogueLike/Content/MilitaryWeapSilver/Sound/Rifle/Wavs/RifleA_FireLoop03.uexp" 3125
"F:/Pro/FPSRogueLikePrj/FPSRogueLike/Content/MilitaryWeapSilver/Sound/Rifle/Wavs/RifleA_FireLoop01.uasset" 3126
"F:/Pro/FPSRogueLikePrj/FPSRogueLike/Content/MilitaryWeapSilver/Sound/Rifle/Wavs/RifleA_FireLoop01.ubulk" 3127
"F:/Pro/FPSRogueLikePrj/FPSRogueLike/Content/MilitaryWeapSilver/Sound/Rifle/Wavs/RifleA_FireLoop01.uexp" 3128
"F:/Pro/FPSRogueLikePrj/FPSRogueLike/Content/MilitaryWeapSilver/Sound/Rifle/Cues/RifleA_FireLoop_Cue.uasset" 3129
"F:/Pro/FPSRogueLikePrj/FPSRogueLike/Content/MilitaryWeapSilver/Sound/Rifle/Cues/RifleA_FireLoop_Cue.uexp" 3130
"F:/Pro/FPSRogueLikePrj/FPSRogueLike/Content/MilitaryWeapSilver/Sound/Rifle/Wavs/RifleA_Fire_End_ST03.uasset" 3131
"F:/Pro/FPSRogueLikePrj/FPSRogueLike/Content/MilitaryWeapSilver/Sound/Rifle/Wavs/RifleA_Fire_End_ST03.ubulk" 3132
"F:/Pro/FPSRogueLikePrj/FPSRogueLike/Content/MilitaryWeapSilver/Sound/Rifle/Wavs/RifleA_Fire_End_ST03.uexp" 3133
"F:/Pro/FPSRogueLikePrj/FPSRogueLike/Content/MilitaryWeapSilver/Sound/Rifle/Wavs/RifleA_FireEnd01.uasset" 3134
"F:/Pro/FPSRogueLikePrj/FPSRogueLike/Content/MilitaryWeapSilver/Sound/Rifle/Wavs/RifleA_FireEnd01.ubulk" 3135
"F:/Pro/FPSRogueLikePrj/FPSRogueLike/Content/MilitaryWeapSilver/Sound/Rifle/Wavs/RifleA_FireEnd01.uexp" 3136
"F:/Pro/FPSRogueLikePrj/FPSRogueLike/Content/MilitaryWeapSilver/Sound/Rifle/Wavs/RifleA_Fire_End_ST01.uasset" 3137
"F:/Pro/FPSRogueLikePrj/FPSRogueLike/Content/MilitaryWeapSilver/Sound/Rifle/Wavs/RifleA_Fire_End_ST01.ubulk" 3138
"F:/Pro/FPSRogueLikePrj/FPSRogueLike/Content/MilitaryWeapSilver/Sound/Rifle/Wavs/RifleA_Fire_End_ST01.uexp" 3139
"F:/Pro/FPSRogueLikePrj/FPSRogueLike/Content/MilitaryWeapSilver/Sound/Rifle/Wavs/RifleA_Fire_End_ST02.uasset" 3140
"F:/Pro/FPSRogueLikePrj/FPSRogueLike/Content/MilitaryWeapSilver/Sound/Rifle/Wavs/RifleA_Fire_End_ST02.ubulk" 3141
"F:/Pro/FPSRogueLikePrj/FPSRogueLike/Content/MilitaryWeapSilver/Sound/Rifle/Wavs/RifleA_Fire_End_ST02.uexp" 3142
"F:/Pro/FPSRogueLikePrj/FPSRogueLike/Content/MilitaryWeapSilver/Sound/Rifle/Wavs/RifleA_FireEnd02.uasset" 3143
"F:/Pro/FPSRogueLikePrj/FPSRogueLike/Content/MilitaryWeapSilver/Sound/Rifle/Wavs/RifleA_FireEnd02.ubulk" 3144
"F:/Pro/FPSRogueLikePrj/FPSRogueLike/Content/MilitaryWeapSilver/Sound/Rifle/Wavs/RifleA_FireEnd02.uexp" 3145
"F:/Pro/FPSRogueLikePrj/FPSRogueLike/Content/MilitaryWeapSilver/Sound/Rifle/Wavs/RifleA_FireEnd03.uasset" 3146
"F:/Pro/FPSRogueLikePrj/FPSRogueLike/Content/MilitaryWeapSilver/Sound/Rifle/Wavs/RifleA_FireEnd03.ubulk" 3147
"F:/Pro/FPSRogueLikePrj/FPSRogueLike/Content/MilitaryWeapSilver/Sound/Rifle/Wavs/RifleA_FireEnd03.uexp" 3148
"F:/Pro/FPSRogueLikePrj/FPSRogueLike/Content/MilitaryWeapSilver/Sound/Rifle/Cues/RifleA_FireEnd_Cue.uasset" 3149
"F:/Pro/FPSRogueLikePrj/FPSRogueLike/Content/MilitaryWeapSilver/Sound/Rifle/Cues/RifleA_FireEnd_Cue.uexp" 3150
"F:/Pro/FPSRogueLikePrj/FPSRogueLike/Content/MilitaryWeapSilver/Sound/Pistol/Wavs/Pistol_Reload03.uasset" 3151
"F:/Pro/FPSRogueLikePrj/FPSRogueLike/Content/MilitaryWeapSilver/Sound/Pistol/Wavs/Pistol_Reload03.ubulk" 3152
"F:/Pro/FPSRogueLikePrj/FPSRogueLike/Content/MilitaryWeapSilver/Sound/Pistol/Wavs/Pistol_Reload03.uexp" 3153
"F:/Pro/FPSRogueLikePrj/FPSRogueLike/Content/MilitaryWeapSilver/Sound/Pistol/Wavs/Pistol_Reload02.uasset" 3154
"F:/Pro/FPSRogueLikePrj/FPSRogueLike/Content/MilitaryWeapSilver/Sound/Pistol/Wavs/Pistol_Reload02.ubulk" 3155
"F:/Pro/FPSRogueLikePrj/FPSRogueLike/Content/MilitaryWeapSilver/Sound/Pistol/Wavs/Pistol_Reload02.uexp" 3156
"F:/Pro/FPSRogueLikePrj/FPSRogueLike/Content/MilitaryWeapSilver/Sound/Pistol/Wavs/Pistol_Reload01.uasset" 3157
"F:/Pro/FPSRogueLikePrj/FPSRogueLike/Content/MilitaryWeapSilver/Sound/Pistol/Wavs/Pistol_Reload01.ubulk" 3158
"F:/Pro/FPSRogueLikePrj/FPSRogueLike/Content/MilitaryWeapSilver/Sound/Pistol/Wavs/Pistol_Reload01.uexp" 3159
"F:/Pro/FPSRogueLikePrj/FPSRogueLike/Content/MilitaryWeapSilver/Sound/Pistol/Wavs/Pistol_Whip04.uasset" 3160
"F:/Pro/FPSRogueLikePrj/FPSRogueLike/Content/MilitaryWeapSilver/Sound/Pistol/Wavs/Pistol_Whip04.ubulk" 3161
"F:/Pro/FPSRogueLikePrj/FPSRogueLike/Content/MilitaryWeapSilver/Sound/Pistol/Wavs/Pistol_Whip04.uexp" 3162
"F:/Pro/FPSRogueLikePrj/FPSRogueLike/Content/MilitaryWeapSilver/Sound/Pistol/Wavs/Pistol_Whip01.uasset" 3163
"F:/Pro/FPSRogueLikePrj/FPSRogueLike/Content/MilitaryWeapSilver/Sound/Pistol/Wavs/Pistol_Whip01.ubulk" 3164
"F:/Pro/FPSRogueLikePrj/FPSRogueLike/Content/MilitaryWeapSilver/Sound/Pistol/Wavs/Pistol_Whip01.uexp" 3165
"F:/Pro/FPSRogueLikePrj/FPSRogueLike/Content/MilitaryWeapSilver/Sound/Pistol/Wavs/Pistol_Whip05.uasset" 3166
"F:/Pro/FPSRogueLikePrj/FPSRogueLike/Content/MilitaryWeapSilver/Sound/Pistol/Wavs/Pistol_Whip05.ubulk" 3167
"F:/Pro/FPSRogueLikePrj/FPSRogueLike/Content/MilitaryWeapSilver/Sound/Pistol/Wavs/Pistol_Whip05.uexp" 3168
"F:/Pro/FPSRogueLikePrj/FPSRogueLike/Content/MilitaryWeapSilver/Sound/Pistol/Wavs/Pistol_Whip02.uasset" 3169
"F:/Pro/FPSRogueLikePrj/FPSRogueLike/Content/MilitaryWeapSilver/Sound/Pistol/Wavs/Pistol_Whip02.ubulk" 3170
"F:/Pro/FPSRogueLikePrj/FPSRogueLike/Content/MilitaryWeapSilver/Sound/Pistol/Wavs/Pistol_Whip02.uexp" 3171
"F:/Pro/FPSRogueLikePrj/FPSRogueLike/Content/MilitaryWeapSilver/Sound/Pistol/Wavs/Pistol_Whip03.uasset" 3172
"F:/Pro/FPSRogueLikePrj/FPSRogueLike/Content/MilitaryWeapSilver/Sound/Pistol/Wavs/Pistol_Whip03.ubulk" 3173
"F:/Pro/FPSRogueLikePrj/FPSRogueLike/Content/MilitaryWeapSilver/Sound/Pistol/Wavs/Pistol_Whip03.uexp" 3174
"F:/Pro/FPSRogueLikePrj/FPSRogueLike/Content/MilitaryWeapSilver/Sound/Pistol/Cues/Pistol_Whip_Cue.uasset" 3175
"F:/Pro/FPSRogueLikePrj/FPSRogueLike/Content/MilitaryWeapSilver/Sound/Pistol/Cues/Pistol_Whip_Cue.uexp" 3176
"F:/Pro/FPSRogueLikePrj/FPSRogueLike/Content/MilitaryWeapSilver/Sound/Pistol/Wavs/Pistol_Raise.uasset" 3177
"F:/Pro/FPSRogueLikePrj/FPSRogueLike/Content/MilitaryWeapSilver/Sound/Pistol/Wavs/Pistol_Raise.ubulk" 3178
"F:/Pro/FPSRogueLikePrj/FPSRogueLike/Content/MilitaryWeapSilver/Sound/Pistol/Wavs/Pistol_Raise.uexp" 3179
"F:/Pro/FPSRogueLikePrj/FPSRogueLike/Content/MilitaryWeapSilver/Sound/Pistol/Cues/Pistol_Raise_Cue.uasset" 3180
"F:/Pro/FPSRogueLikePrj/FPSRogueLike/Content/MilitaryWeapSilver/Sound/Pistol/Cues/Pistol_Raise_Cue.uexp" 3181
"F:/Pro/FPSRogueLikePrj/FPSRogueLike/Content/MilitaryWeapSilver/Sound/Pistol/Wavs/Pistol_Lower.uasset" 3182
"F:/Pro/FPSRogueLikePrj/FPSRogueLike/Content/MilitaryWeapSilver/Sound/Pistol/Wavs/Pistol_Lower.ubulk" 3183
"F:/Pro/FPSRogueLikePrj/FPSRogueLike/Content/MilitaryWeapSilver/Sound/Pistol/Wavs/Pistol_Lower.uexp" 3184
"F:/Pro/FPSRogueLikePrj/FPSRogueLike/Content/MilitaryWeapSilver/Sound/Pistol/Cues/Pistol_Lower_Cue.uasset" 3185
"F:/Pro/FPSRogueLikePrj/FPSRogueLike/Content/MilitaryWeapSilver/Sound/Pistol/Cues/Pistol_Lower_Cue.uexp" 3186
"F:/Pro/FPSRogueLikePrj/FPSRogueLike/Content/MilitaryWeapSilver/Sound/Pistol/Wavs/Pistol_AmmoPickup.uasset" 3187
"F:/Pro/FPSRogueLikePrj/FPSRogueLike/Content/MilitaryWeapSilver/Sound/Pistol/Wavs/Pistol_AmmoPickup.ubulk" 3188
"F:/Pro/FPSRogueLikePrj/FPSRogueLike/Content/MilitaryWeapSilver/Sound/Pistol/Wavs/Pistol_AmmoPickup.uexp" 3189
"F:/Pro/FPSRogueLikePrj/FPSRogueLike/Content/MilitaryWeapSilver/Sound/Pistol/Cues/Pistol_AmmoPickup_Cue.uasset" 3190
"F:/Pro/FPSRogueLikePrj/FPSRogueLike/Content/MilitaryWeapSilver/Sound/Pistol/Cues/Pistol_AmmoPickup_Cue.uexp" 3191
"F:/Pro/FPSRogueLikePrj/FPSRogueLike/Content/MilitaryWeapSilver/Sound/Knife/Wavs/Knife_Raise.uasset" 3192
"F:/Pro/FPSRogueLikePrj/FPSRogueLike/Content/MilitaryWeapSilver/Sound/Knife/Wavs/Knife_Raise.ubulk" 3193
"F:/Pro/FPSRogueLikePrj/FPSRogueLike/Content/MilitaryWeapSilver/Sound/Knife/Wavs/Knife_Raise.uexp" 3194
"F:/Pro/FPSRogueLikePrj/FPSRogueLike/Content/MilitaryWeapSilver/Sound/Knife/Cues/Knife_Raise_Cue.uasset" 3195
"F:/Pro/FPSRogueLikePrj/FPSRogueLike/Content/MilitaryWeapSilver/Sound/Knife/Cues/Knife_Raise_Cue.uexp" 3196
"F:/Pro/FPSRogueLikePrj/FPSRogueLike/Content/MilitaryWeapSilver/Sound/Knife/Wavs/Knife_Lower.uasset" 3197
"F:/Pro/FPSRogueLikePrj/FPSRogueLike/Content/MilitaryWeapSilver/Sound/Knife/Wavs/Knife_Lower.ubulk" 3198
"F:/Pro/FPSRogueLikePrj/FPSRogueLike/Content/MilitaryWeapSilver/Sound/Knife/Wavs/Knife_Lower.uexp" 3199
"F:/Pro/FPSRogueLikePrj/FPSRogueLike/Content/MilitaryWeapSilver/Sound/Knife/Cues/Knife_Lower_Cue.uasset" 3200
"F:/Pro/FPSRogueLikePrj/FPSRogueLike/Content/MilitaryWeapSilver/Sound/Knife/Cues/Knife_Lower_Cue.uexp" 3201
"F:/Pro/FPSRogueLikePrj/FPSRogueLike/Content/MilitaryWeapSilver/Sound/Knife/Wavs/Knife_ImpactSurface02.uasset" 3202
"F:/Pro/FPSRogueLikePrj/FPSRogueLike/Content/MilitaryWeapSilver/Sound/Knife/Wavs/Knife_ImpactSurface02.ubulk" 3203
"F:/Pro/FPSRogueLikePrj/FPSRogueLike/Content/MilitaryWeapSilver/Sound/Knife/Wavs/Knife_ImpactSurface02.uexp" 3204
"F:/Pro/FPSRogueLikePrj/FPSRogueLike/Content/MilitaryWeapSilver/Sound/Knife/Wavs/Knife_ImpactSurface01.uasset" 3205
"F:/Pro/FPSRogueLikePrj/FPSRogueLike/Content/MilitaryWeapSilver/Sound/Knife/Wavs/Knife_ImpactSurface01.ubulk" 3206
"F:/Pro/FPSRogueLikePrj/FPSRogueLike/Content/MilitaryWeapSilver/Sound/Knife/Wavs/Knife_ImpactSurface01.uexp" 3207
"F:/Pro/FPSRogueLikePrj/FPSRogueLike/Content/MilitaryWeapSilver/Sound/Knife/Wavs/Knife_ImpactSurface03.uasset" 3208
"F:/Pro/FPSRogueLikePrj/FPSRogueLike/Content/MilitaryWeapSilver/Sound/Knife/Wavs/Knife_ImpactSurface03.ubulk" 3209
"F:/Pro/FPSRogueLikePrj/FPSRogueLike/Content/MilitaryWeapSilver/Sound/Knife/Wavs/Knife_ImpactSurface03.uexp" 3210
"F:/Pro/FPSRogueLikePrj/FPSRogueLike/Content/MilitaryWeapSilver/Sound/Knife/Cues/Knife_ImpactSurface_Cue.uasset" 3211
"F:/Pro/FPSRogueLikePrj/FPSRogueLike/Content/MilitaryWeapSilver/Sound/Knife/Cues/Knife_ImpactSurface_Cue.uexp" 3212
"F:/Pro/FPSRogueLikePrj/FPSRogueLike/Content/MilitaryWeapSilver/Sound/Knife/Wavs/Knife_ImpactBody01.uasset" 3213
"F:/Pro/FPSRogueLikePrj/FPSRogueLike/Content/MilitaryWeapSilver/Sound/Knife/Wavs/Knife_ImpactBody01.ubulk" 3214
"F:/Pro/FPSRogueLikePrj/FPSRogueLike/Content/MilitaryWeapSilver/Sound/Knife/Wavs/Knife_ImpactBody01.uexp" 3215
"F:/Pro/FPSRogueLikePrj/FPSRogueLike/Content/MilitaryWeapSilver/Sound/Knife/Wavs/Knife_ImpactBody02.uasset" 3216
"F:/Pro/FPSRogueLikePrj/FPSRogueLike/Content/MilitaryWeapSilver/Sound/Knife/Wavs/Knife_ImpactBody02.ubulk" 3217
"F:/Pro/FPSRogueLikePrj/FPSRogueLike/Content/MilitaryWeapSilver/Sound/Knife/Wavs/Knife_ImpactBody02.uexp" 3218
"F:/Pro/FPSRogueLikePrj/FPSRogueLike/Content/MilitaryWeapSilver/Sound/Knife/Wavs/Knife_ImpactBody03.uasset" 3219
"F:/Pro/FPSRogueLikePrj/FPSRogueLike/Content/MilitaryWeapSilver/Sound/Knife/Wavs/Knife_ImpactBody03.ubulk" 3220
"F:/Pro/FPSRogueLikePrj/FPSRogueLike/Content/MilitaryWeapSilver/Sound/Knife/Wavs/Knife_ImpactBody03.uexp" 3221
"F:/Pro/FPSRogueLikePrj/FPSRogueLike/Content/MilitaryWeapSilver/Sound/Knife/Cues/Knife_ImpactBody_Cue.uasset" 3222
"F:/Pro/FPSRogueLikePrj/FPSRogueLike/Content/MilitaryWeapSilver/Sound/Knife/Cues/Knife_ImpactBody_Cue.uexp" 3223
"F:/Pro/FPSRogueLikePrj/FPSRogueLike/Content/MilitaryWeapSilver/Sound/Knife/Wavs/KnifeA_Swing02.uasset" 3224
"F:/Pro/FPSRogueLikePrj/FPSRogueLike/Content/MilitaryWeapSilver/Sound/Knife/Wavs/KnifeA_Swing02.ubulk" 3225
"F:/Pro/FPSRogueLikePrj/FPSRogueLike/Content/MilitaryWeapSilver/Sound/Knife/Wavs/KnifeA_Swing02.uexp" 3226
"F:/Pro/FPSRogueLikePrj/FPSRogueLike/Content/MilitaryWeapSilver/Sound/Knife/Wavs/KnifeA_Swing01.uasset" 3227
"F:/Pro/FPSRogueLikePrj/FPSRogueLike/Content/MilitaryWeapSilver/Sound/Knife/Wavs/KnifeA_Swing01.ubulk" 3228
"F:/Pro/FPSRogueLikePrj/FPSRogueLike/Content/MilitaryWeapSilver/Sound/Knife/Wavs/KnifeA_Swing01.uexp" 3229
"F:/Pro/FPSRogueLikePrj/FPSRogueLike/Content/MilitaryWeapSilver/Sound/Knife/Wavs/KnifeA_Swing03.uasset" 3230
"F:/Pro/FPSRogueLikePrj/FPSRogueLike/Content/MilitaryWeapSilver/Sound/Knife/Wavs/KnifeA_Swing03.ubulk" 3231
"F:/Pro/FPSRogueLikePrj/FPSRogueLike/Content/MilitaryWeapSilver/Sound/Knife/Wavs/KnifeA_Swing03.uexp" 3232
"F:/Pro/FPSRogueLikePrj/FPSRogueLike/Content/MilitaryWeapSilver/Sound/Knife/Wavs/KnifeA_Swing05.uasset" 3233
"F:/Pro/FPSRogueLikePrj/FPSRogueLike/Content/MilitaryWeapSilver/Sound/Knife/Wavs/KnifeA_Swing05.ubulk" 3234
"F:/Pro/FPSRogueLikePrj/FPSRogueLike/Content/MilitaryWeapSilver/Sound/Knife/Wavs/KnifeA_Swing05.uexp" 3235
"F:/Pro/FPSRogueLikePrj/FPSRogueLike/Content/MilitaryWeapSilver/Sound/Knife/Wavs/KnifeA_Swing04.uasset" 3236
"F:/Pro/FPSRogueLikePrj/FPSRogueLike/Content/MilitaryWeapSilver/Sound/Knife/Wavs/KnifeA_Swing04.ubulk" 3237
"F:/Pro/FPSRogueLikePrj/FPSRogueLike/Content/MilitaryWeapSilver/Sound/Knife/Wavs/KnifeA_Swing04.uexp" 3238
"F:/Pro/FPSRogueLikePrj/FPSRogueLike/Content/MilitaryWeapSilver/Sound/Knife/Cues/KnifeA_Swing_Cue.uasset" 3239
"F:/Pro/FPSRogueLikePrj/FPSRogueLike/Content/MilitaryWeapSilver/Sound/Knife/Cues/KnifeA_Swing_Cue.uexp" 3240
"F:/Pro/FPSRogueLikePrj/FPSRogueLike/Content/MilitaryWeapSilver/Sound/GrenadeLauncher/Wavs/GrenadeLauncher_Warning.uasset" 3241
"F:/Pro/FPSRogueLikePrj/FPSRogueLike/Content/MilitaryWeapSilver/Sound/GrenadeLauncher/Wavs/GrenadeLauncher_Warning.ubulk" 3242
"F:/Pro/FPSRogueLikePrj/FPSRogueLike/Content/MilitaryWeapSilver/Sound/GrenadeLauncher/Wavs/GrenadeLauncher_Warning.uexp" 3243
"F:/Pro/FPSRogueLikePrj/FPSRogueLike/Content/MilitaryWeapSilver/Sound/GrenadeLauncher/Cues/GrenadeLauncher_Warning_Cue.uasset" 3244
"F:/Pro/FPSRogueLikePrj/FPSRogueLike/Content/MilitaryWeapSilver/Sound/GrenadeLauncher/Cues/GrenadeLauncher_Warning_Cue.uexp" 3245
"F:/Pro/FPSRogueLikePrj/FPSRogueLike/Content/MilitaryWeapSilver/Sound/GrenadeLauncher/Wavs/GrenadeLauncher_Raise.uasset" 3246
"F:/Pro/FPSRogueLikePrj/FPSRogueLike/Content/MilitaryWeapSilver/Sound/GrenadeLauncher/Wavs/GrenadeLauncher_Raise.ubulk" 3247
"F:/Pro/FPSRogueLikePrj/FPSRogueLike/Content/MilitaryWeapSilver/Sound/GrenadeLauncher/Wavs/GrenadeLauncher_Raise.uexp" 3248
"F:/Pro/FPSRogueLikePrj/FPSRogueLike/Content/MilitaryWeapSilver/Sound/GrenadeLauncher/Cues/GrenadeLauncher_Raise_Cue.uasset" 3249
"F:/Pro/FPSRogueLikePrj/FPSRogueLike/Content/MilitaryWeapSilver/Sound/GrenadeLauncher/Cues/GrenadeLauncher_Raise_Cue.uexp" 3250
"F:/Pro/FPSRogueLikePrj/FPSRogueLike/Content/MilitaryWeapSilver/Sound/GrenadeLauncher/Wavs/GrenadeLauncher_Lower.uasset" 3251
"F:/Pro/FPSRogueLikePrj/FPSRogueLike/Content/MilitaryWeapSilver/Sound/GrenadeLauncher/Wavs/GrenadeLauncher_Lower.ubulk" 3252
"F:/Pro/FPSRogueLikePrj/FPSRogueLike/Content/MilitaryWeapSilver/Sound/GrenadeLauncher/Wavs/GrenadeLauncher_Lower.uexp" 3253
"F:/Pro/FPSRogueLikePrj/FPSRogueLike/Content/MilitaryWeapSilver/Sound/GrenadeLauncher/Cues/GrenadeLauncher_Lower_Cue.uasset" 3254
"F:/Pro/FPSRogueLikePrj/FPSRogueLike/Content/MilitaryWeapSilver/Sound/GrenadeLauncher/Cues/GrenadeLauncher_Lower_Cue.uexp" 3255
"F:/Pro/FPSRogueLikePrj/FPSRogueLike/Content/MilitaryWeapSilver/Sound/GrenadeLauncher/Wavs/GrenadeLauncher_Explosion01.uasset" 3256
"F:/Pro/FPSRogueLikePrj/FPSRogueLike/Content/MilitaryWeapSilver/Sound/GrenadeLauncher/Wavs/GrenadeLauncher_Explosion01.ubulk" 3257
"F:/Pro/FPSRogueLikePrj/FPSRogueLike/Content/MilitaryWeapSilver/Sound/GrenadeLauncher/Wavs/GrenadeLauncher_Explosion01.uexp" 3258
"F:/Pro/FPSRogueLikePrj/FPSRogueLike/Content/MilitaryWeapSilver/Sound/GrenadeLauncher/Wavs/GrenadeLauncher_Explosion04.uasset" 3259
"F:/Pro/FPSRogueLikePrj/FPSRogueLike/Content/MilitaryWeapSilver/Sound/GrenadeLauncher/Wavs/GrenadeLauncher_Explosion04.ubulk" 3260
"F:/Pro/FPSRogueLikePrj/FPSRogueLike/Content/MilitaryWeapSilver/Sound/GrenadeLauncher/Wavs/GrenadeLauncher_Explosion04.uexp" 3261
"F:/Pro/FPSRogueLikePrj/FPSRogueLike/Content/MilitaryWeapSilver/Sound/GrenadeLauncher/Wavs/GrenadeLauncher_Explosion03.uasset" 3262
"F:/Pro/FPSRogueLikePrj/FPSRogueLike/Content/MilitaryWeapSilver/Sound/GrenadeLauncher/Wavs/GrenadeLauncher_Explosion03.ubulk" 3263
"F:/Pro/FPSRogueLikePrj/FPSRogueLike/Content/MilitaryWeapSilver/Sound/GrenadeLauncher/Wavs/GrenadeLauncher_Explosion03.uexp" 3264
"F:/Pro/FPSRogueLikePrj/FPSRogueLike/Content/MilitaryWeapSilver/Sound/GrenadeLauncher/Wavs/GrenadeLauncher_Explosion02.uasset" 3265
"F:/Pro/FPSRogueLikePrj/FPSRogueLike/Content/MilitaryWeapSilver/Sound/GrenadeLauncher/Wavs/GrenadeLauncher_Explosion02.ubulk" 3266
"F:/Pro/FPSRogueLikePrj/FPSRogueLike/Content/MilitaryWeapSilver/Sound/GrenadeLauncher/Wavs/GrenadeLauncher_Explosion02.uexp" 3267
"F:/Pro/FPSRogueLikePrj/FPSRogueLike/Content/MilitaryWeapSilver/Sound/GrenadeLauncher/Wavs/GrenadeLauncher_Explosion05.uasset" 3268
"F:/Pro/FPSRogueLikePrj/FPSRogueLike/Content/MilitaryWeapSilver/Sound/GrenadeLauncher/Wavs/GrenadeLauncher_Explosion05.ubulk" 3269
"F:/Pro/FPSRogueLikePrj/FPSRogueLike/Content/MilitaryWeapSilver/Sound/GrenadeLauncher/Wavs/GrenadeLauncher_Explosion05.uexp" 3270
"F:/Pro/FPSRogueLikePrj/FPSRogueLike/Content/MilitaryWeapSilver/Sound/GrenadeLauncher/Cues/GrenadeLauncher_Explosion_Cue.uasset" 3271
"F:/Pro/FPSRogueLikePrj/FPSRogueLike/Content/MilitaryWeapSilver/Sound/GrenadeLauncher/Cues/GrenadeLauncher_Explosion_Cue.uexp" 3272
"F:/Pro/FPSRogueLikePrj/FPSRogueLike/Content/MilitaryWeapSilver/Sound/GrenadeLauncher/Wavs/GrenadeLauncher_Bounce02.uasset" 3273
"F:/Pro/FPSRogueLikePrj/FPSRogueLike/Content/MilitaryWeapSilver/Sound/GrenadeLauncher/Wavs/GrenadeLauncher_Bounce02.ubulk" 3274
"F:/Pro/FPSRogueLikePrj/FPSRogueLike/Content/MilitaryWeapSilver/Sound/GrenadeLauncher/Wavs/GrenadeLauncher_Bounce02.uexp" 3275
"F:/Pro/FPSRogueLikePrj/FPSRogueLike/Content/MilitaryWeapSilver/Sound/GrenadeLauncher/Wavs/GrenadeLauncher_Bounce01.uasset" 3276
"F:/Pro/FPSRogueLikePrj/FPSRogueLike/Content/MilitaryWeapSilver/Sound/GrenadeLauncher/Wavs/GrenadeLauncher_Bounce01.ubulk" 3277
"F:/Pro/FPSRogueLikePrj/FPSRogueLike/Content/MilitaryWeapSilver/Sound/GrenadeLauncher/Wavs/GrenadeLauncher_Bounce01.uexp" 3278
"F:/Pro/FPSRogueLikePrj/FPSRogueLike/Content/MilitaryWeapSilver/Sound/GrenadeLauncher/Wavs/GrenadeLauncher_Bounce05.uasset" 3279
"F:/Pro/FPSRogueLikePrj/FPSRogueLike/Content/MilitaryWeapSilver/Sound/GrenadeLauncher/Wavs/GrenadeLauncher_Bounce05.ubulk" 3280
"F:/Pro/FPSRogueLikePrj/FPSRogueLike/Content/MilitaryWeapSilver/Sound/GrenadeLauncher/Wavs/GrenadeLauncher_Bounce05.uexp" 3281
"F:/Pro/FPSRogueLikePrj/FPSRogueLike/Content/MilitaryWeapSilver/Sound/GrenadeLauncher/Wavs/GrenadeLauncher_Bounce04.uasset" 3282
"F:/Pro/FPSRogueLikePrj/FPSRogueLike/Content/MilitaryWeapSilver/Sound/GrenadeLauncher/Wavs/GrenadeLauncher_Bounce04.ubulk" 3283
"F:/Pro/FPSRogueLikePrj/FPSRogueLike/Content/MilitaryWeapSilver/Sound/GrenadeLauncher/Wavs/GrenadeLauncher_Bounce04.uexp" 3284
"F:/Pro/FPSRogueLikePrj/FPSRogueLike/Content/MilitaryWeapSilver/Sound/GrenadeLauncher/Wavs/GrenadeLauncher_Bounce03.uasset" 3285
"F:/Pro/FPSRogueLikePrj/FPSRogueLike/Content/MilitaryWeapSilver/Sound/GrenadeLauncher/Wavs/GrenadeLauncher_Bounce03.ubulk" 3286
"F:/Pro/FPSRogueLikePrj/FPSRogueLike/Content/MilitaryWeapSilver/Sound/GrenadeLauncher/Wavs/GrenadeLauncher_Bounce03.uexp" 3287
"F:/Pro/FPSRogueLikePrj/FPSRogueLike/Content/MilitaryWeapSilver/Sound/GrenadeLauncher/Cues/GrenadeLauncher_Bounce_Cue.uasset" 3288
"F:/Pro/FPSRogueLikePrj/FPSRogueLike/Content/MilitaryWeapSilver/Sound/GrenadeLauncher/Cues/GrenadeLauncher_Bounce_Cue.uexp" 3289
"F:/Pro/FPSRogueLikePrj/FPSRogueLike/Content/MilitaryWeapSilver/Sound/GrenadeLauncher/Wavs/GrenadeLauncher_AmmoPickup.uasset" 3290
"F:/Pro/FPSRogueLikePrj/FPSRogueLike/Content/MilitaryWeapSilver/Sound/GrenadeLauncher/Wavs/GrenadeLauncher_AmmoPickup.ubulk" 3291
"F:/Pro/FPSRogueLikePrj/FPSRogueLike/Content/MilitaryWeapSilver/Sound/GrenadeLauncher/Wavs/GrenadeLauncher_AmmoPickup.uexp" 3292
"F:/Pro/FPSRogueLikePrj/FPSRogueLike/Content/MilitaryWeapSilver/Sound/GrenadeLauncher/Cues/GrenadeLauncher_AmmoPickup_Cue.uasset" 3293
"F:/Pro/FPSRogueLikePrj/FPSRogueLike/Content/MilitaryWeapSilver/Sound/GrenadeLauncher/Cues/GrenadeLauncher_AmmoPickup_Cue.uexp" 3294
"../../../Engine/Content/Maps/Templates/HLODs/HLODLayer_Merged.uasset" 3295
"../../../Engine/Content/Maps/Templates/HLODs/HLODLayer_Merged.uexp" 3296
"../../../Engine/Content/Functions/Engine_MaterialFunctions01/Shading/PowerToRoughness.uasset" 3297
"../../../Engine/Content/Functions/Engine_MaterialFunctions01/Shading/PowerToRoughness.uexp" 3298
"../../../Engine/Content/Functions/Engine_MaterialFunctions01/Shading/ConvertFromDiffSpec.uasset" 3299
"../../../Engine/Content/Functions/Engine_MaterialFunctions01/Shading/ConvertFromDiffSpec.uexp" 3300
"F:/Pro/FPSRogueLikePrj/FPSRogueLike/Content/Characters/Mannequins/Animations/Manny/MM_T_Pose.uasset" 3301
"F:/Pro/FPSRogueLikePrj/FPSRogueLike/Content/Characters/Mannequins/Animations/Manny/MM_T_Pose.uexp" 3302
"F:/Pro/FPSRogueLikePrj/FPSRogueLike/Content/Characters/Mannequins/Rigs/Poses/Manny/Manny_foot_l_anim.uasset" 3303
"F:/Pro/FPSRogueLikePrj/FPSRogueLike/Content/Characters/Mannequins/Rigs/Poses/Manny/Manny_foot_l_anim.uexp" 3304
"F:/Pro/FPSRogueLikePrj/FPSRogueLike/Content/Characters/Mannequins/Rigs/Poses/Manny/Manny_foot_l_pose.uasset" 3305
"F:/Pro/FPSRogueLikePrj/FPSRogueLike/Content/Characters/Mannequins/Rigs/Poses/Manny/Manny_foot_l_pose.uexp" 3306
"F:/Pro/FPSRogueLikePrj/FPSRogueLike/Content/Characters/Mannequins/Rigs/Poses/Manny/Manny_thigh_r_anim.uasset" 3307
"F:/Pro/FPSRogueLikePrj/FPSRogueLike/Content/Characters/Mannequins/Rigs/Poses/Manny/Manny_thigh_r_anim.uexp" 3308
"F:/Pro/FPSRogueLikePrj/FPSRogueLike/Content/Characters/Mannequins/Rigs/Poses/Manny/Manny_thigh_r_pose.uasset" 3309
"F:/Pro/FPSRogueLikePrj/FPSRogueLike/Content/Characters/Mannequins/Rigs/Poses/Manny/Manny_thigh_r_pose.uexp" 3310
"F:/Pro/FPSRogueLikePrj/FPSRogueLike/Content/Characters/Mannequins/Rigs/Poses/Manny/Manny_hand_r_anim.uasset" 3311
"F:/Pro/FPSRogueLikePrj/FPSRogueLike/Content/Characters/Mannequins/Rigs/Poses/Manny/Manny_hand_r_anim.uexp" 3312
"F:/Pro/FPSRogueLikePrj/FPSRogueLike/Content/Characters/Mannequins/Rigs/Poses/Manny/Manny_hand_r_pose.uasset" 3313
"F:/Pro/FPSRogueLikePrj/FPSRogueLike/Content/Characters/Mannequins/Rigs/Poses/Manny/Manny_hand_r_pose.uexp" 3314
"F:/Pro/FPSRogueLikePrj/FPSRogueLike/Content/Characters/Mannequins/Rigs/Poses/Manny/Manny_clavicle_l_anim.uasset" 3315
"F:/Pro/FPSRogueLikePrj/FPSRogueLike/Content/Characters/Mannequins/Rigs/Poses/Manny/Manny_clavicle_l_anim.uexp" 3316
"F:/Pro/FPSRogueLikePrj/FPSRogueLike/Content/Characters/Mannequins/Rigs/Poses/Manny/Manny_clavicle_l_pose.uasset" 3317
"F:/Pro/FPSRogueLikePrj/FPSRogueLike/Content/Characters/Mannequins/Rigs/Poses/Manny/Manny_clavicle_l_pose.uexp" 3318
"F:/Pro/FPSRogueLikePrj/FPSRogueLike/Content/Characters/Mannequins/Rigs/Poses/Manny/Manny_calf_l_anim.uasset" 3319
"F:/Pro/FPSRogueLikePrj/FPSRogueLike/Content/Characters/Mannequins/Rigs/Poses/Manny/Manny_calf_l_anim.uexp" 3320
"F:/Pro/FPSRogueLikePrj/FPSRogueLike/Content/Characters/Mannequins/Rigs/Poses/Manny/Manny_calf_l_pose.uasset" 3321
"F:/Pro/FPSRogueLikePrj/FPSRogueLike/Content/Characters/Mannequins/Rigs/Poses/Manny/Manny_calf_l_pose.uexp" 3322
"F:/Pro/FPSRogueLikePrj/FPSRogueLike/Content/Characters/Mannequins/Rigs/Poses/Manny/Manny_hand_l_anim.uasset" 3323
"F:/Pro/FPSRogueLikePrj/FPSRogueLike/Content/Characters/Mannequins/Rigs/Poses/Manny/Manny_hand_l_anim.uexp" 3324
"F:/Pro/FPSRogueLikePrj/FPSRogueLike/Content/Characters/Mannequins/Rigs/Poses/Manny/Manny_hand_l_pose.uasset" 3325
"F:/Pro/FPSRogueLikePrj/FPSRogueLike/Content/Characters/Mannequins/Rigs/Poses/Manny/Manny_hand_l_pose.uexp" 3326
"F:/Pro/FPSRogueLikePrj/FPSRogueLike/Content/Characters/Mannequins/Rigs/Poses/Manny/Manny_upperarm_r_anim.uasset" 3327
"F:/Pro/FPSRogueLikePrj/FPSRogueLike/Content/Characters/Mannequins/Rigs/Poses/Manny/Manny_upperarm_r_anim.uexp" 3328
"F:/Pro/FPSRogueLikePrj/FPSRogueLike/Content/Characters/Mannequins/Rigs/Poses/Manny/Manny_upperarm_r_pose.uasset" 3329
"F:/Pro/FPSRogueLikePrj/FPSRogueLike/Content/Characters/Mannequins/Rigs/Poses/Manny/Manny_upperarm_r_pose.uexp" 3330
"F:/Pro/FPSRogueLikePrj/FPSRogueLike/Content/Characters/Mannequins/Rigs/Poses/Manny/Manny_lowerarm_r_anim.uasset" 3331
"F:/Pro/FPSRogueLikePrj/FPSRogueLike/Content/Characters/Mannequins/Rigs/Poses/Manny/Manny_lowerarm_r_anim.uexp" 3332
"F:/Pro/FPSRogueLikePrj/FPSRogueLike/Content/Characters/Mannequins/Rigs/Poses/Manny/Manny_lowerarm_r_pose.uasset" 3333
"F:/Pro/FPSRogueLikePrj/FPSRogueLike/Content/Characters/Mannequins/Rigs/Poses/Manny/Manny_lowerarm_r_pose.uexp" 3334
"F:/Pro/FPSRogueLikePrj/FPSRogueLike/Content/Characters/Mannequins/Rigs/Poses/Manny/Manny_calf_r_anim.uasset" 3335
"F:/Pro/FPSRogueLikePrj/FPSRogueLike/Content/Characters/Mannequins/Rigs/Poses/Manny/Manny_calf_r_anim.uexp" 3336
"F:/Pro/FPSRogueLikePrj/FPSRogueLike/Content/Characters/Mannequins/Rigs/Poses/Manny/Manny_calf_r_pose.uasset" 3337
"F:/Pro/FPSRogueLikePrj/FPSRogueLike/Content/Characters/Mannequins/Rigs/Poses/Manny/Manny_calf_r_pose.uexp" 3338
"F:/Pro/FPSRogueLikePrj/FPSRogueLike/Content/Characters/Mannequins/Rigs/Poses/Manny/Manny_foot_r_anim.uasset" 3339
"F:/Pro/FPSRogueLikePrj/FPSRogueLike/Content/Characters/Mannequins/Rigs/Poses/Manny/Manny_foot_r_anim.uexp" 3340
"F:/Pro/FPSRogueLikePrj/FPSRogueLike/Content/Characters/Mannequins/Rigs/Poses/Manny/Manny_foot_r_pose.uasset" 3341
"F:/Pro/FPSRogueLikePrj/FPSRogueLike/Content/Characters/Mannequins/Rigs/Poses/Manny/Manny_foot_r_pose.uexp" 3342
"F:/Pro/FPSRogueLikePrj/FPSRogueLike/Content/Characters/Mannequins/Rigs/Poses/Manny/Manny_lowerarm_l_anim.uasset" 3343
"F:/Pro/FPSRogueLikePrj/FPSRogueLike/Content/Characters/Mannequins/Rigs/Poses/Manny/Manny_lowerarm_l_anim.uexp" 3344
"F:/Pro/FPSRogueLikePrj/FPSRogueLike/Content/Characters/Mannequins/Rigs/Poses/Manny/Manny_lowerarm_l_pose.uasset" 3345
"F:/Pro/FPSRogueLikePrj/FPSRogueLike/Content/Characters/Mannequins/Rigs/Poses/Manny/Manny_lowerarm_l_pose.uexp" 3346
"F:/Pro/FPSRogueLikePrj/FPSRogueLike/Content/Characters/Mannequins/Rigs/Poses/Manny/Manny_clavicle_r_anim.uasset" 3347
"F:/Pro/FPSRogueLikePrj/FPSRogueLike/Content/Characters/Mannequins/Rigs/Poses/Manny/Manny_clavicle_r_anim.uexp" 3348
"F:/Pro/FPSRogueLikePrj/FPSRogueLike/Content/Characters/Mannequins/Rigs/Poses/Manny/Manny_clavicle_r_pose.uasset" 3349
"F:/Pro/FPSRogueLikePrj/FPSRogueLike/Content/Characters/Mannequins/Rigs/Poses/Manny/Manny_clavicle_r_pose.uexp" 3350
"F:/Pro/FPSRogueLikePrj/FPSRogueLike/Content/Characters/Mannequins/Rigs/Poses/Manny/Manny_thigh_l_anim.uasset" 3351
"F:/Pro/FPSRogueLikePrj/FPSRogueLike/Content/Characters/Mannequins/Rigs/Poses/Manny/Manny_thigh_l_anim.uexp" 3352
"F:/Pro/FPSRogueLikePrj/FPSRogueLike/Content/Characters/Mannequins/Rigs/Poses/Manny/Manny_thigh_l_pose.uasset" 3353
"F:/Pro/FPSRogueLikePrj/FPSRogueLike/Content/Characters/Mannequins/Rigs/Poses/Manny/Manny_thigh_l_pose.uexp" 3354
"F:/Pro/FPSRogueLikePrj/FPSRogueLike/Content/Characters/Mannequins/Rigs/Poses/Manny/Manny_upperarm_l_anim.uasset" 3355
"F:/Pro/FPSRogueLikePrj/FPSRogueLike/Content/Characters/Mannequins/Rigs/Poses/Manny/Manny_upperarm_l_anim.uexp" 3356
"F:/Pro/FPSRogueLikePrj/FPSRogueLike/Content/Characters/Mannequins/Rigs/Poses/Manny/Manny_upperarm_l_pose.uasset" 3357
"F:/Pro/FPSRogueLikePrj/FPSRogueLike/Content/Characters/Mannequins/Rigs/Poses/Manny/Manny_upperarm_l_pose.uexp" 3358
"F:/Pro/FPSRogueLikePrj/FPSRogueLike/Content/Characters/Mannequins/Rigs/ABP_Manny_PostProcess.uasset" 3359
"F:/Pro/FPSRogueLikePrj/FPSRogueLike/Content/Characters/Mannequins/Rigs/ABP_Manny_PostProcess.uexp" 3360
"F:/Pro/FPSRogueLikePrj/FPSRogueLike/Content/Characters/Mannequins/Textures/Manny/T_Manny_02_MSR_MSK.uasset" 3361
"F:/Pro/FPSRogueLikePrj/FPSRogueLike/Content/Characters/Mannequins/Textures/Manny/T_Manny_02_MSR_MSK.ubulk" 3362
"F:/Pro/FPSRogueLikePrj/FPSRogueLike/Content/Characters/Mannequins/Textures/Manny/T_Manny_02_MSR_MSK.uexp" 3363
"F:/Pro/FPSRogueLikePrj/FPSRogueLike/Content/Characters/Mannequins/Textures/Manny/T_Manny_02_CCRCCPlastic_MSK.uasset" 3364
"F:/Pro/FPSRogueLikePrj/FPSRogueLike/Content/Characters/Mannequins/Textures/Manny/T_Manny_02_CCRCCPlastic_MSK.ubulk" 3365
"F:/Pro/FPSRogueLikePrj/FPSRogueLike/Content/Characters/Mannequins/Textures/Manny/T_Manny_02_CCRCCPlastic_MSK.uexp" 3366
"F:/Pro/FPSRogueLikePrj/FPSRogueLike/Content/Characters/Mannequins/Textures/Manny/T_Manny_02_Tan.uasset" 3367
"F:/Pro/FPSRogueLikePrj/FPSRogueLike/Content/Characters/Mannequins/Textures/Manny/T_Manny_02_Tan.ubulk" 3368
"F:/Pro/FPSRogueLikePrj/FPSRogueLike/Content/Characters/Mannequins/Textures/Manny/T_Manny_02_Tan.uexp" 3369
"F:/Pro/FPSRogueLikePrj/FPSRogueLike/Content/Characters/Mannequins/Textures/Manny/T_Manny_02_N.uasset" 3370
"F:/Pro/FPSRogueLikePrj/FPSRogueLike/Content/Characters/Mannequins/Textures/Manny/T_Manny_02_N.ubulk" 3371
"F:/Pro/FPSRogueLikePrj/FPSRogueLike/Content/Characters/Mannequins/Textures/Manny/T_Manny_02_N.uexp" 3372
"F:/Pro/FPSRogueLikePrj/FPSRogueLike/Content/Characters/Mannequins/Materials/Instances/Manny/MI_Manny_01.uasset" 3373
"F:/Pro/FPSRogueLikePrj/FPSRogueLike/Content/Characters/Mannequins/Materials/Instances/Manny/MI_Manny_01.uexp" 3374
"F:/Pro/FPSRogueLikePrj/FPSRogueLike/Content/Characters/Mannequins/Textures/Manny/T_Manny_02_BN.uasset" 3375
"F:/Pro/FPSRogueLikePrj/FPSRogueLike/Content/Characters/Mannequins/Textures/Manny/T_Manny_02_BN.ubulk" 3376
"F:/Pro/FPSRogueLikePrj/FPSRogueLike/Content/Characters/Mannequins/Textures/Manny/T_Manny_02_BN.uexp" 3377
"F:/Pro/FPSRogueLikePrj/FPSRogueLike/Content/Characters/Mannequins/Textures/Manny/T_Manny_02_ASAOPMASK_MSK.uasset" 3378
"F:/Pro/FPSRogueLikePrj/FPSRogueLike/Content/Characters/Mannequins/Textures/Manny/T_Manny_02_ASAOPMASK_MSK.ubulk" 3379
"F:/Pro/FPSRogueLikePrj/FPSRogueLike/Content/Characters/Mannequins/Textures/Manny/T_Manny_02_ASAOPMASK_MSK.uexp" 3380
"F:/Pro/FPSRogueLikePrj/FPSRogueLike/Content/Characters/Mannequins/Textures/Manny/T_Manny_02_D.uasset" 3381
"F:/Pro/FPSRogueLikePrj/FPSRogueLike/Content/Characters/Mannequins/Textures/Manny/T_Manny_02_D.ubulk" 3382
"F:/Pro/FPSRogueLikePrj/FPSRogueLike/Content/Characters/Mannequins/Textures/Manny/T_Manny_02_D.uexp" 3383
"F:/Pro/FPSRogueLikePrj/FPSRogueLike/Content/Characters/Mannequins/Materials/Instances/Manny/MI_Manny_02.uasset" 3384
"F:/Pro/FPSRogueLikePrj/FPSRogueLike/Content/Characters/Mannequins/Materials/Instances/Manny/MI_Manny_02.uexp" 3385
"F:/Pro/FPSRogueLikePrj/FPSRogueLike/Content/Characters/Mannequins/Meshes/SKM_Manny.uasset" 3386
"F:/Pro/FPSRogueLikePrj/FPSRogueLike/Content/Characters/Mannequins/Meshes/SKM_Manny.uexp" 3387
"F:/Pro/FPSRogueLikePrj/FPSRogueLike/Content/Characters/Mannequins/Meshes/SKM_Manny_Simple.uasset" 3388
"F:/Pro/FPSRogueLikePrj/FPSRogueLike/Content/Characters/Mannequins/Meshes/SKM_Manny_Simple.uexp" 3389
"F:/Pro/FPSRogueLikePrj/FPSRogueLike/Content/Characters/Mannequins/Rigs/RTG_Mannequin.uasset" 3390
"F:/Pro/FPSRogueLikePrj/FPSRogueLike/Content/Characters/Mannequins/Rigs/RTG_Mannequin.uexp" 3391
"F:/Pro/FPSRogueLikePrj/FPSRogueLike/Content/Characters/Mannequins/Rigs/IK_Mannequin.uasset" 3392
"F:/Pro/FPSRogueLikePrj/FPSRogueLike/Content/Characters/Mannequins/Rigs/IK_Mannequin.uexp" 3393
"../../../Engine/Plugins/Animation/ControlRig/Content/Controls/DefaultGizmoLibraryNormalized.uasset" 3394
"../../../Engine/Plugins/Animation/ControlRig/Content/Controls/DefaultGizmoLibraryNormalized.uexp" 3395
"F:/Pro/FPSRogueLikePrj/FPSRogueLike/Content/Characters/Mannequins/Rigs/CR_Mannequin_Body.uasset" 3396
"F:/Pro/FPSRogueLikePrj/FPSRogueLike/Content/Characters/Mannequins/Rigs/CR_Mannequin_Body.uexp" 3397
"F:/Pro/FPSRogueLikePrj/FPSRogueLike/Content/Characters/Mannequin_UE4/Meshes/SK_Mannequin_Skeleton.uasset" 3398
"F:/Pro/FPSRogueLikePrj/FPSRogueLike/Content/Characters/Mannequin_UE4/Meshes/SK_Mannequin_Skeleton.uexp" 3399
"F:/Pro/FPSRogueLikePrj/FPSRogueLike/Content/Characters/Mannequin_UE4/Animations/Jog_Fwd.uasset" 3400
"F:/Pro/FPSRogueLikePrj/FPSRogueLike/Content/Characters/Mannequin_UE4/Animations/Jog_Fwd.uexp" 3401
"F:/Pro/FPSRogueLikePrj/FPSRogueLike/Content/Characters/Mannequins/Meshes/SKM_Quinn_Simple.uasset" 3402
"F:/Pro/FPSRogueLikePrj/FPSRogueLike/Content/Characters/Mannequins/Meshes/SKM_Quinn_Simple.uexp" 3403
"F:/Pro/FPSRogueLikePrj/FPSRogueLike/Content/Characters/Mannequin_UE4/Textures/T_UELogo_N_TGA.uasset" 3404
"F:/Pro/FPSRogueLikePrj/FPSRogueLike/Content/Characters/Mannequin_UE4/Textures/T_UELogo_N_TGA.ubulk" 3405
"F:/Pro/FPSRogueLikePrj/FPSRogueLike/Content/Characters/Mannequin_UE4/Textures/T_UELogo_N_TGA.uexp" 3406
"F:/Pro/FPSRogueLikePrj/FPSRogueLike/Content/Characters/Mannequin_UE4/Textures/T_UE4_Mannequin__normals.uasset" 3407
"F:/Pro/FPSRogueLikePrj/FPSRogueLike/Content/Characters/Mannequin_UE4/Textures/T_UE4_Mannequin__normals.ubulk" 3408
"F:/Pro/FPSRogueLikePrj/FPSRogueLike/Content/Characters/Mannequin_UE4/Textures/T_UE4_Mannequin__normals.uexp" 3409
"F:/Pro/FPSRogueLikePrj/FPSRogueLike/Content/Characters/Mannequin_UE4/Materials/Layers/ML_ShinyPlastic_Beige.uasset" 3410
"F:/Pro/FPSRogueLikePrj/FPSRogueLike/Content/Characters/Mannequin_UE4/Materials/Layers/ML_ShinyPlastic_Beige.uexp" 3411
"F:/Pro/FPSRogueLikePrj/FPSRogueLike/Content/Characters/Mannequin_UE4/Textures/T_UELogo_Mask.uasset" 3412
"F:/Pro/FPSRogueLikePrj/FPSRogueLike/Content/Characters/Mannequin_UE4/Textures/T_UELogo_Mask.ubulk" 3413
"F:/Pro/FPSRogueLikePrj/FPSRogueLike/Content/Characters/Mannequin_UE4/Textures/T_UELogo_Mask.uexp" 3414
"F:/Pro/FPSRogueLikePrj/FPSRogueLike/Content/Characters/Mannequin_UE4/Materials/Layers/ML_ShinyPlastic_Beige_Logo.uasset" 3415
"F:/Pro/FPSRogueLikePrj/FPSRogueLike/Content/Characters/Mannequin_UE4/Materials/Layers/ML_ShinyPlastic_Beige_Logo.uexp" 3416
"F:/Pro/FPSRogueLikePrj/FPSRogueLike/Content/Characters/Mannequin_UE4/Textures/T_UE4_Mannequin_MAT_MASKA.uasset" 3417
"F:/Pro/FPSRogueLikePrj/FPSRogueLike/Content/Characters/Mannequin_UE4/Textures/T_UE4_Mannequin_MAT_MASKA.ubulk" 3418
"F:/Pro/FPSRogueLikePrj/FPSRogueLike/Content/Characters/Mannequin_UE4/Textures/T_UE4_Mannequin_MAT_MASKA.uexp" 3419
"F:/Pro/FPSRogueLikePrj/FPSRogueLike/Content/Characters/Mannequin_UE4/Textures/T_ML_Aluminum01_N.uasset" 3420
"F:/Pro/FPSRogueLikePrj/FPSRogueLike/Content/Characters/Mannequin_UE4/Textures/T_ML_Aluminum01_N.ubulk" 3421
"F:/Pro/FPSRogueLikePrj/FPSRogueLike/Content/Characters/Mannequin_UE4/Textures/T_ML_Aluminum01_N.uexp" 3422
"F:/Pro/FPSRogueLikePrj/FPSRogueLike/Content/Characters/Mannequin_UE4/Textures/T_ML_Aluminum01.uasset" 3423
"F:/Pro/FPSRogueLikePrj/FPSRogueLike/Content/Characters/Mannequin_UE4/Textures/T_ML_Aluminum01.ubulk" 3424
"F:/Pro/FPSRogueLikePrj/FPSRogueLike/Content/Characters/Mannequin_UE4/Textures/T_ML_Aluminum01.uexp" 3425
"F:/Pro/FPSRogueLikePrj/FPSRogueLike/Content/Characters/Mannequin_UE4/Materials/Layers/ML_SoftMetal.uasset" 3426
"F:/Pro/FPSRogueLikePrj/FPSRogueLike/Content/Characters/Mannequin_UE4/Materials/Layers/ML_SoftMetal.uexp" 3427
"F:/Pro/FPSRogueLikePrj/FPSRogueLike/Content/Characters/Mannequin_UE4/Textures/T_ML_Rubber_Blue_01_N.uasset" 3428
"F:/Pro/FPSRogueLikePrj/FPSRogueLike/Content/Characters/Mannequin_UE4/Textures/T_ML_Rubber_Blue_01_N.ubulk" 3429
"F:/Pro/FPSRogueLikePrj/FPSRogueLike/Content/Characters/Mannequin_UE4/Textures/T_ML_Rubber_Blue_01_N.uexp" 3430
"F:/Pro/FPSRogueLikePrj/FPSRogueLike/Content/Characters/Mannequin_UE4/Textures/T_ML_Rubber_Blue_01_D.uasset" 3431
"F:/Pro/FPSRogueLikePrj/FPSRogueLike/Content/Characters/Mannequin_UE4/Textures/T_ML_Rubber_Blue_01_D.ubulk" 3432
"F:/Pro/FPSRogueLikePrj/FPSRogueLike/Content/Characters/Mannequin_UE4/Textures/T_ML_Rubber_Blue_01_D.uexp" 3433
"F:/Pro/FPSRogueLikePrj/FPSRogueLike/Content/Characters/Mannequin_UE4/Materials/Layers/ML_Latex_Black.uasset" 3434
"F:/Pro/FPSRogueLikePrj/FPSRogueLike/Content/Characters/Mannequin_UE4/Materials/Layers/ML_Latex_Black.uexp" 3435
"F:/Pro/FPSRogueLikePrj/FPSRogueLike/Content/Characters/Mannequin_UE4/Materials/M_MannequinUE4_Body.uasset" 3436
"F:/Pro/FPSRogueLikePrj/FPSRogueLike/Content/Characters/Mannequin_UE4/Materials/M_MannequinUE4_Body.uexp" 3437
"F:/Pro/FPSRogueLikePrj/FPSRogueLike/Content/Characters/Mannequin_UE4/Materials/M_MannequinUE4_ChestLogo.uasset" 3438
"F:/Pro/FPSRogueLikePrj/FPSRogueLike/Content/Characters/Mannequin_UE4/Materials/M_MannequinUE4_ChestLogo.uexp" 3439
"F:/Pro/FPSRogueLikePrj/FPSRogueLike/Content/Characters/Mannequin_UE4/Meshes/SK_Mannequin_PhysicsAsset.uasset" 3440
"F:/Pro/FPSRogueLikePrj/FPSRogueLike/Content/Characters/Mannequin_UE4/Meshes/SK_Mannequin_PhysicsAsset.uexp" 3441
"F:/Pro/FPSRogueLikePrj/FPSRogueLike/Content/Characters/Mannequin_UE4/Meshes/SK_Mannequin.uasset" 3442
"F:/Pro/FPSRogueLikePrj/FPSRogueLike/Content/Characters/Mannequin_UE4/Meshes/SK_Mannequin.uexp" 3443
"F:/Pro/FPSRogueLikePrj/FPSRogueLike/Content/Characters/Mannequin_UE4/Rigs/RTG_UE4Manny_UE5Manny.uasset" 3444
"F:/Pro/FPSRogueLikePrj/FPSRogueLike/Content/Characters/Mannequin_UE4/Rigs/RTG_UE4Manny_UE5Manny.uexp" 3445
"F:/Pro/FPSRogueLikePrj/FPSRogueLike/Content/Characters/Mannequin_UE4/Rigs/IK_UE4_Mannequin.uasset" 3446
"F:/Pro/FPSRogueLikePrj/FPSRogueLike/Content/Characters/Mannequin_UE4/Rigs/IK_UE4_Mannequin.uexp" 3447
"F:/Pro/FPSRogueLikePrj/FPSRogueLike/Content/Characters/Mannequin_UE4/Rigs/RTG_UE5Manny_UE4Manny.uasset" 3448
"F:/Pro/FPSRogueLikePrj/FPSRogueLike/Content/Characters/Mannequin_UE4/Rigs/RTG_UE5Manny_UE4Manny.uexp" 3449
"F:/Pro/FPSRogueLikePrj/FPSRogueLike/Content/UI/WB_MainMenu.uasset" 3450
"F:/Pro/FPSRogueLikePrj/FPSRogueLike/Content/UI/WB_MainMenu.uexp" 3451
"../../../Engine/Content/EngineMaterials/BlendFunc_DefBlend.uasset" 3452
"../../../Engine/Content/EngineMaterials/BlendFunc_DefBlend.uexp" 3453
"../../../Engine/Content/EngineMaterials/BlendFunc_DefBase.uasset" 3454
"../../../Engine/Content/EngineMaterials/BlendFunc_DefBase.uexp" 3455
"../../../Engine/Content/Functions/Engine_MaterialFunctions03/Blends/Blend_Overlay.uasset" 3456
"../../../Engine/Content/Functions/Engine_MaterialFunctions03/Blends/Blend_Overlay.uexp" 3457
"../../../Engine/Content/OpenWorldTemplate/LandscapeMaterial/T_GridChecker_A.uasset" 3458
"../../../Engine/Content/OpenWorldTemplate/LandscapeMaterial/T_GridChecker_A.ubulk" 3459
"../../../Engine/Content/OpenWorldTemplate/LandscapeMaterial/T_GridChecker_A.uexp" 3460
"../../../Engine/Content/OpenWorldTemplate/LandscapeMaterial/MF_ProcGrid.uasset" 3461
"../../../Engine/Content/OpenWorldTemplate/LandscapeMaterial/MF_ProcGrid.uexp" 3462
"../../../Engine/Content/OpenWorldTemplate/LandscapeMaterial/M_ProcGrid.uasset" 3463
"../../../Engine/Content/OpenWorldTemplate/LandscapeMaterial/M_ProcGrid.uexp" 3464
"../../../Engine/Content/OpenWorldTemplate/LandscapeMaterial/MI_ProcGrid.uasset" 3465
"../../../Engine/Content/OpenWorldTemplate/LandscapeMaterial/MI_ProcGrid.uexp" 3466
"../../../Engine/Content/EngineSky/T_Sky_Stars.uasset" 3467
"../../../Engine/Content/EngineSky/T_Sky_Stars.ubulk" 3468
"../../../Engine/Content/EngineSky/T_Sky_Stars.uexp" 3469
"../../../Engine/Content/EngineSky/T_Sky_Clouds_M.uasset" 3470
"../../../Engine/Content/EngineSky/T_Sky_Clouds_M.ubulk" 3471
"../../../Engine/Content/EngineSky/T_Sky_Clouds_M.uexp" 3472
"../../../Engine/Content/EngineSky/T_Sky_Blue.uasset" 3473
"../../../Engine/Content/EngineSky/T_Sky_Blue.ubulk" 3474
"../../../Engine/Content/EngineSky/T_Sky_Blue.uexp" 3475
"../../../Engine/Content/EngineSky/M_Sky_Panning_Clouds2.uasset" 3476
"../../../Engine/Content/EngineSky/M_Sky_Panning_Clouds2.uexp" 3477
"../../../Engine/Content/EngineSky/SM_SkySphere.uasset" 3478
"../../../Engine/Content/EngineSky/SM_SkySphere.ubulk" 3479
"../../../Engine/Content/EngineSky/SM_SkySphere.uexp" 3480
"../../../Engine/Content/MapTemplates/SM_Template_Map_Floor.uasset" 3481
"../../../Engine/Content/MapTemplates/SM_Template_Map_Floor.ubulk" 3482
"../../../Engine/Content/MapTemplates/SM_Template_Map_Floor.uexp" 3483
"F:/Pro/FPSRogueLikePrj/FPSRogueLike/Content/Maps/MainMenuGM.uasset" 3484
"F:/Pro/FPSRogueLikePrj/FPSRogueLike/Content/Maps/MainMenuGM.uexp" 3485
"../../../Engine/Content/EngineSky/M_SimpleSkyDome.uasset" 3486
"../../../Engine/Content/EngineSky/M_SimpleSkyDome.uexp" 3487
"F:/Pro/FPSRogueLikePrj/FPSRogueLike/Content/Maps/MainMenu.umap" 3488
"F:/Pro/FPSRogueLikePrj/FPSRogueLike/Content/Maps/MainMenu.uexp" 3489
"F:/Pro/FPSRogueLikePrj/FPSRogueLike/Content/Maps/NewProjectTest.umap" 3490
"F:/Pro/FPSRogueLikePrj/FPSRogueLike/Content/Maps/NewProjectTest.uexp" 3491
"../../../Engine/Content/Maps/Entry_BuiltData.uasset" 3492
"../../../Engine/Content/Maps/Entry_BuiltData.uexp" 3493
"../../../Engine/Content/Maps/Entry.umap" 3494
"../../../Engine/Content/Maps/Entry.uexp" 3495
"F:/Pro/FPSRogueLikePrj/FPSRogueLike/Content/FirstPerson/Blueprints/BP_FirstPersonGameMode.uasset" 3496
"F:/Pro/FPSRogueLikePrj/FPSRogueLike/Content/FirstPerson/Blueprints/BP_FirstPersonGameMode.uexp" 3497
"../../../Engine/Content/Maps/Templates/HLODs/HLODLayer_Instanced.uasset" 3498
"../../../Engine/Content/Maps/Templates/HLODs/HLODLayer_Instanced.uexp" 3499
"F:/Pro/FPSRogueLikePrj/FPSRogueLike/Content/FirstPerson/Maps/FirstPersonMap.umap" 3500
"F:/Pro/FPSRogueLikePrj/FPSRogueLike/Content/FirstPerson/Maps/FirstPersonMap.uexp" 3501
"F:/Pro/FPSRogueLikePrj/FPSRogueLike/Content/Sword_Animation/Animations/anim_attack_light_04.uasset" 3502
"F:/Pro/FPSRogueLikePrj/FPSRogueLike/Content/Sword_Animation/Animations/anim_attack_light_04.uexp" 3503
"F:/Pro/FPSRogueLikePrj/FPSRogueLike/Content/Sword_Animation/Animations/anim_attack_heavy_startup.uasset" 3504
"F:/Pro/FPSRogueLikePrj/FPSRogueLike/Content/Sword_Animation/Animations/anim_attack_heavy_startup.uexp" 3505
"F:/Pro/FPSRogueLikePrj/FPSRogueLike/Content/Sword_Animation/Animations/anim_attack_med_01.uasset" 3506
"F:/Pro/FPSRogueLikePrj/FPSRogueLike/Content/Sword_Animation/Animations/anim_attack_med_01.uexp" 3507
"F:/Pro/FPSRogueLikePrj/FPSRogueLike/Content/Sword_Animation/Animations/anim_attack_heavy_idle.uasset" 3508
"F:/Pro/FPSRogueLikePrj/FPSRogueLike/Content/Sword_Animation/Animations/anim_attack_heavy_idle.uexp" 3509
"F:/Pro/FPSRogueLikePrj/FPSRogueLike/Content/Sword_Animation/Animations/anim_attack_med_02.uasset" 3510
"F:/Pro/FPSRogueLikePrj/FPSRogueLike/Content/Sword_Animation/Animations/anim_attack_med_02.uexp" 3511
"F:/Pro/FPSRogueLikePrj/FPSRogueLike/Content/Sword_Animation/Animations/anim_block_react.uasset" 3512
"F:/Pro/FPSRogueLikePrj/FPSRogueLike/Content/Sword_Animation/Animations/anim_block_react.uexp" 3513
"F:/Pro/FPSRogueLikePrj/FPSRogueLike/Content/Sword_Animation/Animations/anim_attack_heavy_release.uasset" 3514
"F:/Pro/FPSRogueLikePrj/FPSRogueLike/Content/Sword_Animation/Animations/anim_attack_heavy_release.uexp" 3515
"F:/Pro/FPSRogueLikePrj/FPSRogueLike/Content/Sword_Animation/Animations/anim_idle.uasset" 3516
"F:/Pro/FPSRogueLikePrj/FPSRogueLike/Content/Sword_Animation/Animations/anim_idle.uexp" 3517
"F:/Pro/FPSRogueLikePrj/FPSRogueLike/Content/Sword_Animation/Animations/anim_special.uasset" 3518
"F:/Pro/FPSRogueLikePrj/FPSRogueLike/Content/Sword_Animation/Animations/anim_special.uexp" 3519
"F:/Pro/FPSRogueLikePrj/FPSRogueLike/Content/Sword_Animation/Animations/anim_attack_light_02.uasset" 3520
"F:/Pro/FPSRogueLikePrj/FPSRogueLike/Content/Sword_Animation/Animations/anim_attack_light_02.uexp" 3521
"F:/Pro/FPSRogueLikePrj/FPSRogueLike/Content/Sword_Animation/Animations/anim_block_idle.uasset" 3522
"F:/Pro/FPSRogueLikePrj/FPSRogueLike/Content/Sword_Animation/Animations/anim_block_idle.uexp" 3523
"F:/Pro/FPSRogueLikePrj/FPSRogueLike/Content/Sword_Animation/Animations/anim_attack_light_03.uasset" 3524
"F:/Pro/FPSRogueLikePrj/FPSRogueLike/Content/Sword_Animation/Animations/anim_attack_light_03.uexp" 3525
"F:/Pro/FPSRogueLikePrj/FPSRogueLike/Content/Sword_Animation/Animations/anim_f2_run.uasset" 3526
"F:/Pro/FPSRogueLikePrj/FPSRogueLike/Content/Sword_Animation/Animations/anim_f2_run.uexp" 3527
"F:/Pro/FPSRogueLikePrj/FPSRogueLike/Content/Sword_Animation/Demo/Characters/Mannequins/Textures/Manny/T_Manny_01_CCRCCPlastic_MSK.uasset" 3528
"F:/Pro/FPSRogueLikePrj/FPSRogueLike/Content/Sword_Animation/Demo/Characters/Mannequins/Textures/Manny/T_Manny_01_CCRCCPlastic_MSK.ubulk" 3529
"F:/Pro/FPSRogueLikePrj/FPSRogueLike/Content/Sword_Animation/Demo/Characters/Mannequins/Textures/Manny/T_Manny_01_CCRCCPlastic_MSK.uexp" 3530
"F:/Pro/FPSRogueLikePrj/FPSRogueLike/Content/Sword_Animation/Demo/Characters/Mannequins/Textures/Manny/T_Manny_01_ASAOPMASK_MSK.uasset" 3531
"F:/Pro/FPSRogueLikePrj/FPSRogueLike/Content/Sword_Animation/Demo/Characters/Mannequins/Textures/Manny/T_Manny_01_ASAOPMASK_MSK.ubulk" 3532
"F:/Pro/FPSRogueLikePrj/FPSRogueLike/Content/Sword_Animation/Demo/Characters/Mannequins/Textures/Manny/T_Manny_01_ASAOPMASK_MSK.uexp" 3533
"F:/Pro/FPSRogueLikePrj/FPSRogueLike/Content/Sword_Animation/Demo/Characters/Mannequins/Textures/Manny/T_Manny_01_N.uasset" 3534
"F:/Pro/FPSRogueLikePrj/FPSRogueLike/Content/Sword_Animation/Demo/Characters/Mannequins/Textures/Manny/T_Manny_01_N.ubulk" 3535
"F:/Pro/FPSRogueLikePrj/FPSRogueLike/Content/Sword_Animation/Demo/Characters/Mannequins/Textures/Manny/T_Manny_01_N.uexp" 3536
"F:/Pro/FPSRogueLikePrj/FPSRogueLike/Content/Sword_Animation/Demo/Characters/Mannequins/Materials/Functions/ML_BaseColorFallOff.uasset" 3537
"F:/Pro/FPSRogueLikePrj/FPSRogueLike/Content/Sword_Animation/Demo/Characters/Mannequins/Materials/Functions/ML_BaseColorFallOff.uexp" 3538
"F:/Pro/FPSRogueLikePrj/FPSRogueLike/Content/Sword_Animation/Demo/Characters/Mannequins/Textures/Manny/T_Manny_01_D.uasset" 3539
"F:/Pro/FPSRogueLikePrj/FPSRogueLike/Content/Sword_Animation/Demo/Characters/Mannequins/Textures/Manny/T_Manny_01_D.ubulk" 3540
"F:/Pro/FPSRogueLikePrj/FPSRogueLike/Content/Sword_Animation/Demo/Characters/Mannequins/Textures/Manny/T_Manny_01_D.uexp" 3541
"F:/Pro/FPSRogueLikePrj/FPSRogueLike/Content/Sword_Animation/Demo/Characters/Mannequins/Textures/Shared/T_UE_Logo_M.uasset" 3542
"F:/Pro/FPSRogueLikePrj/FPSRogueLike/Content/Sword_Animation/Demo/Characters/Mannequins/Textures/Shared/T_UE_Logo_M.uexp" 3543
"F:/Pro/FPSRogueLikePrj/FPSRogueLike/Content/Sword_Animation/Demo/Characters/Mannequins/Materials/Functions/MF_logo3layers.uasset" 3544
"F:/Pro/FPSRogueLikePrj/FPSRogueLike/Content/Sword_Animation/Demo/Characters/Mannequins/Materials/Functions/MF_logo3layers.uexp" 3545
"F:/Pro/FPSRogueLikePrj/FPSRogueLike/Content/Sword_Animation/Demo/Characters/Mannequins/Textures/Manny/T_Manny_01_Tan.uasset" 3546
"F:/Pro/FPSRogueLikePrj/FPSRogueLike/Content/Sword_Animation/Demo/Characters/Mannequins/Textures/Manny/T_Manny_01_Tan.ubulk" 3547
"F:/Pro/FPSRogueLikePrj/FPSRogueLike/Content/Sword_Animation/Demo/Characters/Mannequins/Textures/Manny/T_Manny_01_Tan.uexp" 3548
"F:/Pro/FPSRogueLikePrj/FPSRogueLike/Content/Sword_Animation/Demo/Characters/Mannequins/Materials/Functions/ChromaticCurve.uasset" 3549
"F:/Pro/FPSRogueLikePrj/FPSRogueLike/Content/Sword_Animation/Demo/Characters/Mannequins/Materials/Functions/ChromaticCurve.uexp" 3550
"F:/Pro/FPSRogueLikePrj/FPSRogueLike/Content/Sword_Animation/Demo/Characters/Mannequins/Materials/Functions/CA_Mannequin.uasset" 3551
"F:/Pro/FPSRogueLikePrj/FPSRogueLike/Content/Sword_Animation/Demo/Characters/Mannequins/Materials/Functions/CA_Mannequin.uexp" 3552
"F:/Pro/FPSRogueLikePrj/FPSRogueLike/Content/Sword_Animation/Demo/Characters/Mannequins/Materials/Functions/MF_Diffraction.uasset" 3553
"F:/Pro/FPSRogueLikePrj/FPSRogueLike/Content/Sword_Animation/Demo/Characters/Mannequins/Materials/Functions/MF_Diffraction.uexp" 3554
"F:/Pro/FPSRogueLikePrj/FPSRogueLike/Content/Sword_Animation/Demo/Characters/Mannequins/Textures/Manny/T_Manny_01_MSR_MSK.uasset" 3555
"F:/Pro/FPSRogueLikePrj/FPSRogueLike/Content/Sword_Animation/Demo/Characters/Mannequins/Textures/Manny/T_Manny_01_MSR_MSK.ubulk" 3556
"F:/Pro/FPSRogueLikePrj/FPSRogueLike/Content/Sword_Animation/Demo/Characters/Mannequins/Textures/Manny/T_Manny_01_MSR_MSK.uexp" 3557
"F:/Pro/FPSRogueLikePrj/FPSRogueLike/Content/Sword_Animation/Demo/Characters/Mannequins/Textures/Manny/T_Manny_01_BN.uasset" 3558
"F:/Pro/FPSRogueLikePrj/FPSRogueLike/Content/Sword_Animation/Demo/Characters/Mannequins/Textures/Manny/T_Manny_01_BN.ubulk" 3559
"F:/Pro/FPSRogueLikePrj/FPSRogueLike/Content/Sword_Animation/Demo/Characters/Mannequins/Textures/Manny/T_Manny_01_BN.uexp" 3560
"F:/Pro/FPSRogueLikePrj/FPSRogueLike/Content/Sword_Animation/Demo/Characters/Mannequins/Materials/M_Mannequin.uasset" 3561
"F:/Pro/FPSRogueLikePrj/FPSRogueLike/Content/Sword_Animation/Demo/Characters/Mannequins/Materials/M_Mannequin.uexp" 3562
"F:/Pro/FPSRogueLikePrj/FPSRogueLike/Content/Sword_Animation/Demo/Characters/Mannequins/Materials/Instances/Manny/MI_Manny_01.uasset" 3563
"F:/Pro/FPSRogueLikePrj/FPSRogueLike/Content/Sword_Animation/Demo/Characters/Mannequins/Materials/Instances/Manny/MI_Manny_01.uexp" 3564
"F:/Pro/FPSRogueLikePrj/FPSRogueLike/Content/Sword_Animation/Demo/Characters/Mannequins/Textures/Manny/T_Manny_02_N.uasset" 3565
"F:/Pro/FPSRogueLikePrj/FPSRogueLike/Content/Sword_Animation/Demo/Characters/Mannequins/Textures/Manny/T_Manny_02_N.ubulk" 3566
"F:/Pro/FPSRogueLikePrj/FPSRogueLike/Content/Sword_Animation/Demo/Characters/Mannequins/Textures/Manny/T_Manny_02_N.uexp" 3567
"F:/Pro/FPSRogueLikePrj/FPSRogueLike/Content/Sword_Animation/Demo/Characters/Mannequins/Textures/Manny/T_Manny_02_D.uasset" 3568
"F:/Pro/FPSRogueLikePrj/FPSRogueLike/Content/Sword_Animation/Demo/Characters/Mannequins/Textures/Manny/T_Manny_02_D.ubulk" 3569
"F:/Pro/FPSRogueLikePrj/FPSRogueLike/Content/Sword_Animation/Demo/Characters/Mannequins/Textures/Manny/T_Manny_02_D.uexp" 3570
"F:/Pro/FPSRogueLikePrj/FPSRogueLike/Content/Sword_Animation/Demo/Characters/Mannequins/Textures/Manny/T_Manny_02_BN.uasset" 3571
"F:/Pro/FPSRogueLikePrj/FPSRogueLike/Content/Sword_Animation/Demo/Characters/Mannequins/Textures/Manny/T_Manny_02_BN.ubulk" 3572
"F:/Pro/FPSRogueLikePrj/FPSRogueLike/Content/Sword_Animation/Demo/Characters/Mannequins/Textures/Manny/T_Manny_02_BN.uexp" 3573
"F:/Pro/FPSRogueLikePrj/FPSRogueLike/Content/Sword_Animation/Demo/Characters/Mannequins/Textures/Manny/T_Manny_02_Tan.uasset" 3574
"F:/Pro/FPSRogueLikePrj/FPSRogueLike/Content/Sword_Animation/Demo/Characters/Mannequins/Textures/Manny/T_Manny_02_Tan.ubulk" 3575
"F:/Pro/FPSRogueLikePrj/FPSRogueLike/Content/Sword_Animation/Demo/Characters/Mannequins/Textures/Manny/T_Manny_02_Tan.uexp" 3576
"F:/Pro/FPSRogueLikePrj/FPSRogueLike/Content/Sword_Animation/Demo/Characters/Mannequins/Textures/Manny/T_Manny_02_MSR_MSK.uasset" 3577
"F:/Pro/FPSRogueLikePrj/FPSRogueLike/Content/Sword_Animation/Demo/Characters/Mannequins/Textures/Manny/T_Manny_02_MSR_MSK.ubulk" 3578
"F:/Pro/FPSRogueLikePrj/FPSRogueLike/Content/Sword_Animation/Demo/Characters/Mannequins/Textures/Manny/T_Manny_02_MSR_MSK.uexp" 3579
"F:/Pro/FPSRogueLikePrj/FPSRogueLike/Content/Sword_Animation/Demo/Characters/Mannequins/Textures/Manny/T_Manny_02_ASAOPMASK_MSK.uasset" 3580
"F:/Pro/FPSRogueLikePrj/FPSRogueLike/Content/Sword_Animation/Demo/Characters/Mannequins/Textures/Manny/T_Manny_02_ASAOPMASK_MSK.ubulk" 3581
"F:/Pro/FPSRogueLikePrj/FPSRogueLike/Content/Sword_Animation/Demo/Characters/Mannequins/Textures/Manny/T_Manny_02_ASAOPMASK_MSK.uexp" 3582
"F:/Pro/FPSRogueLikePrj/FPSRogueLike/Content/Sword_Animation/Demo/Characters/Mannequins/Textures/Manny/T_Manny_02_CCRCCPlastic_MSK.uasset" 3583
"F:/Pro/FPSRogueLikePrj/FPSRogueLike/Content/Sword_Animation/Demo/Characters/Mannequins/Textures/Manny/T_Manny_02_CCRCCPlastic_MSK.ubulk" 3584
"F:/Pro/FPSRogueLikePrj/FPSRogueLike/Content/Sword_Animation/Demo/Characters/Mannequins/Textures/Manny/T_Manny_02_CCRCCPlastic_MSK.uexp" 3585
"F:/Pro/FPSRogueLikePrj/FPSRogueLike/Content/Sword_Animation/Demo/Characters/Mannequins/Materials/Instances/Manny/MI_Manny_02.uasset" 3586
"F:/Pro/FPSRogueLikePrj/FPSRogueLike/Content/Sword_Animation/Demo/Characters/Mannequins/Materials/Instances/Manny/MI_Manny_02.uexp" 3587
"F:/Pro/FPSRogueLikePrj/FPSRogueLike/Content/Sword_Animation/Demo/Characters/Mannequins/Meshes/SKM_Manny_Simple.uasset" 3588
"F:/Pro/FPSRogueLikePrj/FPSRogueLike/Content/Sword_Animation/Demo/Characters/Mannequins/Meshes/SKM_Manny_Simple.uexp" 3589
"F:/Pro/FPSRogueLikePrj/FPSRogueLike/Content/Sword_Animation/Demo/Map/DemoMap.umap" 3590
"F:/Pro/FPSRogueLikePrj/FPSRogueLike/Content/Sword_Animation/Demo/Map/DemoMap.uexp" 3591
