"F:/Pro/FPSRogueLikePrj/FPSRogueLike/FPSRogueLike.uproject" 1
"../../../Engine/Plugins/LightWeightInstancesEditor/LightWeightInstancesEditor.uplugin" 2
"../../../Engine/Plugins/MeshPainting/MeshPainting.uplugin" 3
"../../../Engine/Plugins/BlueprintFileUtils/BlueprintFileUtils.uplugin" 4
"../../../Engine/Plugins/AudioGameplay/AudioGameplay.uplugin" 5
"../../../Engine/Plugins/FastBuildController/FastBuildController.uplugin" 6
"../../../Engine/Plugins/EnhancedInput/EnhancedInput.uplugin" 7
"../../../Engine/Plugins/RenderGraphInsights/RenderGraphInsights.uplugin" 8
"../../../Engine/Plugins/MemoryUsageQueries/MemoryUsageQueries.uplugin" 9
"../../../Engine/Plugins/JsonBlueprintUtilities/JsonBlueprintUtilities.uplugin" 10
"../../../Engine/Plugins/AudioGameplayVolume/AudioGameplayVolume.uplugin" 11
"../../../Engine/Plugins/Bridge/Bridge.uplugin" 12
"../../../Engine/Plugins/ScriptPlugin/ScriptPlugin.uplugin" 13
"../../../Engine/Plugins/XGEController/XGEController.uplugin" 14
"../../../Engine/Plugins/TraceUtilities/TraceUtilities.uplugin" 15
"../../../Engine/Plugins/AI/MassAI/MassAI.uplugin" 16
"../../../Engine/Plugins/AI/MLAdapter/MLAdapter.uplugin" 17
"../../../Engine/Plugins/AI/EnvironmentQueryEditor/EnvironmentQueryEditor.uplugin" 18
"../../../Engine/Plugins/Animation/AnimationData/AnimationData.uplugin" 19
"../../../Engine/Plugins/AI/MassCrowd/MassCrowd.uplugin" 20
"../../../Engine/Plugins/Animation/AnimationLocomotionLibrary/AnimationLocomotionLibrary.uplugin" 21
"../../../Engine/Plugins/Compression/OodleNetwork/OodleNetwork.uplugin" 22
"../../../Engine/Plugins/Animation/AnimationModifierLibrary/AnimationModifierLibrary.uplugin" 23
"../../../Engine/Plugins/Animation/AnimationWarping/AnimationWarping.uplugin" 24
"../../../Engine/Plugins/Animation/AnimToTexture/AnimToTexture.uplugin" 25
"../../../Engine/Plugins/Animation/ControlRig/ControlRig.uplugin" 26
"../../../Engine/Plugins/Animation/BlendSpaceMotionAnalysis/BlendSpaceMotionAnalysis.uplugin" 27
"../../../Engine/Plugins/Animation/DeformerGraph/DeformerGraph.uplugin" 28
"../../../Engine/Plugins/Animation/ControlRigSpline/ControlRigSpline.uplugin" 29
"../../../Engine/Plugins/Animation/GameplayInsights/GameplayInsights.uplugin" 30
"../../../Engine/Plugins/Animation/LiveLink/LiveLink.uplugin" 31
"../../../Engine/Plugins/Animation/IKRig/IKRig.uplugin" 32
"../../../Engine/Plugins/Animation/LiveLinkCurveDebugUI/LiveLinkCurveDebugUI.uplugin" 33
"../../../Engine/Plugins/Animation/MotionWarping/MotionWarping.uplugin" 34
"../../../Engine/Plugins/Editor/AssetManagerEditor/AssetManagerEditor.uplugin" 35
"../../../Engine/Plugins/Editor/AssetSearch/AssetSearch.uplugin" 36
"../../../Engine/Plugins/Editor/AssetReferenceRestrictions/AssetReferenceRestrictions.uplugin" 37
"../../../Engine/Plugins/Editor/BlueprintHeaderView/BlueprintHeaderView.uplugin" 38
"../../../Engine/Plugins/Editor/AssetRegistryExport/AssetRegistryExport.uplugin" 39
"../../../Engine/Plugins/Editor/BlueprintMaterialTextureNodes/BlueprintMaterialTextureNodes.uplugin" 40
"../../../Engine/Plugins/Editor/ChangelistReview/ChangelistReview.uplugin" 41
"../../../Engine/Plugins/Animation/RigLogic/RigLogic.uplugin" 42
"../../../Engine/Plugins/Editor/CryptoKeys/CryptoKeys.uplugin" 43
"../../../Engine/Plugins/Editor/ConsoleVariablesEditor/ConsoleVariables.uplugin" 44
"../../../Engine/Plugins/Editor/CurveEditorTools/CurveEditorTools.uplugin" 45
"../../../Engine/Plugins/Editor/DataValidation/DataValidation.uplugin" 46
"../../../Engine/Plugins/Editor/EditorDebugTools/EditorDebugTools.uplugin" 47
"../../../Engine/Plugins/Editor/EditorScriptingUtilities/EditorScriptingUtilities.uplugin" 48
"../../../Engine/Plugins/Editor/GameplayTagsEditor/GameplayTagsEditor.uplugin" 49
"../../../Engine/Plugins/Editor/GeometryMode/GeometryMode.uplugin" 50
"../../../Engine/Plugins/Editor/GLTFImporter/GLTFImporter.uplugin" 51
"../../../Engine/Plugins/Editor/EngineAssetDefinitions/EngineAssetDefinitions.uplugin" 52
"../../../Engine/Plugins/Editor/GuidedTutorials/GuidedTutorials.uplugin" 53
"../../../Engine/Plugins/Editor/DisplayClusterLaunch/DisplayClusterLaunch.uplugin" 54
"../../../Engine/Plugins/Editor/MacGraphicsSwitching/MacGraphicsSwitching.uplugin" 55
"../../../Engine/Plugins/Editor/MakeCookedEditorAsDLC/MakeCookedEditorAsDLC.uplugin" 56
"../../../Engine/Plugins/Editor/LiveUpdateForSlate/LiveUpdateForSlate.uplugin" 57
"../../../Engine/Plugins/Editor/ModelingToolsEditorMode/ModelingToolsEditorMode.uplugin" 58
"../../../Engine/Plugins/Editor/PluginBrowser/PluginBrowser.uplugin" 59
"../../../Engine/Plugins/Editor/SequencerAnimTools/SequencerAnimTools.uplugin" 60
"../../../Engine/Plugins/Editor/SpeedTreeImporter/SpeedTreeImporter.uplugin" 61
"../../../Engine/Plugins/Editor/WaveformEditor/WaveformEditor.uplugin" 62
"../../../Engine/Plugins/Importers/AlembicHairImporter/AlembicHairImporter.uplugin" 63
"../../../Engine/Plugins/Importers/AlembicImporter/AlembicImporter.uplugin" 64
"../../../Engine/Plugins/Editor/StylusInput/StylusInput.uplugin" 65
"../../../Engine/Plugins/Importers/USDMultiUser/USDMultiUser.uplugin" 66
"../../../Engine/Plugins/Media/AjaMedia/AjaMedia.uplugin" 67
"../../../Engine/Plugins/Editor/MobileLauncherProfileWizard/MobileLauncherProfileWizard.uplugin" 68
"../../../Engine/Plugins/Media/AndroidCamera/AndroidCamera.uplugin" 69
"../../../Engine/Plugins/Media/AndroidMedia/AndroidMedia.uplugin" 70
"../../../Engine/Plugins/Media/AppleProResMedia/AppleProResMedia.uplugin" 71
"../../../Engine/Plugins/Media/AvfMedia/AvfMedia.uplugin" 72
"../../../Engine/Plugins/Importers/USDImporter/USDImporter.uplugin" 73
"../../../Engine/Plugins/Media/ElectraPlayer/ElectraPlayer.uplugin" 74
"../../../Engine/Plugins/Media/ElectraCDM/ElectraCDM.uplugin" 75
"../../../Engine/Plugins/Media/AvidDNxMedia/AvidDNxMedia.uplugin" 76
"../../../Engine/Plugins/Media/BlackmagicMedia/BlackmagicMedia.uplugin" 77
"../../../Engine/Plugins/Media/ElectraUtil/ElectraUtil.uplugin" 78
"../../../Engine/Plugins/Media/HAPMedia/HAPMedia.uplugin" 79
"../../../Engine/Plugins/Media/HardwareEncoders/HardwareEncoders.uplugin" 80
"../../../Engine/Plugins/Media/ImgMedia/ImgMedia.uplugin" 81
"../../../Engine/Plugins/Media/ElectraSubtitles/ElectraSubtitles.uplugin" 82
"../../../Engine/Plugins/Media/LinearTimecode/LinearTimecode.uplugin" 83
"../../../Engine/Plugins/Media/MediaMovieStreamer/MediaMovieStreamer.uplugin" 84
"../../../Engine/Plugins/Media/MediaFrameworkUtilities/MediaFrameworkUtilities.uplugin" 85
"../../../Engine/Plugins/Media/MediaCompositing/MediaCompositing.uplugin" 86
"../../../Engine/Plugins/Media/MediaPlate/MediaPlate.uplugin" 87
"../../../Engine/Plugins/Media/HLMedia/HLMedia.uplugin" 88
"../../../Engine/Plugins/Media/AudioCaptureTimecodeProvider/AudioCaptureTimecodeProvider.uplugin" 89
"../../../Engine/Plugins/Media/MfMedia/MfMedia.uplugin" 90
"../../../Engine/Plugins/Media/PixelStreaming/PixelStreaming.uplugin" 91
"../../../Engine/Plugins/Media/TimecodeSynchronizer/TimecodeSynchronizer.uplugin" 92
"../../../Engine/Plugins/Media/WebMMedia/WebMMedia.uplugin" 93
"../../../Engine/Plugins/Media/MediaPlayerEditor/MediaPlayerEditor.uplugin" 94
"../../../Engine/Plugins/Media/PixelCapture/PixelCapture.uplugin" 95
"../../../Engine/Plugins/Media/WmfMedia/WmfMedia.uplugin" 96
"../../../Engine/Plugins/Slate/SlateScripting/SlateScripting.uplugin" 97
"../../../Engine/Plugins/Web/HttpBlueprint/HttpBlueprint.uplugin" 98
"../../../Engine/Plugins/Cameras/CameraShakePreviewer/CameraShakePreviewer.uplugin" 99
"../../../Engine/Plugins/Enterprise/AxFImporter/AxFImporter.uplugin" 100
"../../../Engine/Plugins/Enterprise/DataprepEditor/DataprepEditor.uplugin" 101
"../../../Engine/Plugins/Enterprise/DatasmithC4DImporter/DatasmithC4DImporter.uplugin" 102
"../../../Engine/Plugins/Media/BinkMedia/BinkMedia.uplugin" 103
"../../../Engine/Plugins/Enterprise/DatasmithCADImporter/DatasmithCADImporter.uplugin" 104
"../../../Engine/Plugins/Media/MediaIOFramework/MediaIOFramework.uplugin" 105
"../../../Engine/Plugins/Enterprise/DatasmithFBXImporter/DatasmithFBXImporter.uplugin" 106
"../../../Engine/Plugins/Editor/MaterialAnalyzer/MaterialAnalyzer.uplugin" 107
"../../../Engine/Plugins/Enterprise/DatasmithGLTFImporter/DatasmithGLTFImporter.uplugin" 108
"../../../Engine/Plugins/Editor/FacialAnimation/FacialAnimation.uplugin" 109
"../../../Engine/Plugins/Enterprise/GLTFExporter/GLTFExporter.uplugin" 110
"../../../Engine/Plugins/Enterprise/VariantManagerContent/VariantManagerContent.uplugin" 111
"../../../Engine/Plugins/Enterprise/MDLImporter/MDLImporter.uplugin" 112
"../../../Engine/Plugins/Enterprise/LidarPointCloud/LidarPointCloud.uplugin" 113
"../../../Engine/Plugins/Enterprise/DatasmithImporter/DatasmithImporter.uplugin" 114
"../../../Engine/Plugins/MovieScene/CustomizableSequencerTracks/CustomizableSequencerTracks.uplugin" 115
"../../../Engine/Plugins/Enterprise/VariantManager/VariantManager.uplugin" 116
"../../../Engine/Plugins/Interchange/Editor/InterchangeEditor.uplugin" 117
"../../../Engine/Plugins/MovieScene/MoviePipelineMaskRenderPass/MoviePipelineMaskRenderPass.uplugin" 118
"../../../Engine/Plugins/MovieScene/ActorSequence/ActorSequence.uplugin" 119
"../../../Engine/Plugins/Slate/SlateInsights/SlateInsights.uplugin" 120
"../../../Engine/Plugins/MovieScene/ReplayTracks/ReplayTracks.uplugin" 121
"../../../Engine/Plugins/MovieScene/MovieRenderPipeline/MovieRenderPipeline.uplugin" 122
"../../../Engine/Plugins/Enterprise/DatasmithIFCImporter/DatasmithIFCImporter.uplugin" 123
"../../../Engine/Plugins/Interchange/Runtime/Interchange.uplugin" 124
"../../../Engine/Plugins/MovieScene/SequencerScripting/SequencerScripting.uplugin" 125
"../../../Engine/Plugins/MovieScene/TemplateSequence/TemplateSequence.uplugin" 126
"../../../Engine/Plugins/Portal/LauncherChunkInstaller/LauncherChunkInstaller.uplugin" 127
"../../../Engine/Plugins/Runtime/ActorLayerUtilities/ActorLayerUtilities.uplugin" 128
"../../../Engine/Plugins/Runtime/AndroidDeviceProfileSelector/AndroidDeviceProfileSelector.uplugin" 129
"../../../Engine/Plugins/Runtime/AndroidBackgroundService/AndroidBackgroundService.uplugin" 130
"../../../Engine/Plugins/Runtime/AndroidMoviePlayer/AndroidMoviePlayer.uplugin" 131
"../../../Engine/Plugins/Runtime/AndroidFileServer/AndroidFileServer.uplugin" 132
"../../../Engine/Plugins/Runtime/AndroidPermission/AndroidPermission.uplugin" 133
"../../../Engine/Plugins/Runtime/AnimationBudgetAllocator/AnimationBudgetAllocator.uplugin" 134
"../../../Engine/Plugins/Runtime/AppleImageUtils/AppleImageUtils.uplugin" 135
"../../../Engine/Plugins/Runtime/ApexDestruction/ApexDestruction.uplugin" 136
"../../../Engine/Plugins/Runtime/AppleMoviePlayer/AppleMoviePlayer.uplugin" 137
"../../../Engine/Plugins/Runtime/ArchVisCharacter/ArchVisCharacter.uplugin" 138
"../../../Engine/Plugins/Runtime/AudioCapture/AudioCapture.uplugin" 139
"../../../Engine/Plugins/Runtime/AudioMotorSim/AudioMotorSim.uplugin" 140
"../../../Engine/Plugins/Runtime/AssetTags/AssetTags.uplugin" 141
"../../../Engine/Plugins/Runtime/AudioSynesthesia/AudioSynesthesia.uplugin" 142
"../../../Engine/Plugins/Runtime/CableComponent/CableComponent.uplugin" 143
"../../../Engine/Plugins/Cameras/GameplayCameras/GameplayCameras.uplugin" 144
"../../../Engine/Plugins/Runtime/ComputeFramework/ComputeFramework.uplugin" 145
"../../../Engine/Plugins/Runtime/DataRegistry/DataRegistry.uplugin" 146
"../../../Engine/Plugins/Runtime/AudioWidgets/AudioWidgets.uplugin" 147
"../../../Engine/Plugins/Runtime/ExampleDeviceProfileSelector/ExampleDeviceProfileSelector.uplugin" 148
"../../../Engine/Plugins/Runtime/AudioModulation/AudioModulation.uplugin" 149
"../../../Engine/Plugins/Editor/WorldPartitionHLODUtilities/WorldPartitionHLODUtilities.uplugin" 150
"../../../Engine/Plugins/Runtime/ChunkDownloader/ChunkDownloader.uplugin" 151
"../../../Engine/Plugins/Runtime/GameplayAbilities/GameplayAbilities.uplugin" 152
"../../../Engine/Plugins/Runtime/GameplayBehaviorSmartObjects/GameplayBehaviorSmartObjects.uplugin" 153
"../../../Engine/Plugins/Runtime/GameplayStateTree/GameplayStateTree.uplugin" 154
"../../../Engine/Plugins/Runtime/GeoReferencing/GeoReferencing.uplugin" 155
"../../../Engine/Plugins/Runtime/GameplayInteractions/GameplayInteractions.uplugin" 156
"../../../Engine/Plugins/Runtime/GooglePAD/GooglePAD.uplugin" 157
"../../../Engine/Plugins/Runtime/GeometryCache/GeometryCache.uplugin" 158
"../../../Engine/Plugins/Runtime/HairStrands/HairStrands.uplugin" 159
"../../../Engine/Plugins/MovieScene/LevelSequenceEditor/LevelSequenceEditor.uplugin" 160
"../../../Engine/Plugins/Runtime/HTTPChunkInstaller/HTTPChunkInstaller.uplugin" 161
"../../../Engine/Plugins/Runtime/GeometryProcessing/GeometryProcessing.uplugin" 162
"../../../Engine/Plugins/Runtime/HDRIBackdrop/HDRIBackdrop.uplugin" 163
"../../../Engine/Plugins/Runtime/InputDebugging/InputDebugging.uplugin" 164
"../../../Engine/Plugins/Runtime/IOSReplayKit/IOSReplayKit.uplugin" 165
"../../../Engine/Plugins/Runtime/GoogleCloudMessaging/GoogleCloudMessaging.uplugin" 166
"../../../Engine/Plugins/Runtime/CustomMeshComponent/CustomMeshComponent.uplugin" 167
"../../../Engine/Plugins/AI/AISupport/AISupport.uplugin" 168
"../../../Engine/Plugins/Runtime/LocationServicesIOSImpl/LocationServicesIOSImpl.uplugin" 169
"../../../Engine/Plugins/Runtime/HPMotionController/HPMotionController.uplugin" 170
"../../../Engine/Plugins/Runtime/MassGameplay/MassGameplay.uplugin" 171
"../../../Engine/Plugins/Runtime/IOSDeviceProfileSelector/IOSDeviceProfileSelector.uplugin" 172
"../../../Engine/Plugins/Runtime/Firebase/Firebase.uplugin" 173
"../../../Engine/Plugins/Runtime/MicrosoftSpatialAudio/MicroSoftSpatialSound.uplugin" 174
"../../../Engine/Plugins/Runtime/MeshModelingToolset/MeshModelingToolset.uplugin" 175
"../../../Engine/Plugins/Runtime/MIDIDevice/MIDIDevice.uplugin" 176
"../../../Engine/Plugins/Runtime/MixedRealityCaptureFramework/MixedRealityCaptureFramework.uplugin" 177
"../../../Engine/Plugins/Runtime/MobileFSR/MobileFSR.uplugin" 178
"../../../Engine/Plugins/Runtime/ModelViewViewModel/ModelViewViewModel.uplugin" 179
"../../../Engine/Plugins/Runtime/LocationServicesAndroidImpl/LocationServicesAndroidImpl.uplugin" 180
"../../../Engine/Plugins/Runtime/NavCorridor/NavCorridor.uplugin" 181
"../../../Engine/Plugins/Runtime/LocationServicesBPLibrary/LocationServicesBPLibrary.uplugin" 182
"../../../Engine/Plugins/Runtime/nDisplay/nDisplay.uplugin" 183
"../../../Engine/Plugins/Runtime/MobilePatchingUtils/MobilePatchingUtils.uplugin" 184
"../../../Engine/Plugins/Runtime/nDisplayModularFeatures/nDisplayModularFeatures.uplugin" 185
"../../../Engine/Plugins/Runtime/NetworkPredictionExtras/NetworkPredictionExtras.uplugin" 186
"../../../Engine/Plugins/Runtime/NetworkPredictionInsights/NetworkPredictionInsights.uplugin" 187
"../../../Engine/Plugins/Runtime/OpenCV/OpenCV.uplugin" 188
"../../../Engine/Plugins/Runtime/OpenXREyeTracker/OpenXREyeTracker.uplugin" 189
"../../../Engine/Plugins/Runtime/OpenXRMsftHandInteraction/OpenXRMsftHandInteraction.uplugin" 190
"../../../Engine/Plugins/Runtime/OpenXRHandTracking/OpenXRHandTracking.uplugin" 191
"../../../Engine/Plugins/Runtime/OpenXR/OpenXR.uplugin" 192
"../../../Engine/Plugins/Runtime/MassEntity/MassEntity.uplugin" 193
"../../../Engine/Plugins/Runtime/OpenXRViveTracker/OpenXRViveTracker.uplugin" 194
"../../../Engine/Plugins/Runtime/OSC/OSC.uplugin" 195
"../../../Engine/Plugins/Runtime/NetworkPrediction/NetworkPrediction.uplugin" 196
"../../../Engine/Plugins/Runtime/OptionalMobileFeaturesBPLibrary/OptionalMobileFeaturesBPLibrary.uplugin" 197
"../../../Engine/Plugins/Runtime/OSCModulationMixing/OSCModulationMixing.uplugin" 198
"../../../Engine/Plugins/Runtime/Metasound/Metasound.uplugin" 199
"../../../Engine/Plugins/Runtime/PropertyAccess/PropertyAccessEditor.uplugin" 200
"../../../Engine/Plugins/Runtime/ProceduralMeshComponent/ProceduralMeshComponent.uplugin" 201
"../../../Engine/Plugins/Runtime/PreLoadScreenMoviePlayer/PreLoadScreenMoviePlayer.uplugin" 202
"../../../Engine/Plugins/Runtime/SoundFields/SoundFields.uplugin" 203
"../../../Engine/Plugins/Runtime/ReplicationGraph/ReplicationGraph.uplugin" 204
"../../../Engine/Plugins/Runtime/SkeletalMerging/SkeletalMerging.uplugin" 205
"../../../Engine/Plugins/Runtime/RenderTrace/RenderTrace.uplugin" 206
"../../../Engine/Plugins/Runtime/SignificanceManager/SignificanceManager.uplugin" 207
"../../../Engine/Plugins/AI/HTNPlanner/HTNPlanner.uplugin" 208
"../../../Engine/Plugins/Runtime/ReplicationSystemTestPlugin/ReplicationSystemTestPlugin.uplugin" 209
"../../../Engine/Plugins/Runtime/SmartObjects/SmartObjects.uplugin" 210
"../../../Engine/Plugins/Runtime/ResonanceAudio/ResonanceAudio.uplugin" 211
"../../../Engine/Plugins/Runtime/Soundscape/Soundscape.uplugin" 212
"../../../Engine/Plugins/Runtime/SoundCueTemplates/SoundCueTemplates.uplugin" 213
"../../../Engine/Plugins/Runtime/SoundMod/SoundMod.uplugin" 214
"../../../Engine/Plugins/Runtime/Spatialization/Spatialization.uplugin" 215
"../../../Engine/Plugins/Runtime/Synthesis/Synthesis.uplugin" 216
"../../../Engine/Plugins/Runtime/WindowsDeviceProfileSelector/WindowsDeviceProfileSelector.uplugin" 217
"../../../Engine/Plugins/Runtime/WebBrowserWidget/WebBrowserWidget.uplugin" 218
"../../../Engine/Plugins/Runtime/WarpUtils/WarpUtils.uplugin" 219
"../../../Engine/Plugins/Runtime/WebMMoviePlayer/WebMMoviePlayer.uplugin" 220
"../../../Engine/Plugins/Runtime/SunPosition/SunPosition.uplugin" 221
"../../../Engine/Plugins/Runtime/WindowsMoviePlayer/WindowsMoviePlayer.uplugin" 222
"../../../Engine/Plugins/Runtime/WorldConditions/WorldConditions.uplugin" 223
"../../../Engine/Plugins/Compositing/Composure/Composure.uplugin" 224
"../../../Engine/Plugins/Compositing/LensDistortion/LensDistortion.uplugin" 225
"../../../Engine/Plugins/Runtime/ZoneGraph/ZoneGraph.uplugin" 226
"../../../Engine/Plugins/Runtime/ZoneGraphAnnotations/ZoneGraphAnnotations.uplugin" 227
"../../../Engine/Plugins/Compositing/OpenColorIO/OpenColorIO.uplugin" 228
"../../../Engine/Plugins/NetcodeUnitTest/NetcodeUnitTest/NetcodeUnitTest.uplugin" 229
"../../../Engine/Plugins/NetcodeUnitTest/NUTUnrealEngine/NUTUnrealEngine.uplugin" 230
"../../../Engine/Plugins/FX/CascadeToNiagaraConverter/CascadeToNiagaraConverter.uplugin" 231
"../../../Engine/Plugins/Compositing/OpenCVLensDistortion/OpenCVLensDistortion.uplugin" 232
"../../../Engine/Plugins/FX/ExampleCustomDataInterface/ExampleCustomDataInterface.uplugin" 233
"../../../Engine/Plugins/FX/NiagaraSimCaching/NiagaraSimCaching.uplugin" 234
"../../../Engine/Plugins/FX/Niagara/Niagara.uplugin" 235
"../../../Engine/Plugins/Online/OnlineFramework/OnlineFramework.uplugin" 236
"../../../Engine/Plugins/FX/NiagaraFluids/NiagaraFluids.uplugin" 237
"../../../Engine/Plugins/Online/OnlineBase/OnlineBase.uplugin" 238
"../../../Engine/Plugins/Online/OnlineServices/OnlineServices.uplugin" 239
"../../../Engine/Plugins/Online/OnlineServicesEOS/OnlineServicesEOS.uplugin" 240
"../../../Engine/Plugins/Online/OnlineServicesOSSAdapter/OnlineServicesOSSAdapter.uplugin" 241
"../../../Engine/Plugins/Online/OnlineServicesEOSGS/OnlineServicesEOSGS.uplugin" 242
"../../../Engine/Plugins/Online/OnlineSubsystem/OnlineSubsystem.uplugin" 243
"../../../Engine/Plugins/Online/OnlineSubsystemEOS/OnlineSubsystemEOS.uplugin" 244
"../../../Engine/Plugins/Online/OnlineSubsystemFacebook/OnlineSubsystemFacebook.uplugin" 245
"../../../Engine/Plugins/Online/OnlineSubsystemApple/OnlineSubsystemApple.uplugin" 246
"../../../Engine/Plugins/Online/OnlineSubsystemGoogle/OnlineSubsystemGoogle.uplugin" 247
"../../../Engine/Plugins/Online/OnlineSubsystemOculus/OnlineSubsystemOculus.uplugin" 248
"../../../Engine/Plugins/Online/OnlineSubsystemNull/OnlineSubsystemNull.uplugin" 249
"../../../Engine/Plugins/Online/OnlineSubsystemSteam/OnlineSubsystemSteam.uplugin" 250
"../../../Engine/Plugins/Online/OnlineServicesNull/OnlineServicesNull.uplugin" 251
"../../../Engine/Plugins/Online/OnlineSubsystemTencent/OnlineSubsystemTencent.uplugin" 252
"../../../Engine/Plugins/Online/OnlineSubsystemUtils/OnlineSubsystemUtils.uplugin" 253
"../../../Engine/Plugins/Online/EOSShared/EOSShared.uplugin" 254
"../../../Engine/Plugins/Online/SocketSubsystemEOS/SocketSubsystemEOS.uplugin" 255
"../../../Engine/Plugins/Tests/AutomationDriverTests/AutomationDriverTests.uplugin" 256
"../../../Engine/Plugins/Tests/EditorTests/EditorTests.uplugin" 257
"../../../Engine/Plugins/Tests/FbxAutomationTestBuilder/FbxAutomationTestBuilder.uplugin" 258
"../../../Engine/Plugins/Tests/PythonAutomationTest/PythonAutomationTest.uplugin" 259
"../../../Engine/Plugins/Tests/InterchangeTests/InterchangeTests.uplugin" 260
"../../../Engine/Plugins/Tests/FunctionalTestingEditor/FunctionalTestingEditor.uplugin" 261
"../../../Engine/Plugins/Tests/RuntimeTests/RuntimeTests.uplugin" 262
"../../../Engine/Plugins/Enterprise/DatasmithContent/DatasmithContent.uplugin" 263
"../../../Engine/Plugins/Tests/RHITests/RHITests.uplugin" 264
"../../../Engine/Plugins/VirtualProduction/CameraCalibrationCore/CameraCalibrationCore.uplugin" 265
"../../../Engine/Plugins/VirtualProduction/CompositePlane/CompositePlane.uplugin" 266
"../../../Engine/Plugins/VirtualProduction/CameraCalibration/CameraCalibration.uplugin" 267
"../../../Engine/Plugins/Tests/TestSamples/TestSamples.uplugin" 268
"../../../Engine/Plugins/VirtualProduction/ICVFX/ICVFX.uplugin" 269
"../../../Engine/Plugins/VirtualProduction/EpicStageApp/EpicStageApp.uplugin" 270
"../../../Engine/Plugins/VirtualProduction/LevelSnapshots/LevelSnapshots.uplugin" 271
"../../../Engine/Plugins/VirtualProduction/LiveLinkCamera/LiveLinkCamera.uplugin" 272
"../../../Engine/Plugins/VirtualProduction/LiveLinkFreeD/LiveLinkFreeD.uplugin" 273
"../../../Engine/Plugins/VirtualProduction/LiveLinkLens/LiveLinkLens.uplugin" 274
"../../../Engine/Plugins/Runtime/StateTree/StateTree.uplugin" 275
"../../../Engine/Plugins/VirtualProduction/LiveLinkMasterLockit/LiveLinkMasterLockit.uplugin" 276
"../../../Engine/Plugins/Runtime/LinuxDeviceProfileSelector/LinuxDeviceProfileSelector.uplugin" 277
"../../../Engine/Plugins/VirtualProduction/MultiUserTakes/MultiUserTakes.uplugin" 278
"../../../Engine/Plugins/VirtualProduction/RemoteControl/RemoteControl.uplugin" 279
"../../../Engine/Plugins/VirtualProduction/LiveLinkPrestonMDR/LiveLinkPrestonMDR.uplugin" 280
"../../../Engine/Plugins/VirtualProduction/LiveLinkXR/LiveLinkXR.uplugin" 281
"../../../Engine/Plugins/VirtualProduction/DataCharts/DataCharts.uplugin" 282
"../../../Engine/Plugins/Online/OnlineSubsystemAmazon/OnlineSubsystemAmazon.uplugin" 283
"../../../Engine/Plugins/Runtime/SoundUtilities/SoundUtilities.uplugin" 284
"../../../Engine/Plugins/VirtualProduction/RemoteControlInterception/RemoteControlInterception.uplugin" 285
"../../../Engine/Plugins/VirtualProduction/RemoteControlProtocolDMX/RemoteControlProtocolDMX.uplugin" 286
"../../../Engine/Plugins/Runtime/LiveLinkOvernDisplay/LiveLinkOverNDisplay.uplugin" 287
"../../../Engine/Plugins/VirtualProduction/RemoteControlWebInterface/RemoteControlWebInterface.uplugin" 288
"../../../Engine/Plugins/Online/WebAuth/WebAuth.uplugin" 289
"../../../Engine/Plugins/VirtualProduction/LiveLinkVRPN/LiveLinkVRPN.uplugin" 290
"../../../Engine/Plugins/VirtualProduction/Switchboard/Switchboard.uplugin" 291
"../../../Engine/Plugins/Runtime/WebBrowserNativeProxy/WebBrowserNativeProxy.uplugin" 292
"../../../Engine/Plugins/VirtualProduction/StageMonitoring/StageMonitoring.uplugin" 293
"../../../Engine/Plugins/VirtualProduction/SequencerPlaylists/SequencerPlaylists.uplugin" 294
"../../../Engine/Plugins/VirtualProduction/RemoteControlProtocolMIDI/RemoteControlProtocolMIDI.uplugin" 295
"../../../Engine/Plugins/VirtualProduction/Takes/Takes.uplugin" 296
"../../../Engine/Plugins/VirtualProduction/TextureShare/TextureShare.uplugin" 297
"../../../Engine/Plugins/2D/Paper2D/Paper2D.uplugin" 298
"../../../Engine/Plugins/Developer/AnimationSharing/AnimationSharing.uplugin" 299
"../../../Engine/Plugins/VirtualProduction/TimedDataMonitor/TimedDataMonitor.uplugin" 300
"../../../Engine/Plugins/Developer/GitSourceControl/GitSourceControl.uplugin" 301
"../../../Engine/Plugins/Developer/CLionSourceCodeAccess/CLionSourceCodeAccess.uplugin" 302
"../../../Engine/Plugins/Developer/BlankPlugin/BlankPlugin.uplugin" 303
"../../../Engine/Plugins/Developer/OneSkyLocalizationService/OneSkyLocalizationService.uplugin" 304
"../../../Engine/Plugins/Developer/PerforceSourceControl/PerforceSourceControl.uplugin" 305
"../../../Engine/Plugins/Developer/PixWinPlugin/PixWinPlugin.uplugin" 306
"../../../Engine/Plugins/Developer/PluginUtils/PluginUtils.uplugin" 307
"../../../Engine/Plugins/Developer/RenderDocPlugin/RenderDocPlugin.uplugin" 308
"../../../Engine/Plugins/Developer/DumpGPUServices/DumpGPUServices.uplugin" 309
"../../../Engine/Plugins/Developer/NullSourceCodeAccess/NullSourceCodeAccess.uplugin" 310
"../../../Engine/Plugins/Developer/KDevelopSourceCodeAccess/KDevelopSourceCodeAccess.uplugin" 311
"../../../Engine/Plugins/Developer/SubversionSourceControl/SubversionSourceControl.uplugin" 312
"../../../Engine/Plugins/Developer/TextureFormatOodle/TextureFormatOodle.uplugin" 313
"../../../Engine/Plugins/Developer/UObjectPlugin/UObjectPlugin.uplugin" 314
"../../../Engine/Plugins/Developer/TraceDataFiltering/TraceDataFilters.uplugin" 315
"../../../Engine/Plugins/VirtualProduction/RemoteControlProtocolOSC/RemoteControlProtocolOSC.uplugin" 316
"../../../Engine/Plugins/Developer/PlasticSourceControl/PlasticSourceControl.uplugin" 317
"../../../Engine/Plugins/Developer/TraceSourceFiltering/TraceSourceFilters.uplugin" 318
"../../../Engine/Plugins/Developer/VisualStudioSourceCodeAccess/VisualStudioSourceCodeAccess.uplugin" 319
"../../../Engine/Plugins/Developer/PropertyAccessNode/PropertyAccessNode.uplugin" 320
"../../../Engine/Plugins/Developer/XcodeGPUDebuggerPlugin/XcodeGPUDebuggerPlugin.uplugin" 321
"../../../Engine/Plugins/Developer/RiderSourceCodeAccess/RiderSourceCodeAccess.uplugin" 322
"../../../Engine/Plugins/Developer/VisualStudioCodeSourceCodeAccess/VisualStudioCodeSourceCodeAccess.uplugin" 323
"../../../Engine/Plugins/Experimental/AbilitySystemGameFeatureActions/AbilitySystemGameFeatureActions.uplugin" 324
"../../../Engine/Plugins/Developer/XCodeSourceCodeAccess/XCodeSourceCodeAccess.uplugin" 325
"../../../Engine/Plugins/Experimental/ActorPalette/ActorPalette.uplugin" 326
"../../../Engine/Plugins/Developer/CodeLiteSourceCodeAccess/CodeLiteSourceCodeAccess.uplugin" 327
"../../../Engine/Plugins/Experimental/AutomationUtils/AutomationUtils.uplugin" 328
"../../../Engine/Plugins/Experimental/AppleVision/AppleVision.uplugin" 329
"../../../Engine/Plugins/Experimental/BlueprintSnapNodes/BlueprintSnapNodes.uplugin" 330
"../../../Engine/Plugins/Experimental/AssetPlacementEdMode/AssetPlacementEdMode.uplugin" 331
"../../../Engine/Plugins/Experimental/BlueprintStats/BlueprintStats.uplugin" 332
"../../../Engine/Plugins/Experimental/ChaosCaching/ChaosCaching.uplugin" 333
"../../../Engine/Plugins/Experimental/ChaosClothEditor/ChaosClothEditor.uplugin" 334
"../../../Engine/Plugins/Experimental/ChaosClothAssetEditor/ChaosClothAssetEditor.uplugin" 335
"../../../Engine/Plugins/Experimental/ChaosCloth/ChaosCloth.uplugin" 336
"../../../Engine/Plugins/Experimental/ChaosClothAsset/ChaosClothAsset.uplugin" 337
"../../../Engine/Plugins/Experimental/ChaosSolverPlugin/ChaosSolverPlugin.uplugin" 338
"../../../Engine/Plugins/Experimental/ChaosUserDataPT/ChaosUserDataPT.uplugin" 339
"../../../Engine/Plugins/Experimental/ChaosFlesh/ChaosFlesh.uplugin" 340
"../../../Engine/Plugins/Experimental/Chooser/Chooser.uplugin" 341
"../../../Engine/Plugins/Experimental/ChaosEditor/ChaosEditor.uplugin" 342
"../../../Engine/Plugins/Experimental/CharacterAI/CharacterAI.uplugin" 343
"../../../Engine/Plugins/Experimental/CineCameraRigs/CineCameraRigs.uplugin" 344
"../../../Engine/Plugins/Experimental/CodeEditor/CodeEditor.uplugin" 345
"../../../Engine/Plugins/Experimental/CinematicPrestreaming/CinematicPrestreaming.uplugin" 346
"../../../Engine/Plugins/Experimental/BackChannel/BackChannel.uplugin" 347
"../../../Engine/Plugins/Experimental/ColorCorrectRegions/ColorCorrectRegions.uplugin" 348
"../../../Engine/Plugins/Experimental/CommonConversation/CommonConversation.uplugin" 349
"../../../Engine/Plugins/Experimental/CommonUI/CommonUI.uplugin" 350
"../../../Engine/Plugins/Experimental/ChaosNiagara/ChaosNiagara.uplugin" 351
"../../../Engine/Plugins/Experimental/CodeView/CodeView.uplugin" 352
"../../../Engine/Plugins/Experimental/ControlFlows/ControlFlows.uplugin" 353
"../../../Engine/Plugins/Experimental/Dataflow/Dataflow.uplugin" 354
"../../../Engine/Plugins/Experimental/DefaultInstallBundleManager/DefaultInstallBundleManager.uplugin" 355
"../../../Engine/Plugins/Experimental/FullBodyIK/FullBodyIK.uplugin" 356
"../../../Engine/Plugins/Experimental/Fracture/Fracture.uplugin" 357
"../../../Engine/Plugins/Experimental/GameplayTargetingSystem/TargetingSystem.uplugin" 358
"../../../Engine/Plugins/Experimental/GameplayBehaviors/GameplayBehaviors.uplugin" 359
"../../../Engine/Plugins/Experimental/FieldSystemPlugin/FieldSystemPlugin.uplugin" 360
"../../../Engine/Plugins/Experimental/Gauntlet/Gauntlet.uplugin" 361
"../../../Engine/Plugins/Experimental/GeometryCacheAbcFile/GeometryCacheAbcFile.uplugin" 362
"../../../Engine/Plugins/Experimental/GeometryFlow/GeometryFlow.uplugin" 363
"../../../Engine/Plugins/Experimental/GameFeatures/GameFeatures.uplugin" 364
"../../../Engine/Plugins/Experimental/GeometryScripting/GeometryScripting.uplugin" 365
"../../../Engine/Plugins/Experimental/GeometryCollectionPlugin/GeometryCollectionPlugin.uplugin" 366
"../../../Engine/Plugins/Experimental/GizmoEdMode/GizmoEdMode.uplugin" 367
"../../../Engine/Plugins/Experimental/GPULightmass/GPULightmass.uplugin" 368
"../../../Engine/Plugins/Experimental/HairModelingToolset/HairModelingToolset.uplugin" 369
"../../../Engine/Plugins/Experimental/ImpostorBaker/ImpostorBaker.uplugin" 370
"../../../Engine/Plugins/Experimental/ImagePlate/ImagePlate.uplugin" 371
"../../../Engine/Plugins/Experimental/Iris/Iris.uplugin" 372
"../../../Engine/Plugins/Experimental/LandscapePatch/LandscapePatch.uplugin" 373
"../../../Engine/Plugins/Experimental/GizmoFramework/GizmoFramework.uplugin" 374
"../../../Engine/Plugins/Experimental/LiveLinkControlRig/LiveLinkControlRig.uplugin" 375
"../../../Engine/Plugins/Experimental/LiveLinkFaceImporter/LiveLinkFaceImporter.uplugin" 376
"../../../Engine/Plugins/Experimental/MeshLODToolset/MeshLODToolset.uplugin" 377
"../../../Engine/Plugins/Experimental/MeshModelingToolsetExp/MeshModelingToolsetExp.uplugin" 378
"../../../Engine/Plugins/Experimental/JWT/JWT.uplugin" 379
"../../../Engine/Plugins/Experimental/Mutable/Mutable.uplugin" 380
"../../../Engine/Plugins/Experimental/MotorSimOutputMotoSynth/MotorSimOutputMotoSynth.uplugin" 381
"../../../Engine/Plugins/Experimental/ModularGameplay/ModularGameplay.uplugin" 382
"../../../Engine/Plugins/Experimental/NaniteDisplacedMesh/NaniteDisplacedMesh.uplugin" 383
"../../../Engine/Plugins/Experimental/NNE/NNE.uplugin" 384
"../../../Engine/Plugins/Experimental/Landmass/Landmass.uplugin" 385
"../../../Engine/Plugins/Experimental/MotoSynth/MotoSynth.uplugin" 386
"../../../Engine/Plugins/Experimental/NNI/NeuralNetworkInference.uplugin" 387
"../../../Engine/Plugins/Experimental/OpenImageDenoise/OpenImageDenoise.uplugin" 388
"../../../Engine/Plugins/Experimental/PanoramicCapture/PanoramicCapture.uplugin" 389
"../../../Engine/Plugins/Experimental/PCG/PCG.uplugin" 390
"../../../Engine/Plugins/Experimental/OptiXDenoise/OptiXDenoise.uplugin" 391
"../../../Engine/Plugins/Experimental/PCGGeometryScriptInterop/PCGGeometryScriptInterop.uplugin" 392
"../../../Engine/Plugins/Experimental/PlanarCutPlugin/PlanarCut.uplugin" 393
"../../../Engine/Plugins/Experimental/PhysicsControl/PhysicsControl.uplugin" 394
"../../../Engine/Plugins/Experimental/PlatformCrypto/PlatformCrypto.uplugin" 395
"../../../Engine/Plugins/Experimental/PythonScriptPlugin/PythonScriptPlugin.uplugin" 396
"../../../Engine/Plugins/Experimental/PythonFoundationPackages/PythonFoundationPackages.uplugin" 397
"../../../Engine/Plugins/Experimental/RawInput/RawInput.uplugin" 398
"../../../Engine/Plugins/Experimental/RemoteSession/RemoteSession.uplugin" 399
"../../../Engine/Plugins/Experimental/AnimNext/AnimNext.uplugin" 400
"../../../Engine/Plugins/Experimental/RenderGrid/RenderGrid.uplugin" 401
"../../../Engine/Plugins/Experimental/ScriptableToolsEditorMode/ScriptableToolsEditorMode.uplugin" 402
"../../../Engine/Plugins/Experimental/ScreenReader/ScreenReader.uplugin" 403
"../../../Engine/Plugins/Experimental/SimpleHMD/SimpleHMD.uplugin" 404
"../../../Engine/Plugins/Experimental/SampleToolsEditorMode/SampleToolsEditorMode.uplugin" 405
"../../../Engine/Plugins/Experimental/Shotgrid/Shotgrid.uplugin" 406
"../../../Engine/Plugins/Experimental/ScriptableToolsFramework/ScriptableToolsFramework.uplugin" 407
"../../../Engine/Plugins/Experimental/SkeletalReduction/SkeletalReduction.uplugin" 408
"../../../Engine/Plugins/Experimental/StaticMeshEditorModeling/StaticMeshEditorModeling.uplugin" 409
"../../../Engine/Plugins/Experimental/TetMeshing/TetMeshing.uplugin" 410
"../../../Engine/Plugins/Experimental/SlateScreenReader/SlateScreenReader.uplugin" 411
"../../../Engine/Plugins/Experimental/Text3D/Text3D.uplugin" 412
"../../../Engine/Plugins/Experimental/ToolPresets/ToolPresets.uplugin" 413
"../../../Engine/Plugins/Experimental/StructUtils/StructUtils.uplugin" 414
"../../../Engine/Plugins/Experimental/TextureMediaPlayer/TextureMediaPlayer.uplugin" 415
"../../../Engine/Plugins/Experimental/TextToSpeech/TextToSpeech.uplugin" 416
"../../../Engine/Plugins/Experimental/UIFramework/UIFramework.uplugin" 417
"../../../Engine/Plugins/Experimental/UVEditor/UVEditor.uplugin" 418
"../../../Engine/Plugins/Experimental/UserToolBoxBasicCommand/UserToolBoxBasicCommand.uplugin" 419
"../../../Engine/Plugins/Experimental/VirtualCamera/VirtualCamera.uplugin" 420
"../../../Engine/Plugins/Experimental/VirtualHeightfieldMesh/VirtualHeightfieldMesh.uplugin" 421
"../../../Engine/Plugins/Experimental/UserToolBoxCore/UserToolBoxCore.uplugin" 422
"../../../Engine/Plugins/Experimental/TypedElementsDataStorage/TypedElementsDataStorage.uplugin" 423
"../../../Engine/Plugins/Experimental/VirtualCameraCore/VirtualCameraCore.uplugin" 424
"../../../Engine/Plugins/Experimental/VirtualScouting/VirtualScouting.uplugin" 425
"../../../Engine/Plugins/Experimental/Water/Water.uplugin" 426
"../../../Engine/Plugins/Experimental/Volumetrics/Volumetrics.uplugin" 427
"../../../Engine/Plugins/Experimental/VirtualProductionUtilities/VirtualProductionUtilities.uplugin" 428
"../../../Engine/Plugins/Experimental/ProxyLODPlugin/ProxyLODPlugin.uplugin" 429
"../../../Engine/Plugins/Experimental/WidgetEditorToolPalette/WidgetEditorToolPalette.uplugin" 430
"../../../Engine/Plugins/Experimental/XRCreativeFramework/XRCreativeFramework.uplugin" 431
"../../../Engine/Plugins/Experimental/WaveFunctionCollapse/WaveFunctionCollapse.uplugin" 432
"../../../Engine/Plugins/Messaging/MessagingDebugger/MessagingDebugger.uplugin" 433
"../../../Engine/Plugins/Messaging/TcpMessaging/TcpMessaging.uplugin" 434
"../../../Engine/Plugins/Performance/PerformanceMonitor/PerformanceMonitor.uplugin" 435
"../../../Engine/Plugins/Protocols/MQTT/MQTT.uplugin" 436
"../../../Engine/Plugins/Experimental/WebSocketNetworking/WebSocketNetworking.uplugin" 437
"../../../Engine/Plugins/Messaging/UdpMessaging/UdpMessaging.uplugin" 438
"../../../Engine/Plugins/Runtime/WaveTable/WaveTable.uplugin" 439
"../../../Engine/Plugins/Experimental/PixelStreamingPlayer/PixelStreamingPlayer.uplugin" 440
"../../../Engine/Plugins/Experimental/AVCodecs/AMFCodecs/AMFCodecs.uplugin" 441
"../../../Engine/Plugins/Editor/ObjectMixer/LightMixer/LightMixer.uplugin" 442
"../../../Engine/Plugins/Runtime/MeshReconstruction/DummyMeshReconstructor/DummyMeshReconstructor.uplugin" 443
"../../../Engine/Plugins/Online/VoiceChat/EOSVoiceChat/EOSVoiceChat.uplugin" 444
"../../../Engine/Plugins/Online/VoiceChat/VoiceChat/VoiceChat.uplugin" 445
"../../../Engine/Plugins/Experimental/AVCodecs/NVCodecs/NVCodecs.uplugin" 446
"../../../Engine/Plugins/Editor/ObjectMixer/ObjectMixer/ObjectMixer.uplugin" 447
"../../../Engine/Plugins/Experimental/AVCodecs/AVCodecsCore/AVCodecsCore.uplugin" 448
"../../../Engine/Plugins/Runtime/Analytics/FileLogging/FileLogging.uplugin" 449
"../../../Engine/Plugins/Runtime/Analytics/AnalyticsBlueprintLibrary/AnalyticsBlueprintLibrary.uplugin" 450
"../../../Engine/Plugins/Runtime/Analytics/AnalyticsMulticast/AnalyticsMulticast.uplugin" 451
"../../../Engine/Plugins/Runtime/Analytics/Adjust/Adjust.uplugin" 452
"../../../Engine/Plugins/Runtime/Analytics/Flurry/Flurry.uplugin" 453
"../../../Engine/Plugins/Editor/ContentBrowser/ContentBrowserAliasDataSoure/ContentBrowserAliasDataSource.uplugin" 454
"../../../Engine/Plugins/Editor/ContentBrowser/ContentBrowserClassDataSource/ContentBrowserClassDataSource.uplugin" 455
"../../../Engine/Plugins/Experimental/ChaosVehiclesPlugin/ChaosVehiclesPlugin.uplugin" 456
"../../../Engine/Plugins/Editor/ContentBrowser/ContentBrowserAssetDataSource/ContentBrowserAssetDataSource.uplugin" 457
"../../../Engine/Plugins/Experimental/VirtualProduction/LedWallCalibration/LedWallCalibration.uplugin" 458
"../../../Engine/Plugins/Editor/ContentBrowser/ContentBrowserFileDataSource/ContentBrowserFileDataSource.uplugin" 459
"../../../Engine/Plugins/Experimental/VirtualProduction/VPSettings/VPSettings.uplugin" 460
"../../../Engine/Plugins/Online/Android/OnlineSubsystemGooglePlay/OnlineSubsystemGooglePlay.uplugin" 461
"../../../Engine/Plugins/Online/Android/AndroidFetchBackgroundDownload/AndroidFetchBackgroundDownload.uplugin" 462
"../../../Engine/Plugins/Experimental/VirtualProduction/VPRoles/VPRoles.uplugin" 463
"../../../Engine/Plugins/Runtime/Steam/SteamShared/SteamShared.uplugin" 464
"../../../Engine/Plugins/Runtime/Steam/SteamVR/SteamVR.uplugin" 465
"../../../Engine/Plugins/Runtime/Steam/SteamSockets/SteamSockets.uplugin" 466
"../../../Engine/Plugins/Runtime/Advertising/IOSTapJoy/IOSTapJoy.uplugin" 467
"../../../Engine/Plugins/Runtime/Oculus/OculusVR/OculusVR.uplugin" 468
"../../../Engine/Plugins/Experimental/AVCodecs/WMFCodecs/WMFCodecs.uplugin" 469
"../../../Engine/Plugins/Runtime/Oculus/OculusAudio/OculusAudio.uplugin" 470
"../../../Engine/Plugins/Experimental/Animation/ContextualAnimation/ContextualAnimation.uplugin" 471
"../../../Engine/Plugins/Experimental/Animation/CurveExpression/CurveExpression.uplugin" 472
"../../../Engine/Plugins/Experimental/Animation/Optimus/Optimus.uplugin" 473
"../../../Engine/Plugins/Experimental/Animation/PoseSearch/PoseSearch.uplugin" 474
"../../../Engine/Plugins/Experimental/Animation/PoseCorrectives/PoseCorrectives.uplugin" 475
"../../../Engine/Plugins/Experimental/Animation/SkeletalMeshModelingTools/SkeletalMeshModelingTools.uplugin" 476
"../../../Engine/Plugins/Runtime/PacketHandlers/AESHandlerComponent/AESHandlerComponent.uplugin" 477
"../../../Engine/Plugins/Runtime/PacketHandlers/DTLSHandlerComponent/DTLSHandlerComponent.uplugin" 478
"../../../Engine/Plugins/Runtime/PacketHandlers/AESGCMHandlerComponent/AESGCMHandlerComponent.uplugin" 479
"../../../Engine/Plugins/Runtime/Steam/SteamController/SteamController.uplugin" 480
"../../../Engine/Plugins/VirtualProduction/DMX/DatasmithMVR/DatasmithMVR.uplugin" 481
"../../../Engine/Plugins/Runtime/XR/XRVisualization/XRVisualization.uplugin" 482
"../../../Engine/Plugins/VirtualProduction/DMX/DMXEngine/DMXEngine.uplugin" 483
"../../../Engine/Plugins/VirtualProduction/DMX/DMXDisplayCluster/DMXDisplayCluster.uplugin" 484
"../../../Engine/Plugins/VirtualProduction/DMX/DMXFixtures/DMXFixtures.uplugin" 485
"../../../Engine/Plugins/VirtualProduction/DMX/DMXPixelMapping/DMXPixelMapping.uplugin" 486
"../../../Engine/Plugins/VirtualProduction/DMX/DMXModularFeatures/DMXModularFeatures.uplugin" 487
"../../../Engine/Plugins/VirtualProduction/DMX/DMXControlConsole/DMXControlConsole.uplugin" 488
"../../../Engine/Plugins/Experimental/Enterprise/DataprepGeometryOperations/DataprepGeometryOperations.uplugin" 489
"../../../Engine/Plugins/Experimental/Enterprise/DatasmithRuntime/DatasmithRuntime.uplugin" 490
"../../../Engine/Plugins/Runtime/Windows/WinDualShock/WinDualShock.uplugin" 491
"../../../Engine/Plugins/Runtime/Steam/SteamAudio/SteamAudio.uplugin" 492
"../../../Engine/Plugins/Runtime/Nvidia/Reflex/Reflex.uplugin" 493
"../../../Engine/Plugins/VirtualProduction/Rivermax/RivermaxCore/RivermaxCore.uplugin" 494
"../../../Engine/Plugins/Runtime/Nvidia/GeForceNOWWrapper/GeForceNOWWrapper.uplugin" 495
"../../../Engine/Plugins/Experimental/Enterprise/DatasmithInterchange/DatasmithInterchange.uplugin" 496
"../../../Engine/Plugins/VirtualProduction/Rivermax/RivermaxMedia/RivermaxMedia.uplugin" 497
"../../../Engine/Plugins/Experimental/Animation/MotionTrajectory/MotionTrajectory.uplugin" 498
"../../../Engine/Plugins/Online/IOS/OnlineSubsystemIOS/OnlineSubsystemIOS.uplugin" 499
"../../../Engine/Plugins/Experimental/WaterExtras/WaterExtras.uplugin" 500
"../../../Engine/Plugins/Runtime/Database/ADOSupport/ADOSupport.uplugin" 501
"../../../Engine/Plugins/Runtime/Database/SQLiteSupport/SQLiteSupport.uplugin" 502
"../../../Engine/Plugins/Runtime/AR/AzureSpatialAnchors/AzureSpatialAnchors.uplugin" 503
"../../../Engine/Plugins/Animation/MLDeformer/NearestNeighborModel/NearestNeighborModel.uplugin" 504
"../../../Engine/Plugins/Experimental/AR/PointCloud/PointCloud.uplugin" 505
"../../../Engine/Plugins/Animation/MLDeformer/MLDeformerFramework/MLDeformerFramework.uplugin" 506
"../../../Engine/Plugins/Runtime/AR/AzureSpatialAnchorsForARKit/AzureSpatialAnchorsForARKit.uplugin" 507
"../../../Engine/Plugins/Runtime/Database/DatabaseSupport/DatabaseSupport.uplugin" 508
"../../../Engine/Plugins/Runtime/Database/RemoteDatabaseSupport/RemoteDatabaseSupport.uplugin" 509
"../../../Engine/Plugins/Animation/MLDeformer/NeuralMorphModel/NeuralMorphModel.uplugin" 510
"../../../Engine/Plugins/Animation/MLDeformer/VertexDeltaModel/VertexDeltaModel.uplugin" 511
"../../../Engine/Plugins/Runtime/Database/SQLiteCore/SQLiteCore.uplugin" 512
"../../../Engine/Plugins/Developer/Concert/ConcertMain/ConcertMain.uplugin" 513
"../../../Engine/Plugins/Experimental/Web/WebAPI/WebAPI.uplugin" 514
"../../../Engine/Plugins/Experimental/CharacterFXEditor/ExampleCharacterFXEditor/ExampleCharacterFXEditor.uplugin" 515
"../../../Engine/Plugins/Experimental/CharacterFXEditor/BaseCharacterFXEditor/BaseCharacterFXEditor.uplugin" 516
"../../../Engine/Plugins/Runtime/AR/ARUtilities/ARUtilities.uplugin" 517
"../../../Engine/Plugins/VirtualProduction/DMX/DMXProtocol/DMXProtocol.uplugin" 518
"../../../Engine/Plugins/Runtime/AR/AzureSpatialAnchorsForARCore/AzureSpatialAnchorsForARCore.uplugin" 519
"../../../Engine/Plugins/Runtime/AR/Google/GoogleARCoreServices/GoogleARCoreServices.uplugin" 520
"../../../Engine/Plugins/Developer/Concert/ConcertApp/MultiUserServer/MultiUserServer.uplugin" 521
"../../../Engine/Plugins/Runtime/AR/Google/GoogleARCore/GoogleARCore.uplugin" 522
"../../../Engine/Plugins/Runtime/AR/AppleAR/AppleARKitFaceSupport/AppleARKitFaceSupport.uplugin" 523
"../../../Engine/Plugins/Developer/Concert/ConcertUI/ConcertClientSharedSlate/ConcertClientSharedSlate.uplugin" 524
"../../../Engine/Plugins/Developer/Concert/ConcertSync/ConcertSyncServer/ConcertSyncServer.uplugin" 525
"../../../Engine/Plugins/Developer/Concert/ConcertUI/ConcertSharedSlate/ConcertSharedSlate.uplugin" 526
"../../../Engine/Plugins/Developer/Concert/ConcertSync/ConcertSyncTest/ConcertSyncTest.uplugin" 527
"../../../Engine/Plugins/Developer/Concert/ConcertSync/ConcertSyncCore/ConcertSyncCore.uplugin" 528
"../../../Engine/Plugins/Developer/Concert/ConcertApp/MultiUserClient/MultiUserClient.uplugin" 529
"../../../Engine/Plugins/Runtime/AR/AppleAR/AppleARKit/AppleARKit.uplugin" 530
"../../../Engine/Plugins/Developer/Concert/ConcertApp/DisasterRecoveryClient/DisasterRecoveryClient.uplugin" 531
"../../../Engine/Plugins/Developer/Concert/ConcertSync/ConcertSyncClient/ConcertSyncClient.uplugin" 532
"../../../Engine/Platforms/HoloLens/Plugins/Media/BinkMedia/BinkMedia_HoloLens.uplugin" 533
"../../../Engine/Platforms/HoloLens/Plugins/Compression/OodleNetwork/OodleNetwork_HoloLens.uplugin" 534
"../../../Engine/Platforms/HoloLens/Plugins/Media/MfMedia/MfMedia_HoloLens.uplugin" 535
"../../../Engine/Platforms/HoloLens/Plugins/Runtime/OpenXREyeTracker/OpenXREyeTracker_HoloLens.uplugin" 536
"../../../Engine/Platforms/HoloLens/Plugins/Runtime/OpenXRMsftHandInteraction/OpenXRMsftHandInteraction_HoloLens.uplugin" 537
"../../../Engine/Platforms/HoloLens/Plugins/Runtime/OpenXR/OpenXR_HoloLens.uplugin" 538
"../../../Engine/Platforms/HoloLens/Plugins/Runtime/OpenXRHandTracking/OpenXRHandTracking_HoloLens.uplugin" 539
"../../../Engine/Platforms/HoloLens/Plugins/Online/OnlineServicesEOSGS/OnlineServicesEOSGS_HoloLens.uplugin" 540
"../../../Engine/Platforms/HoloLens/Plugins/Online/OnlineServicesEOS/OnlineServicesEOS_HoloLens.uplugin" 541
"../../../Engine/Platforms/HoloLens/Plugins/Media/HLMedia/HLMedia_HoloLens.uplugin" 542
"../../../Engine/Platforms/HoloLens/Plugins/Runtime/GeoReferencing/GeoReferencing_HoloLens.uplugin" 543
"../../../Engine/Platforms/HoloLens/Plugins/Runtime/ApexDestruction/ApexDestruction_HoloLens.uplugin" 544
"../../../Engine/Platforms/HoloLens/Plugins/Runtime/MicrosoftSpatialAudio/MicroSoftSpatialSound_HoloLens.uplugin" 545
"../../../Engine/Platforms/HoloLens/Plugins/Runtime/AR/AzureSpatialAnchors/AzureSpatialAnchors_HoloLens.uplugin" 546
"../../../Engine/Content/Internationalization/icudt64l/cnvalias.icu" 547
"../../../Engine/Content/Internationalization/icudt64l/res_index.res" 548
"../../../Engine/Content/Internationalization/icudt64l/plurals.res" 549
"../../../Engine/Content/Internationalization/icudt64l/lang/en_GB.res" 550
"../../../Engine/Content/Internationalization/icudt64l/lang/pool.res" 551
"../../../Engine/Content/Internationalization/icudt64l/lang/en_001.res" 552
"../../../Engine/Content/Internationalization/icudt64l/lang/en.res" 553
"../../../Engine/Content/Internationalization/icudt64l/lang/root.res" 554
"../../../Engine/Content/Internationalization/icudt64l/region/en_GB.res" 555
"../../../Engine/Content/Internationalization/icudt64l/region/pool.res" 556
"../../../Engine/Content/Internationalization/icudt64l/region/en.res" 557
"../../../Engine/Content/Internationalization/icudt64l/region/root.res" 558
"../../../Engine/Content/Internationalization/icudt64l/windowsZones.res" 559
"../../../Engine/Content/Internationalization/icudt64l/zoneinfo64.res" 560
"../../../Engine/Content/Internationalization/icudt64l/keyTypeData.res" 561
"../../../Engine/Content/Internationalization/icudt64l/timezoneTypes.res" 562
"../../../Engine/Content/Internationalization/icudt64l/likelySubtags.res" 563
"../../../Engine/Content/Internationalization/icudt64l/en_GB.res" 564
"../../../Engine/Content/Internationalization/icudt64l/pool.res" 565
"../../../Engine/Content/Internationalization/icudt64l/en_001.res" 566
"../../../Engine/Content/Internationalization/icudt64l/en.res" 567
"../../../Engine/Content/Internationalization/icudt64l/root.res" 568
"../../../Engine/Content/Internationalization/icudt64l/supplementalData.res" 569
"../../../Engine/Config/ConfigRedirects.ini" 570
"C:/Users/Husky Cal/AppData/Local/UnrealEngine/5.2/Saved/Config/WindowsEditor/Manifest.ini" 571
"../../../Engine/Config/Base.ini" 572
"../../../Engine/Config/BaseEngine.ini" 573
"../../../Engine/Platforms/HoloLens/Config/BaseHoloLensEngine.ini" 574
"F:/Pro/FPSRogueLikePrj/FPSRogueLike/Config/DefaultEngine.ini" 575
"../../../Engine/Config/IOS/BaseIOSEngine.ini" 576
"../../../Engine/Config/Mac/BaseMacEngine.ini" 577
"../../../Engine/Config/HoloLens/HoloLensEngine.ini" 578
"../../../Engine/Config/Linux/BaseLinuxEngine.ini" 579
"../../../Engine/Config/Windows/BaseWindowsEngine.ini" 580
"../../../Engine/Config/Mac/MacEngine.ini" 581
"F:/Pro/FPSRogueLikePrj/FPSRogueLike/Platforms/HoloLens/Config/HoloLensEngine.ini" 582
"../../../Engine/Config/IOS/IOSEngine.ini" 583
"../../../Engine/Config/TVOS/TVOSEngine.ini" 584
"../../../Engine/Config/Android/BaseAndroidEngine.ini" 585
"../../../Engine/Config/LinuxArm64/BaseLinuxArm64Engine.ini" 586
"../../../Engine/Config/Windows/WindowsEngine.ini" 587
"../../../Engine/Config/Unix/UnixEngine.ini" 588
"../../../Engine/Config/Linux/LinuxEngine.ini" 589
"../../../Engine/Config/BaseGame.ini" 590
"../../../Engine/Config/Android/AndroidEngine.ini" 591
"../../../Engine/Config/LinuxArm64/LinuxArm64Engine.ini" 592
"F:/Pro/FPSRogueLikePrj/FPSRogueLike/Config/DefaultGame.ini" 593
"../../../Engine/Config/HoloLens/HoloLensGame.ini" 594
"../../../Engine/Config/Mac/MacGame.ini" 595
"../../../Engine/Config/IOS/BaseIOSGame.ini" 596
"../../../Engine/Config/Android/BaseAndroidGame.ini" 597
"F:/Pro/FPSRogueLikePrj/FPSRogueLike/Saved/Config/WindowsEditor/Engine.ini" 598
"../../../Engine/Config/BaseInput.ini" 599
"../../../Engine/Config/IOS/IOSGame.ini" 600
"F:/Pro/FPSRogueLikePrj/FPSRogueLike/Config/DefaultInput.ini" 601
"../../../Engine/Config/Windows/WindowsGame.ini" 602
"../../../Engine/Config/Linux/LinuxGame.ini" 603
"../../../Engine/Config/BaseDeviceProfiles.ini" 604
"F:/Pro/FPSRogueLikePrj/FPSRogueLike/Saved/Config/WindowsEditor/Game.ini" 605
"../../../Engine/Config/BaseGameUserSettings.ini" 606
"../../../Engine/Config/Windows/WindowsInput.ini" 607
"../../../Engine/Config/BaseScalability.ini" 608
"F:/Pro/FPSRogueLikePrj/FPSRogueLike/Saved/Config/WindowsEditor/Input.ini" 609
"../../../Engine/Config/BaseRuntimeOptions.ini" 610
"../../../Engine/Config/Android/AndroidScalability.ini" 611
"../../../Engine/Config/IOS/IOSScalability.ini" 612
"../../../Engine/Config/BaseInstallBundle.ini" 613
"F:/Pro/FPSRogueLikePrj/FPSRogueLike/Saved/Config/WindowsEditor/DeviceProfiles.ini" 614
"../../../Engine/Config/Android/BaseAndroidInstallBundle.ini" 615
"../../../Engine/Config/BaseHardware.ini" 616
"F:/Pro/FPSRogueLikePrj/FPSRogueLike/Saved/Config/WindowsEditor/GameUserSettings.ini" 617
"F:/Pro/FPSRogueLikePrj/FPSRogueLike/Config/DefaultGameplayTags.ini" 618
"F:/Pro/FPSRogueLikePrj/FPSRogueLike/Saved/Config/WindowsEditor/Scalability.ini" 619
"F:/Pro/FPSRogueLikePrj/FPSRogueLike/Saved/Config/WindowsEditor/RuntimeOptions.ini" 620
"F:/Pro/FPSRogueLikePrj/FPSRogueLike/Saved/Config/WindowsEditor/InstallBundle.ini" 621
"F:/Pro/FPSRogueLikePrj/FPSRogueLike/Saved/Config/WindowsEditor/Hardware.ini" 622
"F:/Pro/FPSRogueLikePrj/FPSRogueLike/Saved/Config/WindowsEditor/GameplayTags.ini" 623
"../../../Engine/Config/BaseCompat.ini" 624
"F:/Pro/FPSRogueLikePrj/FPSRogueLike/Saved/Config/WindowsEditor/Compat.ini" 625
"../../../Engine/Config/BaseLightmass.ini" 626
"F:/Pro/FPSRogueLikePrj/FPSRogueLike/Saved/Config/WindowsEditor/Lightmass.ini" 627
"../../../Engine/Config/BaseEditor.ini" 628
"F:/Pro/FPSRogueLikePrj/FPSRogueLike/Config/DefaultEditor.ini" 629
"F:/Pro/FPSRogueLikePrj/FPSRogueLike/Saved/Config/WindowsEditor/Editor.ini" 630
"../../../Engine/Config/BaseEditorPerProjectUserSettings.ini" 631
"F:/Pro/FPSRogueLikePrj/FPSRogueLike/Config/DefaultEditorPerProjectUserSettings.ini" 632
"../../../Engine/Config/Windows/WindowsEditorPerProjectUserSettings.ini" 633
"F:/Pro/FPSRogueLikePrj/FPSRogueLike/Saved/Config/WindowsEditor/EditorPerProjectUserSettings.ini" 634
"../../../Engine/Config/BaseEditorSettings.ini" 635
"C:/Users/Husky Cal/AppData/Local/UnrealEngine/5.2/Saved/Config/WindowsEditor/EditorSettings.ini" 636
"../../../Engine/Config/BaseEditorKeyBindings.ini" 637
"C:/Users/Husky Cal/AppData/Local/UnrealEngine/5.2/Saved/Config/WindowsEditor/EditorKeyBindings.ini" 638
"C:/Users/Husky Cal/AppData/Local/UnrealEngine/5.2/Saved/Config/WindowsEditor/EditorLayout.ini" 639
"../../../Engine/Binaries/Win64/BootstrapPackagedGame-Win64-Shipping.target" 640
"../../../Engine/Binaries/Win64/BuildPatchTool-Win64-Shipping.target" 641
"../../../Engine/Binaries/Win64/CrashReportClient-Win64-Shipping.target" 642
"../../../Engine/Binaries/Win64/CrashReportClientEditor-Win64-Shipping.target" 643
"../../../Engine/Binaries/Win64/DatasmithCADWorker.target" 644
"../../../Engine/Binaries/Win64/EpicWebHelper-Win64-Shipping.target" 645
"../../../Engine/Binaries/Win64/InterchangeWorker.target" 646
"../../../Engine/Binaries/Win64/LiveCodingConsole.target" 647
"../../../Engine/Binaries/Win64/ShaderCompileWorker.target" 648
"../../../Engine/Binaries/Win64/SwitchboardListener.target" 649
"../../../Engine/Binaries/Win64/SwitchboardListenerHelper.target" 650
"../../../Engine/Binaries/Win64/UnrealEditor-Win64-DebugGame.target" 651
"../../../Engine/Binaries/Win64/UnrealEditor.target" 652
"../../../Engine/Plugins/Bridge/Config/BaseBridge.ini" 653
"F:/Pro/FPSRogueLikePrj/FPSRogueLike/Saved/Config/WindowsEditor/Bridge.ini" 654
"../../../Engine/Plugins/EnhancedInput/Config/BaseEnhancedInput.ini" 655
"F:/Pro/FPSRogueLikePrj/FPSRogueLike/Saved/Config/WindowsEditor/EnhancedInput.ini" 656
"../../../Engine/Plugins/EnhancedInput/Config/Input.ini" 657
"../../../Engine/Plugins/TraceUtilities/Config/BaseTraceUtilities.ini" 658
"F:/Pro/FPSRogueLikePrj/FPSRogueLike/Saved/Config/WindowsEditor/TraceUtilities.ini" 659
"../../../Engine/Plugins/Animation/ControlRig/Config/BaseControlRig.ini" 660
"F:/Pro/FPSRogueLikePrj/FPSRogueLike/Saved/Config/WindowsEditor/ControlRig.ini" 661
"../../../Engine/Plugins/Animation/IKRig/Config/BaseIKRig.ini" 662
"F:/Pro/FPSRogueLikePrj/FPSRogueLike/Saved/Config/WindowsEditor/IKRig.ini" 663
"../../../Engine/Plugins/Editor/EditorScriptingUtilities/Config/BaseEditorScriptingUtilities.ini" 664
"F:/Pro/FPSRogueLikePrj/FPSRogueLike/Saved/Config/WindowsEditor/EditorScriptingUtilities.ini" 665
"../../../Engine/Plugins/Enterprise/GLTFExporter/Config/BaseGLTFExporter.ini" 666
"../../../Engine/Plugins/Enterprise/GLTFExporter/Config/DefaultGLTFExporter.ini" 667
"F:/Pro/FPSRogueLikePrj/FPSRogueLike/Saved/Config/WindowsEditor/GLTFExporter.ini" 668
"../../../Engine/Plugins/Enterprise/VariantManagerContent/Config/BaseVariantManagerContent.ini" 669
"F:/Pro/FPSRogueLikePrj/FPSRogueLike/Saved/Config/WindowsEditor/VariantManagerContent.ini" 670
"../../../Engine/Plugins/Interchange/Runtime/Config/BaseInterchange.ini" 671
"F:/Pro/FPSRogueLikePrj/FPSRogueLike/Saved/Config/WindowsEditor/Interchange.ini" 672
"../../../Engine/Plugins/Runtime/InputDebugging/Config/Input.ini" 673
"../../../Engine/Plugins/Runtime/Metasound/Config/BaseMetasound.ini" 674
"F:/Pro/FPSRogueLikePrj/FPSRogueLike/Saved/Config/WindowsEditor/Metasound.ini" 675
"../../../Engine/Plugins/Runtime/Synthesis/Config/BaseSynthesis.ini" 676
"F:/Pro/FPSRogueLikePrj/FPSRogueLike/Saved/Config/WindowsEditor/Synthesis.ini" 677
"../../../Engine/Plugins/FX/Niagara/Config/BaseNiagara.ini" 678
"F:/Pro/FPSRogueLikePrj/FPSRogueLike/Saved/Config/WindowsEditor/Niagara.ini" 679
"../../../Engine/Plugins/Enterprise/DatasmithContent/Config/BaseDatasmithContent.ini" 680
"F:/Pro/FPSRogueLikePrj/FPSRogueLike/Saved/Config/WindowsEditor/DatasmithContent.ini" 681
"../../../Engine/Plugins/2D/Paper2D/Config/BasePaper2D.ini" 682
"F:/Pro/FPSRogueLikePrj/FPSRogueLike/Saved/Config/WindowsEditor/Paper2D.ini" 683
"../../../Engine/Plugins/Developer/TraceDataFiltering/Config/BaseTraceDataFilters.ini" 684
"F:/Pro/FPSRogueLikePrj/FPSRogueLike/Saved/Config/WindowsEditor/TraceDataFilters.ini" 685
"../../../Engine/Plugins/Experimental/FullBodyIK/Config/BaseFullBodyIK.ini" 686
"F:/Pro/FPSRogueLikePrj/FPSRogueLike/Saved/Config/WindowsEditor/FullBodyIK.ini" 687
"../../../Engine/Plugins/Editor/ModelingToolsEditorMode/Binaries/Win64/UnrealEditor.modules" 688
"../../../Engine/Plugins/Runtime/MeshModelingToolset/Binaries/Win64/UnrealEditor.modules" 689
"../../../Engine/Plugins/Experimental/MeshModelingToolsetExp/Binaries/Win64/UnrealEditor.modules" 690
"../../../Engine/Plugins/Experimental/MeshLODToolset/Binaries/Win64/UnrealEditor.modules" 691
"../../../Engine/Plugins/Editor/StylusInput/Binaries/Win64/UnrealEditor.modules" 692
"../../../Engine/Plugins/Experimental/ToolPresets/Binaries/Win64/UnrealEditor.modules" 693
"../../../Engine/Plugins/Runtime/GeometryProcessing/Binaries/Win64/UnrealEditor.modules" 694
"../../../Engine/Plugins/Experimental/ProxyLODPlugin/Binaries/Win64/UnrealEditor.modules" 695
"../../../Engine/Plugins/Experimental/GeometryFlow/Binaries/Win64/UnrealEditor.modules" 696
"../../../Engine/Plugins/Editor/EditorScriptingUtilities/Binaries/Win64/UnrealEditor.modules" 697
"../../../Engine/Plugins/Tests/FunctionalTestingEditor/Binaries/Win64/UnrealEditor.modules" 698
"../../../Engine/Plugins/Tests/EditorTests/Binaries/Win64/UnrealEditor.modules" 699
"../../../Engine/Plugins/Tests/RuntimeTests/Binaries/Win64/UnrealEditor.modules" 700
"../../../Engine/Plugins/FX/CascadeToNiagaraConverter/Binaries/Win64/UnrealEditor.modules" 701
"../../../Engine/Plugins/FX/Niagara/Binaries/Win64/UnrealEditor.modules" 702
"../../../Engine/Plugins/Experimental/PythonScriptPlugin/Binaries/Win64/UnrealEditor.modules" 703
"../../../Engine/Plugins/Editor/ContentBrowser/ContentBrowserFileDataSource/Binaries/Win64/UnrealEditor.modules" 704
"../../../Engine/Plugins/Bridge/Binaries/Win64/UnrealEditor.modules" 705
"../../../Engine/Plugins/EnhancedInput/Binaries/Win64/UnrealEditor.modules" 706
"../../../Engine/Plugins/FastBuildController/Binaries/Win64/UnrealEditor.modules" 707
"../../../Engine/Plugins/MeshPainting/Binaries/Win64/UnrealEditor.modules" 708
"../../../Engine/Plugins/Interchange/Editor/Binaries/Win64/UnrealEditor.modules" 709
"../../../Engine/Plugins/Interchange/Runtime/Binaries/Win64/UnrealEditor.modules" 710
"../../../Engine/Plugins/Editor/GLTFImporter/Binaries/Win64/UnrealEditor.modules" 711
"../../../Engine/Plugins/Enterprise/VariantManagerContent/Binaries/Win64/UnrealEditor.modules" 712
"../../../Engine/Plugins/Enterprise/VariantManager/Binaries/Win64/UnrealEditor.modules" 713
"../../../Engine/Plugins/XGEController/Binaries/Win64/UnrealEditor.modules" 714
"../../../Engine/Plugins/TraceUtilities/Binaries/Win64/UnrealEditor.modules" 715
"../../../Engine/Plugins/AI/EnvironmentQueryEditor/Binaries/Win64/UnrealEditor.modules" 716
"../../../Engine/Plugins/AI/AISupport/Binaries/Win64/UnrealEditor.modules" 717
"../../../Engine/Plugins/Animation/AnimationData/Binaries/Win64/UnrealEditor.modules" 718
"../../../Engine/Plugins/Animation/ControlRig/Binaries/Win64/UnrealEditor.modules" 719
"../../../Engine/Plugins/MovieScene/LevelSequenceEditor/Binaries/Win64/UnrealEditor.modules" 720
"../../../Engine/Plugins/Runtime/PropertyAccess/Binaries/Win64/UnrealEditor.modules" 721
"../../../Engine/Plugins/MovieScene/SequencerScripting/Binaries/Win64/UnrealEditor.modules" 722
"../../../Engine/Plugins/Compression/OodleNetwork/Binaries/Win64/UnrealEditor.modules" 723
"../../../Engine/Plugins/Animation/AnimationModifierLibrary/Binaries/Win64/UnrealEditor.modules" 724
"../../../Engine/Plugins/Animation/BlendSpaceMotionAnalysis/Binaries/Win64/UnrealEditor.modules" 725
"../../../Engine/Plugins/Animation/ControlRigSpline/Binaries/Win64/UnrealEditor.modules" 726
"../../../Engine/Plugins/Animation/IKRig/Binaries/Win64/UnrealEditor.modules" 727
"../../../Engine/Plugins/Experimental/FullBodyIK/Binaries/Win64/UnrealEditor.modules" 728
"../../../Engine/Plugins/Editor/AssetManagerEditor/Binaries/Win64/UnrealEditor.modules" 729
"../../../Engine/Plugins/Editor/BlueprintHeaderView/Binaries/Win64/UnrealEditor.modules" 730
"../../../Engine/Plugins/Editor/ChangelistReview/Binaries/Win64/UnrealEditor.modules" 731
"../../../Engine/Plugins/Editor/CryptoKeys/Binaries/Win64/UnrealEditor.modules" 732
"../../../Engine/Plugins/Editor/CurveEditorTools/Binaries/Win64/UnrealEditor.modules" 733
"../../../Engine/Plugins/Editor/DataValidation/Binaries/Win64/UnrealEditor.modules" 734
"../../../Engine/Plugins/Editor/EditorDebugTools/Binaries/Win64/UnrealEditor.modules" 735
"../../../Engine/Plugins/Editor/GameplayTagsEditor/Binaries/Win64/UnrealEditor.modules" 736
"../../../Engine/Plugins/Editor/EngineAssetDefinitions/Binaries/Win64/UnrealEditor.modules" 737
"../../../Engine/Plugins/Editor/GeometryMode/Binaries/Win64/UnrealEditor.modules" 738
"../../../Engine/Plugins/Editor/FacialAnimation/Binaries/Win64/UnrealEditor.modules" 739
"../../../Engine/Plugins/Editor/MaterialAnalyzer/Binaries/Win64/UnrealEditor.modules" 740
"../../../Engine/Plugins/Editor/PluginBrowser/Binaries/Win64/UnrealEditor.modules" 741
"../../../Engine/Plugins/Developer/PluginUtils/Binaries/Win64/UnrealEditor.modules" 742
"../../../Engine/Plugins/Editor/MobileLauncherProfileWizard/Binaries/Win64/UnrealEditor.modules" 743
"../../../Engine/Plugins/Editor/SequencerAnimTools/Binaries/Win64/UnrealEditor.modules" 744
"../../../Engine/Plugins/Editor/SpeedTreeImporter/Binaries/Win64/UnrealEditor.modules" 745
"../../../Engine/Plugins/Importers/AlembicImporter/Binaries/Win64/UnrealEditor.modules" 746
"../../../Engine/Plugins/Runtime/GeometryCache/Binaries/Win64/UnrealEditor.modules" 747
"../../../Engine/Plugins/Media/AndroidMedia/Binaries/Win64/UnrealEditor.modules" 748
"../../../Engine/Plugins/Media/AvfMedia/Binaries/Win64/UnrealEditor.modules" 749
"../../../Engine/Plugins/Media/ImgMedia/Binaries/Win64/UnrealEditor.modules" 750
"../../../Engine/Plugins/Media/MediaPlayerEditor/Binaries/Win64/UnrealEditor.modules" 751
"../../../Engine/Plugins/Media/MediaCompositing/Binaries/Win64/UnrealEditor.modules" 752
"../../../Engine/Plugins/Media/MediaPlate/Binaries/Win64/UnrealEditor.modules" 753
"../../../Engine/Plugins/Media/WmfMedia/Binaries/Win64/UnrealEditor.modules" 754
"../../../Engine/Plugins/Cameras/CameraShakePreviewer/Binaries/Win64/UnrealEditor.modules" 755
"../../../Engine/Plugins/Cameras/GameplayCameras/Binaries/Win64/UnrealEditor.modules" 756
"../../../Engine/Plugins/MovieScene/TemplateSequence/Binaries/Win64/UnrealEditor.modules" 757
"../../../Engine/Plugins/Enterprise/GLTFExporter/Binaries/Win64/UnrealEditor.modules" 758
"../../../Engine/Plugins/MovieScene/ActorSequence/Binaries/Win64/UnrealEditor.modules" 759
"../../../Engine/Plugins/Portal/LauncherChunkInstaller/Binaries/Win64/UnrealEditor.modules" 760
"../../../Engine/Plugins/Runtime/ActorLayerUtilities/Binaries/Win64/UnrealEditor.modules" 761
"../../../Engine/Plugins/Runtime/AndroidDeviceProfileSelector/Binaries/Win64/UnrealEditor.modules" 762
"../../../Engine/Plugins/Runtime/AndroidFileServer/Binaries/Win64/UnrealEditor.modules" 763
"../../../Engine/Plugins/Runtime/AndroidPermission/Binaries/Win64/UnrealEditor.modules" 764
"../../../Engine/Plugins/Runtime/AppleImageUtils/Binaries/Win64/UnrealEditor.modules" 765
"../../../Engine/Plugins/Runtime/ArchVisCharacter/Binaries/Win64/UnrealEditor.modules" 766
"../../../Engine/Plugins/Runtime/AudioCapture/Binaries/Win64/UnrealEditor.modules" 767
"../../../Engine/Plugins/Runtime/AssetTags/Binaries/Win64/UnrealEditor.modules" 768
"../../../Engine/Plugins/Runtime/CableComponent/Binaries/Win64/UnrealEditor.modules" 769
"../../../Engine/Plugins/Editor/WorldPartitionHLODUtilities/Binaries/Win64/UnrealEditor.modules" 770
"../../../Engine/Plugins/Runtime/ChunkDownloader/Binaries/Win64/UnrealEditor.modules" 771
"../../../Engine/Plugins/Runtime/ExampleDeviceProfileSelector/Binaries/Win64/UnrealEditor.modules" 772
"../../../Engine/Plugins/Runtime/GooglePAD/Binaries/Win64/UnrealEditor.modules" 773
"../../../Engine/Plugins/Runtime/CustomMeshComponent/Binaries/Win64/UnrealEditor.modules" 774
"../../../Engine/Plugins/Runtime/InputDebugging/Binaries/Win64/UnrealEditor.modules" 775
"../../../Engine/Plugins/Runtime/LocationServicesBPLibrary/Binaries/Win64/UnrealEditor.modules" 776
"../../../Engine/Plugins/Runtime/Metasound/Binaries/Win64/UnrealEditor.modules" 777
"../../../Engine/Plugins/Runtime/AudioWidgets/Binaries/Win64/UnrealEditor.modules" 778
"../../../Engine/Plugins/Runtime/AudioSynesthesia/Binaries/Win64/UnrealEditor.modules" 779
"../../../Engine/Plugins/Runtime/WaveTable/Binaries/Win64/UnrealEditor.modules" 780
"../../../Engine/Plugins/Runtime/MobilePatchingUtils/Binaries/Win64/UnrealEditor.modules" 781
"../../../Engine/Plugins/Runtime/ProceduralMeshComponent/Binaries/Win64/UnrealEditor.modules" 782
"../../../Engine/Plugins/Runtime/SoundFields/Binaries/Win64/UnrealEditor.modules" 783
"../../../Engine/Plugins/Runtime/ResonanceAudio/Binaries/Win64/UnrealEditor.modules" 784
"../../../Engine/Plugins/Runtime/Synthesis/Binaries/Win64/UnrealEditor.modules" 785
"../../../Engine/Plugins/Runtime/WindowsDeviceProfileSelector/Binaries/Win64/UnrealEditor.modules" 786
"../../../Engine/Plugins/Runtime/WebMMoviePlayer/Binaries/Win64/UnrealEditor.modules" 787
"../../../Engine/Plugins/Media/WebMMedia/Binaries/Win64/UnrealEditor.modules" 788
"../../../Engine/Plugins/Runtime/WindowsMoviePlayer/Binaries/Win64/UnrealEditor.modules" 789
"../../../Engine/Plugins/Online/OnlineBase/Binaries/Win64/UnrealEditor.modules" 790
"../../../Engine/Plugins/Online/OnlineSubsystem/Binaries/Win64/UnrealEditor.modules" 791
"../../../Engine/Plugins/Online/OnlineSubsystemNull/Binaries/Win64/UnrealEditor.modules" 792
"../../../Engine/Plugins/Online/OnlineSubsystemUtils/Binaries/Win64/UnrealEditor.modules" 793
"../../../Engine/Plugins/Online/OnlineServices/Binaries/Win64/UnrealEditor.modules" 794
"../../../Engine/Plugins/Tests/InterchangeTests/Binaries/Win64/UnrealEditor.modules" 795
"../../../Engine/Plugins/Enterprise/DatasmithContent/Binaries/Win64/UnrealEditor.modules" 796
"../../../Engine/Plugins/2D/Paper2D/Binaries/Win64/UnrealEditor.modules" 797
"../../../Engine/Plugins/Developer/AnimationSharing/Binaries/Win64/UnrealEditor.modules" 798
"../../../Engine/Plugins/Runtime/SignificanceManager/Binaries/Win64/UnrealEditor.modules" 799
"../../../Engine/Plugins/Developer/CLionSourceCodeAccess/Binaries/Win64/UnrealEditor.modules" 800
"../../../Engine/Plugins/Developer/GitSourceControl/Binaries/Win64/UnrealEditor.modules" 801
"../../../Engine/Plugins/Developer/PerforceSourceControl/Binaries/Win64/UnrealEditor.modules" 802
"../../../Engine/Plugins/Developer/PixWinPlugin/Binaries/Win64/UnrealEditor.modules" 803
"../../../Engine/Plugins/Developer/RenderDocPlugin/Binaries/Win64/UnrealEditor.modules" 804
"../../../Engine/Plugins/Developer/DumpGPUServices/Binaries/Win64/UnrealEditor.modules" 805
"../../../Engine/Plugins/Developer/SubversionSourceControl/Binaries/Win64/UnrealEditor.modules" 806
"../../../Engine/Plugins/Developer/RiderSourceCodeAccess/Binaries/Win64/UnrealEditor.modules" 807
"../../../Engine/Plugins/Developer/TextureFormatOodle/Binaries/Win64/UnrealEditor.modules" 808
"../../../Engine/Plugins/Developer/UObjectPlugin/Binaries/Win64/UnrealEditor.modules" 809
"../../../Engine/Plugins/Developer/TraceDataFiltering/Binaries/Win64/UnrealEditor.modules" 810
"../../../Engine/Plugins/Developer/PlasticSourceControl/Binaries/Win64/UnrealEditor.modules" 811
"../../../Engine/Plugins/Developer/VisualStudioSourceCodeAccess/Binaries/Win64/UnrealEditor.modules" 812
"../../../Engine/Plugins/Developer/PropertyAccessNode/Binaries/Win64/UnrealEditor.modules" 813
"../../../Engine/Plugins/Developer/VisualStudioCodeSourceCodeAccess/Binaries/Win64/UnrealEditor.modules" 814
"../../../Engine/Plugins/Experimental/AutomationUtils/Binaries/Win64/UnrealEditor.modules" 815
"../../../Engine/Plugins/Experimental/BackChannel/Binaries/Win64/UnrealEditor.modules" 816
"../../../Engine/Plugins/Experimental/ChaosClothEditor/Binaries/Win64/UnrealEditor.modules" 817
"../../../Engine/Plugins/Experimental/ChaosCloth/Binaries/Win64/UnrealEditor.modules" 818
"../../../Engine/Plugins/Experimental/ChaosCaching/Binaries/Win64/UnrealEditor.modules" 819
"../../../Engine/Plugins/VirtualProduction/Takes/Binaries/Win64/UnrealEditor.modules" 820
"../../../Engine/Plugins/Experimental/ChaosEditor/Binaries/Win64/UnrealEditor.modules" 821
"../../../Engine/Plugins/Experimental/PlanarCutPlugin/Binaries/Win64/UnrealEditor.modules" 822
"../../../Engine/Plugins/Experimental/GeometryCollectionPlugin/Binaries/Win64/UnrealEditor.modules" 823
"../../../Engine/Plugins/Experimental/Fracture/Binaries/Win64/UnrealEditor.modules" 824
"../../../Engine/Plugins/Experimental/ChaosSolverPlugin/Binaries/Win64/UnrealEditor.modules" 825
"../../../Engine/Plugins/Experimental/Dataflow/Binaries/Win64/UnrealEditor.modules" 826
"../../../Engine/Plugins/Experimental/ChaosNiagara/Binaries/Win64/UnrealEditor.modules" 827
"../../../Engine/Plugins/Experimental/ChaosUserDataPT/Binaries/Win64/UnrealEditor.modules" 828
"../../../Engine/Plugins/Experimental/CharacterAI/Binaries/Win64/UnrealEditor.modules" 829
"../../../Engine/Plugins/Experimental/OpenImageDenoise/Binaries/Win64/UnrealEditor.modules" 830
"../../../Engine/Plugins/Experimental/PlatformCrypto/Binaries/Win64/UnrealEditor.modules" 831
"../../../Engine/Plugins/Experimental/SkeletalReduction/Binaries/Win64/UnrealEditor.modules" 832
"../../../Engine/Plugins/Experimental/UVEditor/Binaries/Win64/UnrealEditor.modules" 833
"../../../Engine/Plugins/Messaging/UdpMessaging/Binaries/Win64/UnrealEditor.modules" 834
"../../../Engine/Plugins/Messaging/TcpMessaging/Binaries/Win64/UnrealEditor.modules" 835
"../../../Engine/Plugins/Editor/ObjectMixer/LightMixer/Binaries/Win64/UnrealEditor.modules" 836
"../../../Engine/Plugins/Editor/ObjectMixer/ObjectMixer/Binaries/Win64/UnrealEditor.modules" 837
"../../../Engine/Plugins/Editor/ContentBrowser/ContentBrowserClassDataSource/Binaries/Win64/UnrealEditor.modules" 838
"../../../Engine/Plugins/Editor/ContentBrowser/ContentBrowserAssetDataSource/Binaries/Win64/UnrealEditor.modules" 839
"../../../Engine/Content/Certificates/ThirdParty/cacert.pem" 840
"../../../Engine/Config/ConsoleVariables.ini" 841
"../../../Engine/Binaries/Win64/Android/UnrealEditor.modules" 842
"../../../Engine/Binaries/Win64/IOS/UnrealEditor.modules" 843
"../../../Engine/Binaries/Win64/Linux/UnrealEditor.modules" 844
"../../../Engine/Binaries/Win64/LinuxArm64/UnrealEditor.modules" 845
"../../../Engine/Content/Localization/Editor/en/Editor.locres" 846
"../../../Engine/Content/Localization/EditorTutorials/en/EditorTutorials.locres" 847
"../../../Engine/Content/Localization/Keywords/en/Keywords.locres" 848
"../../../Engine/Content/Localization/Category/en/Category.locres" 849
"../../../Engine/Content/Localization/ToolTips/en/ToolTips.locres" 850
"../../../Engine/Content/Localization/PropertyNames/en/PropertyNames.locres" 851
"../../../Engine/Content/Localization/Engine/en/Engine.locres" 852
"../../../Engine/Plugins/Online/OnlineSubsystem/Content/Localization/OnlineSubsystem/en/OnlineSubsystem.locres" 853
"../../../Engine/Plugins/Online/OnlineSubsystemUtils/Content/Localization/OnlineSubsystemUtils/en/OnlineSubsystemUtils.locres" 854
"../../../Engine/Plugins/Online/IOS/OnlineSubsystemIOS/Content/Localization/OnlineSubsystemIOS/en/OnlineSubsystemIOS.locres" 855
"../../../Engine/Plugins/Online/Android/OnlineSubsystemGooglePlay/Content/Localization/OnlineSubsystemGooglePlay/en/OnlineSubsystemGooglePlay.locres" 856
"../../../Engine/Content/Internationalization/icudt64l/numberingSystems.res" 857
"../../../Engine/Content/Internationalization/icudt64l/curr/supplementalData.res" 858
"../../../Engine/Content/Internationalization/icudt64l/curr/en_GB.res" 859
"../../../Engine/Content/Internationalization/icudt64l/curr/pool.res" 860
"../../../Engine/Content/Internationalization/icudt64l/curr/en_001.res" 861
"../../../Engine/Content/Internationalization/icudt64l/curr/en.res" 862
"../../../Engine/Content/Internationalization/icudt64l/curr/root.res" 863
"../../../Engine/Content/Internationalization/icudt64l/lang/af.res" 864
"../../../Engine/Content/Internationalization/icudt64l/region/af.res" 865
"../../../Engine/Content/Internationalization/icudt64l/lang/agq.res" 866
"../../../Engine/Content/Internationalization/icudt64l/region/agq.res" 867
"../../../Engine/Content/Internationalization/icudt64l/lang/ak.res" 868
"../../../Engine/Content/Internationalization/icudt64l/region/ak.res" 869
"../../../Engine/Content/Internationalization/icudt64l/lang/am.res" 870
"../../../Engine/Content/Internationalization/icudt64l/region/am.res" 871
"../../../Engine/Content/Internationalization/icudt64l/lang/ar.res" 872
"../../../Engine/Content/Internationalization/icudt64l/region/ar.res" 873
"../../../Engine/Content/Internationalization/icudt64l/region/ar_AE.res" 874
"../../../Engine/Content/Internationalization/icudt64l/lang/ar_EG.res" 875
"../../../Engine/Content/Internationalization/icudt64l/lang/ar_LY.res" 876
"../../../Engine/Content/Internationalization/icudt64l/region/ar_LY.res" 877
"../../../Engine/Content/Internationalization/icudt64l/lang/ar_SA.res" 878
"../../../Engine/Content/Internationalization/icudt64l/region/ar_SA.res" 879
"../../../Engine/Content/Internationalization/icudt64l/lang/as.res" 880
"../../../Engine/Content/Internationalization/icudt64l/region/as.res" 881
"../../../Engine/Content/Internationalization/icudt64l/lang/asa.res" 882
"../../../Engine/Content/Internationalization/icudt64l/region/asa.res" 883
"../../../Engine/Content/Internationalization/icudt64l/lang/ast.res" 884
"../../../Engine/Content/Internationalization/icudt64l/region/ast.res" 885
"../../../Engine/Content/Internationalization/icudt64l/lang/az.res" 886
"../../../Engine/Content/Internationalization/icudt64l/lang/az_Cyrl.res" 887
"../../../Engine/Content/Internationalization/icudt64l/lang/az_AZ.res" 888
"../../../Engine/Content/Internationalization/icudt64l/lang/az_Latn_AZ.res" 889
"../../../Engine/Content/Internationalization/icudt64l/lang/az_Latn.res" 890
"../../../Engine/Content/Internationalization/icudt64l/region/az_AZ.res" 891
"../../../Engine/Content/Internationalization/icudt64l/region/az_Latn_AZ.res" 892
"../../../Engine/Content/Internationalization/icudt64l/region/az_Latn.res" 893
"../../../Engine/Content/Internationalization/icudt64l/region/az.res" 894
"../../../Engine/Content/Internationalization/icudt64l/region/az_Cyrl.res" 895
"../../../Engine/Content/Internationalization/icudt64l/lang/bas.res" 896
"../../../Engine/Content/Internationalization/icudt64l/region/bas.res" 897
"../../../Engine/Content/Internationalization/icudt64l/lang/be.res" 898
"../../../Engine/Content/Internationalization/icudt64l/region/be.res" 899
"../../../Engine/Content/Internationalization/icudt64l/lang/bem.res" 900
"../../../Engine/Content/Internationalization/icudt64l/region/bem.res" 901
"../../../Engine/Content/Internationalization/icudt64l/lang/bez.res" 902
"../../../Engine/Content/Internationalization/icudt64l/region/bez.res" 903
"../../../Engine/Content/Internationalization/icudt64l/lang/bg.res" 904
"../../../Engine/Content/Internationalization/icudt64l/region/bg.res" 905
"../../../Engine/Content/Internationalization/icudt64l/lang/bm.res" 906
"../../../Engine/Content/Internationalization/icudt64l/region/bm.res" 907
"../../../Engine/Content/Internationalization/icudt64l/lang/bn.res" 908
"../../../Engine/Content/Internationalization/icudt64l/region/bn.res" 909
"../../../Engine/Content/Internationalization/icudt64l/lang/bn_IN.res" 910
"../../../Engine/Content/Internationalization/icudt64l/region/bn_IN.res" 911
"../../../Engine/Content/Internationalization/icudt64l/lang/bo.res" 912
"../../../Engine/Content/Internationalization/icudt64l/region/bo.res" 913
"../../../Engine/Content/Internationalization/icudt64l/region/bo_IN.res" 914
"../../../Engine/Content/Internationalization/icudt64l/lang/br.res" 915
"../../../Engine/Content/Internationalization/icudt64l/region/br.res" 916
"../../../Engine/Content/Internationalization/icudt64l/lang/brx.res" 917
"../../../Engine/Content/Internationalization/icudt64l/region/brx.res" 918
"../../../Engine/Content/Internationalization/icudt64l/lang/bs.res" 919
"../../../Engine/Content/Internationalization/icudt64l/lang/bs_Cyrl.res" 920
"../../../Engine/Content/Internationalization/icudt64l/lang/bs_BA.res" 921
"../../../Engine/Content/Internationalization/icudt64l/lang/bs_Latn_BA.res" 922
"../../../Engine/Content/Internationalization/icudt64l/lang/bs_Latn.res" 923
"../../../Engine/Content/Internationalization/icudt64l/region/bs_BA.res" 924
"../../../Engine/Content/Internationalization/icudt64l/region/bs_Latn_BA.res" 925
"../../../Engine/Content/Internationalization/icudt64l/region/bs_Latn.res" 926
"../../../Engine/Content/Internationalization/icudt64l/region/bs.res" 927
"../../../Engine/Content/Internationalization/icudt64l/region/bs_Cyrl.res" 928
"../../../Engine/Content/Internationalization/icudt64l/lang/ca.res" 929
"../../../Engine/Content/Internationalization/icudt64l/region/ca.res" 930
"../../../Engine/Content/Internationalization/icudt64l/lang/ccp.res" 931
"../../../Engine/Content/Internationalization/icudt64l/region/ccp.res" 932
"../../../Engine/Content/Internationalization/icudt64l/lang/ce.res" 933
"../../../Engine/Content/Internationalization/icudt64l/region/ce.res" 934
"../../../Engine/Content/Internationalization/icudt64l/lang/ceb.res" 935
"../../../Engine/Content/Internationalization/icudt64l/region/ceb.res" 936
"../../../Engine/Content/Internationalization/icudt64l/lang/cgg.res" 937
"../../../Engine/Content/Internationalization/icudt64l/region/cgg.res" 938
"../../../Engine/Content/Internationalization/icudt64l/lang/chr.res" 939
"../../../Engine/Content/Internationalization/icudt64l/region/chr.res" 940
"../../../Engine/Content/Internationalization/icudt64l/lang/ckb.res" 941
"../../../Engine/Content/Internationalization/icudt64l/region/ckb.res" 942
"../../../Engine/Content/Internationalization/icudt64l/lang/cs.res" 943
"../../../Engine/Content/Internationalization/icudt64l/region/cs.res" 944
"../../../Engine/Content/Internationalization/icudt64l/lang/cy.res" 945
"../../../Engine/Content/Internationalization/icudt64l/region/cy.res" 946
"../../../Engine/Content/Internationalization/icudt64l/lang/da.res" 947
"../../../Engine/Content/Internationalization/icudt64l/region/da.res" 948
"../../../Engine/Content/Internationalization/icudt64l/lang/dav.res" 949
"../../../Engine/Content/Internationalization/icudt64l/region/dav.res" 950
"../../../Engine/Content/Internationalization/icudt64l/lang/de.res" 951
"../../../Engine/Content/Internationalization/icudt64l/lang/de_AT.res" 952
"../../../Engine/Content/Internationalization/icudt64l/region/de_AT.res" 953
"../../../Engine/Content/Internationalization/icudt64l/region/de.res" 954
"../../../Engine/Content/Internationalization/icudt64l/lang/de_CH.res" 955
"../../../Engine/Content/Internationalization/icudt64l/region/de_CH.res" 956
"../../../Engine/Content/Internationalization/icudt64l/lang/de_LU.res" 957
"../../../Engine/Content/Internationalization/icudt64l/lang/dje.res" 958
"../../../Engine/Content/Internationalization/icudt64l/region/dje.res" 959
"../../../Engine/Content/Internationalization/icudt64l/lang/dsb.res" 960
"../../../Engine/Content/Internationalization/icudt64l/region/dsb.res" 961
"../../../Engine/Content/Internationalization/icudt64l/lang/dua.res" 962
"../../../Engine/Content/Internationalization/icudt64l/region/dua.res" 963
"../../../Engine/Content/Internationalization/icudt64l/lang/dyo.res" 964
"../../../Engine/Content/Internationalization/icudt64l/region/dyo.res" 965
"../../../Engine/Content/Internationalization/icudt64l/lang/dz.res" 966
"../../../Engine/Content/Internationalization/icudt64l/region/dz.res" 967
"../../../Engine/Content/Internationalization/icudt64l/lang/ebu.res" 968
"../../../Engine/Content/Internationalization/icudt64l/region/ebu.res" 969
"../../../Engine/Content/Internationalization/icudt64l/lang/ee.res" 970
"../../../Engine/Content/Internationalization/icudt64l/region/ee.res" 971
"../../../Engine/Content/Internationalization/icudt64l/lang/el.res" 972
"../../../Engine/Content/Internationalization/icudt64l/region/el.res" 973
"../../../Engine/Content/Internationalization/icudt64l/lang/en_150.res" 974
"../../../Engine/Content/Internationalization/icudt64l/region/en_150.res" 975
"../../../Engine/Content/Internationalization/icudt64l/lang/en_AG.res" 976
"../../../Engine/Content/Internationalization/icudt64l/region/en_AG.res" 977
"../../../Engine/Content/Internationalization/icudt64l/lang/en_AI.res" 978
"../../../Engine/Content/Internationalization/icudt64l/region/en_AI.res" 979
"../../../Engine/Content/Internationalization/icudt64l/lang/en_AT.res" 980
"../../../Engine/Content/Internationalization/icudt64l/region/en_AT.res" 981
"../../../Engine/Content/Internationalization/icudt64l/lang/en_AU.res" 982
"../../../Engine/Content/Internationalization/icudt64l/region/en_AU.res" 983
"../../../Engine/Content/Internationalization/icudt64l/lang/en_BB.res" 984
"../../../Engine/Content/Internationalization/icudt64l/region/en_BB.res" 985
"../../../Engine/Content/Internationalization/icudt64l/lang/en_BE.res" 986
"../../../Engine/Content/Internationalization/icudt64l/region/en_BE.res" 987
"../../../Engine/Content/Internationalization/icudt64l/lang/en_BM.res" 988
"../../../Engine/Content/Internationalization/icudt64l/region/en_BM.res" 989
"../../../Engine/Content/Internationalization/icudt64l/lang/en_BS.res" 990
"../../../Engine/Content/Internationalization/icudt64l/region/en_BS.res" 991
"../../../Engine/Content/Internationalization/icudt64l/lang/en_BW.res" 992
"../../../Engine/Content/Internationalization/icudt64l/region/en_BW.res" 993
"../../../Engine/Content/Internationalization/icudt64l/lang/en_BZ.res" 994
"../../../Engine/Content/Internationalization/icudt64l/region/en_BZ.res" 995
"../../../Engine/Content/Internationalization/icudt64l/lang/en_CA.res" 996
"../../../Engine/Content/Internationalization/icudt64l/region/en_CA.res" 997
"../../../Engine/Content/Internationalization/icudt64l/lang/en_CC.res" 998
"../../../Engine/Content/Internationalization/icudt64l/region/en_CC.res" 999
"../../../Engine/Content/Internationalization/icudt64l/lang/en_CH.res" 1000
"../../../Engine/Content/Internationalization/icudt64l/region/en_CH.res" 1001
"../../../Engine/Content/Internationalization/icudt64l/lang/en_CK.res" 1002
"../../../Engine/Content/Internationalization/icudt64l/region/en_CK.res" 1003
"../../../Engine/Content/Internationalization/icudt64l/lang/en_CM.res" 1004
"../../../Engine/Content/Internationalization/icudt64l/region/en_CM.res" 1005
"../../../Engine/Content/Internationalization/icudt64l/lang/en_CX.res" 1006
"../../../Engine/Content/Internationalization/icudt64l/region/en_CX.res" 1007
"../../../Engine/Content/Internationalization/icudt64l/lang/en_CY.res" 1008
"../../../Engine/Content/Internationalization/icudt64l/region/en_CY.res" 1009
"../../../Engine/Content/Internationalization/icudt64l/lang/en_DE.res" 1010
"../../../Engine/Content/Internationalization/icudt64l/region/en_DE.res" 1011
"../../../Engine/Content/Internationalization/icudt64l/lang/en_DG.res" 1012
"../../../Engine/Content/Internationalization/icudt64l/region/en_DG.res" 1013
"../../../Engine/Content/Internationalization/icudt64l/lang/en_DK.res" 1014
"../../../Engine/Content/Internationalization/icudt64l/region/en_DK.res" 1015
"../../../Engine/Content/Internationalization/icudt64l/lang/en_DM.res" 1016
"../../../Engine/Content/Internationalization/icudt64l/region/en_DM.res" 1017
"../../../Engine/Content/Internationalization/icudt64l/lang/en_ER.res" 1018
"../../../Engine/Content/Internationalization/icudt64l/region/en_ER.res" 1019
"../../../Engine/Content/Internationalization/icudt64l/lang/en_FI.res" 1020
"../../../Engine/Content/Internationalization/icudt64l/region/en_FI.res" 1021
"../../../Engine/Content/Internationalization/icudt64l/lang/en_FJ.res" 1022
"../../../Engine/Content/Internationalization/icudt64l/region/en_FJ.res" 1023
"../../../Engine/Content/Internationalization/icudt64l/lang/en_FK.res" 1024
"../../../Engine/Content/Internationalization/icudt64l/region/en_FK.res" 1025
"../../../Engine/Content/Internationalization/icudt64l/lang/en_FM.res" 1026
"../../../Engine/Content/Internationalization/icudt64l/region/en_FM.res" 1027
"../../../Engine/Content/Internationalization/icudt64l/lang/en_GD.res" 1028
"../../../Engine/Content/Internationalization/icudt64l/region/en_GD.res" 1029
"../../../Engine/Content/Internationalization/icudt64l/lang/en_GG.res" 1030
"../../../Engine/Content/Internationalization/icudt64l/region/en_GG.res" 1031
"../../../Engine/Content/Internationalization/icudt64l/lang/en_GH.res" 1032
"../../../Engine/Content/Internationalization/icudt64l/region/en_GH.res" 1033
"../../../Engine/Content/Internationalization/icudt64l/lang/en_GI.res" 1034
"../../../Engine/Content/Internationalization/icudt64l/region/en_GI.res" 1035
"../../../Engine/Content/Internationalization/icudt64l/lang/en_GM.res" 1036
"../../../Engine/Content/Internationalization/icudt64l/region/en_GM.res" 1037
"../../../Engine/Content/Internationalization/icudt64l/lang/en_GY.res" 1038
"../../../Engine/Content/Internationalization/icudt64l/region/en_GY.res" 1039
"../../../Engine/Content/Internationalization/icudt64l/lang/en_HK.res" 1040
"../../../Engine/Content/Internationalization/icudt64l/region/en_HK.res" 1041
"../../../Engine/Content/Internationalization/icudt64l/lang/en_IE.res" 1042
"../../../Engine/Content/Internationalization/icudt64l/region/en_IE.res" 1043
"../../../Engine/Content/Internationalization/icudt64l/lang/en_IL.res" 1044
"../../../Engine/Content/Internationalization/icudt64l/region/en_IL.res" 1045
"../../../Engine/Content/Internationalization/icudt64l/lang/en_IM.res" 1046
"../../../Engine/Content/Internationalization/icudt64l/region/en_IM.res" 1047
"../../../Engine/Content/Internationalization/icudt64l/lang/en_IN.res" 1048
"../../../Engine/Content/Internationalization/icudt64l/region/en_IN.res" 1049
"../../../Engine/Content/Internationalization/icudt64l/lang/en_IO.res" 1050
"../../../Engine/Content/Internationalization/icudt64l/region/en_IO.res" 1051
"../../../Engine/Content/Internationalization/icudt64l/lang/en_JE.res" 1052
"../../../Engine/Content/Internationalization/icudt64l/region/en_JE.res" 1053
"../../../Engine/Content/Internationalization/icudt64l/lang/en_JM.res" 1054
"../../../Engine/Content/Internationalization/icudt64l/region/en_JM.res" 1055
"../../../Engine/Content/Internationalization/icudt64l/lang/en_KE.res" 1056
"../../../Engine/Content/Internationalization/icudt64l/region/en_KE.res" 1057
"../../../Engine/Content/Internationalization/icudt64l/lang/en_KI.res" 1058
"../../../Engine/Content/Internationalization/icudt64l/region/en_KI.res" 1059
"../../../Engine/Content/Internationalization/icudt64l/lang/en_KN.res" 1060
"../../../Engine/Content/Internationalization/icudt64l/region/en_KN.res" 1061
"../../../Engine/Content/Internationalization/icudt64l/lang/en_KY.res" 1062
"../../../Engine/Content/Internationalization/icudt64l/region/en_KY.res" 1063
"../../../Engine/Content/Internationalization/icudt64l/lang/en_LC.res" 1064
"../../../Engine/Content/Internationalization/icudt64l/region/en_LC.res" 1065
"../../../Engine/Content/Internationalization/icudt64l/lang/en_LR.res" 1066
"../../../Engine/Content/Internationalization/icudt64l/region/en_LR.res" 1067
"../../../Engine/Content/Internationalization/icudt64l/lang/en_LS.res" 1068
"../../../Engine/Content/Internationalization/icudt64l/region/en_LS.res" 1069
"../../../Engine/Content/Internationalization/icudt64l/lang/en_MG.res" 1070
"../../../Engine/Content/Internationalization/icudt64l/region/en_MG.res" 1071
"../../../Engine/Content/Internationalization/icudt64l/lang/en_MO.res" 1072
"../../../Engine/Content/Internationalization/icudt64l/region/en_MO.res" 1073
"../../../Engine/Content/Internationalization/icudt64l/lang/en_MS.res" 1074
"../../../Engine/Content/Internationalization/icudt64l/region/en_MS.res" 1075
"../../../Engine/Content/Internationalization/icudt64l/lang/en_MT.res" 1076
"../../../Engine/Content/Internationalization/icudt64l/region/en_MT.res" 1077
"../../../Engine/Content/Internationalization/icudt64l/lang/en_MU.res" 1078
"../../../Engine/Content/Internationalization/icudt64l/region/en_MU.res" 1079
"../../../Engine/Content/Internationalization/icudt64l/lang/en_MW.res" 1080
"../../../Engine/Content/Internationalization/icudt64l/region/en_MW.res" 1081
"../../../Engine/Content/Internationalization/icudt64l/lang/en_MY.res" 1082
"../../../Engine/Content/Internationalization/icudt64l/region/en_MY.res" 1083
"../../../Engine/Content/Internationalization/icudt64l/lang/en_NA.res" 1084
"../../../Engine/Content/Internationalization/icudt64l/region/en_NA.res" 1085
"../../../Engine/Content/Internationalization/icudt64l/lang/en_NF.res" 1086
"../../../Engine/Content/Internationalization/icudt64l/region/en_NF.res" 1087
"../../../Engine/Content/Internationalization/icudt64l/lang/en_NG.res" 1088
"../../../Engine/Content/Internationalization/icudt64l/region/en_NG.res" 1089
"../../../Engine/Content/Internationalization/icudt64l/lang/en_NL.res" 1090
"../../../Engine/Content/Internationalization/icudt64l/region/en_NL.res" 1091
"../../../Engine/Content/Internationalization/icudt64l/lang/en_NR.res" 1092
"../../../Engine/Content/Internationalization/icudt64l/region/en_NR.res" 1093
"../../../Engine/Content/Internationalization/icudt64l/lang/en_NU.res" 1094
"../../../Engine/Content/Internationalization/icudt64l/region/en_NU.res" 1095
"../../../Engine/Content/Internationalization/icudt64l/lang/en_NZ.res" 1096
"../../../Engine/Content/Internationalization/icudt64l/region/en_NZ.res" 1097
"../../../Engine/Content/Internationalization/icudt64l/lang/en_PG.res" 1098
"../../../Engine/Content/Internationalization/icudt64l/region/en_PG.res" 1099
"../../../Engine/Content/Internationalization/icudt64l/lang/en_PH.res" 1100
"../../../Engine/Content/Internationalization/icudt64l/region/en_PH.res" 1101
"../../../Engine/Content/Internationalization/icudt64l/lang/en_PK.res" 1102
"../../../Engine/Content/Internationalization/icudt64l/region/en_PK.res" 1103
"../../../Engine/Content/Internationalization/icudt64l/lang/en_PN.res" 1104
"../../../Engine/Content/Internationalization/icudt64l/region/en_PN.res" 1105
"../../../Engine/Content/Internationalization/icudt64l/lang/en_PW.res" 1106
"../../../Engine/Content/Internationalization/icudt64l/region/en_PW.res" 1107
"../../../Engine/Content/Internationalization/icudt64l/lang/en_RW.res" 1108
"../../../Engine/Content/Internationalization/icudt64l/region/en_RW.res" 1109
"../../../Engine/Content/Internationalization/icudt64l/lang/en_SB.res" 1110
"../../../Engine/Content/Internationalization/icudt64l/region/en_SB.res" 1111
"../../../Engine/Content/Internationalization/icudt64l/lang/en_SC.res" 1112
"../../../Engine/Content/Internationalization/icudt64l/region/en_SC.res" 1113
"../../../Engine/Content/Internationalization/icudt64l/lang/en_SD.res" 1114
"../../../Engine/Content/Internationalization/icudt64l/region/en_SD.res" 1115
"../../../Engine/Content/Internationalization/icudt64l/lang/en_SE.res" 1116
"../../../Engine/Content/Internationalization/icudt64l/region/en_SE.res" 1117
"../../../Engine/Content/Internationalization/icudt64l/lang/en_SG.res" 1118
"../../../Engine/Content/Internationalization/icudt64l/region/en_SG.res" 1119
"../../../Engine/Content/Internationalization/icudt64l/lang/en_SH.res" 1120
"../../../Engine/Content/Internationalization/icudt64l/region/en_SH.res" 1121
"../../../Engine/Content/Internationalization/icudt64l/lang/en_SI.res" 1122
"../../../Engine/Content/Internationalization/icudt64l/region/en_SI.res" 1123
"../../../Engine/Content/Internationalization/icudt64l/lang/en_SL.res" 1124
"../../../Engine/Content/Internationalization/icudt64l/region/en_SL.res" 1125
"../../../Engine/Content/Internationalization/icudt64l/lang/en_SS.res" 1126
"../../../Engine/Content/Internationalization/icudt64l/region/en_SS.res" 1127
"../../../Engine/Content/Internationalization/icudt64l/lang/en_SX.res" 1128
"../../../Engine/Content/Internationalization/icudt64l/region/en_SX.res" 1129
"../../../Engine/Content/Internationalization/icudt64l/lang/en_SZ.res" 1130
"../../../Engine/Content/Internationalization/icudt64l/region/en_SZ.res" 1131
"../../../Engine/Content/Internationalization/icudt64l/lang/en_TC.res" 1132
"../../../Engine/Content/Internationalization/icudt64l/region/en_TC.res" 1133
"../../../Engine/Content/Internationalization/icudt64l/lang/en_TK.res" 1134
"../../../Engine/Content/Internationalization/icudt64l/region/en_TK.res" 1135
"../../../Engine/Content/Internationalization/icudt64l/lang/en_TO.res" 1136
"../../../Engine/Content/Internationalization/icudt64l/region/en_TO.res" 1137
"../../../Engine/Content/Internationalization/icudt64l/lang/en_TT.res" 1138
"../../../Engine/Content/Internationalization/icudt64l/region/en_TT.res" 1139
"../../../Engine/Content/Internationalization/icudt64l/lang/en_TV.res" 1140
"../../../Engine/Content/Internationalization/icudt64l/region/en_TV.res" 1141
"../../../Engine/Content/Internationalization/icudt64l/lang/en_TZ.res" 1142
"../../../Engine/Content/Internationalization/icudt64l/region/en_TZ.res" 1143
"../../../Engine/Content/Internationalization/icudt64l/lang/en_UG.res" 1144
"../../../Engine/Content/Internationalization/icudt64l/region/en_UG.res" 1145
"../../../Engine/Content/Internationalization/icudt64l/lang/en_VC.res" 1146
"../../../Engine/Content/Internationalization/icudt64l/region/en_VC.res" 1147
"../../../Engine/Content/Internationalization/icudt64l/lang/en_VG.res" 1148
"../../../Engine/Content/Internationalization/icudt64l/region/en_VG.res" 1149
"../../../Engine/Content/Internationalization/icudt64l/lang/en_VU.res" 1150
"../../../Engine/Content/Internationalization/icudt64l/region/en_VU.res" 1151
"../../../Engine/Content/Internationalization/icudt64l/lang/en_WS.res" 1152
"../../../Engine/Content/Internationalization/icudt64l/region/en_WS.res" 1153
"../../../Engine/Content/Internationalization/icudt64l/lang/en_ZA.res" 1154
"../../../Engine/Content/Internationalization/icudt64l/region/en_ZA.res" 1155
"../../../Engine/Content/Internationalization/icudt64l/lang/en_ZM.res" 1156
"../../../Engine/Content/Internationalization/icudt64l/region/en_ZM.res" 1157
"../../../Engine/Content/Internationalization/icudt64l/lang/en_ZW.res" 1158
"../../../Engine/Content/Internationalization/icudt64l/region/en_ZW.res" 1159
"../../../Engine/Content/Internationalization/icudt64l/lang/eo.res" 1160
"../../../Engine/Content/Internationalization/icudt64l/region/eo.res" 1161
"../../../Engine/Content/Internationalization/icudt64l/lang/es.res" 1162
"../../../Engine/Content/Internationalization/icudt64l/lang/es_419.res" 1163
"../../../Engine/Content/Internationalization/icudt64l/region/es_419.res" 1164
"../../../Engine/Content/Internationalization/icudt64l/region/es.res" 1165
"../../../Engine/Content/Internationalization/icudt64l/lang/es_AR.res" 1166
"../../../Engine/Content/Internationalization/icudt64l/region/es_AR.res" 1167
"../../../Engine/Content/Internationalization/icudt64l/lang/es_BO.res" 1168
"../../../Engine/Content/Internationalization/icudt64l/region/es_BO.res" 1169
"../../../Engine/Content/Internationalization/icudt64l/lang/es_BR.res" 1170
"../../../Engine/Content/Internationalization/icudt64l/region/es_BR.res" 1171
"../../../Engine/Content/Internationalization/icudt64l/lang/es_BZ.res" 1172
"../../../Engine/Content/Internationalization/icudt64l/region/es_BZ.res" 1173
"../../../Engine/Content/Internationalization/icudt64l/lang/es_CL.res" 1174
"../../../Engine/Content/Internationalization/icudt64l/region/es_CL.res" 1175
"../../../Engine/Content/Internationalization/icudt64l/lang/es_CO.res" 1176
"../../../Engine/Content/Internationalization/icudt64l/region/es_CO.res" 1177
"../../../Engine/Content/Internationalization/icudt64l/lang/es_CR.res" 1178
"../../../Engine/Content/Internationalization/icudt64l/region/es_CR.res" 1179
"../../../Engine/Content/Internationalization/icudt64l/lang/es_CU.res" 1180
"../../../Engine/Content/Internationalization/icudt64l/region/es_CU.res" 1181
"../../../Engine/Content/Internationalization/icudt64l/lang/es_DO.res" 1182
"../../../Engine/Content/Internationalization/icudt64l/region/es_DO.res" 1183
"../../../Engine/Content/Internationalization/icudt64l/lang/es_EC.res" 1184
"../../../Engine/Content/Internationalization/icudt64l/region/es_EC.res" 1185
"../../../Engine/Content/Internationalization/icudt64l/lang/es_GT.res" 1186
"../../../Engine/Content/Internationalization/icudt64l/region/es_GT.res" 1187
"../../../Engine/Content/Internationalization/icudt64l/lang/es_HN.res" 1188
"../../../Engine/Content/Internationalization/icudt64l/region/es_HN.res" 1189
"../../../Engine/Content/Internationalization/icudt64l/lang/es_MX.res" 1190
"../../../Engine/Content/Internationalization/icudt64l/region/es_MX.res" 1191
"../../../Engine/Content/Internationalization/icudt64l/lang/es_NI.res" 1192
"../../../Engine/Content/Internationalization/icudt64l/region/es_NI.res" 1193
"../../../Engine/Content/Internationalization/icudt64l/lang/es_PA.res" 1194
"../../../Engine/Content/Internationalization/icudt64l/region/es_PA.res" 1195
"../../../Engine/Content/Internationalization/icudt64l/lang/es_PE.res" 1196
"../../../Engine/Content/Internationalization/icudt64l/region/es_PE.res" 1197
"../../../Engine/Content/Internationalization/icudt64l/lang/es_PR.res" 1198
"../../../Engine/Content/Internationalization/icudt64l/region/es_PR.res" 1199
"../../../Engine/Content/Internationalization/icudt64l/lang/es_PY.res" 1200
"../../../Engine/Content/Internationalization/icudt64l/region/es_PY.res" 1201
"../../../Engine/Content/Internationalization/icudt64l/lang/es_SV.res" 1202
"../../../Engine/Content/Internationalization/icudt64l/region/es_SV.res" 1203
"../../../Engine/Content/Internationalization/icudt64l/lang/es_US.res" 1204
"../../../Engine/Content/Internationalization/icudt64l/region/es_US.res" 1205
"../../../Engine/Content/Internationalization/icudt64l/lang/es_UY.res" 1206
"../../../Engine/Content/Internationalization/icudt64l/region/es_UY.res" 1207
"../../../Engine/Content/Internationalization/icudt64l/lang/es_VE.res" 1208
"../../../Engine/Content/Internationalization/icudt64l/region/es_VE.res" 1209
"../../../Engine/Content/Internationalization/icudt64l/lang/et.res" 1210
"../../../Engine/Content/Internationalization/icudt64l/region/et.res" 1211
"../../../Engine/Content/Internationalization/icudt64l/lang/eu.res" 1212
"../../../Engine/Content/Internationalization/icudt64l/region/eu.res" 1213
"../../../Engine/Content/Internationalization/icudt64l/lang/ewo.res" 1214
"../../../Engine/Content/Internationalization/icudt64l/region/ewo.res" 1215
"../../../Engine/Content/Internationalization/icudt64l/lang/fa.res" 1216
"../../../Engine/Content/Internationalization/icudt64l/lang/fa_AF.res" 1217
"../../../Engine/Content/Internationalization/icudt64l/region/fa_AF.res" 1218
"../../../Engine/Content/Internationalization/icudt64l/region/fa.res" 1219
"../../../Engine/Content/Internationalization/icudt64l/lang/ff.res" 1220
"../../../Engine/Content/Internationalization/icudt64l/lang/ff_Latn.res" 1221
"../../../Engine/Content/Internationalization/icudt64l/region/ff.res" 1222
"../../../Engine/Content/Internationalization/icudt64l/region/ff_Latn.res" 1223
"../../../Engine/Content/Internationalization/icudt64l/lang/ff_CM.res" 1224
"../../../Engine/Content/Internationalization/icudt64l/lang/ff_Latn_CM.res" 1225
"../../../Engine/Content/Internationalization/icudt64l/region/ff_CM.res" 1226
"../../../Engine/Content/Internationalization/icudt64l/region/ff_Latn_CM.res" 1227
"../../../Engine/Content/Internationalization/icudt64l/lang/ff_GN.res" 1228
"../../../Engine/Content/Internationalization/icudt64l/lang/ff_Latn_GN.res" 1229
"../../../Engine/Content/Internationalization/icudt64l/region/ff_GN.res" 1230
"../../../Engine/Content/Internationalization/icudt64l/region/ff_Latn_GN.res" 1231
"../../../Engine/Content/Internationalization/icudt64l/lang/ff_MR.res" 1232
"../../../Engine/Content/Internationalization/icudt64l/lang/ff_Latn_MR.res" 1233
"../../../Engine/Content/Internationalization/icudt64l/region/ff_MR.res" 1234
"../../../Engine/Content/Internationalization/icudt64l/region/ff_Latn_MR.res" 1235
"../../../Engine/Content/Internationalization/icudt64l/lang/ff_SN.res" 1236
"../../../Engine/Content/Internationalization/icudt64l/lang/ff_Latn_SN.res" 1237
"../../../Engine/Content/Internationalization/icudt64l/region/ff_SN.res" 1238
"../../../Engine/Content/Internationalization/icudt64l/region/ff_Latn_SN.res" 1239
"../../../Engine/Content/Internationalization/icudt64l/lang/fi.res" 1240
"../../../Engine/Content/Internationalization/icudt64l/region/fi.res" 1241
"../../../Engine/Content/Internationalization/icudt64l/lang/fil.res" 1242
"../../../Engine/Content/Internationalization/icudt64l/lang/fil_PH.res" 1243
"../../../Engine/Content/Internationalization/icudt64l/region/fil_PH.res" 1244
"../../../Engine/Content/Internationalization/icudt64l/region/fil.res" 1245
"../../../Engine/Content/Internationalization/icudt64l/lang/fo.res" 1246
"../../../Engine/Content/Internationalization/icudt64l/region/fo.res" 1247
"../../../Engine/Content/Internationalization/icudt64l/lang/fr.res" 1248
"../../../Engine/Content/Internationalization/icudt64l/lang/fr_BE.res" 1249
"../../../Engine/Content/Internationalization/icudt64l/region/fr_BE.res" 1250
"../../../Engine/Content/Internationalization/icudt64l/region/fr.res" 1251
"../../../Engine/Content/Internationalization/icudt64l/lang/fr_CA.res" 1252
"../../../Engine/Content/Internationalization/icudt64l/region/fr_CA.res" 1253
"../../../Engine/Content/Internationalization/icudt64l/lang/fr_CH.res" 1254
"../../../Engine/Content/Internationalization/icudt64l/lang/fur.res" 1255
"../../../Engine/Content/Internationalization/icudt64l/region/fur.res" 1256
"../../../Engine/Content/Internationalization/icudt64l/lang/fy.res" 1257
"../../../Engine/Content/Internationalization/icudt64l/region/fy.res" 1258
"../../../Engine/Content/Internationalization/icudt64l/lang/ga.res" 1259
"../../../Engine/Content/Internationalization/icudt64l/region/ga.res" 1260
"../../../Engine/Content/Internationalization/icudt64l/lang/gd.res" 1261
"../../../Engine/Content/Internationalization/icudt64l/region/gd.res" 1262
"../../../Engine/Content/Internationalization/icudt64l/lang/gl.res" 1263
"../../../Engine/Content/Internationalization/icudt64l/region/gl.res" 1264
"../../../Engine/Content/Internationalization/icudt64l/lang/gsw.res" 1265
"../../../Engine/Content/Internationalization/icudt64l/region/gsw.res" 1266
"../../../Engine/Content/Internationalization/icudt64l/lang/gu.res" 1267
"../../../Engine/Content/Internationalization/icudt64l/region/gu.res" 1268
"../../../Engine/Content/Internationalization/icudt64l/lang/guz.res" 1269
"../../../Engine/Content/Internationalization/icudt64l/region/guz.res" 1270
"../../../Engine/Content/Internationalization/icudt64l/lang/gv.res" 1271
"../../../Engine/Content/Internationalization/icudt64l/region/gv.res" 1272
"../../../Engine/Content/Internationalization/icudt64l/lang/ha.res" 1273
"../../../Engine/Content/Internationalization/icudt64l/region/ha.res" 1274
"../../../Engine/Content/Internationalization/icudt64l/lang/ha_NE.res" 1275
"../../../Engine/Content/Internationalization/icudt64l/region/ha_NE.res" 1276
"../../../Engine/Content/Internationalization/icudt64l/lang/haw.res" 1277
"../../../Engine/Content/Internationalization/icudt64l/region/haw.res" 1278
"../../../Engine/Content/Internationalization/icudt64l/lang/he.res" 1279
"../../../Engine/Content/Internationalization/icudt64l/lang/he_IL.res" 1280
"../../../Engine/Content/Internationalization/icudt64l/region/he_IL.res" 1281
"../../../Engine/Content/Internationalization/icudt64l/region/he.res" 1282
"../../../Engine/Content/Internationalization/icudt64l/lang/hi.res" 1283
"../../../Engine/Content/Internationalization/icudt64l/region/hi.res" 1284
"../../../Engine/Content/Internationalization/icudt64l/lang/hr.res" 1285
"../../../Engine/Content/Internationalization/icudt64l/region/hr.res" 1286
"../../../Engine/Content/Internationalization/icudt64l/lang/hsb.res" 1287
"../../../Engine/Content/Internationalization/icudt64l/region/hsb.res" 1288
"../../../Engine/Content/Internationalization/icudt64l/lang/hu.res" 1289
"../../../Engine/Content/Internationalization/icudt64l/region/hu.res" 1290
"../../../Engine/Content/Internationalization/icudt64l/lang/hy.res" 1291
"../../../Engine/Content/Internationalization/icudt64l/region/hy.res" 1292
"../../../Engine/Content/Internationalization/icudt64l/lang/ia.res" 1293
"../../../Engine/Content/Internationalization/icudt64l/region/ia.res" 1294
"../../../Engine/Content/Internationalization/icudt64l/lang/id.res" 1295
"../../../Engine/Content/Internationalization/icudt64l/lang/id_ID.res" 1296
"../../../Engine/Content/Internationalization/icudt64l/region/id_ID.res" 1297
"../../../Engine/Content/Internationalization/icudt64l/region/id.res" 1298
"../../../Engine/Content/Internationalization/icudt64l/lang/ig.res" 1299
"../../../Engine/Content/Internationalization/icudt64l/region/ig.res" 1300
"../../../Engine/Content/Internationalization/icudt64l/lang/ii.res" 1301
"../../../Engine/Content/Internationalization/icudt64l/region/ii.res" 1302
"../../../Engine/Content/Internationalization/icudt64l/lang/is.res" 1303
"../../../Engine/Content/Internationalization/icudt64l/region/is.res" 1304
"../../../Engine/Content/Internationalization/icudt64l/lang/it.res" 1305
"../../../Engine/Content/Internationalization/icudt64l/region/it.res" 1306
"../../../Engine/Content/Internationalization/icudt64l/lang/ja.res" 1307
"../../../Engine/Content/Internationalization/icudt64l/lang/ja_JP.res" 1308
"../../../Engine/Content/Internationalization/icudt64l/region/ja_JP.res" 1309
"../../../Engine/Content/Internationalization/icudt64l/region/ja.res" 1310
"../../../Engine/Content/Internationalization/icudt64l/lang/jgo.res" 1311
"../../../Engine/Content/Internationalization/icudt64l/region/jgo.res" 1312
"../../../Engine/Content/Internationalization/icudt64l/lang/jmc.res" 1313
"../../../Engine/Content/Internationalization/icudt64l/region/jmc.res" 1314
"../../../Engine/Content/Internationalization/icudt64l/lang/jv.res" 1315
"../../../Engine/Content/Internationalization/icudt64l/region/jv.res" 1316
"../../../Engine/Content/Internationalization/icudt64l/lang/ka.res" 1317
"../../../Engine/Content/Internationalization/icudt64l/region/ka.res" 1318
"../../../Engine/Content/Internationalization/icudt64l/lang/kab.res" 1319
"../../../Engine/Content/Internationalization/icudt64l/region/kab.res" 1320
"../../../Engine/Content/Internationalization/icudt64l/lang/kam.res" 1321
"../../../Engine/Content/Internationalization/icudt64l/region/kam.res" 1322
"../../../Engine/Content/Internationalization/icudt64l/lang/kde.res" 1323
"../../../Engine/Content/Internationalization/icudt64l/region/kde.res" 1324
"../../../Engine/Content/Internationalization/icudt64l/lang/kea.res" 1325
"../../../Engine/Content/Internationalization/icudt64l/region/kea.res" 1326
"../../../Engine/Content/Internationalization/icudt64l/lang/khq.res" 1327
"../../../Engine/Content/Internationalization/icudt64l/region/khq.res" 1328
"../../../Engine/Content/Internationalization/icudt64l/lang/ki.res" 1329
"../../../Engine/Content/Internationalization/icudt64l/region/ki.res" 1330
"../../../Engine/Content/Internationalization/icudt64l/lang/kk.res" 1331
"../../../Engine/Content/Internationalization/icudt64l/region/kk.res" 1332
"../../../Engine/Content/Internationalization/icudt64l/lang/kkj.res" 1333
"../../../Engine/Content/Internationalization/icudt64l/region/kkj.res" 1334
"../../../Engine/Content/Internationalization/icudt64l/lang/kl.res" 1335
"../../../Engine/Content/Internationalization/icudt64l/region/kl.res" 1336
"../../../Engine/Content/Internationalization/icudt64l/lang/kln.res" 1337
"../../../Engine/Content/Internationalization/icudt64l/region/kln.res" 1338
"../../../Engine/Content/Internationalization/icudt64l/lang/km.res" 1339
"../../../Engine/Content/Internationalization/icudt64l/region/km.res" 1340
"../../../Engine/Content/Internationalization/icudt64l/lang/kn.res" 1341
"../../../Engine/Content/Internationalization/icudt64l/region/kn.res" 1342
"../../../Engine/Content/Internationalization/icudt64l/lang/ko.res" 1343
"../../../Engine/Content/Internationalization/icudt64l/region/ko_KP.res" 1344
"../../../Engine/Content/Internationalization/icudt64l/region/ko.res" 1345
"../../../Engine/Content/Internationalization/icudt64l/lang/kok.res" 1346
"../../../Engine/Content/Internationalization/icudt64l/region/kok.res" 1347
"../../../Engine/Content/Internationalization/icudt64l/lang/ks.res" 1348
"../../../Engine/Content/Internationalization/icudt64l/region/ks.res" 1349
"../../../Engine/Content/Internationalization/icudt64l/lang/ksb.res" 1350
"../../../Engine/Content/Internationalization/icudt64l/region/ksb.res" 1351
"../../../Engine/Content/Internationalization/icudt64l/lang/ksf.res" 1352
"../../../Engine/Content/Internationalization/icudt64l/region/ksf.res" 1353
"../../../Engine/Content/Internationalization/icudt64l/lang/ksh.res" 1354
"../../../Engine/Content/Internationalization/icudt64l/region/ksh.res" 1355
"../../../Engine/Content/Internationalization/icudt64l/lang/ku.res" 1356
"../../../Engine/Content/Internationalization/icudt64l/region/ku.res" 1357
"../../../Engine/Content/Internationalization/icudt64l/lang/kw.res" 1358
"../../../Engine/Content/Internationalization/icudt64l/region/kw.res" 1359
"../../../Engine/Content/Internationalization/icudt64l/lang/ky.res" 1360
"../../../Engine/Content/Internationalization/icudt64l/region/ky.res" 1361
"../../../Engine/Content/Internationalization/icudt64l/lang/lag.res" 1362
"../../../Engine/Content/Internationalization/icudt64l/region/lag.res" 1363
"../../../Engine/Content/Internationalization/icudt64l/lang/lb.res" 1364
"../../../Engine/Content/Internationalization/icudt64l/region/lb.res" 1365
"../../../Engine/Content/Internationalization/icudt64l/lang/lg.res" 1366
"../../../Engine/Content/Internationalization/icudt64l/region/lg.res" 1367
"../../../Engine/Content/Internationalization/icudt64l/lang/lkt.res" 1368
"../../../Engine/Content/Internationalization/icudt64l/region/lkt.res" 1369
"../../../Engine/Content/Internationalization/icudt64l/lang/ln.res" 1370
"../../../Engine/Content/Internationalization/icudt64l/region/ln.res" 1371
"../../../Engine/Content/Internationalization/icudt64l/lang/lo.res" 1372
"../../../Engine/Content/Internationalization/icudt64l/region/lo.res" 1373
"../../../Engine/Content/Internationalization/icudt64l/lang/lrc.res" 1374
"../../../Engine/Content/Internationalization/icudt64l/region/lrc.res" 1375
"../../../Engine/Content/Internationalization/icudt64l/lang/lt.res" 1376
"../../../Engine/Content/Internationalization/icudt64l/region/lt.res" 1377
"../../../Engine/Content/Internationalization/icudt64l/lang/lu.res" 1378
"../../../Engine/Content/Internationalization/icudt64l/region/lu.res" 1379
"../../../Engine/Content/Internationalization/icudt64l/lang/luo.res" 1380
"../../../Engine/Content/Internationalization/icudt64l/region/luo.res" 1381
"../../../Engine/Content/Internationalization/icudt64l/lang/luy.res" 1382
"../../../Engine/Content/Internationalization/icudt64l/region/luy.res" 1383
"../../../Engine/Content/Internationalization/icudt64l/lang/lv.res" 1384
"../../../Engine/Content/Internationalization/icudt64l/region/lv.res" 1385
"../../../Engine/Content/Internationalization/icudt64l/lang/mas.res" 1386
"../../../Engine/Content/Internationalization/icudt64l/region/mas.res" 1387
"../../../Engine/Content/Internationalization/icudt64l/lang/mer.res" 1388
"../../../Engine/Content/Internationalization/icudt64l/region/mer.res" 1389
"../../../Engine/Content/Internationalization/icudt64l/lang/mfe.res" 1390
"../../../Engine/Content/Internationalization/icudt64l/region/mfe.res" 1391
"../../../Engine/Content/Internationalization/icudt64l/lang/mg.res" 1392
"../../../Engine/Content/Internationalization/icudt64l/region/mg.res" 1393
"../../../Engine/Content/Internationalization/icudt64l/lang/mgh.res" 1394
"../../../Engine/Content/Internationalization/icudt64l/region/mgh.res" 1395
"../../../Engine/Content/Internationalization/icudt64l/lang/mgo.res" 1396
"../../../Engine/Content/Internationalization/icudt64l/region/mgo.res" 1397
"../../../Engine/Content/Internationalization/icudt64l/lang/mi.res" 1398
"../../../Engine/Content/Internationalization/icudt64l/region/mi.res" 1399
"../../../Engine/Content/Internationalization/icudt64l/lang/mk.res" 1400
"../../../Engine/Content/Internationalization/icudt64l/region/mk.res" 1401
"../../../Engine/Content/Internationalization/icudt64l/lang/ml.res" 1402
"../../../Engine/Content/Internationalization/icudt64l/region/ml.res" 1403
"../../../Engine/Content/Internationalization/icudt64l/lang/mn.res" 1404
"../../../Engine/Content/Internationalization/icudt64l/region/mn.res" 1405
"../../../Engine/Content/Internationalization/icudt64l/lang/mr.res" 1406
"../../../Engine/Content/Internationalization/icudt64l/region/mr.res" 1407
"../../../Engine/Content/Internationalization/icudt64l/lang/ms.res" 1408
"../../../Engine/Content/Internationalization/icudt64l/region/ms.res" 1409
"../../../Engine/Content/Internationalization/icudt64l/lang/mt.res" 1410
"../../../Engine/Content/Internationalization/icudt64l/region/mt.res" 1411
"../../../Engine/Content/Internationalization/icudt64l/lang/mua.res" 1412
"../../../Engine/Content/Internationalization/icudt64l/region/mua.res" 1413
"../../../Engine/Content/Internationalization/icudt64l/lang/my.res" 1414
"../../../Engine/Content/Internationalization/icudt64l/region/my.res" 1415
"../../../Engine/Content/Internationalization/icudt64l/lang/mzn.res" 1416
"../../../Engine/Content/Internationalization/icudt64l/region/mzn.res" 1417
"../../../Engine/Content/Internationalization/icudt64l/lang/naq.res" 1418
"../../../Engine/Content/Internationalization/icudt64l/region/naq.res" 1419
"../../../Engine/Content/Internationalization/icudt64l/lang/nb.res" 1420
"../../../Engine/Content/Internationalization/icudt64l/lang/nb_NO.res" 1421
"../../../Engine/Content/Internationalization/icudt64l/region/nb_NO.res" 1422
"../../../Engine/Content/Internationalization/icudt64l/region/nb.res" 1423
"../../../Engine/Content/Internationalization/icudt64l/lang/nd.res" 1424
"../../../Engine/Content/Internationalization/icudt64l/region/nd.res" 1425
"../../../Engine/Content/Internationalization/icudt64l/lang/nds.res" 1426
"../../../Engine/Content/Internationalization/icudt64l/region/nds.res" 1427
"../../../Engine/Content/Internationalization/icudt64l/lang/ne.res" 1428
"../../../Engine/Content/Internationalization/icudt64l/region/ne.res" 1429
"../../../Engine/Content/Internationalization/icudt64l/lang/nl.res" 1430
"../../../Engine/Content/Internationalization/icudt64l/region/nl.res" 1431
"../../../Engine/Content/Internationalization/icudt64l/lang/nmg.res" 1432
"../../../Engine/Content/Internationalization/icudt64l/region/nmg.res" 1433
"../../../Engine/Content/Internationalization/icudt64l/lang/nn.res" 1434
"../../../Engine/Content/Internationalization/icudt64l/lang/nn_NO.res" 1435
"../../../Engine/Content/Internationalization/icudt64l/region/nn_NO.res" 1436
"../../../Engine/Content/Internationalization/icudt64l/region/nn.res" 1437
"../../../Engine/Content/Internationalization/icudt64l/lang/nnh.res" 1438
"../../../Engine/Content/Internationalization/icudt64l/region/nnh.res" 1439
"../../../Engine/Content/Internationalization/icudt64l/lang/nus.res" 1440
"../../../Engine/Content/Internationalization/icudt64l/region/nus.res" 1441
"../../../Engine/Content/Internationalization/icudt64l/lang/nyn.res" 1442
"../../../Engine/Content/Internationalization/icudt64l/region/nyn.res" 1443
"../../../Engine/Content/Internationalization/icudt64l/lang/om.res" 1444
"../../../Engine/Content/Internationalization/icudt64l/region/om.res" 1445
"../../../Engine/Content/Internationalization/icudt64l/lang/or.res" 1446
"../../../Engine/Content/Internationalization/icudt64l/region/or.res" 1447
"../../../Engine/Content/Internationalization/icudt64l/lang/os.res" 1448
"../../../Engine/Content/Internationalization/icudt64l/region/os.res" 1449
"../../../Engine/Content/Internationalization/icudt64l/lang/pa.res" 1450
"../../../Engine/Content/Internationalization/icudt64l/lang/pa_Arab.res" 1451
"../../../Engine/Content/Internationalization/icudt64l/lang/pa_PK.res" 1452
"../../../Engine/Content/Internationalization/icudt64l/lang/pa_Arab_PK.res" 1453
"../../../Engine/Content/Internationalization/icudt64l/region/pa_PK.res" 1454
"../../../Engine/Content/Internationalization/icudt64l/region/pa_Arab_PK.res" 1455
"../../../Engine/Content/Internationalization/icudt64l/region/pa_Arab.res" 1456
"../../../Engine/Content/Internationalization/icudt64l/lang/pa_Guru.res" 1457
"../../../Engine/Content/Internationalization/icudt64l/lang/pa_IN.res" 1458
"../../../Engine/Content/Internationalization/icudt64l/lang/pa_Guru_IN.res" 1459
"../../../Engine/Content/Internationalization/icudt64l/region/pa_IN.res" 1460
"../../../Engine/Content/Internationalization/icudt64l/region/pa_Guru_IN.res" 1461
"../../../Engine/Content/Internationalization/icudt64l/region/pa_Guru.res" 1462
"../../../Engine/Content/Internationalization/icudt64l/region/pa.res" 1463
"../../../Engine/Content/Internationalization/icudt64l/lang/pl.res" 1464
"../../../Engine/Content/Internationalization/icudt64l/region/pl.res" 1465
"../../../Engine/Content/Internationalization/icudt64l/lang/ps.res" 1466
"../../../Engine/Content/Internationalization/icudt64l/region/ps.res" 1467
"../../../Engine/Content/Internationalization/icudt64l/lang/ps_PK.res" 1468
"../../../Engine/Content/Internationalization/icudt64l/region/ps_PK.res" 1469
"../../../Engine/Content/Internationalization/icudt64l/lang/pt.res" 1470
"../../../Engine/Content/Internationalization/icudt64l/lang/pt_AO.res" 1471
"../../../Engine/Content/Internationalization/icudt64l/lang/pt_PT.res" 1472
"../../../Engine/Content/Internationalization/icudt64l/region/pt_AO.res" 1473
"../../../Engine/Content/Internationalization/icudt64l/region/pt_PT.res" 1474
"../../../Engine/Content/Internationalization/icudt64l/region/pt.res" 1475
"../../../Engine/Content/Internationalization/icudt64l/lang/pt_CH.res" 1476
"../../../Engine/Content/Internationalization/icudt64l/region/pt_CH.res" 1477
"../../../Engine/Content/Internationalization/icudt64l/lang/pt_CV.res" 1478
"../../../Engine/Content/Internationalization/icudt64l/region/pt_CV.res" 1479
"../../../Engine/Content/Internationalization/icudt64l/lang/pt_GQ.res" 1480
"../../../Engine/Content/Internationalization/icudt64l/region/pt_GQ.res" 1481
"../../../Engine/Content/Internationalization/icudt64l/lang/pt_GW.res" 1482
"../../../Engine/Content/Internationalization/icudt64l/region/pt_GW.res" 1483
"../../../Engine/Content/Internationalization/icudt64l/lang/pt_LU.res" 1484
"../../../Engine/Content/Internationalization/icudt64l/region/pt_LU.res" 1485
"../../../Engine/Content/Internationalization/icudt64l/lang/pt_MO.res" 1486
"../../../Engine/Content/Internationalization/icudt64l/region/pt_MO.res" 1487
"../../../Engine/Content/Internationalization/icudt64l/lang/pt_MZ.res" 1488
"../../../Engine/Content/Internationalization/icudt64l/region/pt_MZ.res" 1489
"../../../Engine/Content/Internationalization/icudt64l/lang/pt_ST.res" 1490
"../../../Engine/Content/Internationalization/icudt64l/region/pt_ST.res" 1491
"../../../Engine/Content/Internationalization/icudt64l/lang/pt_TL.res" 1492
"../../../Engine/Content/Internationalization/icudt64l/region/pt_TL.res" 1493
"../../../Engine/Content/Internationalization/icudt64l/lang/qu.res" 1494
"../../../Engine/Content/Internationalization/icudt64l/region/qu.res" 1495
"../../../Engine/Content/Internationalization/icudt64l/lang/rm.res" 1496
"../../../Engine/Content/Internationalization/icudt64l/region/rm.res" 1497
"../../../Engine/Content/Internationalization/icudt64l/lang/rn.res" 1498
"../../../Engine/Content/Internationalization/icudt64l/region/rn.res" 1499
"../../../Engine/Content/Internationalization/icudt64l/lang/ro.res" 1500
"../../../Engine/Content/Internationalization/icudt64l/lang/ro_MD.res" 1501
"../../../Engine/Content/Internationalization/icudt64l/region/ro_MD.res" 1502
"../../../Engine/Content/Internationalization/icudt64l/region/ro.res" 1503
"../../../Engine/Content/Internationalization/icudt64l/lang/rof.res" 1504
"../../../Engine/Content/Internationalization/icudt64l/region/rof.res" 1505
"../../../Engine/Content/Internationalization/icudt64l/lang/ru.res" 1506
"../../../Engine/Content/Internationalization/icudt64l/region/ru.res" 1507
"../../../Engine/Content/Internationalization/icudt64l/region/ru_UA.res" 1508
"../../../Engine/Content/Internationalization/icudt64l/lang/rw.res" 1509
"../../../Engine/Content/Internationalization/icudt64l/region/rw.res" 1510
"../../../Engine/Content/Internationalization/icudt64l/lang/rwk.res" 1511
"../../../Engine/Content/Internationalization/icudt64l/region/rwk.res" 1512
"../../../Engine/Content/Internationalization/icudt64l/lang/sah.res" 1513
"../../../Engine/Content/Internationalization/icudt64l/region/sah.res" 1514
"../../../Engine/Content/Internationalization/icudt64l/lang/saq.res" 1515
"../../../Engine/Content/Internationalization/icudt64l/region/saq.res" 1516
"../../../Engine/Content/Internationalization/icudt64l/lang/sbp.res" 1517
"../../../Engine/Content/Internationalization/icudt64l/region/sbp.res" 1518
"../../../Engine/Content/Internationalization/icudt64l/lang/sd.res" 1519
"../../../Engine/Content/Internationalization/icudt64l/region/sd.res" 1520
"../../../Engine/Content/Internationalization/icudt64l/lang/se.res" 1521
"../../../Engine/Content/Internationalization/icudt64l/lang/se_FI.res" 1522
"../../../Engine/Content/Internationalization/icudt64l/region/se_FI.res" 1523
"../../../Engine/Content/Internationalization/icudt64l/region/se.res" 1524
"../../../Engine/Content/Internationalization/icudt64l/lang/seh.res" 1525
"../../../Engine/Content/Internationalization/icudt64l/region/seh.res" 1526
"../../../Engine/Content/Internationalization/icudt64l/lang/ses.res" 1527
"../../../Engine/Content/Internationalization/icudt64l/region/ses.res" 1528
"../../../Engine/Content/Internationalization/icudt64l/lang/sg.res" 1529
"../../../Engine/Content/Internationalization/icudt64l/region/sg.res" 1530
"../../../Engine/Content/Internationalization/icudt64l/lang/shi.res" 1531
"../../../Engine/Content/Internationalization/icudt64l/lang/shi_Latn.res" 1532
"../../../Engine/Content/Internationalization/icudt64l/lang/shi_MA.res" 1533
"../../../Engine/Content/Internationalization/icudt64l/lang/shi_Tfng_MA.res" 1534
"../../../Engine/Content/Internationalization/icudt64l/lang/shi_Tfng.res" 1535
"../../../Engine/Content/Internationalization/icudt64l/region/shi_MA.res" 1536
"../../../Engine/Content/Internationalization/icudt64l/region/shi_Tfng_MA.res" 1537
"../../../Engine/Content/Internationalization/icudt64l/region/shi_Tfng.res" 1538
"../../../Engine/Content/Internationalization/icudt64l/region/shi.res" 1539
"../../../Engine/Content/Internationalization/icudt64l/region/shi_Latn.res" 1540
"../../../Engine/Content/Internationalization/icudt64l/lang/si.res" 1541
"../../../Engine/Content/Internationalization/icudt64l/region/si.res" 1542
"../../../Engine/Content/Internationalization/icudt64l/lang/sk.res" 1543
"../../../Engine/Content/Internationalization/icudt64l/region/sk.res" 1544
"../../../Engine/Content/Internationalization/icudt64l/lang/sl.res" 1545
"../../../Engine/Content/Internationalization/icudt64l/region/sl.res" 1546
"../../../Engine/Content/Internationalization/icudt64l/lang/smn.res" 1547
"../../../Engine/Content/Internationalization/icudt64l/region/smn.res" 1548
"../../../Engine/Content/Internationalization/icudt64l/lang/sn.res" 1549
"../../../Engine/Content/Internationalization/icudt64l/region/sn.res" 1550
"../../../Engine/Content/Internationalization/icudt64l/lang/so.res" 1551
"../../../Engine/Content/Internationalization/icudt64l/region/so.res" 1552
"../../../Engine/Content/Internationalization/icudt64l/lang/sq.res" 1553
"../../../Engine/Content/Internationalization/icudt64l/region/sq.res" 1554
"../../../Engine/Content/Internationalization/icudt64l/lang/sr.res" 1555
"../../../Engine/Content/Internationalization/icudt64l/lang/sr_Cyrl.res" 1556
"../../../Engine/Content/Internationalization/icudt64l/lang/sr_BA.res" 1557
"../../../Engine/Content/Internationalization/icudt64l/lang/sr_Cyrl_BA.res" 1558
"../../../Engine/Content/Internationalization/icudt64l/region/sr_BA.res" 1559
"../../../Engine/Content/Internationalization/icudt64l/region/sr_Cyrl_BA.res" 1560
"../../../Engine/Content/Internationalization/icudt64l/region/sr_Cyrl.res" 1561
"../../../Engine/Content/Internationalization/icudt64l/region/sr.res" 1562
"../../../Engine/Content/Internationalization/icudt64l/lang/sr_ME.res" 1563
"../../../Engine/Content/Internationalization/icudt64l/lang/sr_Latn_ME.res" 1564
"../../../Engine/Content/Internationalization/icudt64l/lang/sr_Latn.res" 1565
"../../../Engine/Content/Internationalization/icudt64l/region/sr_ME.res" 1566
"../../../Engine/Content/Internationalization/icudt64l/region/sr_Latn_ME.res" 1567
"../../../Engine/Content/Internationalization/icudt64l/region/sr_Latn.res" 1568
"../../../Engine/Content/Internationalization/icudt64l/lang/sr_Cyrl_ME.res" 1569
"../../../Engine/Content/Internationalization/icudt64l/region/sr_Cyrl_ME.res" 1570
"../../../Engine/Content/Internationalization/icudt64l/lang/sr_RS.res" 1571
"../../../Engine/Content/Internationalization/icudt64l/lang/sr_Cyrl_RS.res" 1572
"../../../Engine/Content/Internationalization/icudt64l/region/sr_RS.res" 1573
"../../../Engine/Content/Internationalization/icudt64l/region/sr_Cyrl_RS.res" 1574
"../../../Engine/Content/Internationalization/icudt64l/lang/sr_XK.res" 1575
"../../../Engine/Content/Internationalization/icudt64l/lang/sr_Cyrl_XK.res" 1576
"../../../Engine/Content/Internationalization/icudt64l/region/sr_XK.res" 1577
"../../../Engine/Content/Internationalization/icudt64l/region/sr_Cyrl_XK.res" 1578
"../../../Engine/Content/Internationalization/icudt64l/lang/sr_Latn_BA.res" 1579
"../../../Engine/Content/Internationalization/icudt64l/region/sr_Latn_BA.res" 1580
"../../../Engine/Content/Internationalization/icudt64l/lang/sr_Latn_RS.res" 1581
"../../../Engine/Content/Internationalization/icudt64l/region/sr_Latn_RS.res" 1582
"../../../Engine/Content/Internationalization/icudt64l/lang/sr_Latn_XK.res" 1583
"../../../Engine/Content/Internationalization/icudt64l/region/sr_Latn_XK.res" 1584
"../../../Engine/Content/Internationalization/icudt64l/lang/sv.res" 1585
"../../../Engine/Content/Internationalization/icudt64l/region/sv.res" 1586
"../../../Engine/Content/Internationalization/icudt64l/lang/sv_FI.res" 1587
"../../../Engine/Content/Internationalization/icudt64l/lang/sw.res" 1588
"../../../Engine/Content/Internationalization/icudt64l/lang/sw_CD.res" 1589
"../../../Engine/Content/Internationalization/icudt64l/region/sw_CD.res" 1590
"../../../Engine/Content/Internationalization/icudt64l/region/sw.res" 1591
"../../../Engine/Content/Internationalization/icudt64l/lang/sw_KE.res" 1592
"../../../Engine/Content/Internationalization/icudt64l/region/sw_KE.res" 1593
"../../../Engine/Content/Internationalization/icudt64l/lang/ta.res" 1594
"../../../Engine/Content/Internationalization/icudt64l/region/ta.res" 1595
"../../../Engine/Content/Internationalization/icudt64l/lang/te.res" 1596
"../../../Engine/Content/Internationalization/icudt64l/region/te.res" 1597
"../../../Engine/Content/Internationalization/icudt64l/lang/teo.res" 1598
"../../../Engine/Content/Internationalization/icudt64l/region/teo.res" 1599
"../../../Engine/Content/Internationalization/icudt64l/lang/tg.res" 1600
"../../../Engine/Content/Internationalization/icudt64l/region/tg.res" 1601
"../../../Engine/Content/Internationalization/icudt64l/lang/th.res" 1602
"../../../Engine/Content/Internationalization/icudt64l/lang/th_TH.res" 1603
"../../../Engine/Content/Internationalization/icudt64l/region/th_TH.res" 1604
"../../../Engine/Content/Internationalization/icudt64l/region/th.res" 1605
"../../../Engine/Content/Internationalization/icudt64l/lang/ti.res" 1606
"../../../Engine/Content/Internationalization/icudt64l/region/ti.res" 1607
"../../../Engine/Content/Internationalization/icudt64l/lang/tk.res" 1608
"../../../Engine/Content/Internationalization/icudt64l/region/tk.res" 1609
"../../../Engine/Content/Internationalization/icudt64l/lang/to.res" 1610
"../../../Engine/Content/Internationalization/icudt64l/region/to.res" 1611
"../../../Engine/Content/Internationalization/icudt64l/lang/tr.res" 1612
"../../../Engine/Content/Internationalization/icudt64l/region/tr.res" 1613
"../../../Engine/Content/Internationalization/icudt64l/lang/tt.res" 1614
"../../../Engine/Content/Internationalization/icudt64l/region/tt.res" 1615
"../../../Engine/Content/Internationalization/icudt64l/lang/twq.res" 1616
"../../../Engine/Content/Internationalization/icudt64l/region/twq.res" 1617
"../../../Engine/Content/Internationalization/icudt64l/lang/tzm.res" 1618
"../../../Engine/Content/Internationalization/icudt64l/region/tzm.res" 1619
"../../../Engine/Content/Internationalization/icudt64l/lang/ug.res" 1620
"../../../Engine/Content/Internationalization/icudt64l/region/ug.res" 1621
"../../../Engine/Content/Internationalization/icudt64l/lang/uk.res" 1622
"../../../Engine/Content/Internationalization/icudt64l/region/uk.res" 1623
"../../../Engine/Content/Internationalization/icudt64l/lang/ur.res" 1624
"../../../Engine/Content/Internationalization/icudt64l/lang/ur_IN.res" 1625
"../../../Engine/Content/Internationalization/icudt64l/region/ur_IN.res" 1626
"../../../Engine/Content/Internationalization/icudt64l/region/ur.res" 1627
"../../../Engine/Content/Internationalization/icudt64l/lang/uz.res" 1628
"../../../Engine/Content/Internationalization/icudt64l/lang/uz_Arab.res" 1629
"../../../Engine/Content/Internationalization/icudt64l/lang/uz_AF.res" 1630
"../../../Engine/Content/Internationalization/icudt64l/lang/uz_Arab_AF.res" 1631
"../../../Engine/Content/Internationalization/icudt64l/region/uz_AF.res" 1632
"../../../Engine/Content/Internationalization/icudt64l/region/uz_Arab_AF.res" 1633
"../../../Engine/Content/Internationalization/icudt64l/region/uz_Arab.res" 1634
"../../../Engine/Content/Internationalization/icudt64l/lang/uz_Cyrl.res" 1635
"../../../Engine/Content/Internationalization/icudt64l/lang/uz_UZ.res" 1636
"../../../Engine/Content/Internationalization/icudt64l/lang/uz_Latn_UZ.res" 1637
"../../../Engine/Content/Internationalization/icudt64l/lang/uz_Latn.res" 1638
"../../../Engine/Content/Internationalization/icudt64l/region/uz_UZ.res" 1639
"../../../Engine/Content/Internationalization/icudt64l/region/uz_Latn_UZ.res" 1640
"../../../Engine/Content/Internationalization/icudt64l/region/uz_Latn.res" 1641
"../../../Engine/Content/Internationalization/icudt64l/region/uz.res" 1642
"../../../Engine/Content/Internationalization/icudt64l/region/uz_Cyrl.res" 1643
"../../../Engine/Content/Internationalization/icudt64l/lang/vai.res" 1644
"../../../Engine/Content/Internationalization/icudt64l/lang/vai_Latn.res" 1645
"../../../Engine/Content/Internationalization/icudt64l/lang/vai_LR.res" 1646
"../../../Engine/Content/Internationalization/icudt64l/lang/vai_Vaii_LR.res" 1647
"../../../Engine/Content/Internationalization/icudt64l/lang/vai_Vaii.res" 1648
"../../../Engine/Content/Internationalization/icudt64l/region/vai_LR.res" 1649
"../../../Engine/Content/Internationalization/icudt64l/region/vai_Vaii_LR.res" 1650
"../../../Engine/Content/Internationalization/icudt64l/region/vai_Vaii.res" 1651
"../../../Engine/Content/Internationalization/icudt64l/region/vai.res" 1652
"../../../Engine/Content/Internationalization/icudt64l/region/vai_Latn.res" 1653
"../../../Engine/Content/Internationalization/icudt64l/lang/vi.res" 1654
"../../../Engine/Content/Internationalization/icudt64l/region/vi.res" 1655
"../../../Engine/Content/Internationalization/icudt64l/lang/vun.res" 1656
"../../../Engine/Content/Internationalization/icudt64l/region/vun.res" 1657
"../../../Engine/Content/Internationalization/icudt64l/lang/wae.res" 1658
"../../../Engine/Content/Internationalization/icudt64l/region/wae.res" 1659
"../../../Engine/Content/Internationalization/icudt64l/lang/wo.res" 1660
"../../../Engine/Content/Internationalization/icudt64l/region/wo.res" 1661
"../../../Engine/Content/Internationalization/icudt64l/lang/xh.res" 1662
"../../../Engine/Content/Internationalization/icudt64l/region/xh.res" 1663
"../../../Engine/Content/Internationalization/icudt64l/lang/xog.res" 1664
"../../../Engine/Content/Internationalization/icudt64l/region/xog.res" 1665
"../../../Engine/Content/Internationalization/icudt64l/lang/yav.res" 1666
"../../../Engine/Content/Internationalization/icudt64l/region/yav.res" 1667
"../../../Engine/Content/Internationalization/icudt64l/lang/yi.res" 1668
"../../../Engine/Content/Internationalization/icudt64l/region/yi.res" 1669
"../../../Engine/Content/Internationalization/icudt64l/lang/yo.res" 1670
"../../../Engine/Content/Internationalization/icudt64l/lang/yo_BJ.res" 1671
"../../../Engine/Content/Internationalization/icudt64l/region/yo_BJ.res" 1672
"../../../Engine/Content/Internationalization/icudt64l/region/yo.res" 1673
"../../../Engine/Content/Internationalization/icudt64l/lang/yue.res" 1674
"../../../Engine/Content/Internationalization/icudt64l/lang/yue_Hans.res" 1675
"../../../Engine/Content/Internationalization/icudt64l/lang/yue_CN.res" 1676
"../../../Engine/Content/Internationalization/icudt64l/lang/yue_Hans_CN.res" 1677
"../../../Engine/Content/Internationalization/icudt64l/region/yue_CN.res" 1678
"../../../Engine/Content/Internationalization/icudt64l/region/yue_Hans_CN.res" 1679
"../../../Engine/Content/Internationalization/icudt64l/region/yue_Hans.res" 1680
"../../../Engine/Content/Internationalization/icudt64l/lang/yue_Hant.res" 1681
"../../../Engine/Content/Internationalization/icudt64l/lang/yue_HK.res" 1682
"../../../Engine/Content/Internationalization/icudt64l/lang/yue_Hant_HK.res" 1683
"../../../Engine/Content/Internationalization/icudt64l/region/yue_HK.res" 1684
"../../../Engine/Content/Internationalization/icudt64l/region/yue_Hant_HK.res" 1685
"../../../Engine/Content/Internationalization/icudt64l/region/yue_Hant.res" 1686
"../../../Engine/Content/Internationalization/icudt64l/region/yue.res" 1687
"../../../Engine/Content/Internationalization/icudt64l/lang/zgh.res" 1688
"../../../Engine/Content/Internationalization/icudt64l/region/zgh.res" 1689
"../../../Engine/Content/Internationalization/icudt64l/lang/zh.res" 1690
"../../../Engine/Content/Internationalization/icudt64l/lang/zh_Hans.res" 1691
"../../../Engine/Content/Internationalization/icudt64l/lang/zh_CN.res" 1692
"../../../Engine/Content/Internationalization/icudt64l/lang/zh_Hans_CN.res" 1693
"../../../Engine/Content/Internationalization/icudt64l/region/zh_CN.res" 1694
"../../../Engine/Content/Internationalization/icudt64l/region/zh_Hans_CN.res" 1695
"../../../Engine/Content/Internationalization/icudt64l/region/zh_Hans.res" 1696
"../../../Engine/Content/Internationalization/icudt64l/region/zh.res" 1697
"../../../Engine/Content/Internationalization/icudt64l/lang/zh_HK.res" 1698
"../../../Engine/Content/Internationalization/icudt64l/lang/zh_Hant_HK.res" 1699
"../../../Engine/Content/Internationalization/icudt64l/lang/zh_Hant.res" 1700
"../../../Engine/Content/Internationalization/icudt64l/region/zh_HK.res" 1701
"../../../Engine/Content/Internationalization/icudt64l/region/zh_Hant_HK.res" 1702
"../../../Engine/Content/Internationalization/icudt64l/region/zh_Hant.res" 1703
"../../../Engine/Content/Internationalization/icudt64l/lang/zh_MO.res" 1704
"../../../Engine/Content/Internationalization/icudt64l/lang/zh_Hant_MO.res" 1705
"../../../Engine/Content/Internationalization/icudt64l/region/zh_MO.res" 1706
"../../../Engine/Content/Internationalization/icudt64l/region/zh_Hant_MO.res" 1707
"../../../Engine/Content/Internationalization/icudt64l/lang/zh_SG.res" 1708
"../../../Engine/Content/Internationalization/icudt64l/lang/zh_Hans_SG.res" 1709
"../../../Engine/Content/Internationalization/icudt64l/region/zh_SG.res" 1710
"../../../Engine/Content/Internationalization/icudt64l/region/zh_Hans_SG.res" 1711
"../../../Engine/Content/Internationalization/icudt64l/lang/zh_TW.res" 1712
"../../../Engine/Content/Internationalization/icudt64l/lang/zh_Hant_TW.res" 1713
"../../../Engine/Content/Internationalization/icudt64l/region/zh_TW.res" 1714
"../../../Engine/Content/Internationalization/icudt64l/region/zh_Hant_TW.res" 1715
"../../../Engine/Content/Internationalization/icudt64l/lang/zu.res" 1716
"../../../Engine/Content/Internationalization/icudt64l/region/zu.res" 1717
"../../../Engine/Content/Internationalization/icudt64l/lang/no.res" 1718
"../../../Engine/Content/Internationalization/icudt64l/lang/tl.res" 1719
"../../../Engine/Config/Android/DataDrivenPlatformInfo.ini" 1720
"../../../Engine/Config/HoloLens/DataDrivenPlatformInfo.ini" 1721
"../../../Engine/Config/IOS/DataDrivenPlatformInfo.ini" 1722
"../../../Engine/Config/Linux/DataDrivenPlatformInfo.ini" 1723
"../../../Engine/Config/LinuxArm64/DataDrivenPlatformInfo.ini" 1724
"../../../Engine/Config/Mac/DataDrivenPlatformInfo.ini" 1725
"../../../Engine/Config/TVOS/DataDrivenPlatformInfo.ini" 1726
"../../../Engine/Config/Unix/DataDrivenPlatformInfo.ini" 1727
"../../../Engine/Config/VulkanPC/DataDrivenPlatformInfo.ini" 1728
"../../../Engine/Config/Windows/DataDrivenPlatformInfo.ini" 1729
"../../../Engine/DerivedDataCache/Compressed.ddp" 1730
"C:/Users/Husky Cal/AppData/Local/UnrealEngine/Common/DerivedDataCache/TestData/0/TestData_4kb.dat" 1731
"C:/Users/Husky Cal/AppData/Local/UnrealEngine/Common/DerivedDataCache/TestData/1/TestData_4kb.dat" 1732
"C:/Users/Husky Cal/AppData/Local/UnrealEngine/Common/DerivedDataCache/TestData/0/TestData_8kb.dat" 1733
"C:/Users/Husky Cal/AppData/Local/UnrealEngine/Common/DerivedDataCache/TestData/1/TestData_8kb.dat" 1734
"C:/Users/Husky Cal/AppData/Local/UnrealEngine/Common/DerivedDataCache/TestData/0/TestData_16kb.dat" 1735
"C:/Users/Husky Cal/AppData/Local/UnrealEngine/Common/DerivedDataCache/TestData/1/TestData_16kb.dat" 1736
"C:/Users/Husky Cal/AppData/Local/UnrealEngine/Common/DerivedDataCache/TestData/0/TestData_64kb.dat" 1737
"C:/Users/Husky Cal/AppData/Local/UnrealEngine/Common/DerivedDataCache/TestData/1/TestData_64kb.dat" 1738
"C:/Users/Husky Cal/AppData/Local/UnrealEngine/Common/DerivedDataCache/TestData/0/TestData_128kb.dat" 1739
"C:/Users/Husky Cal/AppData/Local/UnrealEngine/Common/DerivedDataCache/TestData/1/TestData_128kb.dat" 1740
"C:/Users/Husky Cal/AppData/Local/UnrealEngine/Common/DerivedDataCache/TestData/0/TestData_256kb.dat" 1741
"C:/Users/Husky Cal/AppData/Local/UnrealEngine/Common/DerivedDataCache/TestData/1/TestData_256kb.dat" 1742
"../../../Engine/Plugins/FX/Niagara/Shaders/Private/NiagaraSpriteVertexFactory.ush" 1743
"../../../Engine/Shaders/Private/VertexFactoryCommon.ush" 1744
"../../../Engine/Shaders/Private/Common.ush" 1745
"../../../Engine/Shaders/Public/Platform.ush" 1746
"../../../Engine/Shaders/Public/FP16Math.ush" 1747
"../../../Engine/Shaders/Public/Platform/D3D/D3DCommon.ush" 1748
"../../../Engine/Shaders/Public/BindlessResources.ush" 1749
"../../../Engine/Shaders/Public/ShaderVersion.ush" 1750
"../../../Engine/Shaders/Private/GeneratedUniformBufferTypes.ush" 1751
"../../../Engine/Shaders/Private/Nanite/NanitePackedNaniteView.ush" 1752
"../../../Engine/Shaders/Private/HairStrands/HairStrandsVisibilityCommonStruct.ush" 1753
"../../../Engine/Shaders/Private/HairStrands/HairStrandsVoxelPageCommonStruct.ush" 1754
"../../../Engine/Shaders/Private/HairStrands/HairStrandsDeepShadowCommonStruct.ush" 1755
"../../../Engine/Shaders/Private/CommonViewUniformBuffer.ush" 1756
"../../../Engine/Shaders/Private/LargeWorldCoordinates.ush" 1757
"../../../Engine/Shaders/Private/LWCOperations.ush" 1758
"../../../Engine/Shaders/Private/InstancedStereo.ush" 1759
"../../../Engine/Shaders/Private/Definitions.usf" 1760
"../../../Engine/Shaders/Private/AssertionMacros.ush" 1761
"../../../Engine/Shaders/Private/FastMath.ush" 1762
"../../../Engine/Shaders/Private/FastMathThirdParty.ush" 1763
"../../../Engine/Shaders/Private/Random.ush" 1764
"../../../Engine/Shaders/Private/SceneData.ush" 1765
"../../../Engine/Shaders/Private/OctahedralCommon.ush" 1766
"../../../Engine/Shaders/Shared/LightSceneData.h" 1767
"../../../Engine/Shaders/Shared/HLSLTypeAliases.h" 1768
"../../../Engine/Shaders/Private/ParticleVertexFactoryCommon.ush" 1769
"../../../Engine/Plugins/FX/Niagara/Shaders/Private/NiagaraVFCommon.usf" 1770
"../../../Engine/Plugins/FX/Niagara/Shaders/Private/NiagaraVFParticleAccess.usf" 1771
"../../../Engine/Plugins/FX/Niagara/Shaders/Private/NiagaraParticleAccess.ush" 1772
"../../../Engine/Shaders/Private/VertexFactoryDefaultInterface.ush" 1773
"../../../Engine/Plugins/FX/Niagara/Shaders/Private/NiagaraRibbonVertexFactory.ush" 1774
"../../../Engine/Plugins/FX/Niagara/Shaders/Private/NiagaraMeshVertexFactory.ush" 1775
"../../../Engine/Plugins/FX/Niagara/Shaders/Private/NiagaraCommon.ush" 1776
"../../../Engine/Plugins/FX/Niagara/Shaders/Private/NiagaraMeshParticleUtils.ush" 1777
"../../../Engine/Shaders/Private/RayTracing/RayTracingCommon.ush" 1778
"../../../Engine/Shaders/Private/ShadingCommon.ush" 1779
"../../../Engine/Shaders/Shared/RayTracingDefinitions.h" 1780
"../../../Engine/Shaders/Shared/RayTracingPayloadType.h" 1781
"../../../Engine/Shaders/Shared/HLSLStaticAssert.h" 1782
"../../../Engine/Shaders/Private/RayTracing/RayTracingRayCone.ush" 1783
"../../../Engine/Shaders/Private/Strata/Strata.ush" 1784
"../../../Engine/Shaders/Private/ShadingEnergyConservation.ush" 1785
"../../../Engine/Shaders/Private/ShadingEnergyConservationTemplate.ush" 1786
"../../../Engine/Shaders/Private/BRDF.ush" 1787
"../../../Engine/Shaders/Private/ColorSpace.ush" 1788
"../../../Engine/Shaders/Private/DeferredShadingCommon.ush" 1789
"../../../Engine/Shaders/Private/LightAccumulator.ush" 1790
"../../../Engine/Shaders/Private/SceneTexturesCommon.ush" 1791
"../../../Engine/Shaders/Private/MonteCarlo.ush" 1792
"../../../Engine/Shaders/Private/GBufferHelpers.ush" 1793
"../../../Engine/Shaders/Private/SceneTextureParameters.ush" 1794
"F:/Pro/FPSRogueLikePrj/FPSRogueLike/Intermediate/ShaderAutogen/PCD3D_SM5/AutogenShaderHeaders.ush" 1795
"../../../Engine/Shaders/Private/ParticipatingMediaCommon.ush" 1796
"../../../Engine/Shaders/Private/ThinFilmBSDF.ush" 1797
"../../../Engine/Shaders/Private/MortonCode.ush" 1798
"../../../Engine/Shaders/Private/SubsurfaceProfileCommon.ush" 1799
"../../../Engine/Shaders/Private/BurleyNormalizedSSSCommon.ush" 1800
"../../../Engine/Shaders/Private/GammaCorrectionCommon.ush" 1801
"../../../Engine/Shaders/Shared/StrataDefinitions.h" 1802
"../../../Engine/Shaders/Private/Strata/StrataStatisticalOperators.ush" 1803
"../../../Engine/Shaders/Private/RayTracing/RayTracingCommonMetal.ush" 1804
"../../../Engine/Shaders/Private/PositionReconstructionCommon.ush" 1805
"../../../Engine/Shaders/Private/RayTracing/RayTracingHitGroupCommon.ush" 1806
"../../../Engine/Shaders/Shared/RayTracingBuiltInResources.h" 1807
"../../../Engine/Shaders/Private/VectorFieldVisualizationVertexFactory.ush" 1808
"../../../Engine/Shaders/Private/Nanite/NaniteVertexFactory.ush" 1809
"../../../Engine/Shaders/Private/LightmapData.ush" 1810
"../../../Engine/Shaders/Private/Nanite/NaniteDataDecode.ush" 1811
"../../../Engine/Shaders/Private/BitPacking.ush" 1812
"../../../Engine/Shaders/Private/BitStreamReaderImplementation.ush" 1813
"../../../Engine/Shaders/Shared/NaniteDefinitions.h" 1814
"../../../Engine/Shaders/Private/Nanite/NaniteAttributeDecode.ush" 1815
"../../../Engine/Shaders/Private/ParticleSpriteVertexFactory.ush" 1816
"../../../Engine/Shaders/Private/ParticleGPUSpriteVertexFactory.ush" 1817
"../../../Engine/Shaders/Private/ParticleBeamTrailVertexFactory.ush" 1818
"../../../Engine/Shaders/Private/MeshParticleVertexFactory.ush" 1819
"../../../Engine/Shaders/Private/LocalVertexFactory.ush" 1820
"../../../Engine/Shaders/Private/LocalVertexFactoryCommon.ush" 1821
"../../../Engine/Shaders/Private/GpuSkinCommon.ush" 1822
"../../../Engine/Shaders/Private/GpuSkinVertexFactory.ush" 1823
"../../../Engine/Shaders/Private/GeometryCollectionVertexFactory.ush" 1824
"../../../Engine/Shaders/Private/GeometryCacheVertexFactory.ush" 1825
"../../../Engine/Shaders/Private/LandscapeVertexFactory.ush" 1826
"../../../Engine/Plugins/FX/Niagara/Shaders/Private/NiagaraFillIntBuffer.usf" 1827
"../../../Engine/Plugins/FX/Niagara/Shaders/Private/NiagaraComputeFreeIDs.usf" 1828
"../../../Engine/Plugins/FX/Niagara/Shaders/Private/NiagaraInitFreeIDBuffer.usf" 1829
"../../../Engine/Plugins/FX/Niagara/Shaders/Private/NiagaraEmitterInstanceShader.usf" 1830
"../../../Engine/Plugins/FX/Niagara/Shaders/Private/NiagaraShaderVersion.ush" 1831
"../../../Engine/Shaders/Private/DistanceField/GlobalDistanceFieldShared.ush" 1832
"../../../Engine/Plugins/FX/Niagara/Shaders/Private/NiagaraPhysicsCommon.ush" 1833
"../../../Engine/Plugins/FX/Niagara/Shaders/Private/Ribbons/NiagaraRibbonGenerateIndices.usf" 1834
"../../../Engine/Plugins/FX/Niagara/Shaders/Private/Ribbons/NiagaraRibbonCommon.ush" 1835
"../../../Engine/Plugins/FX/Niagara/Shaders/Private/Ribbons/NiagaraRibbonInitializeIndices.usf" 1836
"../../../Engine/Plugins/FX/Niagara/Shaders/Private/Ribbons/NiagaraRibbonRibbonUVParamCalculation.usf" 1837
"../../../Engine/Plugins/FX/Niagara/Shaders/Private/Ribbons/NiagaraRibbonVertexReductionFinalization.usf" 1838
"../../../Engine/Plugins/FX/Niagara/Shaders/Private/Ribbons/NiagaraRibbonVertexReductionPropagation.usf" 1839
"../../../Engine/Plugins/FX/Niagara/Shaders/Private/Ribbons/NiagaraRibbonVertexReductionInitialization.usf" 1840
"../../../Engine/Plugins/FX/Niagara/Shaders/Private/Ribbons/NiagaraRibbonSortParticles.usf" 1841
"../../../Engine/Plugins/FX/Niagara/Shaders/Private/NiagaraUpdateMeshGPUSceneInstances.usf" 1842
"../../../Engine/Shaders/Private/ComputeShaderUtils.ush" 1843
"../../../Engine/Shaders/Private/GPUScene/GPUSceneWriter.ush" 1844
"../../../Engine/Plugins/FX/Niagara/Shaders/Private/NiagaraGenerateMips.usf" 1845
"../../../Engine/Plugins/FX/Niagara/Shaders/Private/NiagaraDebugDraw.usf" 1846
"../../../Engine/Plugins/FX/Niagara/Shaders/Private/NiagaraDebugDraw.ush" 1847
"../../../Engine/Plugins/FX/Niagara/Shaders/Private/NiagaraVisualizeTexture.usf" 1848
"../../../Engine/Plugins/FX/Niagara/Shaders/Private/NiagaraClearCounts.usf" 1849
"../../../Engine/Plugins/FX/Niagara/Shaders/Private/NiagaraBatchedElements.usf" 1850
"../../../Engine/Plugins/FX/Niagara/Shaders/Private/NiagaraRayTracingShaders.usf" 1851
"../../../Engine/Plugins/FX/Niagara/Shaders/Private/NiagaraAsyncGpuTraceCommon.ush" 1852
"../../../Engine/Shaders/Private/HashTable.ush" 1853
"../../../Engine/Shaders/Private/Hash.ush" 1854
"../../../Engine/Shaders/Private/RayTracing/VFXTraceRay.ush" 1855
"../../../Engine/Plugins/FX/Niagara/Shaders/Private/NiagaraRayMarchingShaders.usf" 1856
"../../../Engine/Plugins/FX/Niagara/Shaders/Private/NiagaraRayTraceCollisionGroupShaders.usf" 1857
"../../../Engine/Plugins/FX/Niagara/Shaders/Private/NiagaraAsyncGpuTraceUtils.usf" 1858
"../../../Engine/Plugins/FX/Niagara/Shaders/Private/NiagaraSortKeyGen.usf" 1859
"../../../Engine/Plugins/FX/Niagara/Shaders/Private/NiagaraGPURayTracingTransforms.usf" 1860
"../../../Engine/Plugins/FX/Niagara/Shaders/Private/NiagaraDrawIndirectArgsGen.usf" 1861
"../../../Engine/Plugins/FX/Niagara/Shaders/Private/NiagaraDispatchIndirectArgsGen.usf" 1862
"../../../Engine/Plugins/Enterprise/GLTFExporter/Shaders/Private/SimpleTexture2DPS.usf" 1863
"../../../Engine/Shaders/Private/SimpleElementNormalMapPixelShader.usf" 1864
"../../../Engine/Plugins/Media/WmfMedia/Shaders/Private/MediaHardwareVideoDecoding.usf" 1865
"../../../Engine/Shaders/Private/ColorUtils.ush" 1866
"../../../Engine/Plugins/Media/ImgMedia/Shaders/Private/ExrSwizzler.usf" 1867
"../../../Engine/Shaders/Private/SlateElementPixelShader.usf" 1868
"../../../Engine/Shaders/Private/SlateShaderCommon.ush" 1869
"../../../Engine/Shaders/Private/MaterialTemplate.ush" 1870
"../../../Engine/Shaders/Private/EyeAdaptationCommon.ush" 1871
"../../../Engine/Shaders/Private/SobolRandom.ush" 1872
"../../../Engine/Shaders/Private/DepthOfFieldCommon.ush" 1873
"../../../Engine/Shaders/Private/CircleDOFCommon.ush" 1874
"../../../Engine/Shaders/Private/PhysicsFieldSampler.ush" 1875
"../../../Engine/Shaders/Private/PhysicsFieldShared.ush" 1876
"../../../Engine/Shaders/Private/HairShadingCommon.ush" 1877
"../../../Engine/Shaders/Private/HairStrands/HairCardsAttributeCommon.ush" 1878
"../../../Engine/Shaders/Private/HairStrands/HairStrandsVertexFactoryCommon.ush" 1879
"../../../Engine/Shaders/Shared/HairStrandsDefinitions.h" 1880
"../../../Engine/Shaders/Private/HairStrands/HairStrandsAttributeCommon.ush" 1881
"../../../Engine/Shaders/Private/SpeedTreeCommon.ush" 1882
"../../../Engine/Shaders/Private/VirtualTextureCommon.ush" 1883
"../../../Engine/Shaders/Private/MaterialTexture.ush" 1884
"../../../Engine/Shaders/Private/MinMaterialTexCoords.ush" 1885
"../../../Engine/Shaders/Private/SkyAtmosphereCommon.ush" 1886
"../../../Engine/Shaders/Private/SingleLayerWaterCommon.ush" 1887
"../../../Engine/Shaders/Private/TextureSampling.ush" 1888
"../../../Engine/Shaders/Private/PaniniProjection.ush" 1889
"../../../Engine/Shaders/Private/DBufferNormalReprojection.ush" 1890
"../../../Engine/Shaders/Private/Strata/StrataTree.ush" 1891
"../../../Engine/Shaders/Private/Strata/StrataEvaluation.ush" 1892
"../../../Engine/Shaders/Private/SHCommon.ush" 1893
"../../../Engine/Shaders/Private/ShadingModels.ush" 1894
"../../../Engine/Shaders/Private/CapsuleLight.ush" 1895
"../../../Engine/Shaders/Private/RectLight.ush" 1896
"../../../Engine/Shaders/Private/LightData.ush" 1897
"../../../Engine/Shaders/Private/AreaLightCommon.ush" 1898
"../../../Engine/Shaders/Private/TransmissionCommon.ush" 1899
"../../../Engine/Shaders/Private/HairBsdf.ush" 1900
"../../../Engine/Shaders/Private/MobileGGX.ush" 1901
"../../../Engine/Shaders/Private/ShadingModelsSampling.ush" 1902
"../../../Engine/Shaders/Private/HairStrands/HairBsdfSample.ush" 1903
"../../../Engine/Shaders/Private/HairStrands/HairStrandsCommon.ush" 1904
"../../../Engine/Shaders/Private/HairStrands/HairStrandsDeepTransmittanceCommon.ush" 1905
"../../../Engine/Shaders/Private/HairStrands/HairStrandsDeepTransmittanceDualScattering.ush" 1906
"../../../Engine/Shaders/Private/HairStrands/HairStrandsEnvironmentLightingCommon.ush" 1907
"../../../Engine/Shaders/Private/Strata/StrataLegacyConversion.ush" 1908
"../../../Engine/Shaders/Private/DBufferDecalShared.ush" 1909
"../../../Engine/Shaders/Private/CompositeUIPixelShader.usf" 1910
"../../../Engine/Shaders/Private/TonemapCommon.ush" 1911
"../../../Engine/Shaders/Private/ACES.ush" 1912
"../../../Engine/Shaders/Private/ColorDeficiency.ush" 1913
"../../../Engine/Shaders/Private/SlateMaskingShader.usf" 1914
"../../../Engine/Shaders/Private/SlatePostProcessColorDeficiencyPixelShader.usf" 1915
"../../../Engine/Shaders/Private/SlatePostProcessPixelShader.usf" 1916
"../../../Engine/Shaders/Private/SlateVertexShader.usf" 1917
"../../../Engine/Shaders/Private/TranslucentLightingShaders.usf" 1918
"../../../Engine/Shaders/Private/ShadowProjectionCommon.ush" 1919
"../../../Engine/Shaders/Private/CubemapCommon.ush" 1920
"../../../Engine/Shaders/Private/VectorFieldCompositeShaders.usf" 1921
"../../../Engine/Shaders/Private/UpdateTextureShaders.usf" 1922
"../../../Engine/Shaders/Private/StereoLayerShader.usf" 1923
"../../../Engine/Shaders/Private/MorphTargets.usf" 1924
"../../../Engine/Shaders/Private/SimpleElementColorChannelMaskPixelShader.usf" 1925
"../../../Engine/Shaders/Private/SimpleElementHitProxyPixelShader.usf" 1926
"../../../Engine/Shaders/Private/SimpleElementPixelShader.usf" 1927
"../../../Engine/Shaders/Private/IESLightProfilesCommon.ush" 1928
"../../../Engine/Shaders/Private/SimpleElementVertexShader.usf" 1929
"../../../Engine/Shaders/Private/ScreenPixelShaderOES.usf" 1930
"../../../Engine/Shaders/Private/ScreenVertexShader.usf" 1931
"../../../Engine/Shaders/Private/ScreenPixelShader.usf" 1932
"../../../Engine/Shaders/Private/SSProfilePreIntegratedMobile.usf" 1933
"../../../Engine/Shaders/Private/Nanite/NaniteClusterCulling.usf" 1934
"../../../Engine/Shaders/Private/Nanite/NaniteCulling.ush" 1935
"../../../Engine/Shaders/Private/Nanite/NaniteHierarchyTraversalCommon.ush" 1936
"../../../Engine/Shaders/Private/Nanite/NaniteHierarchyTraversal.ush" 1937
"../../../Engine/Shaders/Private/WaveOpUtil.ush" 1938
"../../../Engine/Shaders/Private/VirtualShadowMaps/VirtualShadowMapPageOverlap.ush" 1939
"../../../Engine/Shaders/Private/Nanite/NaniteHZBCull.ush" 1940
"../../../Engine/Shaders/Private/VirtualShadowMaps/VirtualShadowMapPageAccessCommon.ush" 1941
"../../../Engine/Shaders/Shared/VirtualShadowMapDefinitions.h" 1942
"../../../Engine/Shaders/Private/VirtualShadowMaps/VirtualShadowMapStaticCaching.ush" 1943
"../../../Engine/Shaders/Private/Nanite/NaniteCullingCommon.ush" 1944
"../../../Engine/Shaders/Private/GPUMessaging.ush" 1945
"../../../Engine/Shaders/Private/Nanite/NaniteTranscode.usf" 1946
"../../../Engine/Shaders/Private/VolumetricLightmapStreaming.usf" 1947
"../../../Engine/Shaders/Private/PhysicsFieldReset.usf" 1948
"../../../Engine/Shaders/Private/PhysicsFieldBuilder.usf" 1949
"../../../Engine/Shaders/Private/PhysicsFieldEval.ush" 1950
"../../../Engine/Shaders/Private/ParticleSortKeyGen.usf" 1951
"../../../Engine/Shaders/Private/ParticleBoundsShader.usf" 1952
"../../../Engine/Shaders/Private/ParticleSimVisualizeShader.usf" 1953
"../../../Engine/Shaders/Private/ParticleInjectionShader.usf" 1954
"../../../Engine/Shaders/Private/ParticleSimulationShader.usf" 1955
"../../../Engine/Shaders/Private/ParticleCurveInjectionShader.usf" 1956
"../../../Engine/Shaders/Private/CopyUIntBuffer.usf" 1957
"../../../Engine/Shaders/Private/RadixSortShaders.usf" 1958
"../../../Engine/Shaders/Private/RecomputeTangentsPerVertexPass.usf" 1959
"../../../Engine/Shaders/Private/RecomputeTangentsCommon.ush" 1960
"../../../Engine/Shaders/Private/RecomputeTangentsPerTrianglePass.usf" 1961
"../../../Engine/Shaders/Private/GpuSkinCacheComputeShader.usf" 1962
"../../../Engine/Shaders/Private/HeightFieldAtlasManagement.usf" 1963
"../../../Engine/Shaders/Private/LandscapePhysicalMaterial.usf" 1964
"../../../Engine/Shaders/Private/LandscapeGrassWeight.usf" 1965
"../../../Engine/Shaders/Private/Landscape/LandscapeLayersWeightmapsPS.usf" 1966
"../../../Engine/Shaders/Private/Landscape/LandscapeLayersHeightmapsPS.usf" 1967
"../../../Engine/Shaders/Private/Landscape/LandscapeCommon.ush" 1968
"../../../Engine/Shaders/Private/LandscapeLayersCS.usf" 1969
"../../../Engine/Shaders/Private/LandscapeLayersPS.usf" 1970
"../../../Engine/Shaders/Private/LandscapeLayersVS.usf" 1971
"../../../Engine/Shaders/Private/Landscape/LandscapeMergeHeightmapsPS.usf" 1972
"../../../Engine/Shaders/Private/WideCustomResolveShaders.usf" 1973
"../../../Engine/Shaders/Private/WideCustomResolve_Wide.ush" 1974
"../../../Engine/Shaders/Private/WideCustomResolve_Wider.ush" 1975
"../../../Engine/Shaders/Private/WideCustomResolve_Widest.ush" 1976
"../../../Engine/Shaders/Private/PageTableUpdate.usf" 1977
"../../../Engine/Shaders/Private/VirtualTextureCompress.usf" 1978
"../../../Engine/Shaders/Private/BlockCompressionCommon.ush" 1979
"../../../Engine/Shaders/Private/BCCompressionCommon.ush" 1980
"../../../Engine/Shaders/Private/ETCCompressionCommon.ush" 1981
"../../../Engine/Shaders/Private/VirtualTextureMaterial.usf" 1982
"../../../Engine/Shaders/Private/PixelShaderOutputCommon.ush" 1983
"../../../Engine/Shaders/Private/ShaderOutputCommon.ush" 1984
"../../../Engine/Shaders/Private/VolumetricRenderTarget.usf" 1985
"../../../Engine/Shaders/Private/VolumetricFogVoxelization.usf" 1986
"../../../Engine/Shaders/Private/VolumetricCloudMaterialPixelCommon.ush" 1987
"../../../Engine/Shaders/Private/VolumetricFogLightFunction.usf" 1988
"../../../Engine/Shaders/Private/LightFunctionCommon.ush" 1989
"../../../Engine/Shaders/Private/VolumetricFog.usf" 1990
"../../../Engine/Shaders/Private/DeferredLightingCommon.ush" 1991
"../../../Engine/Shaders/Private/DynamicLightingCommon.ush" 1992
"../../../Engine/Shaders/Private/CapsuleLightIntegrate.ush" 1993
"../../../Engine/Shaders/Private/CapsuleLightSampling.ush" 1994
"../../../Engine/Shaders/Private/RectLightIntegrate.ush" 1995
"../../../Engine/Shaders/Private/LightGridCommon.ush" 1996
"../../../Engine/Shaders/Private/HeightFogCommon.ush" 1997
"../../../Engine/Shaders/Private/DistanceFieldAOShared.ush" 1998
"../../../Engine/Shaders/Private/VolumeLightingCommon.ush" 1999
"../../../Engine/Shaders/Private/ShadowFilteringCommon.ush" 2000
"../../../Engine/Shaders/Private/PixelQuadMessagePassing.ush" 2001
"../../../Engine/Shaders/Private/VolumeLightingCommonSampling.ush" 2002
"../../../Engine/Shaders/Private/VolumetricLightmapShared.ush" 2003
"../../../Engine/Shaders/Private/ForwardShadowingCommon.ush" 2004
"../../../Engine/Shaders/Private/LightDataUniforms.ush" 2005
"../../../Engine/Shaders/Private/Lumen/LumenTranslucencyVolumeShared.ush" 2006
"../../../Engine/Shaders/Private/Lumen/LumenRadianceCacheInterpolation.ush" 2007
"../../../Engine/Shaders/Private/VirtualShadowMaps/VirtualShadowMapProjectionCommon.ush" 2008
"../../../Engine/Shaders/Private/VirtualShadowMaps/VirtualShadowMapProjectionStructs.ush" 2009
"../../../Engine/Shaders/Private/VolumetricCloudCommon.ush" 2010
"../../../Engine/Shaders/Private/VolumetricCloud.usf" 2011
"../../../Engine/Shaders/Private/ColorMap.ush" 2012
"../../../Engine/Shaders/Private/ShaderPrint.ush" 2013
"../../../Engine/Shaders/Private/ShaderPrintCommon.ush" 2014
"../../../Engine/Shaders/Private/MiniFontCommon.ush" 2015
"../../../Engine/Shaders/Private/ReflectionEnvironmentShared.ush" 2016
"../../../Engine/Shaders/Private/BlueNoise.ush" 2017
"../../../Engine/Shaders/Private/VisualizeVolumetricLightmap.usf" 2018
"../../../Engine/Shaders/Private/VirtualShadowMaps/VirtualShadowMapProjectionComposite.usf" 2019
"../../../Engine/Shaders/Private/LightShaderParameters.ush" 2020
"../../../Engine/Shaders/Private/VirtualShadowMaps/VirtualShadowMapMaskBitsCommon.ush" 2021
"../../../Engine/Shaders/Private/VirtualShadowMaps/VirtualShadowMapProjection.usf" 2022
"../../../Engine/Shaders/Private/HairStrands/HairStrandsVisibilityCommon.ush" 2023
"../../../Engine/Shaders/Private/Visualization.ush" 2024
"../../../Engine/Shaders/Private/VirtualShadowMaps/VirtualShadowMapProjectionFilter.ush" 2025
"../../../Engine/Shaders/Private/VirtualShadowMaps/VirtualShadowMapProjectionDirectional.ush" 2026
"../../../Engine/Shaders/Private/PathTracing/Utilities/PathTracingRandomSequence.ush" 2027
"../../../Engine/Shaders/Private/VirtualShadowMaps/VirtualShadowMapSMRTCommon.ush" 2028
"../../../Engine/Shaders/Private/VirtualShadowMaps/VirtualShadowMapSMRTTemplate.ush" 2029
"../../../Engine/Shaders/Private/VirtualShadowMaps/VirtualShadowMapProjectionSpot.ush" 2030
"../../../Engine/Shaders/Private/VirtualShadowMaps/VirtualShadowMapTransmissionCommon.ush" 2031
"../../../Engine/Shaders/Private/HairStrands/HairStrandsVoxelPageCommon.ush" 2032
"../../../Engine/Shaders/Private/HairStrands/HairStrandsVoxelPageTraversal.ush" 2033
"../../../Engine/Shaders/Private/VirtualShadowMaps/VirtualShadowMapCacheManagement.usf" 2034
"../../../Engine/Shaders/Private/VirtualShadowMaps/VirtualShadowMapPageCacheCommon.ush" 2035
"../../../Engine/Shaders/Private/ScreenSpaceDenoise/SSDDefinitions.ush" 2036
"../../../Engine/Shaders/Private/InstanceCulling/InstanceCullingLoadBalancer.ush" 2037
"../../../Engine/Shaders/Private/VirtualShadowMaps/VirtualShadowMapCopyStats.usf" 2038
"../../../Engine/Shaders/Private/VirtualShadowMaps/VirtualShadowMapPageManagement.usf" 2039
"../../../Engine/Shaders/Shared/SingleLayerWaterDefinitions.h" 2040
"../../../Engine/Shaders/Private/HairStrands/HairStrandsTileCommon.ush" 2041
"../../../Engine/Shaders/Private/ReductionCommon.ush" 2042
"../../../Engine/Shaders/Private/VirtualShadowMaps/VirtualShadowMapStats.ush" 2043
"../../../Engine/Shaders/Private/VirtualShadowMaps/VirtualShadowMapBuildPerPageDrawCommands.usf" 2044
"../../../Engine/Shaders/Private/InstanceCulling/InstanceCullingCommon.ush" 2045
"../../../Engine/Shaders/Private/VirtualShadowMaps/VirtualShadowMapPrintStats.usf" 2046
"../../../Engine/Shaders/Private/VirtualShadowMaps/VirtualShadowMapDebug.usf" 2047
"../../../Engine/Shaders/Private/VelocityShader.usf" 2048
"../../../Engine/Shaders/Private/VelocityCommon.ush" 2049
"../../../Engine/Shaders/Private/VariableRateShading/VRSShadingRatePreview.usf" 2050
"../../../Engine/Shaders/Private/VariableRateShading/VRSShadingRateCommon.ush" 2051
"../../../Engine/Shaders/Private/VariableRateShading/VRSShadingRateCombine.usf" 2052
"../../../Engine/Shaders/Private/VariableRateShading/FixedFoveationVariableRateShading.usf" 2053
"../../../Engine/Shaders/Private/VariableRateShading/VRSShadingRateReproject.usf" 2054
"../../../Engine/Shaders/Private/VariableRateShading/VRSShadingRateCalculate.usf" 2055
"../../../Engine/Shaders/Private/TranslucencyUpsampling.usf" 2056
"../../../Engine/Shaders/Private/ScreenPass.ush" 2057
"../../../Engine/Shaders/Private/ComposeSeparateTranslucency.usf" 2058
"../../../Engine/Shaders/Private/SeparateTranslucency.ush" 2059
"../../../Engine/Shaders/Private/TranslucentLightInjectionShaders.usf" 2060
"../../../Engine/Shaders/Private/TranslucentShadowDepthShaders.usf" 2061
"../../../Engine/Shaders/Private/ShadowDepthCommon.ush" 2062
"../../../Engine/Shaders/Private/RayTracing/RayTracingTest.usf" 2063
"../../../Engine/Shaders/Private/PostProcessSubsurfaceTile.usf" 2064
"../../../Engine/Shaders/Private/Strata/StrataVisualize.usf" 2065
"../../../Engine/Shaders/Private/Strata/StrataTile.ush" 2066
"../../../Engine/Shaders/Private/SkyLightingDiffuseShared.ush" 2067
"../../../Engine/Shaders/Private/SkyLightingShared.ush" 2068
"../../../Engine/Shaders/Private/ClearCoatCommon.ush" 2069
"../../../Engine/Shaders/Private/ReflectionEnvironmentComposite.ush" 2070
"../../../Engine/Shaders/Private/Strata/StrataLightingCommon.ush" 2071
"../../../Engine/Shaders/Private/Strata/StrataRoughRefraction.usf" 2072
"../../../Engine/Shaders/Private/PathTracing/Material/PathTracingFresnel.ush" 2073
"../../../Engine/Shaders/Private/PathTracing/Material/PathTracingGlossy.ush" 2074
"../../../Engine/Shaders/Private/Strata/StrataTile.usf" 2075
"../../../Engine/Shaders/Private/Strata/StrataMaterialClassification.usf" 2076
"../../../Engine/Shaders/Private/Strata/StrataDBuffer.usf" 2077
"../../../Engine/Shaders/Private/SparseVolumeTexture/VisualizeSparseVolumeTexture.usf" 2078
"../../../Engine/Shaders/Private/SkyAtmosphere.usf" 2079
"../../../Engine/Shaders/Private/CopyDepthTexture.usf" 2080
"../../../Engine/Shaders/Private/SingleLayerWaterComposite.usf" 2081
"../../../Engine/Shaders/Private/ShadowProjectionVertexShader.usf" 2082
"../../../Engine/Shaders/Private/ShadowProjectionPixelShader.usf" 2083
"../../../Engine/Shaders/Private/ShadowPercentageCloserFiltering.ush" 2084
"../../../Engine/Shaders/Private/TransmissionThickness.ush" 2085
"../../../Engine/Shaders/Private/CopyShadowMaps.usf" 2086
"../../../Engine/Shaders/Private/ShadowDepthPixelShader.usf" 2087
"../../../Engine/Shaders/Private/ShadowDepthVertexShader.usf" 2088
"../../../Engine/Shaders/Private/ShadingEnergyConservationTable.usf" 2089
"../../../Engine/Shaders/Shared/PathTracingDefinitions.h" 2090
"../../../Engine/Shaders/Private/ShadingFurnaceTest.usf" 2091
"../../../Engine/Shaders/Private/Strata/StrataDeferredLighting.ush" 2092
"../../../Engine/Shaders/Private/ShaderPrintDraw.usf" 2093
"../../../Engine/Shaders/Private/ShaderPrintDrawPrimitive.usf" 2094
"../../../Engine/Shaders/Private/SSRT/SSRTDiffuseIndirect.usf" 2095
"../../../Engine/Shaders/Private/SSRT/SSRTRayCast.ush" 2096
"../../../Engine/Shaders/Private/SSRT/SSRTTileClassificationBuffer.ush" 2097
"../../../Engine/Shaders/Private/SSRT/SSRTReflections.usf" 2098
"../../../Engine/Shaders/Private/ScreenSpaceDenoise/SSDPublic.ush" 2099
"../../../Engine/Shaders/Private/SSRT/SSRTTileClassification.usf" 2100
"../../../Engine/Shaders/Private/SSRT/SSRTPrevFrameReduction.usf" 2101
"../../../Engine/Shaders/Private/ScreenSpaceDenoise/SSDComposeHarmonics.usf" 2102
"../../../Engine/Shaders/Private/ScreenSpaceDenoise/SSDPublicHarmonics.ush" 2103
"../../../Engine/Shaders/Private/ScreenSpaceDenoise/SSDSignalFramework.ush" 2104
"../../../Engine/Shaders/Private/ScreenSpaceDenoise/SSDCommon.ush" 2105
"../../../Engine/Shaders/Private/SphericalGaussian.ush" 2106
"../../../Engine/Shaders/Public/WaveBroadcastIntrinsics.ush" 2107
"../../../Engine/Shaders/Private/ScreenSpaceDenoise/SSDMetadata.ush" 2108
"../../../Engine/Shaders/Private/ScreenSpaceDenoise/SSDSignalCore.ush" 2109
"../../../Engine/Shaders/Private/ScreenSpaceDenoise/DenoisingCommon.ush" 2110
"../../../Engine/Shaders/Private/ScreenSpaceDenoise/SSDSignalArray.ush" 2111
"../../../Engine/Shaders/Private/ScreenSpaceDenoise/SSDSignalBufferEncoding.ush" 2112
"../../../Engine/Shaders/Private/ScreenSpaceDenoise/SSDPublicBufferEncoding.ush" 2113
"../../../Engine/Shaders/Private/Lumen/LumenBufferEncoding.ush" 2114
"../../../Engine/Shaders/Private/ScreenSpaceDenoise/SSDTemporalAccumulation.usf" 2115
"../../../Engine/Shaders/Private/ScreenSpaceDenoise/SSDSpatialKernel.ush" 2116
"../../../Engine/Shaders/Private/ScreenSpaceDenoise/SSDSignalAccumulatorArray.ush" 2117
"../../../Engine/Shaders/Private/ScreenSpaceDenoise/SSDSignalAccumulator.ush" 2118
"../../../Engine/Shaders/Private/ScreenSpaceDenoise/SSDSignalCompression.ush" 2119
"../../../Engine/Shaders/Private/ScreenSpaceDenoise/SSDSpatialAccumulation.usf" 2120
"../../../Engine/Shaders/Private/ScreenSpaceDenoise/SSDInjest.usf" 2121
"../../../Engine/Shaders/Private/ScreenSpaceDenoise/SSDCompressMetadata.usf" 2122
"../../../Engine/Shaders/Private/DownsampleDepthPixelShader.usf" 2123
"../../../Engine/Shaders/Private/ScreenPass.usf" 2124
"../../../Engine/Shaders/Private/HZB.usf" 2125
"../../../Engine/Shaders/Private/OcclusionFeedbackShaders.usf" 2126
"../../../Engine/Shaders/Private/HZBOcclusion.usf" 2127
"../../../Engine/Shaders/Private/OcclusionQueryPixelShader.usf" 2128
"../../../Engine/Shaders/Private/OcclusionQueryVertexShader.usf" 2129
"../../../Engine/Shaders/Private/HitProxyPixelShader.usf" 2130
"../../../Engine/Shaders/Private/HitProxyVertexShader.usf" 2131
"../../../Engine/Shaders/Private/SceneCapturePixelShader.usf" 2132
"../../../Engine/Shaders/Private/RTWriteMaskDecode.usf" 2133
"../../../Engine/Shaders/Private/ReflectionEnvironmentShaders.usf" 2134
"../../../Engine/Shaders/Private/RectLightAtlas.usf" 2135
"../../../Engine/Shaders/Private/RayTracing/TraceRayInlineStatistics.usf" 2136
"../../../Engine/Shaders/Private/RayTracing/TraceRayInlineCommon.ush" 2137
"../../../Engine/Shaders/Private/RayTracing/VisualizeSkyLightMipTreePS.usf" 2138
"../../../Engine/Shaders/Private/RayTracing/MipTreeCommon.ush" 2139
"../../../Engine/Shaders/Private/RayTracing/CompositeSkyLightPS.usf" 2140
"../../../Engine/Shaders/Private/RayTracing/GenerateSkyLightVisibilityRaysCS.usf" 2141
"../../../Engine/Shaders/Private/RayTracing/RayTracingSkyLightCommon.ush" 2142
"../../../Engine/Shaders/Private/RayTracing/SkyLightVisibilityRaysData.ush" 2143
"../../../Engine/Shaders/Private/Raytracing/RaytracingSkylightRGS.usf" 2144
"../../../Engine/Shaders/Private/HairStrands/HairStrandsRaytracing.ush" 2145
"../../../Engine/Shaders/Private/Raytracing/RayTracingSkyLightEvaluation.ush" 2146
"../../../Engine/Shaders/Private/Raytracing/RayTracingDeferredShadingCommon.ush" 2147
"../../../Engine/Shaders/Private/RayTracing/RayTracingOcclusionRGS.usf" 2148
"../../../Engine/Shaders/Private/RayTracing/RayTracingDirectionalLight.ush" 2149
"../../../Engine/Shaders/Private/RayTracing/RayTracingRectLight.ush" 2150
"../../../Engine/Shaders/Private/RayTracing/RayTracingSphereLight.ush" 2151
"../../../Engine/Shaders/Private/RayTracing/RayTracingCapsuleLight.ush" 2152
"../../../Engine/Shaders/Private/RayTracing/SplitImaginaryReflectionGBufferCS.usf" 2153
"../../../Engine/Shaders/Private/RayTracing/RayTracingReflectionsCommon.ush" 2154
"../../../Engine/Shaders/Private/RayTracing/RayTracingReflections.usf" 2155
"../../../Engine/Shaders/Private/RayTracing/RayTracingLightingCommon.ush" 2156
"../../../Engine/Shaders/Private/RayTracing/RayTracingLightCullingCommon.ush" 2157
"../../../Engine/Shaders/Private/RayTracing/RayTracingReflectionEnvironment.ush" 2158
"../../../Engine/Shaders/Private/RayTracing/RayTracingPrimaryRays.usf" 2159
"../../../Engine/Shaders/Private/RayTracing/RayTracingMaterialDefaultHitShaders.usf" 2160
"../../../Engine/Shaders/Private/RayTracing/RayTracingMaterialHitShaders.usf" 2161
"../../../Engine/Shaders/Private/RayTracing/RayTracingCalcInterpolants.ush" 2162
"../../../Engine/Shaders/Private/LightmapCommon.ush" 2163
"../../../Engine/Shaders/Private/Lumen/LumenHardwareRayTracingPayloadCommon.ush" 2164
"../../../Engine/Shaders/Private/Strata/StrataExport.ush" 2165
"../../../Engine/Shaders/Private/RayTracing/RayTracingLightingMS.usf" 2166
"../../../Engine/Shaders/Private/RayTracing/RayTracingLightFunctionCommon.ush" 2167
"../../../Engine/Shaders/Private/RayTracing/GenerateCulledLightListCS.usf" 2168
"../../../Engine/Shaders/Private/Raytracing/RayTracingInstanceBufferUtil.usf" 2169
"../../../Engine/Shaders/Private/RayTracing/RayTracingFinalGatherRGS.usf" 2170
"../../../Engine/Shaders/Private/RayTracing/RayTracingGatherPoints.ush" 2171
"../../../Engine/Shaders/Private/PathTracing/Light/PathTracingLightSampling.ush" 2172
"../../../Engine/Shaders/Private/PathTracing/Light/PathTracingLightCommon.ush" 2173
"../../../Engine/Shaders/Shared/RayTracingTypes.h" 2174
"../../../Engine/Shaders/Private/PathTracing/Light/PathTracingDirectionalLight.ush" 2175
"../../../Engine/Shaders/Private/PathTracing/Light/PathTracingPointLight.ush" 2176
"../../../Engine/Shaders/Private/PathTracing/Light/PathTracingCapsuleLight.ush" 2177
"../../../Engine/Shaders/Private/PathTracing/Light/PathTracingRectLight.ush" 2178
"../../../Engine/Shaders/Private/PathTracing/Light/PathTracingSkyLight.ush" 2179
"../../../Engine/Shaders/Private/PathTracing/Light/PathTracingSpotLight.ush" 2180
"../../../Engine/Shaders/Private/RayTracing/RayTracingCreateGatherPointsRGS.usf" 2181
"../../../Engine/Shaders/Private/RayTracing/RayTracingGlobalIlluminationRGS.usf" 2182
"../../../Engine/Shaders/Private/RayTracing/RayTracingDynamicMesh.usf" 2183
"../../../Engine/Shaders/Private/RayTracing/RayTracingDeferredReflections.usf" 2184
"../../../Engine/Shaders/Private/RayTracing/RayTracingDeferredMaterials.ush" 2185
"../../../Engine/Shaders/Shared/ThirdParty/AMD/ags_shader_intrinsics_dx12.h" 2186
"../../../Engine/Shaders/Private/RayTracing/RayTracingDeferredReflections.ush" 2187
"../../../Engine/Shaders/Private/RayTracing/RayTracingReflectionResolve.usf" 2188
"../../../Engine/Shaders/Private/RayTracing/RayTracingReflectionsGenerateRaysCS.usf" 2189
"../../../Engine/Shaders/Private/RayTracing/MaterialSort.usf" 2190
"../../../Engine/Shaders/Private/RayTracing/RayTracingDeferredMaterials.usf" 2191
"../../../Engine/Shaders/Private/RayTracing/RayTracingDefaultDecalHitShader.usf" 2192
"../../../Engine/Shaders/Private/RayTracing/RayTracingDecalMaterialShader.usf" 2193
"../../../Engine/Shaders/Private/RayTracing/RayTracingBuildDecalGrid.usf" 2194
"../../../Engine/Shaders/Private/RayTracing/RayTracingDebugInstanceOverlap.usf" 2195
"../../../Engine/Shaders/Private/RayTracing/RayTracingDebugPicking.usf" 2196
"../../../Engine/Shaders/Private/RayTracing/RayTracingDebugUtils.ush" 2197
"../../../Engine/Shaders/Shared/RayTracingDebugTypes.h" 2198
"../../../Engine/Shaders/Private/RayTracing/RayTracingDebugTraversal.usf" 2199
"../../../Engine/Shaders/Private/Nanite/NaniteRayTrace.ush" 2200
"../../../Engine/Shaders/Shared/ThirdParty/RayTriangleIntersection.h" 2201
"../../../Engine/Shaders/Shared/RayTracingDebugDefinitions.h" 2202
"../../../Engine/Shaders/Private/RayTracing/TraceRayInline.ush" 2203
"../../../Engine/Shaders/Private/RayTracing/TraceRayInlineVulkan.ush" 2204
"../../../Engine/Shaders/Private/RayTracing/TraceRayInlineMetal.ush" 2205
"../../../Engine/Shaders/Private/RayTracing/RayTracingDebugMS.usf" 2206
"../../../Engine/Shaders/Private/RayTracing/RayTracingDebugCHS.usf" 2207
"../../../Engine/Shaders/Private/RayTracing/RayTracingDebug.usf" 2208
"../../../Engine/Shaders/Private/RayTracing/RayTracingBuiltInShaders.usf" 2209
"../../../Engine/Shaders/Private/RayTracing/RayTracingBarycentrics.usf" 2210
"../../../Engine/Shaders/Private/RayTracing/RayTracingAmbientOcclusionRGS.usf" 2211
"../../../Engine/Shaders/Private/VisualizeShadingModels.usf" 2212
"../../../Engine/Shaders/Private/PostProcessCommon.ush" 2213
"../../../Engine/Shaders/Private/MotionBlur/VisualizeMotionVectors.usf" 2214
"../../../Engine/Shaders/Private/TemporalSuperResolution/TSRDebugHistory.usf" 2215
"../../../Engine/Shaders/Private/TemporalSuperResolution/TSRCommon.ush" 2216
"../../../Engine/Shaders/Public/DualPixelVectorization.ush" 2217
"../../../Engine/Shaders/Private/TemporalSuperResolution/TSRResolveHistory.usf" 2218
"../../../Engine/Shaders/Private/TemporalSuperResolution/TSRUpdateHistory.usf" 2219
"../../../Engine/Shaders/Private/TemporalSuperResolution/TSRFilterAntiAliasing.usf" 2220
"../../../Engine/Shaders/Private/TemporalSuperResolution/TSRSpatialAntiAliasing.usf" 2221
"../../../Engine/Shaders/Private/TemporalSuperResolution/TSRRejectShading.usf" 2222
"../../../Engine/Shaders/Public/LaneVectorization.ush" 2223
"../../../Engine/Shaders/Private/TemporalSuperResolution/TSRCompareTranslucency.usf" 2224
"../../../Engine/Shaders/Private/TemporalSuperResolution/TSRDecimateHistory.usf" 2225
"../../../Engine/Shaders/Private/TemporalSuperResolution/TSRDilateVelocity.usf" 2226
"../../../Engine/Shaders/Private/MotionBlur/MotionBlurVelocityFlatten.ush" 2227
"../../../Engine/Shaders/Private/MotionBlur/MotionBlurCommon.ush" 2228
"../../../Engine/Shaders/Private/TemporalSuperResolution/TSRForwardScatterDepth.usf" 2229
"../../../Engine/Shaders/Private/TemporalSuperResolution/TSRClearPrevTextures.usf" 2230
"../../../Engine/Shaders/Private/TemporalSuperResolution/TSRComputeMoireLuma.usf" 2231
"../../../Engine/Shaders/Private/TemporalAA.usf" 2232
"../../../Engine/Shaders/Private/FilterPixelShader.usf" 2233
"../../../Engine/Shaders/Private/FilterVertexShader.usf" 2234
"../../../Engine/Shaders/Private/PostProcessVisualizeBuffer.usf" 2235
"../../../Engine/Shaders/Private/PostProcessVisualizeLocalExposure.usf" 2236
"../../../Engine/Shaders/Private/PostProcessHistogramCommon.ush" 2237
"../../../Engine/Shaders/Private/PostProcessVisualizeLevelInstance.usf" 2238
"../../../Engine/Shaders/Private/PostProcessVisualizeHDR.usf" 2239
"../../../Engine/Shaders/Private/ShaderComplexityApplyPixelShader.usf" 2240
"../../../Engine/Shaders/Private/QuadOverdraw.ush" 2241
"../../../Engine/Shaders/Private/PostProcessUpscale.usf" 2242
"../../../Engine/Shaders/Private/PostProcessTonemap.usf" 2243
"../../../Engine/Shaders/Private/PostProcessing/FilmGrainPackConstants.usf" 2244
"../../../Engine/Shaders/Private/PostProcessing/FilmGrainReduce.usf" 2245
"../../../Engine/Shaders/Private/PostProcessTestImage.usf" 2246
"../../../Engine/Shaders/Private/PostProcessSubsurface.usf" 2247
"../../../Engine/Shaders/Private/SeparableSSS.ush" 2248
"../../../Engine/Shaders/Private/SubsurfaceBurleyNormalized.ush" 2249
"../../../Engine/Shaders/Private/PostProcessSelectionOutline.usf" 2250
"../../../Engine/Shaders/Private/PostProcessPixelProjectedReflectionMobile.usf" 2251
"../../../Engine/Shaders/Private/MotionBlur/MotionBlurVisualize.usf" 2252
"../../../Engine/Shaders/Private/MotionBlur/MotionBlurApply.usf" 2253
"../../../Engine/Shaders/Private/MotionBlur/MotionBlurFilterTileClassify.usf" 2254
"../../../Engine/Shaders/Private/MotionBlur/MotionBlurTileScatter.usf" 2255
"../../../Engine/Shaders/Private/MotionBlur/MotionBlurTileGather.usf" 2256
"../../../Engine/Shaders/Private/MotionBlur/MotionBlurVelocityFlatten.usf" 2257
"../../../Engine/Shaders/Private/PostProcessMobile.usf" 2258
"../../../Engine/Shaders/Private/PostProcessMitchellNetravali.usf" 2259
"../../../Engine/Shaders/Private/PostProcessMaterialShaders.usf" 2260
"../../../Engine/Shaders/Private/PostProcessLocalExposure.usf" 2261
"../../../Engine/Shaders/Private/PostProcessLensFlares.usf" 2262
"../../../Engine/Shaders/Private/PostProcessHMD.usf" 2263
"../../../Engine/Shaders/Private/Histogram.usf" 2264
"../../../Engine/Shaders/Private/PostProcessHistogramReduce.usf" 2265
"../../../Engine/Shaders/Private/PostProcessHistogram.usf" 2266
"../../../Engine/Shaders/Private/PostProcessGBufferHints.usf" 2267
"../../../Engine/Shaders/Private/Bloom/BloomFinalizeApplyConstants.usf" 2268
"../../../Engine/Shaders/Private/Bloom/BloomCommon.ush" 2269
"../../../Engine/Shaders/Private/Bloom/BloomResizeKernel.usf" 2270
"../../../Engine/Shaders/Private/Bloom/BloomClampKernel.usf" 2271
"../../../Engine/Shaders/Private/Bloom/BloomPackKernelConstants.usf" 2272
"../../../Engine/Shaders/Private/Bloom/BloomSumScatterDispersionEnergy.usf" 2273
"../../../Engine/Shaders/Private/Bloom/BloomReduceKernelSurvey.usf" 2274
"../../../Engine/Shaders/Private/Bloom/BloomSurveyKernelCenterEnergy.usf" 2275
"../../../Engine/Shaders/Private/Bloom/BloomSurveyMaxScatterDispersion.usf" 2276
"../../../Engine/Shaders/Private/Bloom/BloomFindKernelCenter.usf" 2277
"../../../Engine/Shaders/Private/PostProcessEyeAdaptation.usf" 2278
"../../../Engine/Shaders/Private/PostProcessDownsample.usf" 2279
"../../../Engine/Shaders/Private/PostProcessDOF.usf" 2280
"../../../Engine/Shaders/Private/PostProcessDeviceEncodingOnly.usf" 2281
"../../../Engine/Shaders/Private/PostProcessCompositeEditorPrimitives.usf" 2282
"../../../Engine/Shaders/Private/PostProcessCombineLUTs.usf" 2283
"../../../Engine/Shaders/Private/PostProcessVisualizeDOF.usf" 2284
"../../../Engine/Shaders/Private/PostProcessBloom.usf" 2285
"../../../Engine/Shaders/Private/PostProcessAmbientOcclusionMobile.usf" 2286
"../../../Engine/Shaders/Private/PostProcessAmbientOcclusionCommon.ush" 2287
"../../../Engine/Shaders/Private/FXAAShader.usf" 2288
"../../../Engine/Shaders/Private/Fxaa3_11.ush" 2289
"../../../Engine/Shaders/Private/DiaphragmDOF/DOFRecombine.usf" 2290
"../../../Engine/Shaders/Private/DiaphragmDOF/DOFCommon.ush" 2291
"../../../Engine/Shaders/Private/DiaphragmDOF/DOFHybridScatterPixelShader.usf" 2292
"../../../Engine/Shaders/Private/DiaphragmDOF/DOFHybridScatterCommon.ush" 2293
"../../../Engine/Shaders/Private/DiaphragmDOF/DOFHybridScatterVertexShader.usf" 2294
"../../../Engine/Shaders/Private/DiaphragmDOF/DOFPostfiltering.usf" 2295
"../../../Engine/Shaders/Private/DiaphragmDOF/DOFGatherTileSuggest.ush" 2296
"../../../Engine/Shaders/Private/DiaphragmDOF/DOFCocTileCommon.ush" 2297
"../../../Engine/Shaders/Private/DiaphragmDOF/DOFGatherPass.usf" 2298
"../../../Engine/Shaders/Private/DiaphragmDOF/DOFGatherCommon.ush" 2299
"../../../Engine/Shaders/Private/DiaphragmDOF/DOFGatherAccumulator.ush" 2300
"../../../Engine/Shaders/Private/DiaphragmDOF/DOFGatherKernel.ush" 2301
"../../../Engine/Shaders/Private/DiaphragmDOF/DOFBokehLUT.usf" 2302
"../../../Engine/Shaders/Private/DiaphragmDOF/DOFHybridScatterCompilation.usf" 2303
"../../../Engine/Shaders/Private/DiaphragmDOF/DOFReduce.usf" 2304
"../../../Engine/Shaders/Private/DiaphragmDOF/DOFDownsample.ush" 2305
"../../../Engine/Shaders/Private/DiaphragmDOF/DOFHybridScatterCompilation.ush" 2306
"../../../Engine/Shaders/Private/DiaphragmDOF/DOFDownsample.usf" 2307
"../../../Engine/Shaders/Private/DiaphragmDOF/DOFCocTileDilate.usf" 2308
"../../../Engine/Shaders/Private/DiaphragmDOF/DOFCocTileFlatten.usf" 2309
"../../../Engine/Shaders/Private/DiaphragmDOF/DOFSetup.usf" 2310
"../../../Engine/Shaders/Private/PlanarReflectionShaders.usf" 2311
"../../../Engine/Shaders/Private/PlanarReflectionShared.ush" 2312
"../../../Engine/Shaders/Private/PhysicsFieldVisualizer.usf" 2313
"../../../Engine/Shaders/Private/PathTracing/PathTracingSpatialTemporalDenoising.usf" 2314
"../../../Engine/Shaders/Private/ColorDifference.ush" 2315
"../../../Engine/Shaders/Private/PathTracing/PathTracingCompositingPixelShader.usf" 2316
"../../../Engine/Shaders/Private/PathTracing/PathTracingDefaultHitShader.usf" 2317
"../../../Engine/Shaders/Private/PathTracing/PathTracingCommon.ush" 2318
"../../../Engine/Shaders/Private/PathTracing/Material/PathTracingMaterialCommon.ush" 2319
"../../../Engine/Shaders/Private/PathTracing/PathTracingMaterialHitShader.usf" 2320
"../../../Engine/Shaders/Private/PathTracing/PathTracingShaderUtils.ush" 2321
"../../../Engine/Shaders/Private/PathTracing/Material/PathTracingThinGlass.ush" 2322
"../../../Engine/Shaders/Private/PathTracing/Material/PathTracingEnergyConservation.ush" 2323
"../../../Engine/Shaders/Private/PathTracing/PathTracingLightingMissShader.usf" 2324
"../../../Engine/Shaders/Private/PathTracing/PathTracingMissShader.usf" 2325
"../../../Engine/Shaders/Private/PathTracing/PathTracingBuildAtmosphereLUT.usf" 2326
"../../../Engine/Shaders/Private/PathTracing/Volume/PathTracingAtmosphereCommon.ush" 2327
"../../../Engine/Shaders/Private/PathTracing/PathTracingSwizzleScanlines.usf" 2328
"../../../Engine/Shaders/Private/PathTracing/PathTracingInitExtinctionCoefficient.usf" 2329
"../../../Engine/Shaders/Private/PathTracing/PathTracing.usf" 2330
"../../../Engine/Shaders/Private/PathTracing/PathTracingCore.ush" 2331
"../../../Engine/Shaders/Private/RayTracing/RayTracingDecalGrid.ush" 2332
"../../../Engine/Shaders/Private/PathTracing/Utilities/PathTracingRIS.ush" 2333
"../../../Engine/Shaders/Private/PathTracing/Light/PathTracingLightGrid.ush" 2334
"../../../Engine/Shaders/Private/PathTracing/Material/PathTracingMaterialSampling.ush" 2335
"../../../Engine/Shaders/Private/PathTracing/Material/PathTracingLambert.ush" 2336
"../../../Engine/Shaders/Private/PathTracing/Material/PathTracingSolidGlass.ush" 2337
"../../../Engine/Shaders/Private/PathTracing/Material/PathTracingDefaultLit.ush" 2338
"../../../Engine/Shaders/Private/PathTracing/Material/PathTracingClearCoat.ush" 2339
"../../../Engine/Shaders/Private/PathTracing/Material/PathTracingTwoSidedFoliage.ush" 2340
"../../../Engine/Shaders/Private/PathTracing/Material/PathTracingCloth.ush" 2341
"../../../Engine/Shaders/Private/PathTracing/Material/PathTracingSubsurfaceProfile.ush" 2342
"../../../Engine/Shaders/Private/PathTracing/Material/PathTracingEye.ush" 2343
"../../../Engine/Shaders/Private/PathTracing/Material/PathTracingHair.ush" 2344
"../../../Engine/Shaders/Private/PathTracing/Material/PathTracingMedium.ush" 2345
"../../../Engine/Shaders/Private/PathTracing/Volume/PathTracingVolume.ush" 2346
"../../../Engine/Shaders/Private/PathTracing/Volume/PathTracingVolumeCommon.ush" 2347
"../../../Engine/Shaders/Private/PathTracing/Volume/PathTracingAtmosphere.ush" 2348
"../../../Engine/Shaders/Private/DoubleWordMath.ush" 2349
"../../../Engine/Shaders/Private/PathTracing/Volume/PathTracingFog.ush" 2350
"../../../Engine/Shaders/Private/PathTracing/Volume/PathTracingVolumeSampling.ush" 2351
"../../../Engine/Shaders/Private/PathTracing/PathTracingBuildLightGrid.usf" 2352
"../../../Engine/Shaders/Private/PathTracing/PathTracingSkylightMISCompensation.usf" 2353
"../../../Engine/Shaders/Private/PathTracing/PathTracingSkylightPrepare.usf" 2354
"../../../Engine/Shaders/Private/OIT/OITSorting.usf" 2355
"../../../Engine/Shaders/Private/OITCombine.usf" 2356
"../../../Engine/Shaders/Private/OITCommon.ush" 2357
"../../../Engine/Shaders/Private/Nanite/NaniteDebugViews.usf" 2358
"../../../Engine/Shaders/Private/Nanite/NaniteDepthDecode.usf" 2359
"../../../Engine/Shaders/Private/HTileEncoding.ush" 2360
"../../../Engine/Shaders/Private/Nanite/NaniteMaterialComplexity.usf" 2361
"../../../Engine/Shaders/Private/Nanite/NaniteVisualize.usf" 2362
"../../../Engine/Shaders/Private/Nanite/NaniteStreamOut.usf" 2363
"../../../Engine/Shaders/Private/Nanite/NaniteMaterialCulling.usf" 2364
"../../../Engine/Shaders/Private/Nanite/NaniteDepthExport.usf" 2365
"../../../Engine/Shaders/Private/Nanite/NaniteExportGBuffer.usf" 2366
"../../../Engine/Shaders/Private/Nanite/NaniteRasterizer.usf" 2367
"../../../Engine/Shaders/Private/Nanite/NaniteRasterizationCommon.ush" 2368
"../../../Engine/Shaders/Private/Nanite/NaniteRasterizer.ush" 2369
"../../../Engine/Shaders/Private/Nanite/NaniteWritePixel.ush" 2370
"../../../Engine/Shaders/Private/Nanite/NaniteTessellation.ush" 2371
"../../../Engine/Shaders/Private/WorkDistribution.ush" 2372
"../../../Engine/Shaders/Private/Nanite/NaniteRasterBinning.usf" 2373
"../../../Engine/Shaders/Private/Nanite/NaniteInstanceCulling.usf" 2374
"../../../Engine/Shaders/Private/Nanite/NaniteImposter.ush" 2375
"../../../Engine/Shaders/Private/Nanite/NanitePrimitiveFilter.usf" 2376
"../../../Engine/Shaders/Private/Nanite/NaniteRasterClear.usf" 2377
"../../../Engine/Shaders/Private/Nanite/NanitePrintStats.usf" 2378
"../../../Engine/Shaders/Private/Nanite/NaniteEmitShadow.usf" 2379
"../../../Engine/Shaders/Private/MobileDeferredUtils.usf" 2380
"../../../Engine/Shaders/Private/MobileFog.usf" 2381
"../../../Engine/Shaders/Private/DistortApplyScreenPS.usf" 2382
"../../../Engine/Shaders/Private/MobileDeferredShading.usf" 2383
"../../../Engine/Shaders/Private/MobileLightingCommon.ush" 2384
"../../../Engine/Shaders/Private/MobileBasePassPixelShader.usf" 2385
"../../../Engine/Shaders/Private/MobileBasePassCommon.ush" 2386
"../../../Engine/Shaders/Private/BasePassCommon.ush" 2387
"../../../Engine/Shaders/Private/ShadingModelsMaterial.ush" 2388
"../../../Engine/Shaders/Private/ThinTranslucentCommon.ush" 2389
"../../../Engine/Shaders/Private/SingleLayerWaterShading.ush" 2390
"../../../Engine/Shaders/Private/DistortionCommon.ush" 2391
"../../../Engine/Shaders/Private/Strata/StrataMobileForwardLighting.ush" 2392
"../../../Engine/Shaders/Private/MobileBasePassVertexShader.usf" 2393
"../../../Engine/Shaders/Private/Lumen/LumenVisualizeRadianceCache.usf" 2394
"../../../Engine/Shaders/Private/Lumen/LumenRadianceCacheCommon.ush" 2395
"../../../Engine/Shaders/Private/Lumen/LumenVisualizeHardwareRayTracing.usf" 2396
"../../../Engine/Shaders/Private/Lumen/LumenCardCommon.ush" 2397
"../../../Engine/Shaders/Private/Lumen/LumenTracingCommon.ush" 2398
"../../../Engine/Shaders/Private/DistanceField/GlobalDistanceFieldUtils.ush" 2399
"../../../Engine/Shaders/Private/DistanceField/GlobalDistanceFieldObjectGrid.ush" 2400
"../../../Engine/Shaders/Private/DistanceFieldLightingShared.ush" 2401
"../../../Engine/Shaders/Private/Lumen/SurfaceCache/LumenSurfaceCacheSampling.ush" 2402
"../../../Engine/Shaders/Private/Lumen/SurfaceCache/LumenSurfaceCache.ush" 2403
"../../../Engine/Shaders/Private/Lumen/LumenVisualize.ush" 2404
"../../../Engine/Shaders/Private/Lumen/LumenHardwareRayTracingCommon.ush" 2405
"../../../Engine/Shaders/Private/Lumen/LumenHardwareRayTracingPipelineCommon.ush" 2406
"../../../Engine/Shaders/Private/Lumen/LumenHardwareRayTracingPlatformCommon.ush" 2407
"../../../Engine/Shaders/Private/Lumen/LumenHairTracing.ush" 2408
"../../../Engine/Shaders/Private/Lumen/LumenFog.ush" 2409
"../../../Engine/Shaders/Private/Lumen/LumenVisualize.usf" 2410
"../../../Engine/Shaders/Private/Lumen/LumenVisualizeTraces.ush" 2411
"../../../Engine/Shaders/Private/Lumen/LumenTranslucencyVolumeLighting.usf" 2412
"../../../Engine/Shaders/Private/Lumen/LumenRadianceCacheMarkCommon.ush" 2413
"../../../Engine/Shaders/Private/Lumen/LumenTranslucencyVolumeLightingShared.ush" 2414
"../../../Engine/Shaders/Private/Lumen/LumenScreenProbeCommon.ush" 2415
"../../../Engine/Shaders/Private/Lumen/LumenTranslucencyVolumeHardwareRayTracing.usf" 2416
"../../../Engine/Shaders/Private/Lumen/LumenTranslucencyRadianceCacheMarkShaders.usf" 2417
"../../../Engine/Shaders/Private/Lumen/SurfaceCache/LumenSurfaceCacheFeedback.usf" 2418
"../../../Engine/Shaders/Private/Lumen/SurfaceCache/LumenSurfaceCache.usf" 2419
"../../../Engine/Shaders/Private/Lumen/LumenShortRangeAOHardwareRayTracing.usf" 2420
"../../../Engine/Shaders/Private/Lumen/LumenMaterial.ush" 2421
"../../../Engine/Shaders/Private/Lumen/LumenScreenSpaceBentNormal.usf" 2422
"../../../Engine/Shaders/Private/Lumen/LumenScreenTracing.ush" 2423
"../../../Engine/Shaders/Private/Lumen/LumenScreenProbeTracing.usf" 2424
"../../../Engine/Shaders/Private/Lumen/LumenScreenProbeTracingCommon.ush" 2425
"../../../Engine/Shaders/Private/Lumen/LumenScreenProbeImportanceSampling.usf" 2426
"../../../Engine/Shaders/Private/Lumen/LumenScreenProbeImportanceSamplingShared.ush" 2427
"../../../Engine/Shaders/Private/Lumen/LumenScreenProbeHardwareRayTracing.usf" 2428
"../../../Engine/Shaders/Private/Lumen/LumenScreenProbeGather.usf" 2429
"../../../Engine/Shaders/Private/Lumen/LumenScreenSpaceBentNormal.ush" 2430
"../../../Engine/Shaders/Private/Lumen/LumenReflectionsCombine.ush" 2431
"../../../Engine/Shaders/Private/Lumen/LumenScreenProbeLightSampling.usf" 2432
"../../../Engine/Shaders/Private/Lumen/LumenScreenProbeFiltering.usf" 2433
"../../../Engine/Shaders/Private/Lumen/LumenSceneLighting.usf" 2434
"../../../Engine/Shaders/Private/Lumen/LumenCardTile.ush" 2435
"../../../Engine/Shaders/Private/Lumen/LumenSceneLighting.ush" 2436
"../../../Engine/Shaders/Private/Lumen/Radiosity/LumenRadiosity.ush" 2437
"../../../Engine/Shaders/Private/Lumen/LumenCardPixelShader.usf" 2438
"../../../Engine/Shaders/Private/Lumen/LumenCardVertexShader.usf" 2439
"../../../Engine/Shaders/Private/Lumen/LumenSceneLightingDebug.usf" 2440
"../../../Engine/Shaders/Private/Lumen/LumenSceneDirectLightingHardwareRayTracing.usf" 2441
"../../../Engine/Shaders/Private/Lumen/LumenReflectionCommon.ush" 2442
"../../../Engine/Shaders/Private/Lumen/LumenSceneDirectLighting.ush" 2443
"../../../Engine/Shaders/Private/Lumen/LumenSceneDirectLightingSoftwareRayTracing.usf" 2444
"../../../Engine/Shaders/Private/DistanceFieldShadowingShared.ush" 2445
"../../../Engine/Shaders/Private/Lumen/LumenSceneDirectLightingPerLightShadowCommon.ush" 2446
"../../../Engine/Shaders/Private/Lumen/LumenSceneDirectLightingShadowMask.usf" 2447
"../../../Engine/Shaders/Private/Lumen/LumenSceneDirectLighting.usf" 2448
"../../../Engine/Shaders/Private/Lumen/LumenSceneDirectLightingCulling.usf" 2449
"../../../Engine/Shaders/Private/Lumen/LumenReflectionTracing.usf" 2450
"../../../Engine/Shaders/Private/Lumen/LumenReflections.usf" 2451
"../../../Engine/Shaders/Private/Lumen/LumenReflectionHardwareRayTracing.usf" 2452
"../../../Engine/Shaders/Private/Lumen/Radiosity/LumenVisualizeRadiosityProbes.usf" 2453
"../../../Engine/Shaders/Private/Lumen/Radiosity/LumenRadiosity.usf" 2454
"../../../Engine/Shaders/Private/RayTracing/RayGenUtils.ush" 2455
"../../../Engine/Shaders/Private/Lumen/Radiosity/LumenRadiosityHardwareRayTracing.usf" 2456
"../../../Engine/Shaders/Private/Lumen/Radiosity/LumenRadiosityCulling.usf" 2457
"../../../Engine/Shaders/Private/Lumen/LumenRadianceCacheHardwareRayTracing.usf" 2458
"../../../Engine/Shaders/Private/Lumen/LumenRadianceCacheTracingCommon.ush" 2459
"../../../Engine/Shaders/Private/Lumen/LumenRadianceCache.usf" 2460
"../../../Engine/Shaders/Private/Lumen/LumenRadianceCacheUpdate.ush" 2461
"../../../Engine/Shaders/Private/Lumen/LumenRadianceCacheDebug.usf" 2462
"../../../Engine/Shaders/Private/Lumen/LumenRadianceCacheUpdate.usf" 2463
"../../../Engine/Shaders/Private/Lumen/LumenMeshSDFCulling.usf" 2464
"../../../Engine/Shaders/Private/HybridIndirectLighting.ush" 2465
"../../../Engine/Shaders/Private/MeshDistanceFieldCommon.ush" 2466
"../../../Engine/Shaders/Private/Lumen/LumenIrradianceFieldGather.usf" 2467
"../../../Engine/Shaders/Private/Lumen/LumenHardwareRayTracingMaterials.usf" 2468
"../../../Engine/Shaders/Private/Lumen/LumenHardwareRayTracingPipeline.usf" 2469
"../../../Engine/Shaders/Private/Lumen/LumenFrontLayerTranslucency.usf" 2470
"../../../Engine/Shaders/Private/LightShaftShader.usf" 2471
"../../../Engine/Shaders/Private/StationaryLightOverlapShaders.usf" 2472
"../../../Engine/Shaders/Private/DeferredLightPixelShaders.usf" 2473
"../../../Engine/Shaders/Private/HairStrands/HairStrandsVisibilityUtils.ush" 2474
"../../../Engine/Shaders/Private/DeferredLightVertexShaders.usf" 2475
"../../../Engine/Shaders/Private/LightMapDensityShader.usf" 2476
"../../../Engine/Shaders/Private/LightGridInjection.usf" 2477
"../../../Engine/Shaders/Private/LightFunctionPixelShader.usf" 2478
"../../../Engine/Shaders/Private/LightFunctionVertexShader.usf" 2479
"../../../Engine/Shaders/Private/InstanceCulling/BuildInstanceDrawCommands.usf" 2480
"../../../Engine/Shaders/Private/InstanceCulling/InstanceCompactionCommon.ush" 2481
"../../../Engine/Shaders/Private/InstanceCulling/CompactVisibleInstances.usf" 2482
"../../../Engine/Shaders/Private/ThreadGroupPrefixSum.ush" 2483
"../../../Engine/Shaders/Private/ReflectionEnvironmentPixelShader.usf" 2484
"../../../Engine/Shaders/Private/Strata/StrataEnvironmentLighting.ush" 2485
"../../../Engine/Shaders/Private/AmbientCubemapComposite.usf" 2486
"../../../Engine/Shaders/Private/DiffuseIndirectComposite.usf" 2487
"../../../Engine/Shaders/Private/IESAtlas.usf" 2488
"../../../Engine/Shaders/Private/HeterogeneousVolumes/HeterogeneousVolumesSparseVoxelPipeline.usf" 2489
"../../../Engine/Shaders/Private/HeterogeneousVolumes/HeterogeneousVolumesSparseVoxelUtils.ush" 2490
"../../../Engine/Shaders/Private/HeterogeneousVolumes/HeterogeneousVolumesSparseVoxelUniformBufferUtils.ush" 2491
"../../../Engine/Shaders/Private/HeterogeneousVolumes/HeterogeneousVolumesPreshadingPipeline.usf" 2492
"../../../Engine/Shaders/Private/HeterogeneousVolumes/HeterogeneousVolumesTracingUtils.ush" 2493
"../../../Engine/Shaders/Private/HeterogeneousVolumes/HeterogeneousVolumesLightingUtils.ush" 2494
"../../../Engine/Shaders/Private/HeterogeneousVolumes/HeterogeneousVolumesRayMarchingUtils.ush" 2495
"../../../Engine/Shaders/Private/HeterogeneousVolumes/HeterogeneousVolumesTransmittanceVolumeUtils.ush" 2496
"../../../Engine/Shaders/Private/HeterogeneousVolumes/HeterogeneousVolumesMaterialBakingPipeline.usf" 2497
"../../../Engine/Shaders/Private/HeterogeneousVolumes/HeterogeneousVolumesLiveShadingUtils.ush" 2498
"../../../Engine/Shaders/Private/HeterogeneousVolumes/HeterogeneousVolumesLiveShadingPipeline.usf" 2499
"../../../Engine/Shaders/Private/HeterogeneousVolumes/HeterogeneousVolumesHardwareRayTracing.usf" 2500
"../../../Engine/Shaders/Private/HeterogeneousVolumes/HeterogeneousVolumesComposite.usf" 2501
"../../../Engine/Shaders/Private/HdrCustomResolveShaders.usf" 2502
"../../../Engine/Shaders/Private/HairStrands/HairStrandsVoxelMip.usf" 2503
"../../../Engine/Shaders/Private/HairStrands/HairStrandsVoxelRasterCompute.usf" 2504
"../../../Engine/Shaders/Private/HairStrands/HairStrandsClusterCommon.ush" 2505
"../../../Engine/Shaders/Private/HairStrands/HairStrandsVoxelPageAllocation.usf" 2506
"../../../Engine/Shaders/Private/Matrices.ush" 2507
"../../../Engine/Shaders/Private/HairStrands/HairStrandsAABBCommon.ush" 2508
"../../../Engine/Shaders/Private/HairStrands/HairStrandsVoxelOpaque.usf" 2509
"../../../Engine/Shaders/Private/HairStrands/HairStrandsRaytracingGeometry.usf" 2510
"../../../Engine/Shaders/Private/HairStrands/HairStrandsHitProxy.usf" 2511
"../../../Engine/Shaders/Private/HairStrands/HairStrandsVisibilityRasterComputeNaive.usf" 2512
"../../../Engine/Shaders/Private/HairStrands/HairStrandsVisibilityRasterHW.usf" 2513
"../../../Engine/Shaders/Private/HairStrands/HairStrandsVisibilityRasterCompute.usf" 2514
"../../../Engine/Shaders/Private/HairStrands/HairStrandsVisibilityRasterClassification.usf" 2515
"../../../Engine/Shaders/Private/HairStrands/HairStrandsCoverage.usf" 2516
"../../../Engine/Shaders/Private/HairStrands/HairStrandsVisibilityDepthPS.usf" 2517
"../../../Engine/Shaders/Private/HairStrands/HairStrandsVisibilityTransmittanceDepthPS.usf" 2518
"../../../Engine/Shaders/Private/HairStrands/HairStrandsVisibilityFillOpaqueDepthPS.usf" 2519
"../../../Engine/Shaders/Private/HairStrands/HairStrandsVisibilityCompactionComputeRaster.usf" 2520
"../../../Engine/Shaders/Private/HairStrands/HairStrandsVisibilityCompaction.usf" 2521
"../../../Engine/Shaders/Private/HairStrands/HairStrandsVisibilityCopyIndirectArg.usf" 2522
"../../../Engine/Shaders/Private/HairStrands/HairStrandsVisibilityClearPS.usf" 2523
"../../../Engine/Shaders/Private/HairStrands/HairStrandsVisibilityPS.usf" 2524
"../../../Engine/Shaders/Private/HairStrands/HairStrandsVisibilityVS.usf" 2525
"../../../Engine/Shaders/Private/HairStrands/HairStrandsVelocity.usf" 2526
"../../../Engine/Shaders/Private/HairStrands/HairStrandsVisibilityComputeSampleCoverage.usf" 2527
"../../../Engine/Shaders/Private/HairStrands/HairStrandsMaterialPS.usf" 2528
"../../../Engine/Shaders/Private/HairStrands/HairStrandsMaterialCommon.ush" 2529
"../../../Engine/Shaders/Private/HairStrands/HairStrandsMaterialVS.usf" 2530
"../../../Engine/Shaders/Private/HairStrands/HairStrandsLightSample.usf" 2531
"../../../Engine/Shaders/Private/HairStrands/HairStrandsDeepShadowMask.usf" 2532
"../../../Engine/Shaders/Private/HairStrands/HairStrandsDeepShadowCommon.ush" 2533
"../../../Engine/Shaders/Private/HairStrands/HairStrandsDeepTransmittanceMask.usf" 2534
"../../../Engine/Shaders/Private/HairStrands/HairStrandsVisibilityTile.usf" 2535
"../../../Engine/Shaders/Private/HairStrands/HairStrandsDeepShadowPS.usf" 2536
"../../../Engine/Shaders/Private/HairStrands/HairStrandsDeepShadowVS.usf" 2537
"../../../Engine/Shaders/Private/HairStrands/HairStrandsLUT.usf" 2538
"../../../Engine/Shaders/Private/HairStrands/HairStrandsForwardRaster.usf" 2539
"../../../Engine/Shaders/Private/HairStrands/HairStrandsForwardCulling.usf" 2540
"../../../Engine/Shaders/Private/HairStrands/HairStrandsEnvironmentLighting.usf" 2541
"../../../Engine/Shaders/Private/HairStrands/HairStrandsDebugCommonStruct.ush" 2542
"../../../Engine/Shaders/Private/HairStrands/HairStrandsEnvironmentAO.usf" 2543
"../../../Engine/Shaders/Private/HairStrands/HairStrandsDeepShadowAllocation.usf" 2544
"../../../Engine/Shaders/Private/HairStrands/HairStrandsVoxelDepthInjection.usf" 2545
"../../../Engine/Shaders/Private/HairStrands/HairStrandsClusterCulling.usf" 2546
"../../../Engine/Shaders/Private/HairStrands/HairStrandsDebug.usf" 2547
"../../../Engine/Shaders/Private/HairStrands/HairStrandsMeshProjectionCommon.ush" 2548
"../../../Engine/Shaders/Private/HairStrands/HairStrandsVoxelPageRayMarching.usf" 2549
"../../../Engine/Shaders/Private/HairStrands/HairStrandsGBufferWrite.usf" 2550
"../../../Engine/Shaders/Private/HairStrands/HairStrandsGBufferCommon.ush" 2551
"../../../Engine/Shaders/Private/HairStrands/HairStrandsVisibilityComposeSubPixelPS.usf" 2552
"../../../Engine/Shaders/Private/HairStrands/HairStrandsAABB.usf" 2553
"../../../Engine/Shaders/Private/GPUScene/GPUSceneDataManagement.usf" 2554
"../../../Engine/Shaders/Private/GPUSceneDebugRender.usf" 2555
"../../../Engine/Shaders/Private/GPUFastFourierTransform.usf" 2556
"../../../Engine/Shaders/Private/GPUFastFourierTransform2DCore.ush" 2557
"../../../Engine/Shaders/Private/GPUFastFourierTransformCore.ush" 2558
"../../../Engine/Shaders/Private/GPUBenchmark.usf" 2559
"../../../Engine/Shaders/Private/DistanceField/GlobalDistanceFieldDebug.usf" 2560
"../../../Engine/Shaders/Private/DistanceField/GlobalDistanceFieldMip.usf" 2561
"../../../Engine/Shaders/Private/DistanceField/GlobalDistanceField.usf" 2562
"../../../Engine/Shaders/Private/DistanceField/GlobalDistanceFieldUpdate.ush" 2563
"../../../Engine/Shaders/Private/DistanceField/GlobalDistanceFieldCompositeObjects.usf" 2564
"../../../Engine/Shaders/Private/DistanceField/GlobalDistanceFieldHeightfields.usf" 2565
"../../../Engine/Shaders/Private/HeightfieldLightingShared.ush" 2566
"../../../Engine/Shaders/Private/GenerateConservativeDepth.usf" 2567
"../../../Engine/Shaders/Private/HeightFogPixelShader.usf" 2568
"../../../Engine/Shaders/Private/HeightFogVertexShader.usf" 2569
"../../../Engine/Shaders/Private/DistortFiltering.usf" 2570
"../../../Engine/Shaders/Private/DistortAccumulatePS.usf" 2571
"../../../Engine/Shaders/Private/DistortAccumulateVS.usf" 2572
"../../../Engine/Shaders/Private/DistanceFieldVisualization.usf" 2573
"../../../Engine/Shaders/Private/DistanceFieldStreaming.usf" 2574
"../../../Engine/Shaders/Private/DistanceFieldShadowing.usf" 2575
"../../../Engine/Shaders/Private/DistanceFieldScreenGridLighting.usf" 2576
"../../../Engine/Shaders/Private/DistanceFieldObjectCulling.usf" 2577
"../../../Engine/Shaders/Private/DistanceFieldLightingPost.usf" 2578
"../../../Engine/Shaders/Private/DitheredTransitionStencil.usf" 2579
"../../../Engine/Shaders/Private/DepthOnlyPixelShader.usf" 2580
"../../../Engine/Shaders/Private/DepthOnlyVertexShader.usf" 2581
"../../../Engine/Shaders/Private/PositionOnlyDepthVertexShader.usf" 2582
"../../../Engine/Shaders/Private/DeferredDecal.usf" 2583
"../../../Engine/Shaders/Private/DecalCommon.ush" 2584
"../../../Engine/Shaders/Private/DebugViewModeVertexShader.usf" 2585
"../../../Engine/Shaders/Private/DebugViewModeCommon.ush" 2586
"../../../Engine/Shaders/Private/DebugViewModePixelShader.usf" 2587
"../../../Engine/Shaders/Private/DebugProbes.usf" 2588
"../../../Engine/Shaders/Private/MeshDecals.usf" 2589
"../../../Engine/Shaders/Private/PostProcessAmbientOcclusion.usf" 2590
"../../../Engine/Shaders/Private/ClusteredDeferredShadingPixelShader.usf" 2591
"../../../Engine/Shaders/Private/ClusteredDeferredShadingVertexShader.usf" 2592
"../../../Engine/Shaders/Private/CapsuleShadowShaders.usf" 2593
"../../../Engine/Shaders/Private/BasePassPixelShader.usf" 2594
"../../../Engine/Shaders/Private/ForwardLightingCommon.ush" 2595
"../../../Engine/Shaders/Private/Strata/StrataForwardLighting.ush" 2596
"../../../Engine/Shaders/Private/ComputeShaderOutputCommon.ush" 2597
"../../../Engine/Shaders/Private/BasePassVertexShader.usf" 2598
"../../../Engine/Shaders/Private/BasePassVertexCommon.ush" 2599
"../../../Engine/Shaders/Private/AnisotropyPassShader.usf" 2600
"../../../Engine/Shaders/Private/SimpleElementVolumeTexturePreviewPixelShader.usf" 2601
"../../../Engine/Shaders/Private/SimpleElementTexture2DPreviewPixelShader.usf" 2602
"../../../Engine/Shaders/Private/meshpaintdilatepixelshader.usf" 2603
"../../../Engine/Shaders/Private/meshpaintdilatevertexshader.usf" 2604
"../../../Engine/Shaders/Private/MeshPaintPixelShader.usf" 2605
"../../../Engine/Shaders/Private/MeshPaintVertexShader.usf" 2606
"../../../Engine/Shaders/Private/Tools/VisualizeTexture.usf" 2607
"../../../Engine/Shaders/Private/ByteBuffer.usf" 2608
"../../../Engine/Shaders/Private/ResolveVertexShader.usf" 2609
"../../../Engine/Shaders/Private/ResolvePixelShader.usf" 2610
"../../../Engine/Shaders/Private/Tools/SetupIndirectArgs.usf" 2611
"../../../Engine/Shaders/Private/Tools/ClearUAV.usf" 2612
"../../../Engine/Shaders/Private/ClearReplacementShaders.usf" 2613
"../../../Engine/Shaders/Private/Tools/DrawTexture.usf" 2614
"../../../Engine/Shaders/Private/RayTracing/RayTracingValidation.usf" 2615
"../../../Engine/Shaders/Private/RenderGraphUtilities.usf" 2616
"../../../Engine/Shaders/Private/OneColorShader.usf" 2617
"../../../Engine/Shaders/Private/OculusShaders.usf" 2618
"../../../Engine/Shaders/Private/MediaShaders.usf" 2619
"../../../Engine/Shaders/Private/GPUMessaging.usf" 2620
"../../../Engine/Shaders/Private/NullPixelShader.usf" 2621
"../../../Engine/Shaders/Private/ComputeGenerateMips.usf" 2622
"../../../Engine/Shaders/Private/Tools/DumpTexture.usf" 2623
"../../../Engine/Shaders/Private/CopyTextureShaders.usf" 2624
"../../../Engine/Shaders/Private/Tools/FullscreenVertexShader.usf" 2625
"../../../Engine/Shaders/Private/RayTracing/RayTracingDispatchDesc.usf" 2626
"../../../Engine/Shaders/Private/Bink.usf" 2627
"C:/Program Files/Epic Games/UE_5.2/Engine/Plugins/2D/Paper2D/Content/DummySprite.uasset" 2628
"F:/Pro/FPSRogueLikePrj/FPSRogueLike/Content/MM_Idle.uasset" 2629
"F:/Pro/FPSRogueLikePrj/FPSRogueLike/Content/Blueprints/BP_BossSpawner.uasset" 2630
"F:/Pro/FPSRogueLikePrj/FPSRogueLike/Content/Characters/Mannequin_UE4/Rigs/IK_UE4_Mannequin.uasset" 2631
"F:/Pro/FPSRogueLikePrj/FPSRogueLike/Content/Characters/Mannequin_UE4/Rigs/RTG_UE4Manny_UE5Manny.uasset" 2632
"F:/Pro/FPSRogueLikePrj/FPSRogueLike/Content/Characters/Mannequin_UE4/Rigs/RTG_UE5Manny_UE4Manny.uasset" 2633
"F:/Pro/FPSRogueLikePrj/FPSRogueLike/Content/Characters/Mannequin_UE4/Animations/Jog_Fwd.uasset" 2634
"F:/Pro/FPSRogueLikePrj/FPSRogueLike/Content/Characters/Mannequins/Rigs/RTG_Mannequin.uasset" 2635
"F:/Pro/FPSRogueLikePrj/FPSRogueLike/Content/Characters/Mannequins/Rigs/IK_Mannequin.uasset" 2636
"F:/Pro/FPSRogueLikePrj/FPSRogueLike/Content/Characters/Mannequins/Rigs/CR_Mannequin_BasicFootIK.uasset" 2637
"F:/Pro/FPSRogueLikePrj/FPSRogueLike/Content/Characters/Mannequins/Rigs/CR_Mannequin_Procedural.uasset" 2638
"F:/Pro/FPSRogueLikePrj/FPSRogueLike/Content/Characters/Mannequins/Rigs/CR_Mannequin_Body.uasset" 2639
"C:/Program Files/Epic Games/UE_5.2/Engine/Plugins/2D/Paper2D/Content/Tutorial/Paper2D/TutorialAssets/TutorialSprite.uasset" 2640
"C:/Program Files/Epic Games/UE_5.2/Engine/Plugins/2D/Paper2D/Content/Tutorial/Paper2D/TutorialAssets/TutorialFlipBook.uasset" 2641
"F:/Pro/FPSRogueLikePrj/FPSRogueLike/Content/Characters/Mannequins/Animations/Quinn/MF_Run_Fwd.uasset" 2642
"F:/Pro/FPSRogueLikePrj/FPSRogueLike/Content/Characters/Mannequins/Animations/Quinn/MF_Walk_Fwd.uasset" 2643
"F:/Pro/FPSRogueLikePrj/FPSRogueLike/Content/Characters/Mannequins/Animations/Manny/MM_T_Pose.uasset" 2644
"F:/Pro/FPSRogueLikePrj/FPSRogueLike/Content/Characters/Mannequins/Animations/Quinn/MF_Idle.uasset" 2645
"F:/Pro/FPSRogueLikePrj/FPSRogueLike/Content/Characters/Mannequins/Animations/Manny/MM_Idle.uasset" 2646
"F:/Pro/FPSRogueLikePrj/FPSRogueLike/Content/Characters/Mannequins/Animations/Manny/MM_Jump.uasset" 2647
"F:/Pro/FPSRogueLikePrj/FPSRogueLike/Content/Characters/Mannequins/Animations/Manny/MM_Walk_Fwd.uasset" 2648
"F:/Pro/FPSRogueLikePrj/FPSRogueLike/Content/Characters/Mannequins/Animations/Manny/MM_Land.uasset" 2649
"F:/Pro/FPSRogueLikePrj/FPSRogueLike/Content/Characters/Mannequins/Animations/Manny/MM_Walk_InPlace.uasset" 2650
"F:/Pro/FPSRogueLikePrj/FPSRogueLike/Content/Characters/Mannequins/Animations/Manny/MM_Fall_Loop.uasset" 2651
"F:/Pro/FPSRogueLikePrj/FPSRogueLike/Content/Characters/Mannequins/Animations/Manny/MM_Run_Fwd.uasset" 2652
"F:/Pro/FPSRogueLikePrj/FPSRogueLike/Content/Characters/Mannequins/Rigs/Poses/Quinn/Quinn_upperarm_r_anim.uasset" 2653
"F:/Pro/FPSRogueLikePrj/FPSRogueLike/Content/Characters/Mannequins/Rigs/Poses/Quinn/Quinn_lowerarm_l_anim.uasset" 2654
"F:/Pro/FPSRogueLikePrj/FPSRogueLike/Content/Characters/Mannequins/Rigs/Poses/Quinn/Quinn_upperarm_l_anim.uasset" 2655
"F:/Pro/FPSRogueLikePrj/FPSRogueLike/Content/Characters/Mannequins/Rigs/Poses/Quinn/Quinn_foot_r_anim.uasset" 2656
"F:/Pro/FPSRogueLikePrj/FPSRogueLike/Content/Characters/Mannequins/Rigs/Poses/Quinn/Quinn_lowerarm_r_anim.uasset" 2657
"F:/Pro/FPSRogueLikePrj/FPSRogueLike/Content/Characters/Mannequins/Rigs/Poses/Quinn/Quinn_hand_r_anim.uasset" 2658
"F:/Pro/FPSRogueLikePrj/FPSRogueLike/Content/Characters/Mannequins/Rigs/Poses/Quinn/Quinn_thigh_l_anim.uasset" 2659
"F:/Pro/FPSRogueLikePrj/FPSRogueLike/Content/Characters/Mannequins/Rigs/Poses/Quinn/Quinn_hand_l_anim.uasset" 2660
"F:/Pro/FPSRogueLikePrj/FPSRogueLike/Content/Characters/Mannequins/Rigs/Poses/Quinn/Quinn_thigh_r_anim.uasset" 2661
"F:/Pro/FPSRogueLikePrj/FPSRogueLike/Content/Characters/Mannequins/Rigs/Poses/Quinn/Quinn_foot_l_anim.uasset" 2662
"F:/Pro/FPSRogueLikePrj/FPSRogueLike/Content/Characters/Mannequins/Rigs/Poses/Quinn/Quinn_clavicle_r_anim.uasset" 2663
"F:/Pro/FPSRogueLikePrj/FPSRogueLike/Content/Characters/Mannequins/Rigs/Poses/Quinn/Quinn_clavicle_l_anim.uasset" 2664
"F:/Pro/FPSRogueLikePrj/FPSRogueLike/Content/Characters/Mannequins/Rigs/Poses/Quinn/Quinn_calf_r_anim.uasset" 2665
"F:/Pro/FPSRogueLikePrj/FPSRogueLike/Content/Characters/Mannequins/Rigs/Poses/Quinn/Quinn_calf_l_anim.uasset" 2666
"F:/Pro/FPSRogueLikePrj/FPSRogueLike/Content/Characters/Mannequins/Rigs/Poses/Manny/Manny_upperarm_r_anim.uasset" 2667
"F:/Pro/FPSRogueLikePrj/FPSRogueLike/Content/Characters/Mannequins/Rigs/Poses/Manny/Manny_upperarm_l_anim.uasset" 2668
"F:/Pro/FPSRogueLikePrj/FPSRogueLike/Content/Characters/Mannequins/Rigs/Poses/Manny/Manny_thigh_r_anim.uasset" 2669
"F:/Pro/FPSRogueLikePrj/FPSRogueLike/Content/Characters/Mannequins/Rigs/Poses/Manny/Manny_lowerarm_r_anim.uasset" 2670
"F:/Pro/FPSRogueLikePrj/FPSRogueLike/Content/Characters/Mannequins/Rigs/Poses/Manny/Manny_thigh_l_anim.uasset" 2671
"F:/Pro/FPSRogueLikePrj/FPSRogueLike/Content/Characters/Mannequins/Rigs/Poses/Manny/Manny_lowerarm_l_anim.uasset" 2672
"F:/Pro/FPSRogueLikePrj/FPSRogueLike/Content/Characters/Mannequins/Rigs/Poses/Manny/Manny_hand_l_anim.uasset" 2673
"F:/Pro/FPSRogueLikePrj/FPSRogueLike/Content/Characters/Mannequins/Rigs/Poses/Manny/Manny_foot_r_anim.uasset" 2674
"F:/Pro/FPSRogueLikePrj/FPSRogueLike/Content/Characters/Mannequins/Rigs/Poses/Manny/Manny_foot_l_anim.uasset" 2675
"F:/Pro/FPSRogueLikePrj/FPSRogueLike/Content/Characters/Mannequins/Rigs/Poses/Manny/Manny_clavicle_r_anim.uasset" 2676
"F:/Pro/FPSRogueLikePrj/FPSRogueLike/Content/Characters/Mannequins/Rigs/Poses/Manny/Manny_clavicle_l_anim.uasset" 2677
"F:/Pro/FPSRogueLikePrj/FPSRogueLike/Content/Characters/Mannequins/Rigs/Poses/Manny/Manny_calf_r_anim.uasset" 2678
"F:/Pro/FPSRogueLikePrj/FPSRogueLike/Content/Characters/Mannequins/Rigs/Poses/Manny/Manny_calf_l_anim.uasset" 2679
"F:/Pro/FPSRogueLikePrj/FPSRogueLike/Content/Characters/Mannequins/Rigs/Poses/Manny/Manny_hand_r_anim.uasset" 2680
"../../../Engine/Content/EditorResources/S_Actor.uasset" 2681
"C:/Users/Husky Cal/AppData/Local/UnrealEngine/Common/DerivedDataCache/Buckets/BulkDataList/64/1a/6a9b9e51d58a36ac1e97d44bdc202fdb9ccc.udd" 2682
"F:/Pro/FPSRogueLikePrj/FPSRogueLike/Intermediate/ShaderAutogen/PCD3D_SM6/AutogenShaderHeaders.ush" 2683
"F:/Pro/FPSRogueLikePrj/FPSRogueLike/Intermediate/ShaderAutogen/PCD3D_ES3_1/AutogenShaderHeaders.ush" 2684
"../../../Engine/Content/EditorResources/S_BoxReflectionCapture.uasset" 2685
"C:/Users/Husky Cal/AppData/Local/UnrealEngine/Common/DerivedDataCache/Buckets/BulkDataList/11/bf/de89c10e0eef23db4507cd8c723c7b9320a7.udd" 2686
"../../../Engine/Content/EngineResources/DefaultTexture.uasset" 2687
"C:/Users/Husky Cal/AppData/Local/UnrealEngine/Common/DerivedDataCache/Buckets/BulkDataList/a8/e2/c89df90110ac3122e68b869d458011393d05.udd" 2688
"../../../Engine/Content/EngineResources/DefaultTextureCube.uasset" 2689
"C:/Users/Husky Cal/AppData/Local/UnrealEngine/Common/DerivedDataCache/Buckets/BulkDataList/e0/33/340410ac68675a5040a6dbea5490e17742ea.udd" 2690
"../../../Engine/Content/EngineResources/DefaultVolumeTexture.uasset" 2691
"../../../Engine/Content/EngineResources/DefaultVolumeTexture2D.uasset" 2692
"C:/Users/Husky Cal/AppData/Local/UnrealEngine/Common/DerivedDataCache/Buckets/BulkDataList/99/c3/02b2b70dd62dec4eb01df306e4c5702f23f2.udd" 2693
"C:/Users/Husky Cal/AppData/Local/UnrealEngine/Common/DerivedDataCache/Buckets/BulkDataList/eb/39/93b6cd2f7ff622810b9a52e7f576a9b0de23.udd" 2694
"../../../Engine/Content/EngineFonts/RobotoDistanceField.uasset" 2695
"C:/Users/Husky Cal/AppData/Local/UnrealEngine/Common/DerivedDataCache/Buckets/BulkDataList/84/69/85dc62c8236e4cbab320560ebdb64aef339b.udd" 2696
"../../../Engine/Content/EngineMaterials/DefaultTextMaterialOpaque.uasset" 2697
"../../../Engine/Content/Functions/Engine_MaterialFunctions01/Shading/PowerToRoughness.uasset" 2698
"../../../Engine/Content/Functions/Engine_MaterialFunctions01/Shading/ConvertFromDiffSpec.uasset" 2699
"../../../Engine/Content/EngineMaterials/WorldGridMaterial.uasset" 2700
"../../../Engine/Content/Functions/Engine_MaterialFunctions01/Opacity/CameraDepthFade.uasset" 2701
"../../../Engine/Content/EngineMaterials/T_Default_Material_Grid_M.uasset" 2702
"../../../Engine/Content/EngineMaterials/T_Default_Material_Grid_N.uasset" 2703
"../../../Engine/Content/EngineMaterials/DefaultDeferredDecalMaterial.uasset" 2704
"../../../Engine/Content/EngineMaterials/DefaultDiffuse.uasset" 2705
"../../../Engine/Content/EngineMaterials/DefaultLightFunctionMaterial.uasset" 2706
"../../../Engine/Content/EngineMaterials/DefaultPostProcessMaterial.uasset" 2707
"../../../Engine/Content/Functions/Engine_MaterialFunctions02/Utility/BreakOutFloat2Components.uasset" 2708
"C:/Users/Husky Cal/AppData/Local/UnrealEngine/Common/DerivedDataCache/Buckets/BulkDataList/db/ba/9b55f06fdc890cc429f4f59430d7c5d74b2b.udd" 2709
"C:/Users/Husky Cal/AppData/Local/UnrealEngine/Common/DerivedDataCache/Buckets/BulkDataList/8f/16/892f0b77a706c6c85952d523b550ba032900.udd" 2710
"C:/Users/Husky Cal/AppData/Local/UnrealEngine/Common/DerivedDataCache/Buckets/BulkDataList/47/54/9755f5eb14101027013ddd2cd147eae9bcdb.udd" 2711
"../../../Engine/Content/EditorResources/S_Trigger.uasset" 2712
"C:/Users/Husky Cal/AppData/Local/UnrealEngine/Common/DerivedDataCache/Buckets/BulkDataList/95/03/4199219bfdae4b42fbd1294a6d49a65bd3be.udd" 2713
"../../../Engine/Content/EditorResources/S_TriggerBox.uasset" 2714
"C:/Users/Husky Cal/AppData/Local/UnrealEngine/Common/DerivedDataCache/Buckets/BulkDataList/e3/cd/d6f9b3430d2b38442a3de51b80fc45dc632f.udd" 2715
"../../../Engine/Content/EditorResources/S_TriggerCapsule.uasset" 2716
"C:/Users/Husky Cal/AppData/Local/UnrealEngine/Common/DerivedDataCache/Buckets/BulkDataList/15/4c/b5c456e0d733978f04e8ab72a9547efb3bb7.udd" 2717
"../../../Engine/Content/EditorResources/S_TriggerSphere.uasset" 2718
"C:/Users/Husky Cal/AppData/Local/UnrealEngine/Common/DerivedDataCache/Buckets/BulkDataList/88/eb/2499c5fe526d0e2f68cb21a323f6dbff31bb.udd" 2719
"../../../Engine/Content/EngineDamageTypes/DmgTypeBP_Environmental.uasset" 2720
"../../../Engine/Content/EngineSky/VolumetricClouds/m_SimpleVolumetricCloud_Inst.uasset" 2721
"../../../Engine/Content/EngineSky/VolumetricClouds/m_SimpleVolumetricCloud.uasset" 2722
"../../../Engine/Content/Functions/Engine_MaterialFunctions02/Utility/MakeFloat2.uasset" 2723
"../../../Engine/Content/EngineSky/VolumetricClouds/CloudGradientTexture.uasset" 2724
"../../../Engine/Content/EngineSky/VolumetricClouds/CloudWeatherTexture.uasset" 2725
"../../../Engine/Content/EngineSky/VolumetricClouds/T_VolumeNoiseErosion32.uasset" 2726
"../../../Engine/Content/EngineSky/VolumetricClouds/T_NoiseErosion.uasset" 2727
"../../../Engine/Content/EngineSky/VolumetricClouds/T_VolumeNoiseShape64.uasset" 2728
"../../../Engine/Content/EngineSky/VolumetricClouds/T_NoiseShape64.uasset" 2729
"C:/Users/Husky Cal/AppData/Local/UnrealEngine/Common/DerivedDataCache/Buckets/BulkDataList/d8/1b/24497db7644f4e68462ee8fcda001767300a.udd" 2730
"C:/Users/Husky Cal/AppData/Local/UnrealEngine/Common/DerivedDataCache/Buckets/BulkDataList/98/08/b8e679a8490607d2d6484f2e4dd6f8288039.udd" 2731
"C:/Users/Husky Cal/AppData/Local/UnrealEngine/Common/DerivedDataCache/Buckets/BulkDataList/e3/44/7d8e1fd5d909ae4b8be087e653645b530b28.udd" 2732
"C:/Users/Husky Cal/AppData/Local/UnrealEngine/Common/DerivedDataCache/Buckets/BulkDataList/b7/7a/5541fd020472270f3f623fc0f7ed38122b89.udd" 2733
"C:/Users/Husky Cal/AppData/Local/UnrealEngine/Common/DerivedDataCache/Buckets/BulkDataList/ec/4a/6a97a37c3de84b31ec5a59716cd33b7799b0.udd" 2734
"C:/Users/Husky Cal/AppData/Local/UnrealEngine/Common/DerivedDataCache/Buckets/BulkDataList/aa/cb/a9f333f3026e4ae4197d0e30ab49a8f78158.udd" 2735
"../../../Engine/Content/EngineMeshes/Sphere.uasset" 2736
"C:/Users/Husky Cal/AppData/Local/UnrealEngine/Common/DerivedDataCache/Buckets/LegacyNavCollision/1a/ea/6b0e8fab9d1212ee8db58df061bb0b14406b.udd" 2737
"../../../Engine/Content/EngineResources/WhiteSquareTexture.uasset" 2738
"C:/Users/Husky Cal/AppData/Local/UnrealEngine/Common/DerivedDataCache/Buckets/BulkDataList/0a/8f/fee89d26e66cf3509d31a5ff73856f1beb19.udd" 2739
"../../../Engine/Content/EngineResources/GradientTexture0.uasset" 2740
"C:/Users/Husky Cal/AppData/Local/UnrealEngine/Common/DerivedDataCache/Buckets/BulkDataList/cf/af/f4ca8882914bf8046b42d9fc787ad3842693.udd" 2741
"../../../Engine/Content/EngineResources/Black.uasset" 2742
"C:/Users/Husky Cal/AppData/Local/UnrealEngine/Common/DerivedDataCache/Buckets/BulkDataList/b0/0f/5cd4a844448e86ba589d34a8d78706de52b5.udd" 2743
"../../../Engine/Content/EngineMaterials/Widget3DPassThrough_Translucent.uasset" 2744
"../../../Engine/Content/EngineMaterials/Widget3DPassThrough.uasset" 2745
"../../../Engine/Content/EngineMaterials/Widget3DPassThrough_Translucent_OneSided.uasset" 2746
"../../../Engine/Content/EngineMaterials/Widget3DPassThrough_Opaque.uasset" 2747
"../../../Engine/Content/EngineMaterials/Widget3DPassThrough_Opaque_OneSided.uasset" 2748
"../../../Engine/Content/EngineMaterials/Widget3DPassThrough_Masked.uasset" 2749
"../../../Engine/Content/EngineMaterials/Widget3DPassThrough_Masked_OneSided.uasset" 2750
"../../../Engine/Content/VREditor/TransformGizmo/PlaneTranslationHandle.uasset" 2751
"../../../Engine/Content/VREditor/TransformGizmo/TransformGizmoMaterial.uasset" 2752
"../../../Engine/Content/VREditor/LaserPointer/VR_LaserPower_01.uasset" 2753
"../../../Engine/Content/VREditor/TransformGizmo/TranslucentTransformGizmoMaterial.uasset" 2754
"C:/Users/Husky Cal/AppData/Local/UnrealEngine/Common/DerivedDataCache/Buckets/BulkDataList/6b/84/07b31df449c731d550502491af0e7bb087e7.udd" 2755
"../../../Engine/Content/VREditor/TransformGizmo/BoundingBoxCorner.uasset" 2756
"../../../Engine/Content/VREditor/TransformGizmo/BoundingBoxEdge.uasset" 2757
"../../../Engine/Content/VREditor/TransformGizmo/SM_Sequencer_Node.uasset" 2758
"../../../Engine/Content/VREditor/TransformGizmo/Main.uasset" 2759
"../../../Engine/Content/VREditor/TransformGizmo/Xray.uasset" 2760
"../../../Engine/Content/EditorMeshes/Camera/SM_CraneRig_Base.uasset" 2761
"../../../Engine/Content/EditorMaterials/Camera/MI_CineMat_Rig.uasset" 2762
"../../../Engine/Content/EditorMaterials/Camera/CineMat.uasset" 2763
"../../../Engine/Content/EditorMeshes/Camera/SM_CraneRig_Arm.uasset" 2764
"../../../Engine/Content/EditorMeshes/Camera/SM_CraneRig_Mount.uasset" 2765
"../../../Engine/Content/EditorMeshes/Camera/SM_CraneRig_Body.uasset" 2766
"../../../Engine/Content/EditorMeshes/Camera/SM_RailRig_Track.uasset" 2767
"../../../Engine/Content/EditorMeshes/Camera/SM_RailRig_Mount.uasset" 2768
"../../../Engine/Content/ArtTools/RenderToTexture/Meshes/S_1_Unit_Plane.uasset" 2769
"../../../Engine/Content/EngineDebugMaterials/M_SimpleUnlitTranslucent.uasset" 2770
"../../../Engine/Content/EngineFonts/Roboto.uasset" 2771
"../../../Engine/Content/EngineFonts/Faces/DroidSansFallback.uasset" 2772
"../../../Engine/Content/EngineFonts/Faces/RobotoBold.uasset" 2773
"../../../Engine/Content/EngineFonts/Faces/RobotoBoldItalic.uasset" 2774
"../../../Engine/Content/EngineFonts/Faces/RobotoItalic.uasset" 2775
"../../../Engine/Content/EngineFonts/Faces/RobotoLight.uasset" 2776
"../../../Engine/Content/EngineFonts/Faces/RobotoRegular.uasset" 2777
"../../../Engine/Content/EditorMaterials/ParticleSystems/PSysThumbnail_NoImage.uasset" 2778
"C:/Users/Husky Cal/AppData/Local/UnrealEngine/Common/DerivedDataCache/Buckets/BulkDataList/7c/dd/d6185f1751e7e49272751bc12b0725a96e9e.udd" 2779
"../../../Engine/Content/EditorMaterials/ParticleSystems/PSysThumbnail_OOD.uasset" 2780
"C:/Users/Husky Cal/AppData/Local/UnrealEngine/Common/DerivedDataCache/Buckets/BulkDataList/f0/5c/47ba4d19d727c53b0e493272edf4ae578ab1.udd" 2781
"../../../Engine/Content/EditorLandscapeResources/SplineEditorMesh.uasset" 2782
"../../../Engine/Content/EditorLandscapeResources/SplineEditorMeshMat.uasset" 2783
"../../../Engine/Content/EditorLandscapeResources/DataLayer.uasset" 2784
"../../../Engine/Content/EditorResources/S_Solver.uasset" 2785
"C:/Users/Husky Cal/AppData/Local/UnrealEngine/Common/DerivedDataCache/Buckets/BulkDataList/3b/ac/2cde6e7beba3471f9d2c59d41157fa6694cb.udd" 2786
"../../../Engine/Content/EngineDebugMaterials/VolumeToRender.uasset" 2787
"C:/Users/Husky Cal/AppData/Local/UnrealEngine/Common/DerivedDataCache/Buckets/BulkDataList/8c/5b/92b0284dec0b4e71f1fef7c581eaecbefc69.udd" 2788
"../../../Engine/Content/EngineDebugMaterials/M_VolumeRenderSphereTracePP.uasset" 2789
"../../../Engine/Content/Functions/Engine_MaterialFunctions02/Utility/CameraDirectionVector.uasset" 2790
"../../../Engine/Content/Internationalization/icudt64l/coll/ucadata.icu" 2791
"../../../Engine/Content/Internationalization/icudt64l/coll/en.res" 2792
"../../../Engine/Content/Internationalization/icudt64l/coll/root.res" 2793
"../../../Engine/Content/Animation/DefaultAnimBoneCompressionSettings.uasset" 2794
"../../../Engine/Content/Animation/DefaultRecorderBoneCompression.uasset" 2795
"../../../Engine/Content/Animation/DefaultAnimCurveCompressionSettings.uasset" 2796
"../../Plugins/Animation/ControlRig/Content/Controls/ControlRigXRayMaterial.uasset" 2797
"../../Plugins/Animation/ControlRig/Content/Controls/DefaultGizmoLibraryNormalized.uasset" 2798
"../../Plugins/Animation/ControlRig/Content/M_Manip.uasset" 2799
"../../../Engine/Content/Functions/Engine_MaterialFunctions02/WorldPositionOffset/CameraOffset.uasset" 2800
"../../Plugins/2D/Paper2D/Content/MaskedUnlitSpriteMaterial.uasset" 2801
"../../Plugins/2D/Paper2D/Content/DefaultSpriteMaterial.uasset" 2802
"../../Plugins/2D/Paper2D/Content/PlaceholderTextures/DummySpriteTexture.uasset" 2803
"C:/Users/Husky Cal/AppData/Local/UnrealEngine/Common/DerivedDataCache/Buckets/BulkDataList/f1/82/1eb0dc98d72eaf077634b826ae3672a660ad.udd" 2804
"../../Plugins/2D/Paper2D/Content/OpaqueUnlitSpriteMaterial.uasset" 2805
"../../Plugins/2D/Paper2D/Content/DefaultPaperTerrainMaterial.uasset" 2806
"../../Plugins/2D/Paper2D/Content/DummySprite.uasset" 2807
"../../Plugins/Editor/SpeedTreeImporter/Content/SpeedTree9/SpeedTreeMaster.uasset" 2808
"../../../Engine/Content/Functions/Engine_MaterialFunctions02/ObjectLocalBounds.uasset" 2809
"../../../Engine/Content/Functions/Engine_MaterialFunctions02/SafeNormalize.uasset" 2810
"../../../Engine/Content/Functions/Engine_MaterialFunctions02/Utility/BreakOutFloat3Components.uasset" 2811
"../../../Engine/Content/Functions/Engine_MaterialFunctions02/Utility/VectorLength.uasset" 2812
"../../../Engine/Content/Functions/Engine_MaterialFunctions02/UVs/BoundingBoxBased_0-1_UVW.uasset" 2813
"../../../Engine/Content/Functions/Engine_MaterialFunctions02/WorldPositionOffset/ObjectScale.uasset" 2814
"../../Plugins/Editor/SpeedTreeImporter/Content/SpeedTree9/SpeedTreeBranchMotion.uasset" 2815
"../../Plugins/Editor/SpeedTreeImporter/Content/SpeedTree9/SpeedTreeWindMotion.uasset" 2816
"../../Plugins/Editor/SpeedTreeImporter/Content/SpeedTree9/game_wind_noise.uasset" 2817
"../../Plugins/Editor/SpeedTreeImporter/Content/SpeedTree9/UnpackDirection.uasset" 2818
"../../Plugins/Editor/SpeedTreeImporter/Content/SpeedTree9/UnpackInteger3.uasset" 2819
"../../Plugins/Editor/SpeedTreeImporter/Content/SpeedTree9/SpeedTreeCameraFacing.uasset" 2820
"../../Plugins/Editor/SpeedTreeImporter/Content/SpeedTree9/SpeedTreeWind.uasset" 2821
"../../Plugins/Editor/SpeedTreeImporter/Content/SpeedTree9/Empty.uasset" 2822
"../../Plugins/Editor/SpeedTreeImporter/Content/SpeedTree9/EmptyNormal.uasset" 2823
"C:/Users/Husky Cal/AppData/Local/UnrealEngine/Common/DerivedDataCache/Buckets/BulkDataList/ef/1f/d8c6790e0266660cd4c7114d050b12fedcb2.udd" 2824
"C:/Users/Husky Cal/AppData/Local/UnrealEngine/Common/DerivedDataCache/Buckets/BulkDataList/6c/56/8bf9c53aee81783d3ee2476ee06c8f3e903f.udd" 2825
"C:/Users/Husky Cal/AppData/Local/UnrealEngine/Common/DerivedDataCache/Buckets/BulkDataList/38/5b/d2c36afa12a8227cea447cbac76af0a16382.udd" 2826
"C:/Users/Husky Cal/AppData/Local/UnrealEngine/Common/DerivedDataCache/Buckets/BulkDataPayloadId/93/1e/fa687e128aa134c7085da39d1269fafb1746.udd" 2827
"C:/Users/Husky Cal/AppData/Local/UnrealEngine/Common/DerivedDataCache/Buckets/BulkDataPayloadId/ac/cc/a6aa9daa7cbf76c8953f7e3d2c201a8a54cb.udd" 2828
"../../Plugins/Editor/SpeedTreeImporter/Content/SpeedTree9/SpeedTreeBillboardMaster.uasset" 2829
"../../Plugins/Editor/SpeedTreeImporter/Content/SpeedTree9/SpeedTreeBillboard.uasset" 2830
"../../Plugins/Media/MediaPlate/Content/SM_MediaPlateScreen.uasset" 2831
"F:/Pro/FPSRogueLikePrj/FPSRogueLike/Saved/Config/WindowsEditor/ObjectMixerSerializedData.ini" 2832
"../../../Engine/Content/EngineMaterials/NaniteHiddenSectionMaterial.uasset" 2833
"../../../Engine/Content/EngineMaterials/RemoveSurfaceMaterial.uasset" 2834
"../../../Engine/Content/EngineDebugMaterials/DebugMeshMaterial.uasset" 2835
"../../../Engine/Content/EngineMaterials/EmissiveMeshMaterial.uasset" 2836
"../../../Engine/Content/EngineMaterials/DefaultWhiteGrid_Low.uasset" 2837
"C:/Users/Husky Cal/AppData/Local/UnrealEngine/Common/DerivedDataCache/Buckets/BulkDataList/52/e5/14d47c216f53bcf3ae95cb59fa24539e8714.udd" 2838
"../../../Engine/Content/EngineMaterials/M_InvalidLightmapSettings.uasset" 2839
"../../../Engine/Content/EngineMaterials/InvalidLightmapSettings.uasset" 2840
"C:/Users/Husky Cal/AppData/Local/UnrealEngine/Common/DerivedDataCache/Buckets/BulkDataList/87/12/c893c7ae35137450d67862305984424a5985.udd" 2841
"../../../Engine/Content/EngineMaterials/GizmoMaterial.uasset" 2842
"../../../Engine/Content/EngineMaterials/PhAT_JointLimitMaterial.uasset" 2843
"../../../Engine/Content/EngineMaterials/FlattenMaterial.uasset" 2844
"../../../Engine/Content/EngineMaterials/BaseFlattenDiffuseMap.uasset" 2845
"../../../Engine/Content/EngineMaterials/BaseFlattenEmissiveMap.uasset" 2846
"../../../Engine/Content/EngineMaterials/BaseFlattenGrayscaleMap.uasset" 2847
"../../../Engine/Content/EngineMaterials/BaseFlattenLinearColor.uasset" 2848
"../../../Engine/Content/EngineMaterials/BaseFlattenNormalMap.uasset" 2849
"../../../Engine/Content/Functions/Engine_MaterialFunctions02/PivotPainter2/Black_1x1_EXR_Texture.uasset" 2850
"C:/Users/Husky Cal/AppData/Local/UnrealEngine/Common/DerivedDataCache/Buckets/BulkDataList/e1/a5/be6549b17fd6513642959ca66e9d3a5a1cab.udd" 2851
"C:/Users/Husky Cal/AppData/Local/UnrealEngine/Common/DerivedDataCache/Buckets/BulkDataList/5c/fd/89494b9885fd3e015525d29ce96a157a770d.udd" 2852
"C:/Users/Husky Cal/AppData/Local/UnrealEngine/Common/DerivedDataCache/Buckets/BulkDataList/4f/47/53c0261aecaa5dd44a2ac7a1ba6b63084cde.udd" 2853
"C:/Users/Husky Cal/AppData/Local/UnrealEngine/Common/DerivedDataCache/Buckets/BulkDataList/9a/fc/595fb3bd48fe4b52e46cc879f262ed4658a3.udd" 2854
"C:/Users/Husky Cal/AppData/Local/UnrealEngine/Common/DerivedDataCache/Buckets/BulkDataList/56/3f/f5d2ab477094ba08907a29696ced550dc00e.udd" 2855
"C:/Users/Husky Cal/AppData/Local/UnrealEngine/Common/DerivedDataCache/Buckets/BulkDataList/9e/e7/bc31e68b9b2383348f226724e3268ae7eda2.udd" 2856
"../../../Engine/Content/EngineMaterials/FlattenMaterial_VT.uasset" 2857
"../../../Engine/Content/EngineMaterials/BaseFlattenDiffuseMap_VT.uasset" 2858
"../../../Engine/Content/EngineMaterials/BaseFlattenEmissiveMap_VT.uasset" 2859
"../../../Engine/Content/EngineMaterials/BaseFlattenGrayscaleMap_VT.uasset" 2860
"../../../Engine/Content/EngineMaterials/BaseFlattenLinearColor_VT.uasset" 2861
"../../../Engine/Content/EngineMaterials/BaseFlattenNormalMap_VT.uasset" 2862
"../../../Engine/Content/EngineMaterials/Black_1x1_EXR_Texture_VT.uasset" 2863
"C:/Users/Husky Cal/AppData/Local/UnrealEngine/Common/DerivedDataCache/Buckets/BulkDataList/50/d4/543a68ec1b8bc75877d8b49db2d8460c4768.udd" 2864
"C:/Users/Husky Cal/AppData/Local/UnrealEngine/Common/DerivedDataCache/Buckets/BulkDataList/e0/9a/c27bbd3418ae14140a5996f474e98398cbac.udd" 2865
"C:/Users/Husky Cal/AppData/Local/UnrealEngine/Common/DerivedDataCache/Buckets/BulkDataList/51/7c/28c800a11fb9d02b4b69331357227fdc3952.udd" 2866
"C:/Users/Husky Cal/AppData/Local/UnrealEngine/Common/DerivedDataCache/Buckets/BulkDataList/9a/06/d33c9bf17cdc30e1ab999c98e16a888d555f.udd" 2867
"C:/Users/Husky Cal/AppData/Local/UnrealEngine/Common/DerivedDataCache/Buckets/BulkDataList/38/17/cd3ed5af3fa1076591f00ebf0a13854ec293.udd" 2868
"C:/Users/Husky Cal/AppData/Local/UnrealEngine/Common/DerivedDataCache/Buckets/BulkDataList/4e/1b/847e5d5241ab4f0dd2bbc57ee5fe25f2f91b.udd" 2869
"../../../Engine/Content/EngineMaterials/FlattenMaterial_WS_Normal_VT.uasset" 2870
"../../../Engine/Content/EngineMaterials/Good64x64TilingNoiseHighFreq.uasset" 2871
"C:/Users/Husky Cal/AppData/Local/UnrealEngine/Common/DerivedDataCache/Buckets/BulkDataList/35/a6/5fd9c2036c16e3bfeb14956d5f07136834b2.udd" 2872
"../../../Engine/Content/EngineMaterials/DefaultBokeh.uasset" 2873
"C:/Users/Husky Cal/AppData/Local/UnrealEngine/Common/DerivedDataCache/Buckets/BulkDataList/82/11/96d61f02ad834c411ae010620cb2949cd5ab.udd" 2874
"../../../Engine/Content/EngineMaterials/PreintegratedSkinBRDF.uasset" 2875
"C:/Users/Husky Cal/AppData/Local/UnrealEngine/Common/DerivedDataCache/Buckets/BulkDataList/97/ee/7afe8a5250ca95798282ad24b5e07c03dd3a.udd" 2876
"../../../Engine/Content/EngineMaterials/MiniFont.uasset" 2877
"C:/Users/Husky Cal/AppData/Local/UnrealEngine/Common/DerivedDataCache/Buckets/BulkDataList/89/fa/d4199d4fda79f4c9fdf8272efc61e1f7d7f6.udd" 2878
"../../../Engine/Content/EngineMaterials/WeightMapPlaceholderTexture.uasset" 2879
"C:/Users/Husky Cal/AppData/Local/UnrealEngine/Common/DerivedDataCache/Buckets/BulkDataList/87/33/4e3e81f8780f8c96746d90d0d75f1b6b5a68.udd" 2880
"../../../Engine/Content/EngineMaterials/DefaultWhiteGrid.uasset" 2881
"C:/Users/Husky Cal/AppData/Local/UnrealEngine/Common/DerivedDataCache/Buckets/BulkDataList/26/03/47d67b2eb41839316e9e59edd9878df959e4.udd" 2882
"../../../Engine/Content/EngineMaterials/DefaultPhysicalMaterial.uasset" 2883
"../../../Engine/Content/EngineMaterials/DefaultDestructiblePhysicalMaterial.uasset" 2884
"C:/Users/Husky Cal/AppData/Local/UnrealEngine/5.2/Saved/AutoLoadProject.txt" 2885
"../../../Engine/Content/EditorLandscapeResources/DefaultAlphaTexture.uasset" 2886
"C:/Users/Husky Cal/AppData/Local/UnrealEngine/Common/DerivedDataCache/Buckets/BulkDataList/b1/14/1cce72e9026049320bf1a1a9a77717c08775.udd" 2887
"../../../Engine/Content/EditorResources/S_Terrain.uasset" 2888
"C:/Users/Husky Cal/AppData/Local/UnrealEngine/Common/DerivedDataCache/Buckets/BulkDataList/13/14/f6d349aad45dd2061073c8fe835fa1df4327.udd" 2889
"../../../Engine/Content/BasicShapes/Cube.uasset" 2890
"../../../Engine/Content/BasicShapes/Sphere.uasset" 2891
"../../../Engine/Content/EngineMaterials/DefaultMaterial.uasset" 2892
"../../../Engine/Content/BasicShapes/Cylinder.uasset" 2893
"../../../Engine/Content/BasicShapes/Cone.uasset" 2894
"../../../Engine/Content/BasicShapes/Plane.uasset" 2895
"../../Plugins/Runtime/MeshModelingToolset/Content/Materials/M_DynamicMeshComponentVtxColor.uasset" 2896
"../../Plugins/FX/Niagara/Content/ParameterDefinitions/SpriteRenderer.uasset" 2897
"../../Plugins/FX/Niagara/Content/ParameterDefinitions/RibbonRenderer.uasset" 2898
"../../Plugins/FX/Niagara/Content/ParameterDefinitions/MeshRenderer.uasset" 2899
"../../Plugins/FX/Niagara/Content/ParameterDefinitions/LightRenderer.uasset" 2900
"../../Plugins/FX/Niagara/Content/ParameterDefinitions/DecalRenderer.uasset" 2901
"../../Plugins/FX/Niagara/Content/ParameterDefinitions/CoreParameters.uasset" 2902
"../../../Engine/Content/EditorResources/SequenceRecorder/Countdown.uasset" 2903
"C:/Users/Husky Cal/AppData/Local/UnrealEngine/Common/DerivedDataCache/Buckets/BulkDataList/d7/33/3cda6250a5ecb18ac46fdb7745145724f369.udd" 2904
"../../../Engine/Content/EditorResources/SequenceRecorder/RecordingIndicator.uasset" 2905
"C:/Users/Husky Cal/AppData/Local/UnrealEngine/Common/DerivedDataCache/Buckets/BulkDataList/7f/da/10f2130b5ab925242083abbbf0a0b816ad79.udd" 2906
"../../../Engine/Content/EditorMaterials/PhAT_UnselectedMaterial.uasset" 2907
"../../../Engine/Content/EditorMaterials/PhAT_NoCollisionMaterial.uasset" 2908
"C:/Users/Husky Cal/AppData/Local/UnrealEngine/Common/DerivedDataCache/Buckets/GlobalShaderMap/03/2b/ffbf1d20fb5f645e5c901310786712081752.udd" 2909
"C:/Users/Husky Cal/AppData/Local/UnrealEngine/Common/DerivedDataCache/Buckets/GlobalShaderMap/95/ce/de8a49b40a316e37865533678320db75caaa.udd" 2910
"C:/Users/Husky Cal/AppData/Local/UnrealEngine/Common/DerivedDataCache/Buckets/GlobalShaderMap/18/ab/7c41f2a33428f05b3da63e798f9c1005b876.udd" 2911
"C:/Users/Husky Cal/AppData/Local/UnrealEngine/Common/DerivedDataCache/Buckets/GlobalShaderMap/00/77/793f7a182235f0f2d3815a19f0af5d4102d4.udd" 2912
"C:/Users/Husky Cal/AppData/Local/UnrealEngine/Common/DerivedDataCache/Buckets/GlobalShaderMap/80/8a/a5d1a556f0fc8cb75805813ed9c48ef6503f.udd" 2913
"C:/Users/Husky Cal/AppData/Local/UnrealEngine/Common/DerivedDataCache/Buckets/GlobalShaderMap/30/74/d5356d4a3ddae8f44974c2e5d45b2936539a.udd" 2914
"C:/Users/Husky Cal/AppData/Local/UnrealEngine/Common/DerivedDataCache/Buckets/GlobalShaderMap/d5/70/d1a9c328b14a95124d71b1991348b65a8ae0.udd" 2915
"C:/Users/Husky Cal/AppData/Local/UnrealEngine/Common/DerivedDataCache/Buckets/GlobalShaderMap/0b/44/adfdd653a2fbab221305ebaeee9a891610ea.udd" 2916
"C:/Users/Husky Cal/AppData/Local/UnrealEngine/Common/DerivedDataCache/Buckets/GlobalShaderMap/ac/16/362600a689fee3fa10d4409c81c65ef93875.udd" 2917
"C:/Users/Husky Cal/AppData/Local/UnrealEngine/Common/DerivedDataCache/Buckets/GlobalShaderMap/3b/82/39233b5efab78116ad57df9e8d130239a969.udd" 2918
"C:/Users/Husky Cal/AppData/Local/UnrealEngine/Common/DerivedDataCache/Buckets/GlobalShaderMap/86/af/88955ab2bd7aab4f9a44f514b5268c79349e.udd" 2919
"C:/Users/Husky Cal/AppData/Local/UnrealEngine/Common/DerivedDataCache/Buckets/GlobalShaderMap/93/95/1dee1c7dcbf888db43e827cc30c0ab61093a.udd" 2920
"C:/Users/Husky Cal/AppData/Local/UnrealEngine/Common/DerivedDataCache/Buckets/GlobalShaderMap/51/5a/dac484540fb3e5466abca0525c4e40c9c8c3.udd" 2921
"C:/Users/Husky Cal/AppData/Local/UnrealEngine/Common/DerivedDataCache/Buckets/GlobalShaderMap/3f/ca/f62562d9b60bf7b38b6f3224134b4d4c1355.udd" 2922
"C:/Users/Husky Cal/AppData/Local/UnrealEngine/Common/DerivedDataCache/Buckets/GlobalShaderMap/ae/b5/3db78dd69ead8de5c8a7e5df7ecd5f72e930.udd" 2923
"C:/Users/Husky Cal/AppData/Local/UnrealEngine/Common/DerivedDataCache/Buckets/GlobalShaderMap/49/0f/8e69c2c3cf5e3fde1904122f1841c1bd9a58.udd" 2924
"C:/Users/Husky Cal/AppData/Local/UnrealEngine/Common/DerivedDataCache/Buckets/GlobalShaderMap/51/88/f762c36aad7cf4ca28effc8470f16cc87727.udd" 2925
"C:/Users/Husky Cal/AppData/Local/UnrealEngine/Common/DerivedDataCache/Buckets/GlobalShaderMap/1e/90/a3975fa45e33223d2c77c487188e4930451b.udd" 2926
"C:/Users/Husky Cal/AppData/Local/UnrealEngine/Common/DerivedDataCache/Buckets/GlobalShaderMap/19/cb/04fd01f83e60575bba36009220d9b4e19cef.udd" 2927
"C:/Users/Husky Cal/AppData/Local/UnrealEngine/Common/DerivedDataCache/Buckets/GlobalShaderMap/95/20/2827b4e41cccf8700db76e1627a358ba7855.udd" 2928
"C:/Users/Husky Cal/AppData/Local/UnrealEngine/Common/DerivedDataCache/Buckets/GlobalShaderMap/9f/03/643caa8a802fbe5ac4402423551b5d6c2d54.udd" 2929
"C:/Users/Husky Cal/AppData/Local/UnrealEngine/Common/DerivedDataCache/Buckets/GlobalShaderMap/92/e9/f4a7fe6bd08e2e3383fc01ef1b76a92b3704.udd" 2930
"C:/Users/Husky Cal/AppData/Local/UnrealEngine/Common/DerivedDataCache/Content/69/d1/275917e7c0b27f156455d91a6e515899a303.udd" 2931
"C:/Users/Husky Cal/AppData/Local/UnrealEngine/Common/DerivedDataCache/Buckets/GlobalShaderMap/86/58/3b9c7e0128aec9be0ec496655ce55eef0e79.udd" 2932
"C:/Users/Husky Cal/AppData/Local/UnrealEngine/Common/DerivedDataCache/Buckets/GlobalShaderMap/09/22/4380509ccec6a9f39efe6b53dce694f2303a.udd" 2933
"C:/Users/Husky Cal/AppData/Local/UnrealEngine/Common/DerivedDataCache/Buckets/GlobalShaderMap/ca/f9/5c4b57e3b0d1532de7a45d2a0aa40db668d8.udd" 2934
"C:/Users/Husky Cal/AppData/Local/UnrealEngine/Common/DerivedDataCache/Buckets/GlobalShaderMap/3d/bd/b4e16a3da03f2b315cd976c00d243107dde4.udd" 2935
"C:/Users/Husky Cal/AppData/Local/UnrealEngine/Common/DerivedDataCache/Buckets/GlobalShaderMap/55/f8/8ef647b22ce79e8fd3a88ddd2c2a9fe2cc9b.udd" 2936
"C:/Users/Husky Cal/AppData/Local/UnrealEngine/Common/DerivedDataCache/Buckets/GlobalShaderMap/bf/c0/a21629e464e406a9927915f203d2f59d1f0a.udd" 2937
"C:/Users/Husky Cal/AppData/Local/UnrealEngine/Common/DerivedDataCache/Content/5d/10/f94d107c828f54cb176acdea6727a9bc27e5.udd" 2938
"C:/Users/Husky Cal/AppData/Local/UnrealEngine/Common/DerivedDataCache/Buckets/GlobalShaderMap/2b/72/f8bee6d4fd32d8d2b9a07a15aaa17d9bf330.udd" 2939
"C:/Users/Husky Cal/AppData/Local/UnrealEngine/Common/DerivedDataCache/Buckets/GlobalShaderMap/29/2f/ec27805a200beb7bef48fa419b90b0149865.udd" 2940
"C:/Users/Husky Cal/AppData/Local/UnrealEngine/Common/DerivedDataCache/Buckets/GlobalShaderMap/05/d1/af3d97395196b9b40fe4a23d67218b0de92e.udd" 2941
"C:/Users/Husky Cal/AppData/Local/UnrealEngine/Common/DerivedDataCache/Buckets/GlobalShaderMap/ed/31/e4c76659a39651ad92d8d9246830429deeea.udd" 2942
"C:/Users/Husky Cal/AppData/Local/UnrealEngine/Common/DerivedDataCache/Buckets/GlobalShaderMap/cb/83/e3d5253ef8c4f04e14c2e1b9a19470e073a1.udd" 2943
"C:/Users/Husky Cal/AppData/Local/UnrealEngine/Common/DerivedDataCache/Buckets/GlobalShaderMap/c6/63/963df28b6c7444e958938567c1bade9e8660.udd" 2944
"C:/Users/Husky Cal/AppData/Local/UnrealEngine/Common/DerivedDataCache/Buckets/GlobalShaderMap/6c/e9/4177dcebbfbaffdb0a97adbea93ffd72281a.udd" 2945
"C:/Users/Husky Cal/AppData/Local/UnrealEngine/Common/DerivedDataCache/Buckets/GlobalShaderMap/6f/2f/7db725e707f387a112ffa608465267f27269.udd" 2946
"C:/Users/Husky Cal/AppData/Local/UnrealEngine/Common/DerivedDataCache/Buckets/GlobalShaderMap/89/2f/e8381293a71e99532f7b012b856fd2eb20cb.udd" 2947
"C:/Users/Husky Cal/AppData/Local/UnrealEngine/Common/DerivedDataCache/Buckets/GlobalShaderMap/a9/11/9ce42e4c42c6fd82419463cbfe61107394ee.udd" 2948
"C:/Users/Husky Cal/AppData/Local/UnrealEngine/Common/DerivedDataCache/Buckets/GlobalShaderMap/f0/24/f02e8f08dbd9b54324b06afe61e82e70a6d0.udd" 2949
"C:/Users/Husky Cal/AppData/Local/UnrealEngine/Common/DerivedDataCache/Buckets/GlobalShaderMap/c3/5d/3216b9ccc633c731c7275ed83d8276624a80.udd" 2950
"C:/Users/Husky Cal/AppData/Local/UnrealEngine/Common/DerivedDataCache/Buckets/GlobalShaderMap/09/83/70956abfd50e5cd22365ff0269fc2fe34b22.udd" 2951
"C:/Users/Husky Cal/AppData/Local/UnrealEngine/Common/DerivedDataCache/Content/0f/5c/225b62438109faa5afcedb4942cddf7ab82b.udd" 2952
"C:/Users/Husky Cal/AppData/Local/UnrealEngine/Common/DerivedDataCache/Buckets/GlobalShaderMap/56/11/8b5bef2aed8d7d4082453519aecf11708111.udd" 2953
"C:/Users/Husky Cal/AppData/Local/UnrealEngine/Common/DerivedDataCache/Buckets/GlobalShaderMap/c4/b4/9c156e505786fc2084bc65c4086bb4ddb3d1.udd" 2954
"C:/Users/Husky Cal/AppData/Local/UnrealEngine/Common/DerivedDataCache/Buckets/GlobalShaderMap/22/3f/520b34c3cc8ca61939d7b62380d6521e67d9.udd" 2955
"C:/Users/Husky Cal/AppData/Local/UnrealEngine/Common/DerivedDataCache/Buckets/GlobalShaderMap/56/8a/dfd5bb76280640d0c2a910fb0d94896d188d.udd" 2956
"C:/Users/Husky Cal/AppData/Local/UnrealEngine/Common/DerivedDataCache/Buckets/GlobalShaderMap/e1/3d/6a54eaee564e03ffbfde88f36f4c3994f357.udd" 2957
"C:/Users/Husky Cal/AppData/Local/UnrealEngine/Common/DerivedDataCache/Content/1c/5a/d9b23bec38d6b5b47f9be29650d1f4304310.udd" 2958
"C:/Users/Husky Cal/AppData/Local/UnrealEngine/Common/DerivedDataCache/Buckets/GlobalShaderMap/7c/73/375a1335c9200b664c96af26caa6aae01d70.udd" 2959
"C:/Users/Husky Cal/AppData/Local/UnrealEngine/Common/DerivedDataCache/Buckets/GlobalShaderMap/b9/da/17e22464114d2569275cc8587e369c5c758c.udd" 2960
"C:/Users/Husky Cal/AppData/Local/UnrealEngine/Common/DerivedDataCache/Buckets/GlobalShaderMap/cb/ee/2ff2a694dfe2e698fe2977c5bda2aa9ebc2f.udd" 2961
"C:/Users/Husky Cal/AppData/Local/UnrealEngine/Common/DerivedDataCache/Buckets/GlobalShaderMap/ab/fd/3023c845a26a5748909d0f3e73d060f0b427.udd" 2962
"C:/Users/Husky Cal/AppData/Local/UnrealEngine/Common/DerivedDataCache/Buckets/GlobalShaderMap/2a/f4/444ec05ee6b8958e0cc8e8cd972101b904d6.udd" 2963
"C:/Users/Husky Cal/AppData/Local/UnrealEngine/Common/DerivedDataCache/Buckets/GlobalShaderMap/49/1a/75fad135b90c06f0bd17c08ff94540889db0.udd" 2964
"C:/Users/Husky Cal/AppData/Local/UnrealEngine/Common/DerivedDataCache/Buckets/GlobalShaderMap/d2/31/35134ac585c3be622c0950459156bd0e0e49.udd" 2965
"C:/Users/Husky Cal/AppData/Local/UnrealEngine/Common/DerivedDataCache/Buckets/GlobalShaderMap/4c/3e/b9062cdaa06ac88967ce3ea92c9dac5e23b4.udd" 2966
"C:/Users/Husky Cal/AppData/Local/UnrealEngine/Common/DerivedDataCache/Buckets/GlobalShaderMap/5a/da/3cfb1201bd212285546fbb3355ee8874a2de.udd" 2967
"C:/Users/Husky Cal/AppData/Local/UnrealEngine/Common/DerivedDataCache/Buckets/GlobalShaderMap/e1/59/fcdc116eb61d1788a663505bd5cf520319e6.udd" 2968
"C:/Users/Husky Cal/AppData/Local/UnrealEngine/Common/DerivedDataCache/Buckets/GlobalShaderMap/07/0d/2112edea1873e28f81c9b1d17f6b76c451bb.udd" 2969
"C:/Users/Husky Cal/AppData/Local/UnrealEngine/Common/DerivedDataCache/Buckets/GlobalShaderMap/5b/90/db79f520cb0f630a1d346702b2077970e7ab.udd" 2970
"C:/Users/Husky Cal/AppData/Local/UnrealEngine/Common/DerivedDataCache/Buckets/GlobalShaderMap/3a/b0/998eaeb38d1e1b052e6e2bb0e4055e8019c4.udd" 2971
"C:/Users/Husky Cal/AppData/Local/UnrealEngine/Common/DerivedDataCache/Buckets/GlobalShaderMap/9f/6b/903c09727e3db440a9693a4ef54870b6295d.udd" 2972
"C:/Users/Husky Cal/AppData/Local/UnrealEngine/Common/DerivedDataCache/Buckets/GlobalShaderMap/b2/a6/ed5e130198ef47166013cc09570153822c17.udd" 2973
"C:/Users/Husky Cal/AppData/Local/UnrealEngine/Common/DerivedDataCache/Buckets/GlobalShaderMap/dd/ba/d56742af48591de37fb81d33e8abc91b450c.udd" 2974
"C:/Users/Husky Cal/AppData/Local/UnrealEngine/Common/DerivedDataCache/Buckets/GlobalShaderMap/a3/a0/a1e67f827a68863fb40b742521d5f50e7ff9.udd" 2975
"C:/Users/Husky Cal/AppData/Local/UnrealEngine/Common/DerivedDataCache/Buckets/GlobalShaderMap/01/03/a4257cef9e2ed66e4bfbe9c9ddfbee1f9b93.udd" 2976
"C:/Users/Husky Cal/AppData/Local/UnrealEngine/Common/DerivedDataCache/Buckets/GlobalShaderMap/aa/93/04424407339b05921563779440e635565f1e.udd" 2977
"C:/Users/Husky Cal/AppData/Local/UnrealEngine/Common/DerivedDataCache/Content/ab/26/20f999fdd943cbaaf2e5e089b10e79916362.udd" 2978
"C:/Users/Husky Cal/AppData/Local/UnrealEngine/Common/DerivedDataCache/Buckets/GlobalShaderMap/a5/1a/92808247f5e125ff53868458d310c6a44d9e.udd" 2979
"C:/Users/Husky Cal/AppData/Local/UnrealEngine/Common/DerivedDataCache/Content/cc/68/2e571d5ec481a5fa57b07cadc2729e5553bc.udd" 2980
"C:/Users/Husky Cal/AppData/Local/UnrealEngine/Common/DerivedDataCache/Buckets/GlobalShaderMap/8d/0b/6c9faaea9d7a78514a8447c2194ef4e40715.udd" 2981
"C:/Users/Husky Cal/AppData/Local/UnrealEngine/Common/DerivedDataCache/Buckets/GlobalShaderMap/7a/e9/ba677e0262c871f3c4a7171ff6222a593330.udd" 2982
"C:/Users/Husky Cal/AppData/Local/UnrealEngine/Common/DerivedDataCache/Buckets/GlobalShaderMap/39/e6/bb7b9145bafd20caaaf76c5a3ac68b0921e2.udd" 2983
"C:/Users/Husky Cal/AppData/Local/UnrealEngine/Common/DerivedDataCache/Buckets/GlobalShaderMap/ca/9c/d5a2a3afcd8033023f8a8c7ed7d849117704.udd" 2984
"C:/Users/Husky Cal/AppData/Local/UnrealEngine/Common/DerivedDataCache/Buckets/GlobalShaderMap/06/3e/a4e355b229644f4a6e1617ece1097c03306a.udd" 2985
"C:/Users/Husky Cal/AppData/Local/UnrealEngine/Common/DerivedDataCache/Buckets/GlobalShaderMap/cc/51/12d0ed96d6d37a62d991da8eb739550575c0.udd" 2986
"C:/Users/Husky Cal/AppData/Local/UnrealEngine/Common/DerivedDataCache/Buckets/GlobalShaderMap/3e/3f/ebef137215ad2b1bffe59cf399e1bc018d24.udd" 2987
"C:/Users/Husky Cal/AppData/Local/UnrealEngine/Common/DerivedDataCache/Buckets/GlobalShaderMap/24/e7/e5f5bed67c0f3b5d821e77fb855704547d6d.udd" 2988
"C:/Users/Husky Cal/AppData/Local/UnrealEngine/Common/DerivedDataCache/Buckets/GlobalShaderMap/90/1b/ddf73d6ec2122144174005f5faa7b133256e.udd" 2989
"C:/Users/Husky Cal/AppData/Local/UnrealEngine/Common/DerivedDataCache/Buckets/GlobalShaderMap/b6/2f/f07b8a40d93fbafdc6b8397879da23892b5b.udd" 2990
"C:/Users/Husky Cal/AppData/Local/UnrealEngine/Common/DerivedDataCache/Buckets/GlobalShaderMap/95/74/24ae86674f77376e5deb046cd8c6609cfbcc.udd" 2991
"C:/Users/Husky Cal/AppData/Local/UnrealEngine/Common/DerivedDataCache/Buckets/GlobalShaderMap/1f/cf/7f596ba7987870aae10029d520a5282345bc.udd" 2992
"C:/Users/Husky Cal/AppData/Local/UnrealEngine/Common/DerivedDataCache/Buckets/GlobalShaderMap/a7/ed/439236e533d042d7e0ab4b9bb55ead6e9ff7.udd" 2993
"C:/Users/Husky Cal/AppData/Local/UnrealEngine/Common/DerivedDataCache/Buckets/GlobalShaderMap/b7/6f/1e5091cea0ed569008763a2eff603a19515f.udd" 2994
"C:/Users/Husky Cal/AppData/Local/UnrealEngine/Common/DerivedDataCache/Buckets/GlobalShaderMap/de/34/2ff4fb3af4760fd9b8bb451c5b062b7261a7.udd" 2995
"C:/Users/Husky Cal/AppData/Local/UnrealEngine/Common/DerivedDataCache/Buckets/GlobalShaderMap/92/55/b8a004f882b4b3577123c85c71a48430e43e.udd" 2996
"C:/Users/Husky Cal/AppData/Local/UnrealEngine/Common/DerivedDataCache/Buckets/GlobalShaderMap/e9/f9/6bf9d40f46ea41a39c00b8aa0d5104dbd799.udd" 2997
"C:/Users/Husky Cal/AppData/Local/UnrealEngine/Common/DerivedDataCache/Buckets/GlobalShaderMap/4f/8d/4e56c6f16db84e20a219b603775c9f1df69b.udd" 2998
"C:/Users/Husky Cal/AppData/Local/UnrealEngine/Common/DerivedDataCache/Buckets/GlobalShaderMap/78/25/f1e65467b1f27da1c72242acd01a21d9a765.udd" 2999
"C:/Users/Husky Cal/AppData/Local/UnrealEngine/Common/DerivedDataCache/Buckets/GlobalShaderMap/21/3d/00eec1ead2eaba6062c6b6a3a7ddce170f65.udd" 3000
"C:/Users/Husky Cal/AppData/Local/UnrealEngine/Common/DerivedDataCache/Buckets/GlobalShaderMap/58/21/ef9305faf685c162296f81f9675d8fa53653.udd" 3001
"C:/Users/Husky Cal/AppData/Local/UnrealEngine/Common/DerivedDataCache/Buckets/GlobalShaderMap/21/a7/abd1b11a752790d014067f8deb5276a5410b.udd" 3002
"C:/Users/Husky Cal/AppData/Local/UnrealEngine/Common/DerivedDataCache/Buckets/GlobalShaderMap/51/ab/5a7b12337b7b2bc93c458501dacba48e0a1c.udd" 3003
"C:/Users/Husky Cal/AppData/Local/UnrealEngine/Common/DerivedDataCache/Buckets/GlobalShaderMap/b3/7b/e47ce440fa35821961886f01673a0958410e.udd" 3004
"C:/Users/Husky Cal/AppData/Local/UnrealEngine/Common/DerivedDataCache/Buckets/GlobalShaderMap/66/74/cfb2f9b4021a26b3dd00deb62a5fc8e8d586.udd" 3005
"C:/Users/Husky Cal/AppData/Local/UnrealEngine/Common/DerivedDataCache/Content/72/9d/6a6a96cdfed64ff6984f369d2e486d57a6a6.udd" 3006
"C:/Users/Husky Cal/AppData/Local/UnrealEngine/Common/DerivedDataCache/Buckets/GlobalShaderMap/70/0c/ac85def2e206ec098ce0509adecb6bf22410.udd" 3007
"C:/Users/Husky Cal/AppData/Local/UnrealEngine/Common/DerivedDataCache/Content/aa/f9/671232838aaeff69e5e64c44c6536d5e0302.udd" 3008
"C:/Users/Husky Cal/AppData/Local/UnrealEngine/Common/DerivedDataCache/Buckets/GlobalShaderMap/7c/84/39aef3a7cdf234a66202c1f508dd75b8ffed.udd" 3009
"C:/Users/Husky Cal/AppData/Local/UnrealEngine/Common/DerivedDataCache/Buckets/GlobalShaderMap/73/1e/5b624f68c4b4abb38975fdf2f744886d04a5.udd" 3010
"C:/Users/Husky Cal/AppData/Local/UnrealEngine/Common/DerivedDataCache/Buckets/GlobalShaderMap/7a/56/457df0de274d7d9e98860b5b9e979240957a.udd" 3011
"C:/Users/Husky Cal/AppData/Local/UnrealEngine/Common/DerivedDataCache/Buckets/GlobalShaderMap/5b/cc/f88191301012eb939a5e0d30b232da540dd2.udd" 3012
"C:/Users/Husky Cal/AppData/Local/UnrealEngine/Common/DerivedDataCache/Buckets/GlobalShaderMap/26/11/fb7f1d01f73d902e741951d3c6bda34f0785.udd" 3013
"C:/Users/Husky Cal/AppData/Local/UnrealEngine/Common/DerivedDataCache/Buckets/GlobalShaderMap/a9/31/2330c439e065c0ef6f13f5a2985a272fb19b.udd" 3014
"C:/Users/Husky Cal/AppData/Local/UnrealEngine/Common/DerivedDataCache/Buckets/GlobalShaderMap/36/22/96e269b7378d63b4f42e173efcd27317d29e.udd" 3015
"C:/Users/Husky Cal/AppData/Local/UnrealEngine/Common/DerivedDataCache/Buckets/GlobalShaderMap/f1/61/9183e95643fd7396e2395c4eea2566cdc11a.udd" 3016
"C:/Users/Husky Cal/AppData/Local/UnrealEngine/Common/DerivedDataCache/Buckets/GlobalShaderMap/10/d9/9603a9a2ac4fd13de2cd9be0c13a5509d88e.udd" 3017
"C:/Users/Husky Cal/AppData/Local/UnrealEngine/Common/DerivedDataCache/Buckets/GlobalShaderMap/4d/5c/0901e97dec222680e10732550e071df2ec4a.udd" 3018
"C:/Users/Husky Cal/AppData/Local/UnrealEngine/Common/DerivedDataCache/Buckets/GlobalShaderMap/27/78/2c9035a85ae1a846b2ee52bcb07fd6aa7517.udd" 3019
"C:/Users/Husky Cal/AppData/Local/UnrealEngine/Common/DerivedDataCache/Buckets/GlobalShaderMap/63/fe/33e85cb31024c91c5784ccae124b175b7958.udd" 3020
"C:/Users/Husky Cal/AppData/Local/UnrealEngine/Common/DerivedDataCache/Buckets/GlobalShaderMap/c9/6b/ad79c3b8c9e9aede295f63dbb148882cbfdc.udd" 3021
"C:/Users/Husky Cal/AppData/Local/UnrealEngine/Common/DerivedDataCache/Buckets/GlobalShaderMap/45/d0/f159306a11cd8e745f321c8045e7d57f1f35.udd" 3022
"C:/Users/Husky Cal/AppData/Local/UnrealEngine/Common/DerivedDataCache/Buckets/GlobalShaderMap/53/0f/c37e2f6bfaf74d9e4ee196af89b2f95fcff4.udd" 3023
"C:/Users/Husky Cal/AppData/Local/UnrealEngine/Common/DerivedDataCache/Buckets/GlobalShaderMap/41/83/5a3a780bcc051f7cc3ac9c7af45723ac0c28.udd" 3024
"C:/Users/Husky Cal/AppData/Local/UnrealEngine/Common/DerivedDataCache/Buckets/GlobalShaderMap/a0/98/6b7a0a85a113f5cea8a98c07e4941052c8b7.udd" 3025
"C:/Users/Husky Cal/AppData/Local/UnrealEngine/Common/DerivedDataCache/Buckets/GlobalShaderMap/e9/3c/f401e35e580f183695c2fe6ec5e6bfe51d33.udd" 3026
"C:/Users/Husky Cal/AppData/Local/UnrealEngine/Common/DerivedDataCache/Buckets/GlobalShaderMap/60/f6/b08253adee4c1948d5faced6e0ad10645b19.udd" 3027
"C:/Users/Husky Cal/AppData/Local/UnrealEngine/Common/DerivedDataCache/Buckets/GlobalShaderMap/e0/e4/ffbda745941ac79398b9e229c7b492635a9f.udd" 3028
"C:/Users/Husky Cal/AppData/Local/UnrealEngine/Common/DerivedDataCache/Buckets/GlobalShaderMap/bb/e5/924690657c13c1338886bb55f93636a56987.udd" 3029
"C:/Users/Husky Cal/AppData/Local/UnrealEngine/Common/DerivedDataCache/Buckets/GlobalShaderMap/6f/e7/6ef23d90327a4a86109770a3c11781baaa0a.udd" 3030
"C:/Users/Husky Cal/AppData/Local/UnrealEngine/Common/DerivedDataCache/Buckets/GlobalShaderMap/31/71/8ea85f78a6438df73c909c477a91034b1d2b.udd" 3031
"C:/Users/Husky Cal/AppData/Local/UnrealEngine/Common/DerivedDataCache/Buckets/GlobalShaderMap/5e/ce/aca4b87e677929594c61df96743d2ea11d2c.udd" 3032
"C:/Users/Husky Cal/AppData/Local/UnrealEngine/Common/DerivedDataCache/Buckets/GlobalShaderMap/9a/5c/e22f4ce7a4d33daa77a6616c901255a7b448.udd" 3033
"C:/Users/Husky Cal/AppData/Local/UnrealEngine/Common/DerivedDataCache/Buckets/GlobalShaderMap/c0/ac/bdfbfdadef2eb02ccb596db85481b3911955.udd" 3034
"C:/Users/Husky Cal/AppData/Local/UnrealEngine/Common/DerivedDataCache/Buckets/GlobalShaderMap/7c/8a/e5e9663cf487fe297aeda92f0980f3d9180b.udd" 3035
"C:/Users/Husky Cal/AppData/Local/UnrealEngine/Common/DerivedDataCache/Buckets/GlobalShaderMap/36/1f/fbb8ea8d561f3541d5e44d10b8731431061d.udd" 3036
"C:/Users/Husky Cal/AppData/Local/UnrealEngine/Common/DerivedDataCache/Buckets/GlobalShaderMap/76/b8/e68c2d335d214ea49dba2695a27e6f8fa421.udd" 3037
"C:/Users/Husky Cal/AppData/Local/UnrealEngine/Common/DerivedDataCache/Buckets/GlobalShaderMap/b5/13/7d61bd67e4951de04f57f9d8d29dac91a31d.udd" 3038
"C:/Users/Husky Cal/AppData/Local/UnrealEngine/Common/DerivedDataCache/Buckets/GlobalShaderMap/8b/47/3c94620ca26805c5cccc36f5b02126a7328b.udd" 3039
"C:/Users/Husky Cal/AppData/Local/UnrealEngine/Common/DerivedDataCache/Buckets/GlobalShaderMap/73/c8/1317cb94ba9d98a7bba99fba304caa402036.udd" 3040
"C:/Users/Husky Cal/AppData/Local/UnrealEngine/Common/DerivedDataCache/Content/7b/a1/6ad25d5e348f5cdef3bd41673117c8a0e4f1.udd" 3041
"C:/Users/Husky Cal/AppData/Local/UnrealEngine/Common/DerivedDataCache/Buckets/GlobalShaderMap/99/85/d16f09863c50993ab788400ebc46dadfd5de.udd" 3042
"C:/Users/Husky Cal/AppData/Local/UnrealEngine/Common/DerivedDataCache/Buckets/GlobalShaderMap/01/a8/c78a13e4b9fdee90f1600525d1dbca88023e.udd" 3043
"C:/Users/Husky Cal/AppData/Local/UnrealEngine/Common/DerivedDataCache/Buckets/GlobalShaderMap/d6/46/aec79d5eb537b329d0d59b30fd96be2a7702.udd" 3044
"C:/Users/Husky Cal/AppData/Local/UnrealEngine/Common/DerivedDataCache/Buckets/GlobalShaderMap/55/97/665230e8843a93cce333864e5cb2649b3190.udd" 3045
"C:/Users/Husky Cal/AppData/Local/UnrealEngine/Common/DerivedDataCache/Buckets/GlobalShaderMap/33/1a/306c1a8a40eda0b16c5e951e2e599cdc6f52.udd" 3046
"C:/Users/Husky Cal/AppData/Local/UnrealEngine/Common/DerivedDataCache/Buckets/GlobalShaderMap/10/46/f3531cec8ee0f15e28d15437d6acf8129188.udd" 3047
"C:/Users/Husky Cal/AppData/Local/UnrealEngine/Common/DerivedDataCache/Buckets/GlobalShaderMap/7e/6e/1dd8ab371f196b219b1b1199c13f08f5dcf6.udd" 3048
"C:/Users/Husky Cal/AppData/Local/UnrealEngine/Common/DerivedDataCache/Buckets/GlobalShaderMap/59/9a/ee26750ab9c96bccd6884d0b0756adf0aa4e.udd" 3049
"C:/Users/Husky Cal/AppData/Local/UnrealEngine/Common/DerivedDataCache/Buckets/GlobalShaderMap/c7/cd/bc3a1a69944933661f8f809d8d1205960b01.udd" 3050
"C:/Users/Husky Cal/AppData/Local/UnrealEngine/Common/DerivedDataCache/Buckets/GlobalShaderMap/78/f2/918ae2c069257bd85215423ec8da995b47a7.udd" 3051
"C:/Users/Husky Cal/AppData/Local/UnrealEngine/Common/DerivedDataCache/Buckets/GlobalShaderMap/32/e5/a8af57247e2c8637286b8d0feeb7e8c93ee0.udd" 3052
"C:/Users/Husky Cal/AppData/Local/UnrealEngine/Common/DerivedDataCache/Buckets/GlobalShaderMap/be/72/46ad3afb5269f12a46d11f4e78925d544632.udd" 3053
"C:/Users/Husky Cal/AppData/Local/UnrealEngine/Common/DerivedDataCache/Buckets/GlobalShaderMap/9a/7d/3669c750af9d2d375798282fe6b80c7967e3.udd" 3054
"C:/Users/Husky Cal/AppData/Local/UnrealEngine/Common/DerivedDataCache/Buckets/GlobalShaderMap/74/3c/6b2bd27e905e65fc4f38db6d61c615fbf938.udd" 3055
"C:/Users/Husky Cal/AppData/Local/UnrealEngine/Common/DerivedDataCache/Buckets/GlobalShaderMap/bf/0c/ea5c8323828ff602927b54fa5ce48177ce0e.udd" 3056
"C:/Users/Husky Cal/AppData/Local/UnrealEngine/Common/DerivedDataCache/Buckets/GlobalShaderMap/4c/83/15dc766d4a389284f8720f460a2bc1f78dd2.udd" 3057
"C:/Users/Husky Cal/AppData/Local/UnrealEngine/Common/DerivedDataCache/Buckets/GlobalShaderMap/3a/f8/a9ba13efa61746206600be6e6bad98c8afa9.udd" 3058
"C:/Users/Husky Cal/AppData/Local/UnrealEngine/Common/DerivedDataCache/Buckets/GlobalShaderMap/5f/5b/6c5ed230800594909137d2437a053221ad3a.udd" 3059
"C:/Users/Husky Cal/AppData/Local/UnrealEngine/Common/DerivedDataCache/Buckets/GlobalShaderMap/5b/c7/e8e15bcbae14b8330ccf9459baa203304bda.udd" 3060
"C:/Users/Husky Cal/AppData/Local/UnrealEngine/Common/DerivedDataCache/Buckets/GlobalShaderMap/fe/26/9b643ac6e4f0d436d86916863806b08f28c6.udd" 3061
"C:/Users/Husky Cal/AppData/Local/UnrealEngine/Common/DerivedDataCache/Buckets/GlobalShaderMap/57/17/96f16e890d339a4db8b3d3ae215c8ad7c224.udd" 3062
"C:/Users/Husky Cal/AppData/Local/UnrealEngine/Common/DerivedDataCache/Buckets/GlobalShaderMap/bd/95/3d513f4b3b794ced7b5a32775f1f349cac89.udd" 3063
"C:/Users/Husky Cal/AppData/Local/UnrealEngine/Common/DerivedDataCache/Buckets/GlobalShaderMap/44/f8/b0b6e4d6abdf43b3788451654e63857915af.udd" 3064
"C:/Users/Husky Cal/AppData/Local/UnrealEngine/Common/DerivedDataCache/Buckets/GlobalShaderMap/87/49/4887b8c8afa9a8ce8acac062c00683ec7fbc.udd" 3065
"C:/Users/Husky Cal/AppData/Local/UnrealEngine/Common/DerivedDataCache/Buckets/GlobalShaderMap/18/84/f3e5f77eaa9788327912acdca03d3c5fbe1c.udd" 3066
"C:/Users/Husky Cal/AppData/Local/UnrealEngine/Common/DerivedDataCache/Buckets/GlobalShaderMap/8e/ae/7de0bc89af6ec1b4f072448b4a0fed378079.udd" 3067
"C:/Users/Husky Cal/AppData/Local/UnrealEngine/Common/DerivedDataCache/Buckets/GlobalShaderMap/0f/3d/48330b6e2aa93d07e9a1c1cba6dedcfbc171.udd" 3068
"C:/Users/Husky Cal/AppData/Local/UnrealEngine/Common/DerivedDataCache/Buckets/GlobalShaderMap/9d/c9/e3f8ee4de4e5593ecf69f77e5059b8a74b83.udd" 3069
"C:/Users/Husky Cal/AppData/Local/UnrealEngine/Common/DerivedDataCache/Buckets/GlobalShaderMap/07/3d/c15864b5f0cf7fe062beb5db8cc80899dcde.udd" 3070
"C:/Users/Husky Cal/AppData/Local/UnrealEngine/Common/DerivedDataCache/Buckets/GlobalShaderMap/e8/ca/d4f3084f2a46311212241f1a234f016d1cb5.udd" 3071
"C:/Users/Husky Cal/AppData/Local/UnrealEngine/Common/DerivedDataCache/Buckets/GlobalShaderMap/c3/3e/00af7a38fc2ad5c5ef4b92d5718b36aa8d49.udd" 3072
"C:/Users/Husky Cal/AppData/Local/UnrealEngine/Common/DerivedDataCache/Buckets/GlobalShaderMap/6f/ca/6d9e1cc66d542605f614a237a1f560ef578b.udd" 3073
"C:/Users/Husky Cal/AppData/Local/UnrealEngine/Common/DerivedDataCache/Buckets/GlobalShaderMap/eb/5f/588f923ac34d166ebcfa3026b17a4570288c.udd" 3074
"C:/Users/Husky Cal/AppData/Local/UnrealEngine/Common/DerivedDataCache/Buckets/GlobalShaderMap/8d/09/b82343c141ceeee00b7323340f8b36885496.udd" 3075
"C:/Users/Husky Cal/AppData/Local/UnrealEngine/Common/DerivedDataCache/Buckets/GlobalShaderMap/7e/89/4d95588331c0feb5a163e951e6a14191bc83.udd" 3076
"C:/Users/Husky Cal/AppData/Local/UnrealEngine/Common/DerivedDataCache/Buckets/GlobalShaderMap/39/bc/62bab4abdd3acf876388b671ca80701e5c51.udd" 3077
"C:/Users/Husky Cal/AppData/Local/UnrealEngine/Common/DerivedDataCache/Buckets/GlobalShaderMap/6f/3c/65ec5109c285b634d225546f4f7ae841903f.udd" 3078
"C:/Users/Husky Cal/AppData/Local/UnrealEngine/Common/DerivedDataCache/Buckets/GlobalShaderMap/7b/6c/f7f7480265aa9d6dc5622e4a87d9d24e399b.udd" 3079
"C:/Users/Husky Cal/AppData/Local/UnrealEngine/Common/DerivedDataCache/Buckets/GlobalShaderMap/7c/a3/406accc4c8a432e66b1f6fdcaeb7e706b13a.udd" 3080
"C:/Users/Husky Cal/AppData/Local/UnrealEngine/Common/DerivedDataCache/Buckets/GlobalShaderMap/9e/cd/4dbab14dee903e1e8afc55d310d902e08ff8.udd" 3081
"C:/Users/Husky Cal/AppData/Local/UnrealEngine/Common/DerivedDataCache/Buckets/GlobalShaderMap/14/88/3dc5a5edddce4367cc842a29d54db288f2fa.udd" 3082
"C:/Users/Husky Cal/AppData/Local/UnrealEngine/Common/DerivedDataCache/Buckets/GlobalShaderMap/c4/8c/48d5aaec71ee56a11028e3d2ef016ce501e5.udd" 3083
"C:/Users/Husky Cal/AppData/Local/UnrealEngine/Common/DerivedDataCache/Buckets/GlobalShaderMap/a5/86/5c13d0dca3e298b3728cf116987b3739668e.udd" 3084
"C:/Users/Husky Cal/AppData/Local/UnrealEngine/Common/DerivedDataCache/Buckets/GlobalShaderMap/92/ca/bafa9394277b3521d7e64805f035f691e1f4.udd" 3085
"C:/Users/Husky Cal/AppData/Local/UnrealEngine/Common/DerivedDataCache/Buckets/GlobalShaderMap/d4/63/263e1ce7e4d1ca5f0b34f33d05ea45e4de64.udd" 3086
"C:/Users/Husky Cal/AppData/Local/UnrealEngine/Common/DerivedDataCache/Buckets/GlobalShaderMap/08/2e/f83091bba092a6abf461996ae36c44774c16.udd" 3087
"C:/Users/Husky Cal/AppData/Local/UnrealEngine/Common/DerivedDataCache/Buckets/GlobalShaderMap/25/c6/ecca7141bbd7830fb215d936427e8abfccb7.udd" 3088
"C:/Users/Husky Cal/AppData/Local/UnrealEngine/Common/DerivedDataCache/Buckets/GlobalShaderMap/0e/b6/1e84c640eeb8e020ea69b03c809935c62c7c.udd" 3089
"C:/Users/Husky Cal/AppData/Local/UnrealEngine/Common/DerivedDataCache/Buckets/GlobalShaderMap/cf/68/a3f14327f6756ec663be70e3d0e96e8e9584.udd" 3090
"C:/Users/Husky Cal/AppData/Local/UnrealEngine/Common/DerivedDataCache/Buckets/GlobalShaderMap/2a/ee/2379c1030eed911a2e21e87081acfa016f65.udd" 3091
"C:/Users/Husky Cal/AppData/Local/UnrealEngine/Common/DerivedDataCache/Buckets/GlobalShaderMap/39/40/85038f9b55312ed47acd2baafb9e1d53439c.udd" 3092
"C:/Users/Husky Cal/AppData/Local/UnrealEngine/Common/DerivedDataCache/Buckets/GlobalShaderMap/71/f4/4394bd9c95d4fdc062fc59903f43f2dbd320.udd" 3093
"C:/Users/Husky Cal/AppData/Local/UnrealEngine/Common/DerivedDataCache/Buckets/GlobalShaderMap/9d/5d/b4d1dd974d7beaa6ec8ffa749cf587e22a77.udd" 3094
"C:/Users/Husky Cal/AppData/Local/UnrealEngine/Common/DerivedDataCache/Buckets/GlobalShaderMap/fa/e5/5cc4551960ae86e5a38dd53cf5165fc03176.udd" 3095
"C:/Users/Husky Cal/AppData/Local/UnrealEngine/Common/DerivedDataCache/Buckets/GlobalShaderMap/49/e3/94399b53cf2b7936ddc4224c0c4d6d4ea487.udd" 3096
"C:/Users/Husky Cal/AppData/Local/UnrealEngine/Common/DerivedDataCache/Buckets/GlobalShaderMap/3a/69/d169c5ceb3fb28f343616b6df4ac7c52ad02.udd" 3097
"C:/Users/Husky Cal/AppData/Local/UnrealEngine/Common/DerivedDataCache/Buckets/GlobalShaderMap/12/58/fad72760e56c547de2ee58a96b0427aa3784.udd" 3098
"C:/Users/Husky Cal/AppData/Local/UnrealEngine/Common/DerivedDataCache/Buckets/GlobalShaderMap/80/d3/acea6779564471fe2d5c960a65867503b71d.udd" 3099
"C:/Users/Husky Cal/AppData/Local/UnrealEngine/Common/DerivedDataCache/Buckets/GlobalShaderMap/55/6d/db38fee10e49fcb4a657c03cd275ab5b6cfd.udd" 3100
"C:/Users/Husky Cal/AppData/Local/UnrealEngine/Common/DerivedDataCache/Buckets/GlobalShaderMap/cf/8f/c132afc70133152bd59f25a89bd3eb4c68dd.udd" 3101
"C:/Users/Husky Cal/AppData/Local/UnrealEngine/Common/DerivedDataCache/Buckets/GlobalShaderMap/58/9b/a110adb93a751c4dee817ab6f9e8f4f51841.udd" 3102
"C:/Users/Husky Cal/AppData/Local/UnrealEngine/Common/DerivedDataCache/Buckets/GlobalShaderMap/7e/b8/4cb369b36fac4fdf555c811304cb039b7604.udd" 3103
"C:/Users/Husky Cal/AppData/Local/UnrealEngine/Common/DerivedDataCache/Buckets/GlobalShaderMap/c6/08/c55d6ebb061d88c47480a6eacb25e14af5d8.udd" 3104
"C:/Users/Husky Cal/AppData/Local/UnrealEngine/Common/DerivedDataCache/Buckets/GlobalShaderMap/84/bb/6e92b5ec85b2b3bd2be2b23dc29d1402f80d.udd" 3105
"C:/Users/Husky Cal/AppData/Local/UnrealEngine/Common/DerivedDataCache/Buckets/GlobalShaderMap/ec/d1/f021477753c7eaaebaec9468bfc1d773329f.udd" 3106
"C:/Users/Husky Cal/AppData/Local/UnrealEngine/Common/DerivedDataCache/Buckets/GlobalShaderMap/ef/b2/fba1e513de561ccba8837ba727385fcb8f3c.udd" 3107
"C:/Users/Husky Cal/AppData/Local/UnrealEngine/Common/DerivedDataCache/Buckets/GlobalShaderMap/54/83/e552656f427315e5bf1b93cfeb98524e11ae.udd" 3108
"C:/Users/Husky Cal/AppData/Local/UnrealEngine/Common/DerivedDataCache/Buckets/GlobalShaderMap/8f/ab/b1f8339c5452a9cc3ab07aa1131de026dabc.udd" 3109
"C:/Users/Husky Cal/AppData/Local/UnrealEngine/Common/DerivedDataCache/Buckets/GlobalShaderMap/88/8c/aa3d3e59c56b7c85513c226affac74336eab.udd" 3110
"C:/Users/Husky Cal/AppData/Local/UnrealEngine/Common/DerivedDataCache/Buckets/GlobalShaderMap/35/82/9e731bf09e593953e89d205fab5fb3996d37.udd" 3111
"C:/Users/Husky Cal/AppData/Local/UnrealEngine/Common/DerivedDataCache/Buckets/GlobalShaderMap/06/29/2f7e3b3554a8a4d3f014e4ba24fe0cec83ee.udd" 3112
"C:/Users/Husky Cal/AppData/Local/UnrealEngine/Common/DerivedDataCache/Buckets/GlobalShaderMap/a4/7d/d4d0d16eadca66e873fb1d259ca25e3db020.udd" 3113
"C:/Users/Husky Cal/AppData/Local/UnrealEngine/Common/DerivedDataCache/Buckets/GlobalShaderMap/bf/9d/c2c159a86c7d0c62f032c3a04a8695283133.udd" 3114
"C:/Users/Husky Cal/AppData/Local/UnrealEngine/Common/DerivedDataCache/Buckets/GlobalShaderMap/b8/40/2d61e7c19c7a39e01eacaab9a59defaa9e8e.udd" 3115
"C:/Users/Husky Cal/AppData/Local/UnrealEngine/Common/DerivedDataCache/Buckets/GlobalShaderMap/04/ec/88237570da8a6516f3cf44860834fac89780.udd" 3116
"C:/Users/Husky Cal/AppData/Local/UnrealEngine/Common/DerivedDataCache/Buckets/GlobalShaderMap/75/02/f9bc8f8c8bedb0dad886f755ec999c3f953f.udd" 3117
"C:/Users/Husky Cal/AppData/Local/UnrealEngine/Common/DerivedDataCache/Buckets/GlobalShaderMap/6f/18/aec8fc13ca705c0c5eb1648f510648305062.udd" 3118
"C:/Users/Husky Cal/AppData/Local/UnrealEngine/Common/DerivedDataCache/Buckets/GlobalShaderMap/d3/5e/e8477dfad22ede04b3876724c48efe4a970c.udd" 3119
"C:/Users/Husky Cal/AppData/Local/UnrealEngine/Common/DerivedDataCache/Buckets/GlobalShaderMap/09/d8/279dabfb4f40f3a6a3211ad5e12c8f9beca7.udd" 3120
"C:/Users/Husky Cal/AppData/Local/UnrealEngine/Common/DerivedDataCache/Buckets/GlobalShaderMap/b8/be/ed0c0f31857d5f8ac3309446ab8a40a93e81.udd" 3121
"C:/Users/Husky Cal/AppData/Local/UnrealEngine/Common/DerivedDataCache/Buckets/GlobalShaderMap/2d/f7/16803f7ef5dfcfd374deff6f9487da3c0243.udd" 3122
"C:/Users/Husky Cal/AppData/Local/UnrealEngine/Common/DerivedDataCache/Buckets/GlobalShaderMap/50/21/179e5cb1b503a9846a2a397b9ed5aab66ce2.udd" 3123
"C:/Users/Husky Cal/AppData/Local/UnrealEngine/Common/DerivedDataCache/Buckets/GlobalShaderMap/45/7a/0bddd7239056cf8de942f70a726f26f6c56d.udd" 3124
"C:/Users/Husky Cal/AppData/Local/UnrealEngine/Common/DerivedDataCache/Buckets/GlobalShaderMap/c3/dd/e18b0e4055d7bad8ca60b0fc3f02392fe814.udd" 3125
"C:/Users/Husky Cal/AppData/Local/UnrealEngine/Common/DerivedDataCache/Buckets/GlobalShaderMap/73/64/ea71e10b5dde1ddd400f5152337550bafa3c.udd" 3126
"C:/Users/Husky Cal/AppData/Local/UnrealEngine/Common/DerivedDataCache/Buckets/GlobalShaderMap/44/79/3a3ba9a7a6c87aaca7b420cabff0a994515f.udd" 3127
"C:/Users/Husky Cal/AppData/Local/UnrealEngine/Common/DerivedDataCache/Buckets/GlobalShaderMap/0d/c4/286d54ead2516d72f07dba62f52b3fb877f2.udd" 3128
"C:/Users/Husky Cal/AppData/Local/UnrealEngine/Common/DerivedDataCache/Buckets/GlobalShaderMap/95/f6/2bd8a2b277e8fb38ab05f0cfbd390ecf9b21.udd" 3129
"C:/Users/Husky Cal/AppData/Local/UnrealEngine/Common/DerivedDataCache/Buckets/GlobalShaderMap/22/8b/d694b693a5e987ea10cd6ad9e258d5d04734.udd" 3130
"C:/Users/Husky Cal/AppData/Local/UnrealEngine/Common/DerivedDataCache/Buckets/GlobalShaderMap/fe/a9/a8cef2f41d8f3d82701955dd37f284d2a163.udd" 3131
"C:/Users/Husky Cal/AppData/Local/UnrealEngine/Common/DerivedDataCache/Buckets/GlobalShaderMap/92/12/0740f49017511abe15d5c28c6f8a46ed2553.udd" 3132
"C:/Users/Husky Cal/AppData/Local/UnrealEngine/Common/DerivedDataCache/Buckets/GlobalShaderMap/91/cf/d7ae7eff1154a625155253f06896cc00ae37.udd" 3133
"C:/Users/Husky Cal/AppData/Local/UnrealEngine/Common/DerivedDataCache/Buckets/GlobalShaderMap/56/57/3cd5081afad3c4f42c1ace0b3a9f863403bc.udd" 3134
"C:/Users/Husky Cal/AppData/Local/UnrealEngine/Common/DerivedDataCache/Buckets/GlobalShaderMap/60/f9/e91ee330a8ff602d527f10d2abdded8bfc68.udd" 3135
"C:/Users/Husky Cal/AppData/Local/UnrealEngine/Common/DerivedDataCache/Buckets/GlobalShaderMap/3a/0d/2925db154d366d6c31de1ad3e2e6ea5e4d1a.udd" 3136
"C:/Users/Husky Cal/AppData/Local/UnrealEngine/Common/DerivedDataCache/Buckets/GlobalShaderMap/40/e8/550aef5666079b9dee959432d56e85aad30e.udd" 3137
"C:/Users/Husky Cal/AppData/Local/UnrealEngine/Common/DerivedDataCache/Buckets/GlobalShaderMap/1e/06/8aae307fb2f5c7d9be18eb8d0502e12c3d60.udd" 3138
"C:/Users/Husky Cal/AppData/Local/UnrealEngine/Common/DerivedDataCache/Buckets/GlobalShaderMap/65/73/6f6bbc0dbb2eb74a0c5a6824efa06864ee0b.udd" 3139
"C:/Users/Husky Cal/AppData/Local/UnrealEngine/Common/DerivedDataCache/Buckets/GlobalShaderMap/c7/2c/0952de513a2aa0db4e89538874fb00802145.udd" 3140
"C:/Users/Husky Cal/AppData/Local/UnrealEngine/Common/DerivedDataCache/Buckets/GlobalShaderMap/e2/a1/2109b541228363cbe56a620a64efee052775.udd" 3141
"C:/Users/Husky Cal/AppData/Local/UnrealEngine/Common/DerivedDataCache/Buckets/GlobalShaderMap/49/16/863881042c27c65668f4692b091d4c63fcc0.udd" 3142
"C:/Users/Husky Cal/AppData/Local/UnrealEngine/Common/DerivedDataCache/Buckets/GlobalShaderMap/80/16/5f970bc504b7b20e603e7aace64c79946a0b.udd" 3143
"C:/Users/Husky Cal/AppData/Local/UnrealEngine/Common/DerivedDataCache/Buckets/GlobalShaderMap/78/33/4ba14b207463a5f3fead2b6ef4ffa5d1470e.udd" 3144
"C:/Users/Husky Cal/AppData/Local/UnrealEngine/Common/DerivedDataCache/Buckets/GlobalShaderMap/e4/f1/9a934e7dc47ac6af3d09d2fdbbfb797bf2a4.udd" 3145
"C:/Users/Husky Cal/AppData/Local/UnrealEngine/Common/DerivedDataCache/Buckets/GlobalShaderMap/d6/d2/262a70302f753d0c687b7df61520439c4918.udd" 3146
"C:/Users/Husky Cal/AppData/Local/UnrealEngine/Common/DerivedDataCache/Buckets/GlobalShaderMap/63/30/52d59e72810bf104a11fea22ba7fd9929c1a.udd" 3147
"C:/Users/Husky Cal/AppData/Local/UnrealEngine/Common/DerivedDataCache/Buckets/GlobalShaderMap/0a/70/7e0239914d658b5741384702df4ebe450e56.udd" 3148
"C:/Users/Husky Cal/AppData/Local/UnrealEngine/Common/DerivedDataCache/Buckets/GlobalShaderMap/c8/4c/27f1822b1719f461467d128c3a39f5383f98.udd" 3149
"C:/Users/Husky Cal/AppData/Local/UnrealEngine/Common/DerivedDataCache/Buckets/GlobalShaderMap/70/5f/3f9784283b15567e1f938504dab421e6e008.udd" 3150
"C:/Users/Husky Cal/AppData/Local/UnrealEngine/Common/DerivedDataCache/Buckets/GlobalShaderMap/2c/15/b8ad8880c329e8b8a955e0347ba75c9efc34.udd" 3151
"C:/Users/Husky Cal/AppData/Local/UnrealEngine/Common/DerivedDataCache/Buckets/GlobalShaderMap/48/e7/6e910d06a4af06de9ea915b366ce2089ee50.udd" 3152
"C:/Users/Husky Cal/AppData/Local/UnrealEngine/Common/DerivedDataCache/Buckets/GlobalShaderMap/3c/3b/78e0d2f18283ea561bbf702fc8d9e250c3d0.udd" 3153
"C:/Users/Husky Cal/AppData/Local/UnrealEngine/Common/DerivedDataCache/Buckets/GlobalShaderMap/79/cb/830f6cfe16a9129679036e53b1b70d5f2511.udd" 3154
"C:/Users/Husky Cal/AppData/Local/UnrealEngine/Common/DerivedDataCache/Buckets/GlobalShaderMap/db/4f/cbd47273f178406ed4bcbf437c28ea24ae9c.udd" 3155
"C:/Users/Husky Cal/AppData/Local/UnrealEngine/Common/DerivedDataCache/Buckets/GlobalShaderMap/43/f1/136b229685a4e79bc1cc26f4923e94a2262b.udd" 3156
"C:/Users/Husky Cal/AppData/Local/UnrealEngine/Common/DerivedDataCache/Buckets/GlobalShaderMap/e0/02/f9d3dd37a95685ad678b1f6b4cb64942e721.udd" 3157
"C:/Users/Husky Cal/AppData/Local/UnrealEngine/Common/DerivedDataCache/Buckets/GlobalShaderMap/40/fd/801e3b7b33b1db0e459f9873c3461c827303.udd" 3158
"C:/Users/Husky Cal/AppData/Local/UnrealEngine/Common/DerivedDataCache/Buckets/GlobalShaderMap/9e/6c/8b940af8e80906ced12dbaec34bd8b32023e.udd" 3159
"C:/Users/Husky Cal/AppData/Local/UnrealEngine/Common/DerivedDataCache/Buckets/GlobalShaderMap/27/39/daef59381a47df020a6ef6e83b9a57a5e1d4.udd" 3160
"C:/Users/Husky Cal/AppData/Local/UnrealEngine/Common/DerivedDataCache/Buckets/GlobalShaderMap/eb/54/b6fbe92393cc58055ccb98cb2720e380133c.udd" 3161
"C:/Users/Husky Cal/AppData/Local/UnrealEngine/Common/DerivedDataCache/Buckets/GlobalShaderMap/50/ab/493eef7ec7b60d9971fde99716a5911e4644.udd" 3162
"C:/Users/Husky Cal/AppData/Local/UnrealEngine/Common/DerivedDataCache/Buckets/GlobalShaderMap/24/29/a92964e33e79ec96d7c23bdcfaabaf6a12f6.udd" 3163
"C:/Users/Husky Cal/AppData/Local/UnrealEngine/Common/DerivedDataCache/Buckets/GlobalShaderMap/30/cf/f1ef93bc45e9c291935b7d9752add88c72fc.udd" 3164
"C:/Users/Husky Cal/AppData/Local/UnrealEngine/Common/DerivedDataCache/Buckets/GlobalShaderMap/20/07/765325d02be0072c39cb6efccbc92d9fc80e.udd" 3165
"C:/Users/Husky Cal/AppData/Local/UnrealEngine/Common/DerivedDataCache/Buckets/GlobalShaderMap/5d/b5/2b7fdc08177efa2fcbdfff22252ae6074093.udd" 3166
"C:/Users/Husky Cal/AppData/Local/UnrealEngine/Common/DerivedDataCache/Buckets/GlobalShaderMap/04/58/aa0132bd3d45b11df60942851076325ec72d.udd" 3167
"C:/Users/Husky Cal/AppData/Local/UnrealEngine/Common/DerivedDataCache/Buckets/GlobalShaderMap/a9/fb/e2907de097ecbd886986bb24f886eaf84c81.udd" 3168
"C:/Users/Husky Cal/AppData/Local/UnrealEngine/Common/DerivedDataCache/Buckets/GlobalShaderMap/c6/43/0d288961231be88bcdf2fa7c8b475b3c8d15.udd" 3169
"C:/Users/Husky Cal/AppData/Local/UnrealEngine/Common/DerivedDataCache/Buckets/GlobalShaderMap/2e/07/aab3d3b55d5ad2687a097b1277d530e0371c.udd" 3170
"C:/Users/Husky Cal/AppData/Local/UnrealEngine/Common/DerivedDataCache/Buckets/GlobalShaderMap/cf/24/1ee579e677f004d28cd4a5bc04a30fb3e6c1.udd" 3171
"C:/Users/Husky Cal/AppData/Local/UnrealEngine/Common/DerivedDataCache/Buckets/GlobalShaderMap/de/74/3138e9f7df6c53d62a5b04528e81382bc010.udd" 3172
"C:/Users/Husky Cal/AppData/Local/UnrealEngine/Common/DerivedDataCache/Buckets/GlobalShaderMap/e7/35/51935d84c9959e987eb45b650c6e1ee3fa64.udd" 3173
"C:/Users/Husky Cal/AppData/Local/UnrealEngine/Common/DerivedDataCache/Buckets/GlobalShaderMap/ed/08/22dc5d17ae58c70555c9cbfddea2e9791b10.udd" 3174
"C:/Users/Husky Cal/AppData/Local/UnrealEngine/Common/DerivedDataCache/Buckets/GlobalShaderMap/d1/77/442f4b7407402b970d9b5255f64949d2cff4.udd" 3175
"C:/Users/Husky Cal/AppData/Local/UnrealEngine/Common/DerivedDataCache/Buckets/GlobalShaderMap/33/fc/b19339830a7b335a4d9c0db684a7670e6918.udd" 3176
"C:/Users/Husky Cal/AppData/Local/UnrealEngine/Common/DerivedDataCache/Buckets/GlobalShaderMap/02/58/3fc1d6334e6e0bb3041684c934b2b6aea7b4.udd" 3177
"C:/Users/Husky Cal/AppData/Local/UnrealEngine/Common/DerivedDataCache/Buckets/GlobalShaderMap/b7/ca/dccf905a7c24af022ebdf9303bed542b6a7a.udd" 3178
"C:/Users/Husky Cal/AppData/Local/UnrealEngine/Common/DerivedDataCache/Buckets/GlobalShaderMap/96/d8/1beca4d54727f1b4c829cb8f6a71b5045aba.udd" 3179
"C:/Users/Husky Cal/AppData/Local/UnrealEngine/Common/DerivedDataCache/Buckets/GlobalShaderMap/23/b2/c1171aca59a3d90033547ffe0e2ab0306152.udd" 3180
"C:/Users/Husky Cal/AppData/Local/UnrealEngine/Common/DerivedDataCache/Buckets/GlobalShaderMap/87/83/ab887e7e412f63f71e71137dcdd51681d990.udd" 3181
"C:/Users/Husky Cal/AppData/Local/UnrealEngine/Common/DerivedDataCache/Buckets/GlobalShaderMap/e5/a6/9b1752eeb6b2cb9a395a3cdf3ab210618d3c.udd" 3182
"C:/Users/Husky Cal/AppData/Local/UnrealEngine/Common/DerivedDataCache/Buckets/GlobalShaderMap/42/ec/9b56d8fef1c7b9a4694ad4cc910388b55498.udd" 3183
"C:/Users/Husky Cal/AppData/Local/UnrealEngine/Common/DerivedDataCache/Buckets/GlobalShaderMap/c8/7c/ea623bceecf2d511c7e09c82d014a3587373.udd" 3184
"C:/Users/Husky Cal/AppData/Local/UnrealEngine/Common/DerivedDataCache/Buckets/GlobalShaderMap/06/8a/dd727714c95c00d6639d5b4e2c84b7e15345.udd" 3185
"C:/Users/Husky Cal/AppData/Local/UnrealEngine/Common/DerivedDataCache/Buckets/GlobalShaderMap/81/90/e53ca2965399acb7d3e075be5cc0e6bf583e.udd" 3186
"C:/Users/Husky Cal/AppData/Local/UnrealEngine/Common/DerivedDataCache/Buckets/GlobalShaderMap/79/89/f8b6514bd42edbf7625b37210644abfa664f.udd" 3187
"C:/Users/Husky Cal/AppData/Local/UnrealEngine/Common/DerivedDataCache/Buckets/GlobalShaderMap/bc/27/3893a46206e10bda30f27826274055d7976d.udd" 3188
"C:/Users/Husky Cal/AppData/Local/UnrealEngine/Common/DerivedDataCache/Buckets/GlobalShaderMap/16/75/9916d012d730b5147d0cb94aae3a7f792090.udd" 3189
"C:/Users/Husky Cal/AppData/Local/UnrealEngine/Common/DerivedDataCache/Buckets/GlobalShaderMap/73/f4/4ad5fff96baa9415f5b294c90191ac243c13.udd" 3190
"C:/Users/Husky Cal/AppData/Local/UnrealEngine/Common/DerivedDataCache/Buckets/GlobalShaderMap/ed/f6/0e7d6b9838386e983feb4cdabc598886939b.udd" 3191
"C:/Users/Husky Cal/AppData/Local/UnrealEngine/Common/DerivedDataCache/Buckets/GlobalShaderMap/b2/42/ab6a8fa2ad4737fb929bc7cd6f64a49d72d5.udd" 3192
"C:/Users/Husky Cal/AppData/Local/UnrealEngine/Common/DerivedDataCache/Buckets/GlobalShaderMap/40/d0/89b231416d8cd610bf243500d7ebdaea9759.udd" 3193
"C:/Users/Husky Cal/AppData/Local/UnrealEngine/Common/DerivedDataCache/Content/d7/88/fe7587fe13fc05af946a6d87ad004e55e53e.udd" 3194
"C:/Users/Husky Cal/AppData/Local/UnrealEngine/Common/DerivedDataCache/Buckets/GlobalShaderMap/c0/dd/430ac5250a1c81f53ccc5a059f81742358b6.udd" 3195
"C:/Users/Husky Cal/AppData/Local/UnrealEngine/Common/DerivedDataCache/Buckets/GlobalShaderMap/f1/a2/b5bdf39d91edb0322be514d66e41d62c722e.udd" 3196
"C:/Users/Husky Cal/AppData/Local/UnrealEngine/Common/DerivedDataCache/Buckets/GlobalShaderMap/3b/cf/f408039cf36201e9381f2364c57b4996682b.udd" 3197
"C:/Users/Husky Cal/AppData/Local/UnrealEngine/Common/DerivedDataCache/Buckets/GlobalShaderMap/2f/40/8912caaef65a712330cc69eac4712336985c.udd" 3198
"C:/Users/Husky Cal/AppData/Local/UnrealEngine/Common/DerivedDataCache/Buckets/GlobalShaderMap/e3/33/566e840b76e51a79d54368af8db644896816.udd" 3199
"C:/Users/Husky Cal/AppData/Local/UnrealEngine/Common/DerivedDataCache/Buckets/GlobalShaderMap/6f/29/0443dcdd5c54fd07be1671629dca93ac79cf.udd" 3200
"C:/Users/Husky Cal/AppData/Local/UnrealEngine/Common/DerivedDataCache/Buckets/GlobalShaderMap/84/65/147769030f66e33e0af822da5b3c5b135fa4.udd" 3201
"C:/Users/Husky Cal/AppData/Local/UnrealEngine/Common/DerivedDataCache/Buckets/GlobalShaderMap/3d/13/8179970eb5c2b3de703b3e4d4149c1a2b3bd.udd" 3202
"C:/Users/Husky Cal/AppData/Local/UnrealEngine/Common/DerivedDataCache/Buckets/GlobalShaderMap/70/c9/7109bd09e2745e8260d4cbcf895db28377a1.udd" 3203
"C:/Users/Husky Cal/AppData/Local/UnrealEngine/Common/DerivedDataCache/Buckets/GlobalShaderMap/0e/51/f3b069106e045c3cf0ff99c44060a60795f3.udd" 3204
"C:/Users/Husky Cal/AppData/Local/UnrealEngine/Common/DerivedDataCache/Buckets/GlobalShaderMap/f3/4f/3ac880b749098ec3be96e3c7fb00b6c17b6c.udd" 3205
"C:/Users/Husky Cal/AppData/Local/UnrealEngine/Common/DerivedDataCache/Buckets/GlobalShaderMap/20/2e/dfe47a22f9576520b5b82be46e011673a820.udd" 3206
"C:/Users/Husky Cal/AppData/Local/UnrealEngine/Common/DerivedDataCache/Buckets/GlobalShaderMap/f5/96/2e39f6de4fc677b1969d1dec831e07bdaad2.udd" 3207
"C:/Users/Husky Cal/AppData/Local/UnrealEngine/Common/DerivedDataCache/Buckets/GlobalShaderMap/53/1a/25b06446bb5b723938a2fc686d489883a260.udd" 3208
"C:/Users/Husky Cal/AppData/Local/UnrealEngine/Common/DerivedDataCache/Buckets/GlobalShaderMap/39/80/57c5536e98431d415ae672db118466666bd9.udd" 3209
"C:/Users/Husky Cal/AppData/Local/UnrealEngine/Common/DerivedDataCache/Buckets/GlobalShaderMap/74/3d/4b5699e076a837bffd6ccef9f4a3539fbba4.udd" 3210
"C:/Users/Husky Cal/AppData/Local/UnrealEngine/Common/DerivedDataCache/Buckets/GlobalShaderMap/fe/6e/c45d846a201a4626b809afaf8d4b996c4bcc.udd" 3211
"C:/Users/Husky Cal/AppData/Local/UnrealEngine/Common/DerivedDataCache/Buckets/GlobalShaderMap/c0/f5/330e9361f7a612ca99f6e0395b93a14ca12b.udd" 3212
"C:/Users/Husky Cal/AppData/Local/UnrealEngine/Common/DerivedDataCache/Buckets/GlobalShaderMap/b5/a6/5272c6c53f2465ebe0c0ed195ad616752eaf.udd" 3213
"C:/Users/Husky Cal/AppData/Local/UnrealEngine/Common/DerivedDataCache/Buckets/GlobalShaderMap/01/20/f9713e5e22df25df74d18fe3912b466aa01e.udd" 3214
"C:/Users/Husky Cal/AppData/Local/UnrealEngine/Common/DerivedDataCache/Buckets/GlobalShaderMap/40/45/433165fee2c0df202ef754fb78b8b4c5b226.udd" 3215
"C:/Users/Husky Cal/AppData/Local/UnrealEngine/Common/DerivedDataCache/Buckets/GlobalShaderMap/b6/96/af62dc1d84b68e13b60fcd682acce6b1eafc.udd" 3216
"C:/Users/Husky Cal/AppData/Local/UnrealEngine/Common/DerivedDataCache/Buckets/GlobalShaderMap/72/e2/15b4d9a6a6cfa70d7b533bd9094fbb2c2dc2.udd" 3217
"C:/Users/Husky Cal/AppData/Local/UnrealEngine/Common/DerivedDataCache/Buckets/GlobalShaderMap/31/b1/56005ece73523973c61c0a67274346f3dec9.udd" 3218
"C:/Users/Husky Cal/AppData/Local/UnrealEngine/Common/DerivedDataCache/Buckets/GlobalShaderMap/ad/1d/1ade4bcf2ad7bda498085cb983a99fd9210e.udd" 3219
"C:/Users/Husky Cal/AppData/Local/UnrealEngine/Common/DerivedDataCache/Buckets/GlobalShaderMap/ba/e6/7ffbe23b72c7e187f4d21ae877c58a639c84.udd" 3220
"C:/Users/Husky Cal/AppData/Local/UnrealEngine/Common/DerivedDataCache/Buckets/GlobalShaderMap/b4/d8/b11f0cd00614d12cae251cc01f3921d72fdb.udd" 3221
"C:/Users/Husky Cal/AppData/Local/UnrealEngine/Common/DerivedDataCache/Buckets/GlobalShaderMap/b6/e5/91117faef638eb4cdd38b9e2b2187e85db7c.udd" 3222
"C:/Users/Husky Cal/AppData/Local/UnrealEngine/Common/DerivedDataCache/Content/42/13/669c49278699fdae6eaa13b97a3b3900ce2f.udd" 3223
"C:/Users/Husky Cal/AppData/Local/UnrealEngine/Common/DerivedDataCache/Buckets/GlobalShaderMap/9d/c1/c4ea435062d6b3a140e64cff88b5c25e8233.udd" 3224
"C:/Users/Husky Cal/AppData/Local/UnrealEngine/Common/DerivedDataCache/Buckets/GlobalShaderMap/05/34/09c84d8e351071f951ebb02328c42de6c693.udd" 3225
"C:/Users/Husky Cal/AppData/Local/UnrealEngine/Common/DerivedDataCache/Buckets/GlobalShaderMap/8f/6c/c6902465ab0ecacf30b7c3c3e93320e591b2.udd" 3226
"C:/Users/Husky Cal/AppData/Local/UnrealEngine/Common/DerivedDataCache/Buckets/GlobalShaderMap/12/c0/86289b1c7366ab6d71e1e4a7feb7c81dcbce.udd" 3227
"C:/Users/Husky Cal/AppData/Local/UnrealEngine/Common/DerivedDataCache/Buckets/GlobalShaderMap/f6/dd/d4d75c31d3bf8d222bb863badeca70394548.udd" 3228
"C:/Users/Husky Cal/AppData/Local/UnrealEngine/Common/DerivedDataCache/Buckets/GlobalShaderMap/e8/04/500a1924603bdc21d6a8499277d960df417f.udd" 3229
"C:/Users/Husky Cal/AppData/Local/UnrealEngine/Common/DerivedDataCache/Buckets/GlobalShaderMap/9e/6f/79ebb1e5c81e25635d77936b7d8c2b9d19f2.udd" 3230
"C:/Users/Husky Cal/AppData/Local/UnrealEngine/Common/DerivedDataCache/Buckets/GlobalShaderMap/dc/f9/1866e4bd8f8dce756d49173388dd38f8483d.udd" 3231
"C:/Users/Husky Cal/AppData/Local/UnrealEngine/Common/DerivedDataCache/Buckets/GlobalShaderMap/4b/f3/d6b660d3d60cc108c14e2c3961283d5418e8.udd" 3232
"C:/Users/Husky Cal/AppData/Local/UnrealEngine/Common/DerivedDataCache/Buckets/GlobalShaderMap/46/f0/5296c3025422f8905540c65d39689b8b09f9.udd" 3233
"C:/Users/Husky Cal/AppData/Local/UnrealEngine/Common/DerivedDataCache/Buckets/GlobalShaderMap/d9/f3/7a59390c57c0b9a8ae1c918b13871cde05fb.udd" 3234
"C:/Users/Husky Cal/AppData/Local/UnrealEngine/Common/DerivedDataCache/Buckets/GlobalShaderMap/e7/aa/4c5d49e61914885e36ab3ce7b24435d692e3.udd" 3235
"C:/Users/Husky Cal/AppData/Local/UnrealEngine/Common/DerivedDataCache/Buckets/GlobalShaderMap/12/3d/7cb88bf60d84ccc794694ea36feec7d75d6b.udd" 3236
"C:/Users/Husky Cal/AppData/Local/UnrealEngine/Common/DerivedDataCache/Buckets/GlobalShaderMap/ce/52/58488a5e53db5f0a4943bad709e3b7e846f7.udd" 3237
"C:/Users/Husky Cal/AppData/Local/UnrealEngine/Common/DerivedDataCache/Buckets/GlobalShaderMap/bc/d0/eebb4690cdad8899d07fba307400548f8f5f.udd" 3238
"C:/Users/Husky Cal/AppData/Local/UnrealEngine/Common/DerivedDataCache/Buckets/GlobalShaderMap/75/74/d93170a18765004502639cd359b0ed2f4ea2.udd" 3239
"C:/Users/Husky Cal/AppData/Local/UnrealEngine/Common/DerivedDataCache/Buckets/GlobalShaderMap/ae/6f/4254d2198b798dfd0205978f6c971fcbcfcb.udd" 3240
"C:/Users/Husky Cal/AppData/Local/UnrealEngine/Common/DerivedDataCache/Buckets/GlobalShaderMap/b2/cc/e2850347c5b1db928d9089a51f26bcab9f90.udd" 3241
"C:/Users/Husky Cal/AppData/Local/UnrealEngine/Common/DerivedDataCache/Buckets/GlobalShaderMap/5c/63/75c643306f811f6d230c5aad36e03e324a5f.udd" 3242
"C:/Users/Husky Cal/AppData/Local/UnrealEngine/Common/DerivedDataCache/Buckets/GlobalShaderMap/42/f2/4dcf990cc384cef4006973ed8ed9fe0120ca.udd" 3243
"C:/Users/Husky Cal/AppData/Local/UnrealEngine/Common/DerivedDataCache/Buckets/GlobalShaderMap/24/e9/7f0cef3b8d6dcd6086059c2fc1c9d7142972.udd" 3244
"C:/Users/Husky Cal/AppData/Local/UnrealEngine/Common/DerivedDataCache/Buckets/GlobalShaderMap/09/49/3cd42a10f46705a9c4ad42ff2e703600757f.udd" 3245
"C:/Users/Husky Cal/AppData/Local/UnrealEngine/Common/DerivedDataCache/Buckets/GlobalShaderMap/c9/37/1705f1e8ffe1a97e516f32b71255796a4658.udd" 3246
"C:/Users/Husky Cal/AppData/Local/UnrealEngine/Common/DerivedDataCache/Buckets/GlobalShaderMap/e8/7c/9ca3178cfeb29d4958cee5bf461e9f018246.udd" 3247
"C:/Users/Husky Cal/AppData/Local/UnrealEngine/Common/DerivedDataCache/Buckets/GlobalShaderMap/2c/98/33e8f28b5597469f5dd27766d4ea72c84656.udd" 3248
"C:/Users/Husky Cal/AppData/Local/UnrealEngine/Common/DerivedDataCache/Buckets/GlobalShaderMap/26/c8/0eb9bd4d86f416bdc5550e264e83b2aa0d86.udd" 3249
"C:/Users/Husky Cal/AppData/Local/UnrealEngine/Common/DerivedDataCache/Buckets/GlobalShaderMap/b6/4c/794a75d7d529d6d014591799cef84db273bb.udd" 3250
"C:/Users/Husky Cal/AppData/Local/UnrealEngine/Common/DerivedDataCache/Buckets/GlobalShaderMap/10/a5/be9d4d3067b2471c9f9c30b56c9c04b37bdb.udd" 3251
"C:/Users/Husky Cal/AppData/Local/UnrealEngine/Common/DerivedDataCache/Buckets/GlobalShaderMap/e0/7a/b0469c396a52f2662fae6607b04ca2526f1c.udd" 3252
"C:/Users/Husky Cal/AppData/Local/UnrealEngine/Common/DerivedDataCache/Buckets/GlobalShaderMap/2f/28/1bc03ea9a6a94385a0cff25ddfbd255201a0.udd" 3253
"C:/Users/Husky Cal/AppData/Local/UnrealEngine/Common/DerivedDataCache/Buckets/GlobalShaderMap/19/82/9bafb6862eace091188c42203148325564f5.udd" 3254
"C:/Users/Husky Cal/AppData/Local/UnrealEngine/Common/DerivedDataCache/Buckets/GlobalShaderMap/67/c1/b0055f9e767b8d8568005276fcc1021feca2.udd" 3255
"C:/Users/Husky Cal/AppData/Local/UnrealEngine/Common/DerivedDataCache/Buckets/GlobalShaderMap/96/5d/07418075ee3ad43f995d499202ac4723d390.udd" 3256
"C:/Users/Husky Cal/AppData/Local/UnrealEngine/Common/DerivedDataCache/Buckets/GlobalShaderMap/1a/48/ff540e046ca95b31e792e3048d9309e6e880.udd" 3257
"C:/Users/Husky Cal/AppData/Local/UnrealEngine/Common/DerivedDataCache/Buckets/GlobalShaderMap/ba/4b/e58a266b441288d82c8afa1d0f4a7d3c1c6f.udd" 3258
"C:/Users/Husky Cal/AppData/Local/UnrealEngine/Common/DerivedDataCache/Buckets/GlobalShaderMap/a1/8d/1e86765dc95a95f600e99dabb553c311b71f.udd" 3259
"C:/Users/Husky Cal/AppData/Local/UnrealEngine/Common/DerivedDataCache/Buckets/GlobalShaderMap/b8/f1/85f7005b6f6b7bbc8e8b360e2eb0b6e0b249.udd" 3260
"C:/Users/Husky Cal/AppData/Local/UnrealEngine/Common/DerivedDataCache/Buckets/GlobalShaderMap/5b/dd/220e49a42c5a5ffd4a329377707bd879d8de.udd" 3261
"C:/Users/Husky Cal/AppData/Local/UnrealEngine/Common/DerivedDataCache/Buckets/GlobalShaderMap/3b/cc/31ed61a145f3c74d484e40a0c220a1b125f5.udd" 3262
"C:/Users/Husky Cal/AppData/Local/UnrealEngine/Common/DerivedDataCache/Buckets/GlobalShaderMap/60/d6/66d869a4241b7540a4f60d1c932fd8e469b5.udd" 3263
"C:/Users/Husky Cal/AppData/Local/UnrealEngine/Common/DerivedDataCache/Buckets/GlobalShaderMap/da/26/e9c3886376acafd0639e9c71f1a84d0260d7.udd" 3264
"C:/Users/Husky Cal/AppData/Local/UnrealEngine/Common/DerivedDataCache/Buckets/GlobalShaderMap/53/d6/106e29e7891730d44df08251bc22db895cca.udd" 3265
"C:/Users/Husky Cal/AppData/Local/UnrealEngine/Common/DerivedDataCache/Buckets/GlobalShaderMap/d7/4b/d476829b66554d314bd921218cf7f29981d3.udd" 3266
"C:/Users/Husky Cal/AppData/Local/UnrealEngine/Common/DerivedDataCache/Buckets/GlobalShaderMap/53/17/f98672cae8bc318bfd5555a2636bd470e7b7.udd" 3267
"C:/Users/Husky Cal/AppData/Local/UnrealEngine/Common/DerivedDataCache/Buckets/GlobalShaderMap/f6/e3/1554702c76dc6a5d63b38c5d3b3cbab6f128.udd" 3268
"C:/Users/Husky Cal/AppData/Local/UnrealEngine/Common/DerivedDataCache/Buckets/GlobalShaderMap/76/12/886fb426e832210d6086ae4eb1758408baf8.udd" 3269
"C:/Users/Husky Cal/AppData/Local/UnrealEngine/Common/DerivedDataCache/Buckets/GlobalShaderMap/03/fd/4ac3c1a79426688bd87e40529dff882aa6cf.udd" 3270
"C:/Users/Husky Cal/AppData/Local/UnrealEngine/Common/DerivedDataCache/Buckets/GlobalShaderMap/ee/5d/4669c5632b3058a7545d49b153bb00fd048e.udd" 3271
"C:/Users/Husky Cal/AppData/Local/UnrealEngine/Common/DerivedDataCache/Buckets/GlobalShaderMap/be/2f/3fb9dd7f5cb4cb414c5cc37057bd111a22c4.udd" 3272
"C:/Users/Husky Cal/AppData/Local/UnrealEngine/Common/DerivedDataCache/Buckets/GlobalShaderMap/a0/09/f4904d3bb7a431060c35efed2460b109ab65.udd" 3273
"C:/Users/Husky Cal/AppData/Local/UnrealEngine/Common/DerivedDataCache/Buckets/GlobalShaderMap/6c/3c/5a3a6bc865fa9804a80bf37b68bbbfc08663.udd" 3274
"C:/Users/Husky Cal/AppData/Local/UnrealEngine/Common/DerivedDataCache/Buckets/GlobalShaderMap/1f/c9/f3566ced28da4da1a9dfab8eb778157eb351.udd" 3275
"C:/Users/Husky Cal/AppData/Local/UnrealEngine/Common/DerivedDataCache/Buckets/GlobalShaderMap/6c/5d/55ce0ce480ba4da721eb4a11a5c92ab763b0.udd" 3276
"C:/Users/Husky Cal/AppData/Local/UnrealEngine/Common/DerivedDataCache/Buckets/GlobalShaderMap/3a/4a/98769d4aa67a7bfa6d0460d9650532c0b84b.udd" 3277
"C:/Users/Husky Cal/AppData/Local/UnrealEngine/Common/DerivedDataCache/Buckets/GlobalShaderMap/1e/0c/6c56cefa3011363b2d1aacd395300cf95903.udd" 3278
"C:/Users/Husky Cal/AppData/Local/UnrealEngine/Common/DerivedDataCache/Buckets/GlobalShaderMap/0a/fd/c8b0098cfee1234a28a6cb9d9e541b56ced2.udd" 3279
"C:/Users/Husky Cal/AppData/Local/UnrealEngine/Common/DerivedDataCache/Buckets/GlobalShaderMap/25/99/eef6a236c60cb9306cf855c44ced5339b2bf.udd" 3280
"C:/Users/Husky Cal/AppData/Local/UnrealEngine/Common/DerivedDataCache/Buckets/GlobalShaderMap/df/e5/a399e7666a280519d69be0ef1d7f55c6dff2.udd" 3281
"C:/Users/Husky Cal/AppData/Local/UnrealEngine/Common/DerivedDataCache/Buckets/GlobalShaderMap/c9/41/75b475bd0d3e30ef5af89c4df33688d45320.udd" 3282
"C:/Users/Husky Cal/AppData/Local/UnrealEngine/Common/DerivedDataCache/Buckets/GlobalShaderMap/de/02/317838505d1cbef000c19c5a491a4ce245b3.udd" 3283
"C:/Users/Husky Cal/AppData/Local/UnrealEngine/Common/DerivedDataCache/Buckets/GlobalShaderMap/ca/65/013cedc07d386128b1fd95734269911bfa0a.udd" 3284
"C:/Users/Husky Cal/AppData/Local/UnrealEngine/Common/DerivedDataCache/Buckets/GlobalShaderMap/30/f0/d6da302c1e01b37ff64ef41a03444c96394d.udd" 3285
"C:/Users/Husky Cal/AppData/Local/UnrealEngine/Common/DerivedDataCache/Buckets/GlobalShaderMap/f3/35/2c29cb75e4b02c6fca0e6dafbf8c4183500e.udd" 3286
"C:/Users/Husky Cal/AppData/Local/UnrealEngine/Common/DerivedDataCache/Buckets/GlobalShaderMap/96/96/2364e1c551f33085359be7dc337de35a9b96.udd" 3287
"C:/Users/Husky Cal/AppData/Local/UnrealEngine/Common/DerivedDataCache/Buckets/GlobalShaderMap/4b/43/1801a401e2bc6b0959a73cf8bfd03ec2018f.udd" 3288
"C:/Users/Husky Cal/AppData/Local/UnrealEngine/Common/DerivedDataCache/Buckets/GlobalShaderMap/5a/1e/8f0e42ff4221790588bafa8dfa3bef512264.udd" 3289
"C:/Users/Husky Cal/AppData/Local/UnrealEngine/Common/DerivedDataCache/Buckets/GlobalShaderMap/bc/2c/ab8c6c710040fc5cfe10ccf1ca975ea6c4e1.udd" 3290
"C:/Users/Husky Cal/AppData/Local/UnrealEngine/Common/DerivedDataCache/Content/ab/77/2d995b0baa7726ed15ab90260573f9885a40.udd" 3291
"C:/Users/Husky Cal/AppData/Local/UnrealEngine/Common/DerivedDataCache/Buckets/GlobalShaderMap/c9/89/86669ab725072361b6b56149a9db5c3a850f.udd" 3292
"C:/Users/Husky Cal/AppData/Local/UnrealEngine/Common/DerivedDataCache/Buckets/GlobalShaderMap/e6/f4/2fd1cd5afc24535a1ee16233220ebb66fc41.udd" 3293
"C:/Users/Husky Cal/AppData/Local/UnrealEngine/Common/DerivedDataCache/Buckets/GlobalShaderMap/f9/8e/2057cde120e2943f1e51e13175d7c4e1c642.udd" 3294
"C:/Users/Husky Cal/AppData/Local/UnrealEngine/Common/DerivedDataCache/Buckets/GlobalShaderMap/9a/41/a9bc46d340c2464705ec4580d39fbd83cb7e.udd" 3295
"C:/Users/Husky Cal/AppData/Local/UnrealEngine/Common/DerivedDataCache/Buckets/GlobalShaderMap/c2/d4/7c3802a4c13c5fce65168bb94ea447dff284.udd" 3296
"C:/Users/Husky Cal/AppData/Local/UnrealEngine/Common/DerivedDataCache/Buckets/GlobalShaderMap/26/27/efaa5690b4c059bde39eb25def73954bc74d.udd" 3297
"C:/Users/Husky Cal/AppData/Local/UnrealEngine/Common/DerivedDataCache/Buckets/GlobalShaderMap/c0/6b/a6514d024f7a64e0105ce2d26f883467ec39.udd" 3298
"C:/Users/Husky Cal/AppData/Local/UnrealEngine/Common/DerivedDataCache/Buckets/GlobalShaderMap/ff/41/d08e799a7ff9e03ea3f65947898f863b3264.udd" 3299
"C:/Users/Husky Cal/AppData/Local/UnrealEngine/Common/DerivedDataCache/Buckets/GlobalShaderMap/e3/99/24baefff92d3df1fac3a4594e3e85c6fb791.udd" 3300
"C:/Users/Husky Cal/AppData/Local/UnrealEngine/Common/DerivedDataCache/Buckets/GlobalShaderMap/4b/65/5ae74d5ca176dadb05b9005d4db4081a9095.udd" 3301
"C:/Users/Husky Cal/AppData/Local/UnrealEngine/Common/DerivedDataCache/Buckets/GlobalShaderMap/25/9d/2677dcc47aaef11288e1655a0d6a39d1bb29.udd" 3302
"C:/Users/Husky Cal/AppData/Local/UnrealEngine/Common/DerivedDataCache/Buckets/GlobalShaderMap/24/a8/3007ffc8c1ed7c23ee47c881c9dbfd915d42.udd" 3303
"C:/Users/Husky Cal/AppData/Local/UnrealEngine/Common/DerivedDataCache/Buckets/GlobalShaderMap/22/07/e0f6fbc0fadce291f0c695351efbf8568e0e.udd" 3304
"C:/Users/Husky Cal/AppData/Local/UnrealEngine/Common/DerivedDataCache/Buckets/GlobalShaderMap/d8/bb/056fa1f9a11d6fc47eceb443f5447cc7fe32.udd" 3305
"C:/Users/Husky Cal/AppData/Local/UnrealEngine/Common/DerivedDataCache/Buckets/GlobalShaderMap/28/67/aa0da1eac4734f2958ad788ab8771637bea4.udd" 3306
"C:/Users/Husky Cal/AppData/Local/UnrealEngine/Common/DerivedDataCache/Buckets/GlobalShaderMap/c0/ff/f1b2cdaadd18de7903d3900c1526231f375a.udd" 3307
"C:/Users/Husky Cal/AppData/Local/UnrealEngine/Common/DerivedDataCache/Buckets/GlobalShaderMap/69/a5/9ff0c9bc61ca0f96c357a08473ebf10f012b.udd" 3308
"C:/Users/Husky Cal/AppData/Local/UnrealEngine/Common/DerivedDataCache/Buckets/GlobalShaderMap/c7/47/c0b0e5e11d9dc11473aa35fb614a8990b1e9.udd" 3309
"C:/Users/Husky Cal/AppData/Local/UnrealEngine/Common/DerivedDataCache/Buckets/GlobalShaderMap/33/be/e6e3a9161b01ea4f37fd0643edf43209fae4.udd" 3310
"C:/Users/Husky Cal/AppData/Local/UnrealEngine/Common/DerivedDataCache/Buckets/GlobalShaderMap/66/d8/a18b9d2d3d64d25eeea5be3a33b52b76fc2a.udd" 3311
"C:/Users/Husky Cal/AppData/Local/UnrealEngine/Common/DerivedDataCache/Buckets/GlobalShaderMap/16/46/4a5ccdff192d028b7ccb6996c01bda6226c8.udd" 3312
"C:/Users/Husky Cal/AppData/Local/UnrealEngine/Common/DerivedDataCache/Buckets/GlobalShaderMap/f2/d4/999c9cfe6b8b789ae29fb6c5283a02b334eb.udd" 3313
"C:/Users/Husky Cal/AppData/Local/UnrealEngine/Common/DerivedDataCache/Buckets/GlobalShaderMap/ad/e9/f5b1f1066eed74a86ae7e306623114c9f0ae.udd" 3314
"C:/Users/Husky Cal/AppData/Local/UnrealEngine/Common/DerivedDataCache/Buckets/GlobalShaderMap/2b/c3/fbea53a97e12d3c340edb859515846a6221d.udd" 3315
"C:/Users/Husky Cal/AppData/Local/UnrealEngine/Common/DerivedDataCache/Buckets/GlobalShaderMap/04/1b/1cdf950c4b2fcfc825fb5236cc2cf2daa32e.udd" 3316
"C:/Users/Husky Cal/AppData/Local/UnrealEngine/Common/DerivedDataCache/Buckets/GlobalShaderMap/97/f2/df72e1ca6b456b25890822192ff861dd0ea8.udd" 3317
"C:/Users/Husky Cal/AppData/Local/UnrealEngine/Common/DerivedDataCache/Buckets/GlobalShaderMap/a3/b8/e1ad2450c28690bc96f3c46d81a06073cc0c.udd" 3318
"C:/Users/Husky Cal/AppData/Local/UnrealEngine/Common/DerivedDataCache/Buckets/GlobalShaderMap/98/6f/bb9fd01f9858fbce1bd0e16dde3253c7c520.udd" 3319
"C:/Users/Husky Cal/AppData/Local/UnrealEngine/Common/DerivedDataCache/Buckets/GlobalShaderMap/86/0c/9ab07efd3272ccaeda3391d7191ddcc3bfc0.udd" 3320
"C:/Users/Husky Cal/AppData/Local/UnrealEngine/Common/DerivedDataCache/Buckets/GlobalShaderMap/67/3d/96886a66b7a492ed4b89ce69800b61f68c0f.udd" 3321
"C:/Users/Husky Cal/AppData/Local/UnrealEngine/Common/DerivedDataCache/Buckets/GlobalShaderMap/4f/0e/b309ca0170ad344516ec586966b56c85d165.udd" 3322
"C:/Users/Husky Cal/AppData/Local/UnrealEngine/Common/DerivedDataCache/Buckets/GlobalShaderMap/b4/00/dfe7447dd2bf25e6bfe9ab58f60caa281fd0.udd" 3323
"C:/Users/Husky Cal/AppData/Local/UnrealEngine/Common/DerivedDataCache/Buckets/GlobalShaderMap/37/03/c67d912dd0496cabe0f8bc8eb01beb1b9ac0.udd" 3324
"C:/Users/Husky Cal/AppData/Local/UnrealEngine/Common/DerivedDataCache/Buckets/GlobalShaderMap/fd/35/3137dd95eb9187a0a6c18dcd9fe65488339d.udd" 3325
"C:/Users/Husky Cal/AppData/Local/UnrealEngine/Common/DerivedDataCache/Buckets/GlobalShaderMap/b1/05/8c0d8af9872c7dba5119bfa7ba8ff7dd9b8e.udd" 3326
"C:/Users/Husky Cal/AppData/Local/UnrealEngine/Common/DerivedDataCache/Buckets/GlobalShaderMap/6c/87/58ae259537d0de36ae815bf19e5c09b25807.udd" 3327
"C:/Users/Husky Cal/AppData/Local/UnrealEngine/Common/DerivedDataCache/Buckets/GlobalShaderMap/12/65/85affbc3b036d8a9876f7d6c708346aae3ca.udd" 3328
"C:/Users/Husky Cal/AppData/Local/UnrealEngine/Common/DerivedDataCache/Buckets/GlobalShaderMap/f2/45/bbe77895c85f7de5ae4a10f8f12ee1bcfcf9.udd" 3329
"C:/Users/Husky Cal/AppData/Local/UnrealEngine/Common/DerivedDataCache/Buckets/GlobalShaderMap/10/85/710782f5628107673a6ac86bbd004972fb17.udd" 3330
"C:/Users/Husky Cal/AppData/Local/UnrealEngine/Common/DerivedDataCache/Buckets/GlobalShaderMap/7f/f1/5ed51212d30f1bde1d5fc33004ccaffcf1c8.udd" 3331
"C:/Users/Husky Cal/AppData/Local/UnrealEngine/Common/DerivedDataCache/Buckets/GlobalShaderMap/7a/c1/78285db789204c08b0b27311c9f1d321f27b.udd" 3332
"C:/Users/Husky Cal/AppData/Local/UnrealEngine/Common/DerivedDataCache/Buckets/GlobalShaderMap/18/94/eb9d0e26368d1b92b4808c7a11d8a0eed08f.udd" 3333
"C:/Users/Husky Cal/AppData/Local/UnrealEngine/Common/DerivedDataCache/Buckets/GlobalShaderMap/0d/31/ba0d3a4e4fcf32c2b58245e4a8071fe0207c.udd" 3334
"C:/Users/Husky Cal/AppData/Local/UnrealEngine/Common/DerivedDataCache/Buckets/GlobalShaderMap/04/17/97e2dde73f32cd6f6b9601763c33a438e82f.udd" 3335
"C:/Users/Husky Cal/AppData/Local/UnrealEngine/Common/DerivedDataCache/Buckets/GlobalShaderMap/fd/7e/c0a9cabf52c7b6e55e831a809b246f3486ed.udd" 3336
"C:/Users/Husky Cal/AppData/Local/UnrealEngine/Common/DerivedDataCache/Buckets/GlobalShaderMap/85/9f/367f793228318bb2fdff2383adf8eb21a23b.udd" 3337
"C:/Users/Husky Cal/AppData/Local/UnrealEngine/Common/DerivedDataCache/Buckets/GlobalShaderMap/d1/ad/02c9b13724496cb527ed317418414d533171.udd" 3338
"C:/Users/Husky Cal/AppData/Local/UnrealEngine/Common/DerivedDataCache/Buckets/GlobalShaderMap/46/f7/a6b5a94ff8947436870e7292ddfdfa6a8093.udd" 3339
"C:/Users/Husky Cal/AppData/Local/UnrealEngine/Common/DerivedDataCache/Buckets/GlobalShaderMap/f8/20/9825bd98b39278afd0cd9f8f1683073eb69a.udd" 3340
"C:/Users/Husky Cal/AppData/Local/UnrealEngine/Common/DerivedDataCache/Buckets/GlobalShaderMap/18/14/6702b637209c1a12b24cceded5d7e5f60e1d.udd" 3341
"C:/Users/Husky Cal/AppData/Local/UnrealEngine/Common/DerivedDataCache/Buckets/GlobalShaderMap/c3/22/80df58ea7432ef6df0e2a8b81296acede371.udd" 3342
"C:/Users/Husky Cal/AppData/Local/UnrealEngine/Common/DerivedDataCache/Buckets/GlobalShaderMap/1d/a8/f6d2182f6a5f6a8e491805dad354cd8cc36f.udd" 3343
"C:/Users/Husky Cal/AppData/Local/UnrealEngine/Common/DerivedDataCache/Buckets/GlobalShaderMap/9e/c2/b586e0ef93832a4842da6df7e4e4f3830219.udd" 3344
"C:/Users/Husky Cal/AppData/Local/UnrealEngine/Common/DerivedDataCache/Buckets/GlobalShaderMap/d6/a5/2a03e3e8c7e718bf7da0d441a4c61f6d9a30.udd" 3345
"C:/Users/Husky Cal/AppData/Local/UnrealEngine/Common/DerivedDataCache/Buckets/GlobalShaderMap/0c/12/cb6a78f89ea0c7a2a932f067886646ef8363.udd" 3346
"C:/Users/Husky Cal/AppData/Local/UnrealEngine/Common/DerivedDataCache/Buckets/GlobalShaderMap/84/28/a4e51493739c48572d11f39d8738b23a00d1.udd" 3347
"C:/Users/Husky Cal/AppData/Local/UnrealEngine/Common/DerivedDataCache/Buckets/GlobalShaderMap/7a/26/967ae6f40f7077f701b34da0d2cc83658233.udd" 3348
"C:/Users/Husky Cal/AppData/Local/UnrealEngine/Common/DerivedDataCache/Buckets/GlobalShaderMap/6a/cf/b4270d22a79f285afa4ca8627a0928224bf9.udd" 3349
"C:/Users/Husky Cal/AppData/Local/UnrealEngine/Common/DerivedDataCache/Buckets/GlobalShaderMap/e9/fe/8551e9331d46fb0b49e8ee54ff5fdec121df.udd" 3350
"C:/Users/Husky Cal/AppData/Local/UnrealEngine/Common/DerivedDataCache/Buckets/GlobalShaderMap/bc/85/1f6a83350d5db17970c8aefc126203840c24.udd" 3351
"C:/Users/Husky Cal/AppData/Local/UnrealEngine/Common/DerivedDataCache/Buckets/GlobalShaderMap/3c/2a/a3702052a6a0b8001cd8ffe2210e194d66e3.udd" 3352
"C:/Users/Husky Cal/AppData/Local/UnrealEngine/Common/DerivedDataCache/Buckets/GlobalShaderMap/2b/9b/49621bc6203c66052e5d344f01fec948ffc5.udd" 3353
"C:/Users/Husky Cal/AppData/Local/UnrealEngine/Common/DerivedDataCache/Buckets/GlobalShaderMap/aa/1e/3b2ce0a93a23350eebdf40873dfe7fab7432.udd" 3354
"C:/Users/Husky Cal/AppData/Local/UnrealEngine/Common/DerivedDataCache/Buckets/GlobalShaderMap/0a/8c/f3ade264eaeb4e84a806c3765c721176f17b.udd" 3355
"C:/Users/Husky Cal/AppData/Local/UnrealEngine/Common/DerivedDataCache/Buckets/GlobalShaderMap/b5/b8/0b3c3e21f703c2b22909b37ca136e79bfddb.udd" 3356
"C:/Users/Husky Cal/AppData/Local/UnrealEngine/Common/DerivedDataCache/Buckets/GlobalShaderMap/84/51/615a710f0cc99be6eb69b32309a0d7c36f40.udd" 3357
"C:/Users/Husky Cal/AppData/Local/UnrealEngine/Common/DerivedDataCache/Buckets/GlobalShaderMap/3d/58/01a47967e7d12732281b77a63907b8bb581c.udd" 3358
"C:/Users/Husky Cal/AppData/Local/UnrealEngine/Common/DerivedDataCache/Buckets/GlobalShaderMap/0a/c6/053a031e56fd82a253c86be7f6d9c7aac9ff.udd" 3359
"C:/Users/Husky Cal/AppData/Local/UnrealEngine/Common/DerivedDataCache/Buckets/GlobalShaderMap/59/fa/a8242ba0a8190b1072ad46bda92634ca81c5.udd" 3360
"C:/Users/Husky Cal/AppData/Local/UnrealEngine/Common/DerivedDataCache/Buckets/GlobalShaderMap/d9/89/3d1f2437d8a486c9961b4da1aabdd2a17898.udd" 3361
"C:/Users/Husky Cal/AppData/Local/UnrealEngine/Common/DerivedDataCache/Buckets/GlobalShaderMap/8a/02/fd5b27272fb1cf909a9f28e961c34cb6acc5.udd" 3362
"C:/Users/Husky Cal/AppData/Local/UnrealEngine/Common/DerivedDataCache/Buckets/GlobalShaderMap/08/8b/07575e3380865b1f317a1d92eb526c29fa72.udd" 3363
"C:/Users/Husky Cal/AppData/Local/UnrealEngine/Common/DerivedDataCache/Buckets/GlobalShaderMap/a0/99/8096b14dcb1e4cdf5761ae29e3ee7127bc40.udd" 3364
"C:/Users/Husky Cal/AppData/Local/UnrealEngine/Common/DerivedDataCache/Buckets/GlobalShaderMap/a6/61/53ffeab5aca8822c816317ca7374c1248e54.udd" 3365
"C:/Users/Husky Cal/AppData/Local/UnrealEngine/Common/DerivedDataCache/Buckets/GlobalShaderMap/93/5c/69c49d34822567ecee208edd71a6bb9f0bae.udd" 3366
"C:/Users/Husky Cal/AppData/Local/UnrealEngine/Common/DerivedDataCache/Buckets/GlobalShaderMap/c0/69/eef5d78e907be145bc497e31de5eb9b97ac3.udd" 3367
"C:/Users/Husky Cal/AppData/Local/UnrealEngine/Common/DerivedDataCache/Buckets/GlobalShaderMap/39/0c/37ec405d5c340e1b4e37b4ba9780351a9280.udd" 3368
"C:/Users/Husky Cal/AppData/Local/UnrealEngine/Common/DerivedDataCache/Buckets/GlobalShaderMap/33/ec/9f0519f8b666e0e9c6c102faac06dcb3994d.udd" 3369
"C:/Users/Husky Cal/AppData/Local/UnrealEngine/Common/DerivedDataCache/Buckets/GlobalShaderMap/6f/e2/1785f192ac1cdf86fab509b972a16320ad48.udd" 3370
"C:/Users/Husky Cal/AppData/Local/UnrealEngine/Common/DerivedDataCache/Buckets/GlobalShaderMap/fb/f3/b4613d0fb86d18a1803a99d4e1abdfb4baae.udd" 3371
"C:/Users/Husky Cal/AppData/Local/UnrealEngine/Common/DerivedDataCache/Buckets/GlobalShaderMap/f9/c3/4b90ddf16dbaeacf40eaf66a17b584453af5.udd" 3372
"C:/Users/Husky Cal/AppData/Local/UnrealEngine/Common/DerivedDataCache/Buckets/GlobalShaderMap/80/c6/2179656572e80b5c971f2998f85c313f1259.udd" 3373
"C:/Users/Husky Cal/AppData/Local/UnrealEngine/Common/DerivedDataCache/Buckets/GlobalShaderMap/fc/f6/b6bcc47f17433ae52e8e7bd98e646d8c8eb7.udd" 3374
"C:/Users/Husky Cal/AppData/Local/UnrealEngine/Common/DerivedDataCache/Buckets/GlobalShaderMap/bf/c3/c65863aa5eb8401c42f1753c387929c58552.udd" 3375
"C:/Users/Husky Cal/AppData/Local/UnrealEngine/Common/DerivedDataCache/Buckets/GlobalShaderMap/e2/f2/b953a37cfeacb5d0dba492024d7d58ef37fe.udd" 3376
"C:/Users/Husky Cal/AppData/Local/UnrealEngine/Common/DerivedDataCache/Buckets/GlobalShaderMap/db/50/00129976155beebd400eaa2b0e563cca8ac9.udd" 3377
"C:/Users/Husky Cal/AppData/Local/UnrealEngine/Common/DerivedDataCache/Buckets/GlobalShaderMap/58/1c/87f7f8d1ac86a53cf9a685f502a5df158eaa.udd" 3378
"C:/Users/Husky Cal/AppData/Local/UnrealEngine/Common/DerivedDataCache/Buckets/GlobalShaderMap/32/6e/84613d3bcb0e56268c12935909778b3f4e9c.udd" 3379
"C:/Users/Husky Cal/AppData/Local/UnrealEngine/Common/DerivedDataCache/Buckets/GlobalShaderMap/6f/e8/6fa7945402eb7a3b3cc2233eeb1b1acd954a.udd" 3380
"C:/Users/Husky Cal/AppData/Local/UnrealEngine/Common/DerivedDataCache/Buckets/GlobalShaderMap/a4/c0/f4404d0afe681927806e29cd9094d35e717c.udd" 3381
"C:/Users/Husky Cal/AppData/Local/UnrealEngine/Common/DerivedDataCache/Buckets/GlobalShaderMap/50/47/2c2109a180d6b74396932978c01de001ee7b.udd" 3382
"C:/Users/Husky Cal/AppData/Local/UnrealEngine/Common/DerivedDataCache/Buckets/GlobalShaderMap/a5/48/be0eef16b177882bee3cc1b9941d904e132a.udd" 3383
"C:/Users/Husky Cal/AppData/Local/UnrealEngine/Common/DerivedDataCache/Buckets/GlobalShaderMap/89/c3/51dd4b8861e7d225de7f730f3c2c348d10ea.udd" 3384
"C:/Users/Husky Cal/AppData/Local/UnrealEngine/Common/DerivedDataCache/Buckets/GlobalShaderMap/e9/f6/8222f9fa98b6949040b13cb77ca7430f37a6.udd" 3385
"C:/Users/Husky Cal/AppData/Local/UnrealEngine/Common/DerivedDataCache/Buckets/GlobalShaderMap/78/be/c18384bb96e2b75b0a6617591070231bc06f.udd" 3386
"C:/Users/Husky Cal/AppData/Local/UnrealEngine/Common/DerivedDataCache/Buckets/GlobalShaderMap/68/44/1d331bff0878677e03746e02d4d21191d16a.udd" 3387
"C:/Users/Husky Cal/AppData/Local/UnrealEngine/Common/DerivedDataCache/Buckets/GlobalShaderMap/e3/b1/7b0bb9173348ab4a46837fba8e947be516c4.udd" 3388
"C:/Users/Husky Cal/AppData/Local/UnrealEngine/Common/DerivedDataCache/Buckets/GlobalShaderMap/43/f9/e3b3d6711ae2f520c803b786b03103214190.udd" 3389
"C:/Users/Husky Cal/AppData/Local/UnrealEngine/Common/DerivedDataCache/Buckets/GlobalShaderMap/90/e6/86e7a8c1cc71fc00db728bc862b286325256.udd" 3390
"C:/Users/Husky Cal/AppData/Local/UnrealEngine/Common/DerivedDataCache/Buckets/GlobalShaderMap/6a/55/2a810dd899e92d8b6742430b52039daa1921.udd" 3391
"C:/Users/Husky Cal/AppData/Local/UnrealEngine/Common/DerivedDataCache/Buckets/GlobalShaderMap/07/8f/a5594410d9e8cc809eedcf741965ca277e75.udd" 3392
"C:/Users/Husky Cal/AppData/Local/UnrealEngine/Common/DerivedDataCache/Buckets/GlobalShaderMap/e5/78/8bdd769f329fae95ce54038a728559fe22c2.udd" 3393
"C:/Users/Husky Cal/AppData/Local/UnrealEngine/Common/DerivedDataCache/Buckets/GlobalShaderMap/f8/be/098e92271335d3f8c91aacaadb8f50ce71a1.udd" 3394
"C:/Users/Husky Cal/AppData/Local/UnrealEngine/Common/DerivedDataCache/Buckets/GlobalShaderMap/13/ee/7f08887e1bfe89aecc79d509191d07ec2850.udd" 3395
"C:/Users/Husky Cal/AppData/Local/UnrealEngine/Common/DerivedDataCache/Buckets/GlobalShaderMap/1e/01/1ac692134d4b9840cdf3031f87fa3138bbd8.udd" 3396
"C:/Users/Husky Cal/AppData/Local/UnrealEngine/Common/DerivedDataCache/Buckets/GlobalShaderMap/d4/32/dc4d73cb447f77d30beb4034357fb6728d65.udd" 3397
"C:/Users/Husky Cal/AppData/Local/UnrealEngine/Common/DerivedDataCache/Buckets/GlobalShaderMap/92/45/c2f0cf497cda75890da63b1140a25e9d7b2d.udd" 3398
"C:/Users/Husky Cal/AppData/Local/UnrealEngine/Common/DerivedDataCache/Buckets/GlobalShaderMap/9a/86/59287d77c67c6c436288fb281f44eac63c37.udd" 3399
"C:/Users/Husky Cal/AppData/Local/UnrealEngine/Common/DerivedDataCache/Buckets/GlobalShaderMap/43/fb/5097e7c74eebf2f60012663a21acecb289f5.udd" 3400
"C:/Users/Husky Cal/AppData/Local/UnrealEngine/Common/DerivedDataCache/Buckets/GlobalShaderMap/74/93/c9f8421bb3ddc123c1ced64efe718f8a5030.udd" 3401
"C:/Users/Husky Cal/AppData/Local/UnrealEngine/Common/DerivedDataCache/Buckets/GlobalShaderMap/66/c9/d16ed66af9c107068f128e0367744af24922.udd" 3402
"C:/Users/Husky Cal/AppData/Local/UnrealEngine/Common/DerivedDataCache/Buckets/GlobalShaderMap/58/9a/8bc793f639ddcdfc40e269c3be1c06cc6511.udd" 3403
"C:/Users/Husky Cal/AppData/Local/UnrealEngine/Common/DerivedDataCache/Buckets/GlobalShaderMap/f6/07/5ef07b9adfae8d9e831800acc3989fba3e78.udd" 3404
"C:/Users/Husky Cal/AppData/Local/UnrealEngine/Common/DerivedDataCache/Buckets/GlobalShaderMap/8c/7b/d1f54d7b09fe94b3f624c0befd420245032c.udd" 3405
"C:/Users/Husky Cal/AppData/Local/UnrealEngine/Common/DerivedDataCache/Buckets/GlobalShaderMap/af/b2/055f8e2005b9b2b88d5abf097799f626c899.udd" 3406
"C:/Users/Husky Cal/AppData/Local/UnrealEngine/Common/DerivedDataCache/Buckets/GlobalShaderMap/6d/64/4588cf0732e7eb11f1ef68f8883c20d98840.udd" 3407
"C:/Users/Husky Cal/AppData/Local/UnrealEngine/Common/DerivedDataCache/Buckets/GlobalShaderMap/d1/38/23999342da020592178003b56a49801ce9b0.udd" 3408
"C:/Users/Husky Cal/AppData/Local/UnrealEngine/Common/DerivedDataCache/Buckets/GlobalShaderMap/1a/cd/8849a60ce16fa521ac145cafa773828c4b2b.udd" 3409
"C:/Users/Husky Cal/AppData/Local/UnrealEngine/Common/DerivedDataCache/Buckets/GlobalShaderMap/af/3f/12f5f1d9214b8a943117ddd1be3bf19a5492.udd" 3410
"C:/Users/Husky Cal/AppData/Local/UnrealEngine/Common/DerivedDataCache/Buckets/GlobalShaderMap/c9/8d/3edd2c79f3a75adf98f6438cc7d6e4cfb028.udd" 3411
"C:/Users/Husky Cal/AppData/Local/UnrealEngine/Common/DerivedDataCache/Buckets/GlobalShaderMap/b6/b9/f65d829475ddde8fe4d8cecbb84d3c737f6a.udd" 3412
"C:/Users/Husky Cal/AppData/Local/UnrealEngine/Common/DerivedDataCache/Buckets/GlobalShaderMap/be/ec/e972ecf8ab055eb1c69d3d8df2b24a0f8f2e.udd" 3413
"C:/Users/Husky Cal/AppData/Local/UnrealEngine/Common/DerivedDataCache/Buckets/GlobalShaderMap/61/de/2a51365600c74c0ba2dcae5776e2f51ee603.udd" 3414
"C:/Users/Husky Cal/AppData/Local/UnrealEngine/Common/DerivedDataCache/Buckets/GlobalShaderMap/e1/73/f8aacd302dfc2b80e70fe5ee7d3ae328b935.udd" 3415
"C:/Users/Husky Cal/AppData/Local/UnrealEngine/Common/DerivedDataCache/Buckets/GlobalShaderMap/6e/97/4b9354626824a3803ff5e0c17fec19757036.udd" 3416
"C:/Users/Husky Cal/AppData/Local/UnrealEngine/Common/DerivedDataCache/Buckets/GlobalShaderMap/34/7f/598a4c1e5d130564b3cf3d2ff2ba31f0144c.udd" 3417
"C:/Users/Husky Cal/AppData/Local/UnrealEngine/Common/DerivedDataCache/Buckets/GlobalShaderMap/44/50/a54f19fb3233e9ec4f1483ea9cf428bed2d3.udd" 3418
"C:/Users/Husky Cal/AppData/Local/UnrealEngine/Common/DerivedDataCache/Buckets/GlobalShaderMap/f6/ff/fc961dc4931a07f338b10fb3572bff6c595d.udd" 3419
"C:/Users/Husky Cal/AppData/Local/UnrealEngine/Common/DerivedDataCache/Buckets/GlobalShaderMap/70/d3/4361947e8570e79037fbceac03445633a15f.udd" 3420
"C:/Users/Husky Cal/AppData/Local/UnrealEngine/Common/DerivedDataCache/Buckets/GlobalShaderMap/15/cd/46c7b446479f0b392f76fdb7d02bccf7621b.udd" 3421
"C:/Users/Husky Cal/AppData/Local/UnrealEngine/Common/DerivedDataCache/Buckets/GlobalShaderMap/d3/d9/9048ed026e29614f92e6c56a51e5fac269c6.udd" 3422
"C:/Users/Husky Cal/AppData/Local/UnrealEngine/Common/DerivedDataCache/Buckets/GlobalShaderMap/68/0b/5c540bbbb5212a30fee88fb2b3954d251df2.udd" 3423
"C:/Users/Husky Cal/AppData/Local/UnrealEngine/Common/DerivedDataCache/Buckets/GlobalShaderMap/a0/28/118d36dec6310c68feba62cfa7e1d3d75333.udd" 3424
"C:/Users/Husky Cal/AppData/Local/UnrealEngine/Common/DerivedDataCache/Buckets/GlobalShaderMap/34/54/074c9481e435694c4389c9837a85fa6d5a1b.udd" 3425
"C:/Users/Husky Cal/AppData/Local/UnrealEngine/Common/DerivedDataCache/Buckets/GlobalShaderMap/ef/a0/d3a2d79e6c0ba0d79f4df19eb491f955d7e0.udd" 3426
"C:/Users/Husky Cal/AppData/Local/UnrealEngine/Common/DerivedDataCache/Buckets/GlobalShaderMap/a3/0e/2ca719a6ad46d2f9869521afe2674916b81c.udd" 3427
"C:/Users/Husky Cal/AppData/Local/UnrealEngine/Common/DerivedDataCache/Buckets/GlobalShaderMap/9c/d3/dc9ad68441ff2b6cc380c7b6b3d864591740.udd" 3428
"C:/Users/Husky Cal/AppData/Local/UnrealEngine/Common/DerivedDataCache/Buckets/GlobalShaderMap/3c/7f/61818b3b2cd61268954df1152da005d6f36c.udd" 3429
"C:/Users/Husky Cal/AppData/Local/UnrealEngine/Common/DerivedDataCache/Buckets/GlobalShaderMap/52/96/1ab4e8216dee0bfed969719b12a0a9bfec9f.udd" 3430
"C:/Users/Husky Cal/AppData/Local/UnrealEngine/Common/DerivedDataCache/Buckets/GlobalShaderMap/80/7f/2aa0f8513c5801bb3a9e4ce9b2789e698ea1.udd" 3431
"C:/Users/Husky Cal/AppData/Local/UnrealEngine/Common/DerivedDataCache/Buckets/GlobalShaderMap/3a/82/1a65cdff437df03bf3362e54db1c76b382d4.udd" 3432
"C:/Users/Husky Cal/AppData/Local/UnrealEngine/Common/DerivedDataCache/Buckets/GlobalShaderMap/1d/3f/64aa6f5b1920b79f0eb1b914d5a1f42a767c.udd" 3433
"C:/Users/Husky Cal/AppData/Local/UnrealEngine/Common/DerivedDataCache/Buckets/GlobalShaderMap/1a/56/0045cadf86e94de46c4a3507b5f046b44493.udd" 3434
"C:/Users/Husky Cal/AppData/Local/UnrealEngine/Common/DerivedDataCache/Buckets/GlobalShaderMap/36/a1/4df72157deeb67734deba21338aca237cf70.udd" 3435
"C:/Users/Husky Cal/AppData/Local/UnrealEngine/Common/DerivedDataCache/Buckets/GlobalShaderMap/2d/39/aa285721f899cf1e42786f4b9bb274196284.udd" 3436
"C:/Users/Husky Cal/AppData/Local/UnrealEngine/Common/DerivedDataCache/Buckets/GlobalShaderMap/01/fb/a11b37d1d52fa70a516239100b7a387a3607.udd" 3437
"C:/Users/Husky Cal/AppData/Local/UnrealEngine/Common/DerivedDataCache/Buckets/GlobalShaderMap/ff/9c/f1b19f98e63d12305f86820803e7ad9b5f2c.udd" 3438
"C:/Users/Husky Cal/AppData/Local/UnrealEngine/Common/DerivedDataCache/Buckets/GlobalShaderMap/8c/b9/f24ef2201fe1c946cc85ae9b6749479656ac.udd" 3439
"C:/Users/Husky Cal/AppData/Local/UnrealEngine/Common/DerivedDataCache/Buckets/GlobalShaderMap/d0/4d/e558de4390bd12e848911f3045fb5fae51be.udd" 3440
"C:/Users/Husky Cal/AppData/Local/UnrealEngine/Common/DerivedDataCache/Buckets/GlobalShaderMap/9b/14/a972d5030da314958d45f3e35f9daa58e55c.udd" 3441
"C:/Users/Husky Cal/AppData/Local/UnrealEngine/Common/DerivedDataCache/Buckets/GlobalShaderMap/fa/11/6d68172c8faee85f879fc15bd1f0f43fe471.udd" 3442
"C:/Users/Husky Cal/AppData/Local/UnrealEngine/Common/DerivedDataCache/Buckets/GlobalShaderMap/e5/6f/59e1b0311a97b46f05fd284f30a2cec21375.udd" 3443
"C:/Users/Husky Cal/AppData/Local/UnrealEngine/Common/DerivedDataCache/Buckets/GlobalShaderMap/3d/3b/b57d4acc28221053a3c2114bf01068ad84ec.udd" 3444
"C:/Users/Husky Cal/AppData/Local/UnrealEngine/Common/DerivedDataCache/Buckets/GlobalShaderMap/14/b8/939bdbf0cb95121259323688760d8937409d.udd" 3445
"C:/Users/Husky Cal/AppData/Local/UnrealEngine/Common/DerivedDataCache/Buckets/GlobalShaderMap/46/31/763fd037a2827081f21f260c30b1b4c6db48.udd" 3446
"C:/Users/Husky Cal/AppData/Local/UnrealEngine/Common/DerivedDataCache/Buckets/GlobalShaderMap/dc/72/3d0044e9720a03da74b1c450a725f54e8ceb.udd" 3447
"C:/Users/Husky Cal/AppData/Local/UnrealEngine/Common/DerivedDataCache/Buckets/GlobalShaderMap/f0/c9/c7a2a86604754d47e3d115eff3bb2627394f.udd" 3448
"C:/Users/Husky Cal/AppData/Local/UnrealEngine/Common/DerivedDataCache/Buckets/GlobalShaderMap/f1/c1/80e3deef6e9519a65f091a9537442945a2ce.udd" 3449
"C:/Users/Husky Cal/AppData/Local/UnrealEngine/Common/DerivedDataCache/Buckets/GlobalShaderMap/51/88/fbe2956b8d0a16038dd350ebe8251139e834.udd" 3450
"C:/Users/Husky Cal/AppData/Local/UnrealEngine/Common/DerivedDataCache/Buckets/GlobalShaderMap/60/e9/1297f53fc9d90d9aeeaff9e7b7a5c53a0baa.udd" 3451
"C:/Users/Husky Cal/AppData/Local/UnrealEngine/Common/DerivedDataCache/Buckets/GlobalShaderMap/64/cd/8390638ed60aebcc6e15a8c8b6bede617ed2.udd" 3452
"C:/Users/Husky Cal/AppData/Local/UnrealEngine/Common/DerivedDataCache/Buckets/GlobalShaderMap/1c/3a/45a612b7f14892493a53661cc209dd698c6f.udd" 3453
"C:/Users/Husky Cal/AppData/Local/UnrealEngine/Common/DerivedDataCache/Buckets/GlobalShaderMap/5b/68/4f446ec662d3c11d276eedf7ee699406b387.udd" 3454
"C:/Users/Husky Cal/AppData/Local/UnrealEngine/Common/DerivedDataCache/Buckets/GlobalShaderMap/de/94/6743a8c6ee3ea565cb52fa1de4421ca01787.udd" 3455
"C:/Users/Husky Cal/AppData/Local/UnrealEngine/Common/DerivedDataCache/Buckets/GlobalShaderMap/ce/d3/314da4b1925b0be32d8c2f4dcc715b7ca0c2.udd" 3456
"C:/Users/Husky Cal/AppData/Local/UnrealEngine/Common/DerivedDataCache/Buckets/GlobalShaderMap/c9/17/b5f7c4c768f249889ddb695c42f3d4f80d35.udd" 3457
"C:/Users/Husky Cal/AppData/Local/UnrealEngine/Common/DerivedDataCache/Buckets/GlobalShaderMap/63/8d/5ad5c419af34ac50d86ae30c8cdc2f00e192.udd" 3458
"C:/Users/Husky Cal/AppData/Local/UnrealEngine/Common/DerivedDataCache/Buckets/GlobalShaderMap/de/cf/741057a95d54616f7344f0c3f7a63bcae27f.udd" 3459
"C:/Users/Husky Cal/AppData/Local/UnrealEngine/Common/DerivedDataCache/Buckets/GlobalShaderMap/c2/1f/d016804113a9d3aec173421035d7e0f5d15f.udd" 3460
"C:/Users/Husky Cal/AppData/Local/UnrealEngine/Common/DerivedDataCache/Buckets/GlobalShaderMap/1c/6d/dc04e8429dcf56b16422dcc51eaa5577d2b9.udd" 3461
"C:/Users/Husky Cal/AppData/Local/UnrealEngine/Common/DerivedDataCache/Buckets/GlobalShaderMap/a9/b1/ddc867145f437f7a9eeca01578ba461b066e.udd" 3462
"C:/Users/Husky Cal/AppData/Local/UnrealEngine/Common/DerivedDataCache/Buckets/GlobalShaderMap/b5/e3/2400c964ff57f662adb02b98010368625072.udd" 3463
"C:/Users/Husky Cal/AppData/Local/UnrealEngine/Common/DerivedDataCache/Buckets/GlobalShaderMap/eb/81/1cacbc479f46d226d484e236f1a1ee5a7d49.udd" 3464
"C:/Users/Husky Cal/AppData/Local/UnrealEngine/Common/DerivedDataCache/Buckets/GlobalShaderMap/da/a9/830999db26895ac73e403aa852bb16c6c093.udd" 3465
"C:/Users/Husky Cal/AppData/Local/UnrealEngine/Common/DerivedDataCache/Buckets/GlobalShaderMap/a4/a0/ceac01fbf8e59f22291a0b2c0d8cfbaaf665.udd" 3466
"C:/Users/Husky Cal/AppData/Local/UnrealEngine/Common/DerivedDataCache/Buckets/GlobalShaderMap/c3/97/b67efb950b01877b363194cd26e9b641285b.udd" 3467
"C:/Users/Husky Cal/AppData/Local/UnrealEngine/Common/DerivedDataCache/Buckets/GlobalShaderMap/d5/7c/e4b7e90917c58c2e8533d941915a19e8ae21.udd" 3468
"C:/Users/Husky Cal/AppData/Local/UnrealEngine/Common/DerivedDataCache/Buckets/GlobalShaderMap/7f/d9/a7e25635fd780a6c8420a353f4d3aaa47813.udd" 3469
"C:/Users/Husky Cal/AppData/Local/UnrealEngine/Common/DerivedDataCache/Buckets/GlobalShaderMap/2f/68/e737e2c867dc91aeb2a20fc471a258b591ee.udd" 3470
"C:/Users/Husky Cal/AppData/Local/UnrealEngine/Common/DerivedDataCache/Buckets/GlobalShaderMap/98/e8/3021294477c6926a40e3d8aed7812867c0c3.udd" 3471
"C:/Users/Husky Cal/AppData/Local/UnrealEngine/Common/DerivedDataCache/Buckets/GlobalShaderMap/93/ef/a5295ca6b8c5796e3a6bf6fc33ea7e30f799.udd" 3472
"C:/Users/Husky Cal/AppData/Local/UnrealEngine/Common/DerivedDataCache/Buckets/GlobalShaderMap/92/35/3cf21ce0ed3c16cd97b29a13a75514863253.udd" 3473
"C:/Users/Husky Cal/AppData/Local/UnrealEngine/Common/DerivedDataCache/Buckets/GlobalShaderMap/93/01/883d910a62066056f54cbf784657d228b103.udd" 3474
"C:/Users/Husky Cal/AppData/Local/UnrealEngine/Common/DerivedDataCache/Buckets/GlobalShaderMap/61/5d/a7b4044464c59700e4d1a54bcc022ff0a6c0.udd" 3475
"C:/Users/Husky Cal/AppData/Local/UnrealEngine/Common/DerivedDataCache/Buckets/GlobalShaderMap/db/82/aa740f877797dc06f74fbe6ec4f121ac3d11.udd" 3476
"C:/Users/Husky Cal/AppData/Local/UnrealEngine/Common/DerivedDataCache/Buckets/GlobalShaderMap/5f/3f/09f7aa2f96f8080d6f77323e765c8b7918c1.udd" 3477
"C:/Users/Husky Cal/AppData/Local/UnrealEngine/Common/DerivedDataCache/Buckets/GlobalShaderMap/d0/d1/b74a9188ffbc7017496ee3a7edeee58e7e49.udd" 3478
"C:/Users/Husky Cal/AppData/Local/UnrealEngine/Common/DerivedDataCache/Buckets/GlobalShaderMap/eb/7e/21bba047463fad3be5efad82e079244b26a9.udd" 3479
"C:/Users/Husky Cal/AppData/Local/UnrealEngine/Common/DerivedDataCache/Buckets/GlobalShaderMap/ff/63/bb3c7c93ea47d63b67e99d3b56eded728e0c.udd" 3480
"C:/Users/Husky Cal/AppData/Local/UnrealEngine/Common/DerivedDataCache/Buckets/GlobalShaderMap/f3/38/41ea6f7e0713c5974bd1f2ddab129d036ea3.udd" 3481
"C:/Users/Husky Cal/AppData/Local/UnrealEngine/Common/DerivedDataCache/Buckets/GlobalShaderMap/af/31/3209c69cc9be6641ff4aba49fc8a145ac3b2.udd" 3482
"C:/Users/Husky Cal/AppData/Local/UnrealEngine/Common/DerivedDataCache/Buckets/GlobalShaderMap/68/db/5e396c2607b4bb6e8c626828eb0dbb291898.udd" 3483
"C:/Users/Husky Cal/AppData/Local/UnrealEngine/Common/DerivedDataCache/Buckets/GlobalShaderMap/79/2f/ef8f5e267348c809b8844bcb089b9a15ffc9.udd" 3484
"C:/Users/Husky Cal/AppData/Local/UnrealEngine/Common/DerivedDataCache/Buckets/GlobalShaderMap/c3/cb/938abc5a2cf448960a923f53506abf9f2162.udd" 3485
"C:/Users/Husky Cal/AppData/Local/UnrealEngine/Common/DerivedDataCache/Buckets/GlobalShaderMap/1e/1e/b55dac085949bcf31abd0357c5d034ad30f4.udd" 3486
"C:/Users/Husky Cal/AppData/Local/UnrealEngine/Common/DerivedDataCache/Buckets/GlobalShaderMap/24/97/0b708372bafa2261007ad3ea6f82615e7f0c.udd" 3487
"C:/Users/Husky Cal/AppData/Local/UnrealEngine/Common/DerivedDataCache/Buckets/GlobalShaderMap/f9/50/eff835cc8ed78e378616ecf920a03c7932cd.udd" 3488
"C:/Users/Husky Cal/AppData/Local/UnrealEngine/Common/DerivedDataCache/Buckets/GlobalShaderMap/63/4e/3cfb7f7c669e3a6456e0dc163d45588b5114.udd" 3489
"C:/Users/Husky Cal/AppData/Local/UnrealEngine/Common/DerivedDataCache/Buckets/GlobalShaderMap/ad/ff/5e602e094e6717e0b5aa9dbaf3648e801b67.udd" 3490
"C:/Users/Husky Cal/AppData/Local/UnrealEngine/Common/DerivedDataCache/Buckets/GlobalShaderMap/f7/2d/b4bd385073e076b0b983608adb7aa647c851.udd" 3491
"C:/Users/Husky Cal/AppData/Local/UnrealEngine/Common/DerivedDataCache/Buckets/GlobalShaderMap/f5/a8/d4a8c3dec5a0ce95a47998fbb3861aa0b2a0.udd" 3492
"C:/Users/Husky Cal/AppData/Local/UnrealEngine/Common/DerivedDataCache/Buckets/GlobalShaderMap/05/36/cb8aa1644a19de94911ffadfae2cd2a1dc56.udd" 3493
"C:/Users/Husky Cal/AppData/Local/UnrealEngine/Common/DerivedDataCache/Buckets/GlobalShaderMap/bb/70/3d8411ba5442f79d12befb111c58c5f4054d.udd" 3494
"C:/Users/Husky Cal/AppData/Local/UnrealEngine/Common/DerivedDataCache/Buckets/GlobalShaderMap/d2/a2/54147433ae822b3583b35d2162f80a224fc9.udd" 3495
"C:/Users/Husky Cal/AppData/Local/UnrealEngine/Common/DerivedDataCache/Buckets/GlobalShaderMap/03/f2/9fac7d0ee7c241ec111deb26e45d6b167466.udd" 3496
"C:/Users/Husky Cal/AppData/Local/UnrealEngine/Common/DerivedDataCache/Buckets/GlobalShaderMap/6c/e5/b6c4f9f0bb245b85b5498830068206a8630d.udd" 3497
"C:/Users/Husky Cal/AppData/Local/UnrealEngine/Common/DerivedDataCache/Buckets/GlobalShaderMap/80/fe/ced00644c8f9a757198ee0e8cc53c95ae266.udd" 3498
"C:/Users/Husky Cal/AppData/Local/UnrealEngine/Common/DerivedDataCache/Buckets/GlobalShaderMap/af/7d/46cb2c9fe3824e137b0fc75adb160bb9b443.udd" 3499
"C:/Users/Husky Cal/AppData/Local/UnrealEngine/Common/DerivedDataCache/Buckets/GlobalShaderMap/82/50/c61e6767d97c3bb1f6e4df5805e1e6e6248e.udd" 3500
"C:/Users/Husky Cal/AppData/Local/UnrealEngine/Common/DerivedDataCache/Buckets/GlobalShaderMap/e6/2f/cc9df3c9dbf24181cf3ee04f0a3aa3c95820.udd" 3501
"C:/Users/Husky Cal/AppData/Local/UnrealEngine/Common/DerivedDataCache/Buckets/GlobalShaderMap/5c/10/25eac0aa9cdf99ec43be173dd4831536f81a.udd" 3502
"C:/Users/Husky Cal/AppData/Local/UnrealEngine/Common/DerivedDataCache/Buckets/GlobalShaderMap/a3/1d/7bbe57d308f40b004087ae8a7aee618bf15f.udd" 3503
"C:/Users/Husky Cal/AppData/Local/UnrealEngine/Common/DerivedDataCache/Buckets/GlobalShaderMap/af/c2/e66c2e9d4360c0812b5be440ec6657a8bf22.udd" 3504
"C:/Users/Husky Cal/AppData/Local/UnrealEngine/Common/DerivedDataCache/Buckets/GlobalShaderMap/cb/ce/c440c1e91923a01db5094684e0aa6ccb9416.udd" 3505
"C:/Users/Husky Cal/AppData/Local/UnrealEngine/Common/DerivedDataCache/Buckets/GlobalShaderMap/30/40/1236063abb0946dc5b9e63e8594dff51554a.udd" 3506
"C:/Users/Husky Cal/AppData/Local/UnrealEngine/Common/DerivedDataCache/Buckets/GlobalShaderMap/4d/40/0f1725fc5a18983e2d39cb0cd15b62728bbc.udd" 3507
"C:/Users/Husky Cal/AppData/Local/UnrealEngine/Common/DerivedDataCache/Buckets/GlobalShaderMap/7b/cd/fb2eceb3436f5785ea95d8dafc863189af5d.udd" 3508
"C:/Users/Husky Cal/AppData/Local/UnrealEngine/Common/DerivedDataCache/Buckets/GlobalShaderMap/54/7a/1ee5ef806daf1027f41f1be4a319650857a3.udd" 3509
"C:/Users/Husky Cal/AppData/Local/UnrealEngine/Common/DerivedDataCache/Buckets/GlobalShaderMap/96/3e/0deaaff524f4753bb516138cdf41af6d51dc.udd" 3510
"C:/Users/Husky Cal/AppData/Local/UnrealEngine/Common/DerivedDataCache/Buckets/GlobalShaderMap/52/31/e76b953a80137a00a726ebfa5c385e6e7557.udd" 3511
"C:/Users/Husky Cal/AppData/Local/UnrealEngine/Common/DerivedDataCache/Buckets/GlobalShaderMap/d1/be/d232a7b64afc23f7dc60e97df9661856a3f9.udd" 3512
"C:/Users/Husky Cal/AppData/Local/UnrealEngine/Common/DerivedDataCache/Buckets/GlobalShaderMap/91/0a/a221d401c91c5778c97dfc4addacc9f93335.udd" 3513
"C:/Users/Husky Cal/AppData/Local/UnrealEngine/Common/DerivedDataCache/Buckets/GlobalShaderMap/c5/1d/79bb657c3dc628a5a6d77425c51387b7dc60.udd" 3514
"C:/Users/Husky Cal/AppData/Local/UnrealEngine/Common/DerivedDataCache/Buckets/GlobalShaderMap/60/1d/415021fd068fb533ccebbc122ed1b4075974.udd" 3515
"C:/Users/Husky Cal/AppData/Local/UnrealEngine/Common/DerivedDataCache/Buckets/GlobalShaderMap/80/ea/7d26d950d707ac50df29f9e83a0f485cfbe1.udd" 3516
"C:/Users/Husky Cal/AppData/Local/UnrealEngine/Common/DerivedDataCache/Buckets/GlobalShaderMap/97/78/e45f7be5ccd52e0551d09afda9da800da761.udd" 3517
"../../../Engine/Plugins/Interchange/Runtime/Content/Pipelines/DefaultTexturePipeline.uasset" 3518
"../../../Engine/Content/EngineSounds/Master.uasset" 3519
"../../../Engine/Plugins/Interchange/Runtime/Content/Pipelines/DefaultMaterialPipeline.uasset" 3520
"../../../Engine/Plugins/Interchange/Runtime/Content/Pipelines/DefaultSceneLevelPipeline.uasset" 3521
"../../../Engine/Plugins/Interchange/Runtime/Content/Pipelines/DefaultSceneAssetsPipeline.uasset" 3522
"../../../Engine/Content/EngineDebugMaterials/DebugEditorMaterial.uasset" 3523
"../../../Engine/Plugins/Animation/ControlRig/Content/Controls/ControlRigGizmoMaterial.uasset" 3524
"../../../Engine/Content/EngineMaterials/STBlueNoise_scalar_128x128x64.uasset" 3525
"../../../Engine/Content/EngineMaterials/STBlueNoise_vec2_128x128x64.uasset" 3526
"../../../Engine/Plugins/Interchange/Runtime/Content/Pipelines/DefaultAssetsPipeline.uasset" 3527
"../../../Engine/Content/EngineResources/FilmGrains/Marcie_Grain_v3_128_M2_000.uasset" 3528
"../../../Engine/Content/EditorResources/BSPVertex.uasset" 3529
"F:/Pro/FPSRogueLikePrj/FPSRogueLike/Content/Maps/NewProjectTest.umap" 3530
"F:/Pro/FPSRogueLikePrj/FPSRogueLike/Content/Boss/Tasks/BT_TaskBossPatrol.uasset" 3531
"F:/Pro/FPSRogueLikePrj/FPSRogueLike/Content/Boss/Tasks/BT_TaskBossChaseTarget.uasset" 3532
"../../../Engine/Content/EngineMaterials/DefaultBloomKernel.uasset" 3533
"F:/Pro/FPSRogueLikePrj/FPSRogueLike/Content/Boss/Tasks/BT_TaskBossAttack.uasset" 3534
"F:/Pro/FPSRogueLikePrj/FPSRogueLike/Content/Boss/BB_Boss.uasset" 3535
"F:/Pro/FPSRogueLikePrj/FPSRogueLike/Content/_GENERATED/HuskyCal/Cylinder_47BA4488.uasset" 3536
"F:/Pro/FPSRogueLikePrj/FPSRogueLike/Content/_GENERATED/HuskyCal/Sphere_D6C0F1A2.uasset" 3537
"F:/Pro/FPSRogueLikePrj/FPSRogueLike/Content/_GENERATED/HuskyCal/Cylinder_4BAB6130.uasset" 3538
"F:/Pro/FPSRogueLikePrj/FPSRogueLike/Content/_GENERATED/HuskyCal/Cylinder_C8B8BECB.uasset" 3539
"F:/Pro/FPSRogueLikePrj/FPSRogueLike/Content/_GENERATED/HuskyCal/Cylinder_999BEFA3.uasset" 3540
"F:/Pro/FPSRogueLikePrj/FPSRogueLike/Content/_GENERATED/HuskyCal/Box_129F86AC.uasset" 3541
"F:/Pro/FPSRogueLikePrj/FPSRogueLike/Content/_GENERATED/HuskyCal/Cylinder_E961D12D.uasset" 3542
"F:/Pro/FPSRogueLikePrj/FPSRogueLike/Content/_GENERATED/HuskyCal/Cylinder_CAB88535.uasset" 3543
"F:/Pro/FPSRogueLikePrj/FPSRogueLike/Content/_GENERATED/HuskyCal/Cylinder_133ACD06.uasset" 3544
"F:/Pro/FPSRogueLikePrj/FPSRogueLike/Content/_GENERATED/HuskyCal/Box_EC39002F.uasset" 3545
"F:/Pro/FPSRogueLikePrj/FPSRogueLike/Content/StarterContent/Textures/T_Wood_Walnut_N.uasset" 3546
"F:/Pro/FPSRogueLikePrj/FPSRogueLike/Content/StarterContent/Textures/T_Wood_Walnut_D.uasset" 3547
"F:/Pro/FPSRogueLikePrj/FPSRogueLike/Content/StarterContent/Textures/T_Wood_Pine_N.uasset" 3548
"F:/Pro/FPSRogueLikePrj/FPSRogueLike/Content/StarterContent/Textures/T_Wood_Pine_D.uasset" 3549
"F:/Pro/FPSRogueLikePrj/FPSRogueLike/Content/StarterContent/Textures/T_Wood_Oak_N.uasset" 3550
"F:/Pro/FPSRogueLikePrj/FPSRogueLike/Content/StarterContent/Textures/T_Wood_Oak_D.uasset" 3551
"F:/Pro/FPSRogueLikePrj/FPSRogueLike/Content/StarterContent/Textures/T_Wood_Floor_Walnut_N.uasset" 3552
"F:/Pro/FPSRogueLikePrj/FPSRogueLike/Content/StarterContent/Textures/T_Wood_Floor_Walnut_M.uasset" 3553
"F:/Pro/FPSRogueLikePrj/FPSRogueLike/Content/StarterContent/Textures/T_Wood_Floor_Walnut_D.uasset" 3554
"F:/Pro/FPSRogueLikePrj/FPSRogueLike/Content/StarterContent/Textures/T_Water_N.uasset" 3555
"F:/Pro/FPSRogueLikePrj/FPSRogueLike/Content/StarterContent/Textures/T_Water_M.uasset" 3556
"C:/Users/Husky Cal/AppData/Local/UnrealEngine/Common/DerivedDataCache/Buckets/BulkDataList/61/78/4e650afa82f71324afa1f14823150754d48e.udd" 3557
"F:/Pro/FPSRogueLikePrj/FPSRogueLike/Content/StarterContent/Textures/T_Tech_Panel_N.uasset" 3558
"C:/Users/Husky Cal/AppData/Local/UnrealEngine/Common/DerivedDataCache/Buckets/BulkDataList/48/d4/bc77e4f1e879cccaf5b15d27613eba242ee4.udd" 3559
"F:/Pro/FPSRogueLikePrj/FPSRogueLike/Content/StarterContent/Textures/T_Tech_Panel_M.uasset" 3560
"F:/Pro/FPSRogueLikePrj/FPSRogueLike/Content/StarterContent/Textures/T_Tech_Hex_Tile_N.uasset" 3561
"C:/Users/Husky Cal/AppData/Local/UnrealEngine/Common/DerivedDataCache/Buckets/BulkDataList/38/e9/18dfeb17226af5276e41bf5ad1cc9e3996a0.udd" 3562
"F:/Pro/FPSRogueLikePrj/FPSRogueLike/Content/StarterContent/Textures/T_Tech_Hex_Tile_M.uasset" 3563
"C:/Users/Husky Cal/AppData/Local/UnrealEngine/Common/DerivedDataCache/Buckets/BulkDataList/f7/0c/67c231995c96faf3b06bd41bcb47e97cf148.udd" 3564
"F:/Pro/FPSRogueLikePrj/FPSRogueLike/Content/StarterContent/Textures/T_Tech_Dot_N.uasset" 3565
"C:/Users/Husky Cal/AppData/Local/UnrealEngine/Common/DerivedDataCache/Buckets/BulkDataList/e2/e4/b376d0ca5220909c99dc6a4a3e6515466f6b.udd" 3566
"F:/Pro/FPSRogueLikePrj/FPSRogueLike/Content/StarterContent/Textures/T_Tech_Dot_M.uasset" 3567
"F:/Pro/FPSRogueLikePrj/FPSRogueLike/Content/StarterContent/Textures/T_TableRound_N.uasset" 3568
"F:/Pro/FPSRogueLikePrj/FPSRogueLike/Content/StarterContent/Textures/T_TableRound_M.uasset" 3569
"F:/Pro/FPSRogueLikePrj/FPSRogueLike/Content/StarterContent/Textures/T_Statue_N.uasset" 3570
"F:/Pro/FPSRogueLikePrj/FPSRogueLike/Content/StarterContent/Textures/T_Statue_M.uasset" 3571
"F:/Pro/FPSRogueLikePrj/FPSRogueLike/Content/StarterContent/Textures/T_Spark_Core.uasset" 3572
"C:/Users/Husky Cal/AppData/Local/UnrealEngine/Common/DerivedDataCache/Buckets/StaticMesh/d6/a2/291992af74588949bd95ebe0feb1943d62ff.udd" 3573
"C:/Users/Husky Cal/AppData/Local/UnrealEngine/Common/DerivedDataCache/Buckets/LegacyDIST/34/91/35ae35c779d0bb4ef6f092cf711a98a44d56.udd" 3574
"C:/Users/Husky Cal/AppData/Local/UnrealEngine/Common/DerivedDataCache/Buckets/LegacyCARD/7a/d7/50ae8d2a66735f518790c2e0b7018d5dc010.udd" 3575
"C:/Users/Husky Cal/AppData/Local/UnrealEngine/Common/DerivedDataCache/Buckets/StaticMesh/d0/b5/a1f311819499cfc6aa660232611c8be707ee.udd" 3576
"C:/Users/Husky Cal/AppData/Local/UnrealEngine/Common/DerivedDataCache/Buckets/LegacyDIST/06/60/d647916bde7b9fec0b08b2645828983a7c10.udd" 3577
"C:/Users/Husky Cal/AppData/Local/UnrealEngine/Common/DerivedDataCache/Buckets/LegacyCARD/ef/c0/b6f50eedd5f46f839166855189549e0e2eb5.udd" 3578
"C:/Users/Husky Cal/AppData/Local/UnrealEngine/Common/DerivedDataCache/Buckets/LegacyNavCollision/7e/b3/9bc19552b18017452f207bf5bb37b1148193.udd" 3579
"F:/Pro/FPSRogueLikePrj/FPSRogueLike/Content/StarterContent/Textures/T_Smoke_Tiled_D.uasset" 3580
"F:/Pro/FPSRogueLikePrj/FPSRogueLike/Content/StarterContent/Textures/T_Smoke_SubUV.uasset" 3581
"F:/Pro/FPSRogueLikePrj/FPSRogueLike/Content/StarterContent/Textures/T_Single_Tile_N.uasset" 3582
"F:/Pro/FPSRogueLikePrj/FPSRogueLike/Content/StarterContent/Textures/T_Shelf_N.uasset" 3583
"F:/Pro/FPSRogueLikePrj/FPSRogueLike/Content/StarterContent/Textures/T_Shelf_M.uasset" 3584
"F:/Pro/FPSRogueLikePrj/FPSRogueLike/Content/StarterContent/Textures/T_Rock_Smooth_Granite_D.uasset" 3585
"C:/Users/Husky Cal/AppData/Local/UnrealEngine/Common/DerivedDataCache/Buckets/StaticMesh/07/54/7aaf6b708100910470c555f274f8e974f2e8.udd" 3586
"C:/Users/Husky Cal/AppData/Local/UnrealEngine/Common/DerivedDataCache/Buckets/StaticMesh/54/5d/442f0e6449464efeb40ccc7c94e055858e05.udd" 3587
"C:/Users/Husky Cal/AppData/Local/UnrealEngine/Common/DerivedDataCache/Buckets/LegacyDIST/d2/1a/c698501e08122cb12ff55a50ef6d95fa97f3.udd" 3588
"C:/Users/Husky Cal/AppData/Local/UnrealEngine/Common/DerivedDataCache/Buckets/LegacyDIST/f8/2e/99e6f58f73ecdd02d28dbd5277e771d80bed.udd" 3589
"C:/Users/Husky Cal/AppData/Local/UnrealEngine/Common/DerivedDataCache/Buckets/LegacyCARD/98/75/24a01013f1fe999f8464cfbc4dad4dd469c8.udd" 3590
"C:/Users/Husky Cal/AppData/Local/UnrealEngine/Common/DerivedDataCache/Buckets/LegacyCARD/aa/ef/978b30b59fc00b13b5f88ea9f21427a00d1f.udd" 3591
"F:/Pro/FPSRogueLikePrj/FPSRogueLike/Content/StarterContent/Textures/T_Rock_Slate_N.uasset" 3592
"C:/Users/Husky Cal/AppData/Local/UnrealEngine/Common/DerivedDataCache/Buckets/LegacyNavCollision/d5/65/8c2df9219cebec48529111024aa19733c7e8.udd" 3593
"C:/Users/Husky Cal/AppData/Local/UnrealEngine/Common/DerivedDataCache/Buckets/StaticMesh/46/f1/899d0d0b190d08e905656cd36c091c2ad926.udd" 3594
"C:/Users/Husky Cal/AppData/Local/UnrealEngine/Common/DerivedDataCache/Buckets/LegacyDIST/a5/e1/73e52c0293348a79781352d9c51c89f2d549.udd" 3595
"C:/Users/Husky Cal/AppData/Local/UnrealEngine/Common/DerivedDataCache/Buckets/LegacyCARD/34/ac/28346fef05306e7a45d3323c61c786fbcce7.udd" 3596
"C:/Users/Husky Cal/AppData/Local/UnrealEngine/Common/DerivedDataCache/Buckets/StaticMesh/94/b0/0ded80df67f63fd08b477e3d087da41385f0.udd" 3597
"C:/Users/Husky Cal/AppData/Local/UnrealEngine/Common/DerivedDataCache/Buckets/StaticMesh/c7/e2/746317e8e116adc1383fa67e6e0eeeb5ccaa.udd" 3598
"C:/Users/Husky Cal/AppData/Local/UnrealEngine/Common/DerivedDataCache/Buckets/LegacyDIST/ef/4b/f611c883b7a9e5873b3d3385266b3cd3e400.udd" 3599
"C:/Users/Husky Cal/AppData/Local/UnrealEngine/Common/DerivedDataCache/Buckets/LegacyDIST/0b/59/04a87fa2468d5759961b953cd4f34d6724fa.udd" 3600
"C:/Users/Husky Cal/AppData/Local/UnrealEngine/Common/DerivedDataCache/Buckets/LegacyCARD/34/1b/ae691e3ceb93dbeb5ab1f792ed5d396f77e4.udd" 3601
"C:/Users/Husky Cal/AppData/Local/UnrealEngine/Common/DerivedDataCache/Buckets/LegacyNavCollision/4a/8e/30ed2d3b8d195710e5d2aca4788f45f879a3.udd" 3602
"C:/Users/Husky Cal/AppData/Local/UnrealEngine/Common/DerivedDataCache/Buckets/LegacyCARD/ef/82/2fe0686d1ec3edc0bc85bb39f918b397a92b.udd" 3603
"C:/Users/Husky Cal/AppData/Local/UnrealEngine/Common/DerivedDataCache/Buckets/LegacyNavCollision/40/3e/7606495d6247f9192c4700e59654f12a3aca.udd" 3604
"C:/Users/Husky Cal/AppData/Local/UnrealEngine/Common/DerivedDataCache/Buckets/StaticMesh/31/49/42311a64e9aa11daf1a59468aa7584605deb.udd" 3605
"C:/Users/Husky Cal/AppData/Local/UnrealEngine/Common/DerivedDataCache/Buckets/StaticMesh/f6/49/58451f7e993e4b30fefe99d65794246c127f.udd" 3606
"C:/Users/Husky Cal/AppData/Local/UnrealEngine/Common/DerivedDataCache/Buckets/LegacyDIST/5b/09/1f302ed3212bb5ff7d1f5cd4b1889a45221d.udd" 3607
"C:/Users/Husky Cal/AppData/Local/UnrealEngine/Common/DerivedDataCache/Buckets/LegacyDIST/16/98/49ad0adcad4536cf60fafc1793b050167574.udd" 3608
"C:/Users/Husky Cal/AppData/Local/UnrealEngine/Common/DerivedDataCache/Buckets/LegacyCARD/32/28/bee81227bdbfc7e1ee8f1c339cd1b5890637.udd" 3609
"C:/Users/Husky Cal/AppData/Local/UnrealEngine/Common/DerivedDataCache/Buckets/LegacyCARD/ae/ef/5dc76814f7f6c12ee4730cbc5dbd05067439.udd" 3610
"C:/Users/Husky Cal/AppData/Local/UnrealEngine/Common/DerivedDataCache/Buckets/StaticMesh/eb/56/c26281cff427aeb6b4400ddac142a5a77bb5.udd" 3611
"C:/Users/Husky Cal/AppData/Local/UnrealEngine/Common/DerivedDataCache/Buckets/StaticMesh/eb/bc/be48aecae29921e7e6e1781c7ef83d17201b.udd" 3612
"C:/Users/Husky Cal/AppData/Local/UnrealEngine/Common/DerivedDataCache/Buckets/LegacyDIST/f5/01/0ba950f952d376ee0143c810afb5fffb50a8.udd" 3613
"C:/Users/Husky Cal/AppData/Local/UnrealEngine/Common/DerivedDataCache/Buckets/LegacyDIST/a9/07/aa0424c03d40ca4b3a3e885df33cdf74041f.udd" 3614
"C:/Users/Husky Cal/AppData/Local/UnrealEngine/Common/DerivedDataCache/Buckets/LegacyCARD/1d/cd/a540c690ea4582dcb938773ea62556787662.udd" 3615
"C:/Users/Husky Cal/AppData/Local/UnrealEngine/Common/DerivedDataCache/Buckets/LegacyCARD/d4/52/d2dd0662ac37bed4f89f8fa0125834be3eec.udd" 3616
"C:/Users/Husky Cal/AppData/Local/UnrealEngine/Common/DerivedDataCache/Buckets/LegacyNavCollision/7c/26/4f72c0b6d69c28a9eb319f1bf712b5ba981e.udd" 3617
"C:/Users/Husky Cal/AppData/Local/UnrealEngine/Common/DerivedDataCache/Buckets/LegacyNavCollision/5f/a2/00ff38fe28f9a0428b778009e804755ae8e4.udd" 3618
"C:/Users/Husky Cal/AppData/Local/UnrealEngine/Common/DerivedDataCache/Buckets/StaticMesh/00/ec/3818145163aa118cdba4d9a7e1913daa3717.udd" 3619
"C:/Users/Husky Cal/AppData/Local/UnrealEngine/Common/DerivedDataCache/Buckets/LegacyDIST/25/66/e71b2db38e466c23e86cb3685e5a01d13b69.udd" 3620
"C:/Users/Husky Cal/AppData/Local/UnrealEngine/Common/DerivedDataCache/Buckets/LegacyCARD/3f/fb/460abbd8738d6cb7079f4e8c15d6d44d81ac.udd" 3621
"C:/Users/Husky Cal/AppData/Local/UnrealEngine/Common/DerivedDataCache/Buckets/StaticMesh/7c/98/5a6979cc824ad9084e62f7ca09dd442f397a.udd" 3622
"C:/Users/Husky Cal/AppData/Local/UnrealEngine/Common/DerivedDataCache/Buckets/LegacyDIST/8b/91/439b15336ee4c9770d1fd91b451d2a2f0853.udd" 3623
"C:/Users/Husky Cal/AppData/Local/UnrealEngine/Common/DerivedDataCache/Buckets/LegacyCARD/7a/29/54ab71fabbc37270a31a0e5f8ce223f3d054.udd" 3624
"C:/Users/Husky Cal/AppData/Local/UnrealEngine/Common/DerivedDataCache/Buckets/LegacyNavCollision/91/f3/bfa0082ccc458a02fe3df9885cdd2f75bd95.udd" 3625
"C:/Users/Husky Cal/AppData/Local/UnrealEngine/Common/DerivedDataCache/Buckets/StaticMesh/80/c9/6ad4f40605e7501103cae258ec92e982caf7.udd" 3626
"C:/Users/Husky Cal/AppData/Local/UnrealEngine/Common/DerivedDataCache/Buckets/LegacyDIST/3f/a8/576982e207135e03a8f2b5baf4849da78989.udd" 3627
"C:/Users/Husky Cal/AppData/Local/UnrealEngine/Common/DerivedDataCache/Buckets/LegacyCARD/bd/d4/6ce489ebef460b8be631241549939eb1c1f8.udd" 3628
"C:/Users/Husky Cal/AppData/Local/UnrealEngine/Common/DerivedDataCache/Buckets/StaticMesh/24/2b/25095d66bc155d38a5aa092d17f33bf216bf.udd" 3629
"C:/Users/Husky Cal/AppData/Local/UnrealEngine/Common/DerivedDataCache/Buckets/LegacyDIST/6c/c3/1fce557c1f7574cf4d551762bf800466f397.udd" 3630
"C:/Users/Husky Cal/AppData/Local/UnrealEngine/Common/DerivedDataCache/Buckets/LegacyCARD/eb/8d/23ad97683a9b5f0043938409eeb2a328a4ae.udd" 3631
"C:/Users/Husky Cal/AppData/Local/UnrealEngine/Common/DerivedDataCache/Buckets/LegacyNavCollision/31/67/2fafd72bc70bbf29d5e19eecf5410dcdd681.udd" 3632
"F:/Pro/FPSRogueLikePrj/FPSRogueLike/Content/StarterContent/Textures/T_Rock_Slate_D.uasset" 3633
"C:/Users/Husky Cal/AppData/Local/UnrealEngine/Common/DerivedDataCache/Buckets/StaticMesh/71/e0/0305665b2c4c8a16c186bcce8cc1c6d330c4.udd" 3634
"C:/Users/Husky Cal/AppData/Local/UnrealEngine/Common/DerivedDataCache/Buckets/LegacyDIST/70/9d/1cc4a6f287d4ae42292e41581f85d92c234d.udd" 3635
"C:/Users/Husky Cal/AppData/Local/UnrealEngine/Common/DerivedDataCache/Buckets/LegacyCARD/4f/92/12264b9054498fc14abd2cb63963d2f1e70f.udd" 3636
"C:/Users/Husky Cal/AppData/Local/UnrealEngine/Common/DerivedDataCache/Buckets/StaticMesh/5b/b7/86731d1ba6dc965ebd3b76cf38b705437f3c.udd" 3637
"C:/Users/Husky Cal/AppData/Local/UnrealEngine/Common/DerivedDataCache/Buckets/LegacyDIST/4f/11/4a2d4cc83420b31b96267f65db59052b63b2.udd" 3638
"C:/Users/Husky Cal/AppData/Local/UnrealEngine/Common/DerivedDataCache/Buckets/LegacyCARD/7e/8e/05877980b6783693cdf7fb2b3da4ad073dcb.udd" 3639
"C:/Users/Husky Cal/AppData/Local/UnrealEngine/Common/DerivedDataCache/Buckets/LegacyNavCollision/e4/0a/cae8d967340d31e455e7bf18444f79a444b6.udd" 3640
"F:/Pro/FPSRogueLikePrj/FPSRogueLike/Content/StarterContent/Textures/T_Rock_Sandstone_N.uasset" 3641
"F:/Pro/FPSRogueLikePrj/FPSRogueLike/Content/StarterContent/Textures/T_Rock_Sandstone_D.uasset" 3642
"C:/Users/Husky Cal/AppData/Local/UnrealEngine/Common/DerivedDataCache/Buckets/StaticMesh/98/a8/fa00fb8cd8dc35c1fa41c57c008be228520f.udd" 3643
"C:/Users/Husky Cal/AppData/Local/UnrealEngine/Common/DerivedDataCache/Buckets/LegacyDIST/9c/1b/d2e3da15fe93ac9985dd2c00905470ddc03b.udd" 3644
"C:/Users/Husky Cal/AppData/Local/UnrealEngine/Common/DerivedDataCache/Buckets/LegacyCARD/aa/eb/77f2430935c84d201ab39d11d7e43572f4fa.udd" 3645
"C:/Users/Husky Cal/AppData/Local/UnrealEngine/Common/DerivedDataCache/Buckets/StaticMesh/f0/06/8543de5161726a64f9059a5d36ea346053a3.udd" 3646
"C:/Users/Husky Cal/AppData/Local/UnrealEngine/Common/DerivedDataCache/Buckets/LegacyDIST/37/3a/c869a5debaa3500938ddf7730b1e5723912a.udd" 3647
"C:/Users/Husky Cal/AppData/Local/UnrealEngine/Common/DerivedDataCache/Buckets/LegacyCARD/4f/f9/ecac1ae9fb5651a534a0787d7b3e0db5d9dd.udd" 3648
"C:/Users/Husky Cal/AppData/Local/UnrealEngine/Common/DerivedDataCache/Buckets/LegacyNavCollision/87/a9/72fb270f40c196d84096cf648b58791d9a53.udd" 3649
"F:/Pro/FPSRogueLikePrj/FPSRogueLike/Content/StarterContent/Textures/T_Rock_Marble_Polished_D.uasset" 3650
"C:/Users/Husky Cal/AppData/Local/UnrealEngine/Common/DerivedDataCache/Buckets/BulkDataList/e2/5f/85532f236834f419e1a86e4792aadaae5b1e.udd" 3651
"C:/Users/Husky Cal/AppData/Local/UnrealEngine/Common/DerivedDataCache/Buckets/BulkDataList/fb/86/81bee413d15f317b5cfae43b78731fd13706.udd" 3652
"F:/Pro/FPSRogueLikePrj/FPSRogueLike/Content/StarterContent/Textures/T_Rock_Basalt_N.uasset" 3653
"F:/Pro/FPSRogueLikePrj/FPSRogueLike/Content/StarterContent/Textures/T_Rock_Basalt_D.uasset" 3654
"C:/Users/Husky Cal/AppData/Local/UnrealEngine/Common/DerivedDataCache/Buckets/BulkDataList/ce/4f/595fea7e3a2f750751f120b86dbd24040cef.udd" 3655
"F:/Pro/FPSRogueLikePrj/FPSRogueLike/Content/StarterContent/Textures/T_RockMesh_N.uasset" 3656
"C:/Users/Husky Cal/AppData/Local/UnrealEngine/Common/DerivedDataCache/Buckets/BulkDataList/10/e5/35b5fc23dddb3c8c7ea1badee5b214de3ad1.udd" 3657
"F:/Pro/FPSRogueLikePrj/FPSRogueLike/Content/StarterContent/Textures/T_RockMesh_M.uasset" 3658
"C:/Users/Husky Cal/AppData/Local/UnrealEngine/Common/DerivedDataCache/Buckets/BulkDataList/db/3e/e6054f64bb8c366533abf280cb8e04a356eb.udd" 3659
"F:/Pro/FPSRogueLikePrj/FPSRogueLike/Content/StarterContent/Textures/T_Perlin_Noise_M.uasset" 3660
"C:/Users/Husky Cal/AppData/Local/UnrealEngine/Common/DerivedDataCache/Buckets/BulkDataList/ec/89/ed58fe462ff06206ed082aa2732d0101c386.udd" 3661
"C:/Users/Husky Cal/AppData/Local/UnrealEngine/Common/DerivedDataCache/Buckets/BulkDataList/a7/d8/c681bec7a8d2f33baa4320f6cec1091d78b5.udd" 3662
"F:/Pro/FPSRogueLikePrj/FPSRogueLike/Content/StarterContent/Textures/T_Metal_Steel_N.uasset" 3663
"C:/Users/Husky Cal/AppData/Local/UnrealEngine/Common/DerivedDataCache/Buckets/BulkDataList/5c/73/b232d00640dc5edb2007cffc29b32999e694.udd" 3664
"F:/Pro/FPSRogueLikePrj/FPSRogueLike/Content/StarterContent/Textures/T_Metal_Steel_D.uasset" 3665
"C:/Users/Husky Cal/AppData/Local/UnrealEngine/Common/DerivedDataCache/Buckets/BulkDataList/8e/91/1fe8fbf100b06d4f09f4ff0117b05beeebcb.udd" 3666
"F:/Pro/FPSRogueLikePrj/FPSRogueLike/Content/StarterContent/Textures/T_Metal_Rust_N.uasset" 3667
"C:/Users/Husky Cal/AppData/Local/UnrealEngine/Common/DerivedDataCache/Buckets/BulkDataList/ef/89/643f335a86eef6fbde9554f196a95734adc8.udd" 3668
"F:/Pro/FPSRogueLikePrj/FPSRogueLike/Content/StarterContent/Textures/T_Metal_Rust_D.uasset" 3669
"C:/Users/Husky Cal/AppData/Local/UnrealEngine/Common/DerivedDataCache/Buckets/BulkDataList/4b/ea/fb5a73153ba03d265430d8262da6a10a07f2.udd" 3670
"F:/Pro/FPSRogueLikePrj/FPSRogueLike/Content/StarterContent/Textures/T_Metal_Gold_N.uasset" 3671
"C:/Users/Husky Cal/AppData/Local/UnrealEngine/Common/DerivedDataCache/Buckets/BulkDataList/7a/fe/f08d0292bec0951d3c17c72aa4a356c331ae.udd" 3672
"F:/Pro/FPSRogueLikePrj/FPSRogueLike/Content/StarterContent/Textures/T_Metal_Gold_D.uasset" 3673
"C:/Users/Husky Cal/AppData/Local/UnrealEngine/Common/DerivedDataCache/Buckets/BulkDataList/5f/5d/1b890dcdd331bb7358ec874b3df1c8c8bb39.udd" 3674
"F:/Pro/FPSRogueLikePrj/FPSRogueLike/Content/StarterContent/Textures/T_Metal_Copper_D.uasset" 3675
"C:/Users/Husky Cal/AppData/Local/UnrealEngine/Common/DerivedDataCache/Buckets/BulkDataList/21/36/fca99e803536fcc71eff571d99f4569d5fca.udd" 3676
"F:/Pro/FPSRogueLikePrj/FPSRogueLike/Content/StarterContent/Textures/T_Metal_Aluminum_D.uasset" 3677
"C:/Users/Husky Cal/AppData/Local/UnrealEngine/Common/DerivedDataCache/Buckets/BulkDataList/8d/f4/e052678ac57498fc47a7b7df23b68e14bb09.udd" 3678
"F:/Pro/FPSRogueLikePrj/FPSRogueLike/Content/StarterContent/Textures/T_MacroVariation.uasset" 3679
"C:/Users/Husky Cal/AppData/Local/UnrealEngine/Common/DerivedDataCache/Buckets/BulkDataList/f2/1b/6cb31dfa18f26f7106130c3fa4d2948b15ad.udd" 3680
"F:/Pro/FPSRogueLikePrj/FPSRogueLike/Content/StarterContent/Textures/T_Lamp_N.uasset" 3681
"C:/Users/Husky Cal/AppData/Local/UnrealEngine/Common/DerivedDataCache/Buckets/BulkDataList/0a/d2/68251a3153c7f5adac5b5d5bb28cfee61679.udd" 3682
"F:/Pro/FPSRogueLikePrj/FPSRogueLike/Content/StarterContent/Textures/T_Lamp_M.uasset" 3683
"F:/Pro/FPSRogueLikePrj/FPSRogueLike/Content/StarterContent/Textures/T_Ground_Moss_N.uasset" 3684
"C:/Users/Husky Cal/AppData/Local/UnrealEngine/Common/DerivedDataCache/Buckets/BulkDataList/bc/61/770803f30bc0335baa57c41cd9f8685cdc6c.udd" 3685
"C:/Users/Husky Cal/AppData/Local/UnrealEngine/Common/DerivedDataCache/Buckets/BulkDataList/0e/67/c1c0881f2119ca7b2c119bd8aa7c1f005cf0.udd" 3686
"F:/Pro/FPSRogueLikePrj/FPSRogueLike/Content/StarterContent/Textures/T_ground_Moss_D.uasset" 3687
"F:/Pro/FPSRogueLikePrj/FPSRogueLike/Content/StarterContent/Textures/T_Ground_Gravel_N.uasset" 3688
"C:/Users/Husky Cal/AppData/Local/UnrealEngine/Common/DerivedDataCache/Buckets/BulkDataList/73/5c/6754c97d4f8bc4bf76a2210fc537ff75c4c8.udd" 3689
"F:/Pro/FPSRogueLikePrj/FPSRogueLike/Content/StarterContent/Textures/T_Ground_Gravel_D.uasset" 3690
"C:/Users/Husky Cal/AppData/Local/UnrealEngine/Common/DerivedDataCache/Buckets/BulkDataList/66/7b/2c76ef9c4aa87f67554275262940a894c82a.udd" 3691
"F:/Pro/FPSRogueLikePrj/FPSRogueLike/Content/StarterContent/Textures/T_Ground_Grass_N.uasset" 3692
"C:/Users/Husky Cal/AppData/Local/UnrealEngine/Common/DerivedDataCache/Buckets/BulkDataList/74/47/b560e3fa5285fed8150755a992eef804bd86.udd" 3693
"C:/Users/Husky Cal/AppData/Local/UnrealEngine/Common/DerivedDataCache/Buckets/BulkDataList/9a/bb/d2e5418b9c80ad28bc59a9e8af66de9eaf8e.udd" 3694
"F:/Pro/FPSRogueLikePrj/FPSRogueLike/Content/StarterContent/Textures/T_Ground_Grass_D.uasset" 3695
"C:/Users/Husky Cal/AppData/Local/UnrealEngine/Common/DerivedDataCache/Buckets/BulkDataList/5a/b6/6360491cfee1450da1c6ea9c84c7dcfb6174.udd" 3696
"F:/Pro/FPSRogueLikePrj/FPSRogueLike/Content/StarterContent/Textures/T_Gradinet_01.uasset" 3697
"C:/Users/Husky Cal/AppData/Local/UnrealEngine/Common/DerivedDataCache/Buckets/BulkDataList/77/d9/e65a454745732c7751dc68671db40ba7e70d.udd" 3698
"F:/Pro/FPSRogueLikePrj/FPSRogueLike/Content/StarterContent/Textures/T_Frame_N.uasset" 3699
"C:/Users/Husky Cal/AppData/Local/UnrealEngine/Common/DerivedDataCache/Buckets/BulkDataList/8c/6a/f0e95b2342d414de6f534e463457985f1723.udd" 3700
"F:/Pro/FPSRogueLikePrj/FPSRogueLike/Content/StarterContent/Textures/T_Frame_M.uasset" 3701
"C:/Users/Husky Cal/AppData/Local/UnrealEngine/Common/DerivedDataCache/Buckets/BulkDataList/c7/05/5d8ce9b084978e0cc0f6970f4521af8799b0.udd" 3702
"F:/Pro/FPSRogueLikePrj/FPSRogueLike/Content/StarterContent/Textures/T_Fire_Tiled_D.uasset" 3703
"F:/Pro/FPSRogueLikePrj/FPSRogueLike/Content/StarterContent/Textures/T_Fire_SubUV.uasset" 3704
"C:/Users/Husky Cal/AppData/Local/UnrealEngine/Common/DerivedDataCache/Buckets/BulkDataList/ef/cf/6165292f620278b8296162818bc4f13b91f6.udd" 3705
"C:/Users/Husky Cal/AppData/Local/UnrealEngine/Common/DerivedDataCache/Buckets/BulkDataList/4e/d3/0a146c00c4a5dd541dc44b3e24b087b2130d.udd" 3706
"F:/Pro/FPSRogueLikePrj/FPSRogueLike/Content/StarterContent/Textures/T_Explosion_SubUV.uasset" 3707
"C:/Users/Husky Cal/AppData/Local/UnrealEngine/Common/DerivedDataCache/Buckets/BulkDataList/c9/21/70ac974d4e95c7f8761bce71b7ee71881914.udd" 3708
"F:/Pro/FPSRogueLikePrj/FPSRogueLike/Content/StarterContent/Textures/T_Dust_Particle_D.uasset" 3709
"F:/Pro/FPSRogueLikePrj/FPSRogueLike/Content/StarterContent/Textures/T_Door_N.uasset" 3710
"C:/Users/Husky Cal/AppData/Local/UnrealEngine/Common/DerivedDataCache/Buckets/BulkDataList/8c/91/1b13c14a2bdef027a2ea130baccf83fddd9b.udd" 3711
"F:/Pro/FPSRogueLikePrj/FPSRogueLike/Content/StarterContent/Textures/T_Door_M.uasset" 3712
"C:/Users/Husky Cal/AppData/Local/UnrealEngine/Common/DerivedDataCache/Buckets/BulkDataList/31/ae/eb3c7c5ae27a613ce5bb03c504d2b6e414f3.udd" 3713
"F:/Pro/FPSRogueLikePrj/FPSRogueLike/Content/StarterContent/Textures/T_Detail_Rocky_N.uasset" 3714
"C:/Users/Husky Cal/AppData/Local/UnrealEngine/Common/DerivedDataCache/Buckets/BulkDataList/e1/07/97e9e20240bab132ca10e5a3537ae07ee4f7.udd" 3715
"C:/Users/Husky Cal/AppData/Local/UnrealEngine/Common/DerivedDataCache/Buckets/BulkDataList/79/de/2f37663afbd901bace557899988d98e2f5d3.udd" 3716
"F:/Pro/FPSRogueLikePrj/FPSRogueLike/Content/StarterContent/Textures/T_Concrete_Tiles_Variation_M.uasset" 3717
"F:/Pro/FPSRogueLikePrj/FPSRogueLike/Content/StarterContent/Textures/T_Concrete_Tiles_N.uasset" 3718
"C:/Users/Husky Cal/AppData/Local/UnrealEngine/Common/DerivedDataCache/Buckets/BulkDataList/6e/38/90dfaf37282f2e7bf934eacb8553e216263d.udd" 3719
"C:/Users/Husky Cal/AppData/Local/UnrealEngine/Common/DerivedDataCache/Buckets/BulkDataList/9e/c7/f5b44b4b4ec0f88d0f04ab774e96f59667fc.udd" 3720
"F:/Pro/FPSRogueLikePrj/FPSRogueLike/Content/StarterContent/Textures/T_Concrete_Tiles_M.uasset" 3721
"C:/Users/Husky Cal/AppData/Local/UnrealEngine/Common/DerivedDataCache/Buckets/BulkDataList/97/a3/1f491cf95775ad3719414fdf7592207617dd.udd" 3722
"F:/Pro/FPSRogueLikePrj/FPSRogueLike/Content/StarterContent/Textures/T_Concrete_Tiles_D.uasset" 3723
"C:/Users/Husky Cal/AppData/Local/UnrealEngine/Common/DerivedDataCache/Buckets/BulkDataList/a3/1d/e30f697238d345c2f4ac04d3d5731eca45ac.udd" 3724
"F:/Pro/FPSRogueLikePrj/FPSRogueLike/Content/StarterContent/Textures/T_Concrete_Poured_N.uasset" 3725
"C:/Users/Husky Cal/AppData/Local/UnrealEngine/Common/DerivedDataCache/Buckets/BulkDataList/35/a0/504a5e91c18ae96a81db955d80e20c34a8ff.udd" 3726
"F:/Pro/FPSRogueLikePrj/FPSRogueLike/Content/StarterContent/Textures/T_Concrete_Poured_D.uasset" 3727
"F:/Pro/FPSRogueLikePrj/FPSRogueLike/Content/StarterContent/Textures/T_Concrete_Panels_N.uasset" 3728
"C:/Users/Husky Cal/AppData/Local/UnrealEngine/Common/DerivedDataCache/Buckets/BulkDataList/1d/29/fdac3187a45079788920fdc7592a11d088d5.udd" 3729
"C:/Users/Husky Cal/AppData/Local/UnrealEngine/Common/DerivedDataCache/Buckets/BulkDataList/e5/8c/82f2e3293ba2317b9088be0d6ec8574123fa.udd" 3730
"F:/Pro/FPSRogueLikePrj/FPSRogueLike/Content/StarterContent/Textures/T_Concrete_Panels_D.uasset" 3731
"C:/Users/Husky Cal/AppData/Local/UnrealEngine/Common/DerivedDataCache/Buckets/BulkDataList/92/9c/b99048a2df5b4e2e20717a120d5008747ad4.udd" 3732
"F:/Pro/FPSRogueLikePrj/FPSRogueLike/Content/StarterContent/Textures/T_Concrete_Grime_D.uasset" 3733
"C:/Users/Husky Cal/AppData/Local/UnrealEngine/Common/DerivedDataCache/Buckets/BulkDataList/69/81/ffa9d69524805a414daa3b30c98cbea9a73d.udd" 3734
"F:/Pro/FPSRogueLikePrj/FPSRogueLike/Content/StarterContent/Textures/T_CobbleStone_Smooth_N.uasset" 3735
"C:/Users/Husky Cal/AppData/Local/UnrealEngine/Common/DerivedDataCache/Buckets/BulkDataList/f6/e5/c88a04687cd8258654169a31c4cd07a94302.udd" 3736
"F:/Pro/FPSRogueLikePrj/FPSRogueLike/Content/StarterContent/Textures/T_CobbleStone_Smooth_M.uasset" 3737
"C:/Users/Husky Cal/AppData/Local/UnrealEngine/Common/DerivedDataCache/Buckets/BulkDataList/5e/28/c672f2cdd33dbb1432509768803ab1171585.udd" 3738
"F:/Pro/FPSRogueLikePrj/FPSRogueLike/Content/StarterContent/Textures/T_CobbleStone_Smooth_D.uasset" 3739
"C:/Users/Husky Cal/AppData/Local/UnrealEngine/Common/DerivedDataCache/Buckets/BulkDataList/bd/54/8c6bcb289b1bcfb71607229cff937c59a2ba.udd" 3740
"F:/Pro/FPSRogueLikePrj/FPSRogueLike/Content/StarterContent/Textures/T_CobbleStone_Rough_N.uasset" 3741
"C:/Users/Husky Cal/AppData/Local/UnrealEngine/Common/DerivedDataCache/Buckets/BulkDataList/1c/0e/09d8f09826238ca8857152040a82a4e31ad5.udd" 3742
"F:/Pro/FPSRogueLikePrj/FPSRogueLike/Content/StarterContent/Textures/T_CobbleStone_Rough_D.uasset" 3743
"C:/Users/Husky Cal/AppData/Local/UnrealEngine/Common/DerivedDataCache/Buckets/BulkDataList/05/e6/d1a1cb992c284e2cf6a6a1aeb604de682d5a.udd" 3744
"F:/Pro/FPSRogueLikePrj/FPSRogueLike/Content/StarterContent/Textures/T_CobbleStone_Pebble_N.uasset" 3745
"C:/Users/Husky Cal/AppData/Local/UnrealEngine/Common/DerivedDataCache/Buckets/BulkDataList/15/90/7e71f3f4825dcf0578665656557db92dd6c2.udd" 3746
"F:/Pro/FPSRogueLikePrj/FPSRogueLike/Content/StarterContent/Textures/T_CobbleStone_Pebble_M.uasset" 3747
"C:/Users/Husky Cal/AppData/Local/UnrealEngine/Common/DerivedDataCache/Buckets/BulkDataList/b7/35/01773d97086dbb71dc60bae24b6f80b73231.udd" 3748
"F:/Pro/FPSRogueLikePrj/FPSRogueLike/Content/StarterContent/Textures/T_CobbleStone_Pebble_D.uasset" 3749
"F:/Pro/FPSRogueLikePrj/FPSRogueLike/Content/StarterContent/Textures/T_Checker_Noise_M.uasset" 3750
"C:/Users/Husky Cal/AppData/Local/UnrealEngine/Common/DerivedDataCache/Buckets/BulkDataList/14/b4/f2276a4db57673b8433edae93d2d20291cd8.udd" 3751
"F:/Pro/FPSRogueLikePrj/FPSRogueLike/Content/StarterContent/Textures/T_Chair_N.uasset" 3752
"C:/Users/Husky Cal/AppData/Local/UnrealEngine/Common/DerivedDataCache/Buckets/BulkDataList/24/1d/8e594438854074df0e7375babb5391995e53.udd" 3753
"C:/Users/Husky Cal/AppData/Local/UnrealEngine/Common/DerivedDataCache/Buckets/BulkDataList/b1/43/37b2434ae59c89a2e00655e37511f5ce4a1d.udd" 3754
"F:/Pro/FPSRogueLikePrj/FPSRogueLike/Content/StarterContent/Textures/T_Chair_M.uasset" 3755
"C:/Users/Husky Cal/AppData/Local/UnrealEngine/Common/DerivedDataCache/Buckets/BulkDataList/93/46/5cfe53ae391fbfca33b6f04b0b19044dab6b.udd" 3756
"F:/Pro/FPSRogueLikePrj/FPSRogueLike/Content/StarterContent/Textures/T_Ceramic_Tile_N.uasset" 3757
"C:/Users/Husky Cal/AppData/Local/UnrealEngine/Common/DerivedDataCache/Buckets/BulkDataList/89/cf/cc4fa0b3e1ed7dc2e8ecffef4b8051f68002.udd" 3758
"F:/Pro/FPSRogueLikePrj/FPSRogueLike/Content/StarterContent/Textures/T_Ceramic_Tile_M.uasset" 3759
"F:/Pro/FPSRogueLikePrj/FPSRogueLike/Content/StarterContent/Textures/T_Bush_N.uasset" 3760
"C:/Users/Husky Cal/AppData/Local/UnrealEngine/Common/DerivedDataCache/Buckets/BulkDataList/a5/61/bfe07771182db2c5f587cf300df690da9d61.udd" 3761
"C:/Users/Husky Cal/AppData/Local/UnrealEngine/Common/DerivedDataCache/Buckets/BulkDataList/32/9a/eff25a844aaaf9144e79910ef873655e8976.udd" 3762
"F:/Pro/FPSRogueLikePrj/FPSRogueLike/Content/StarterContent/Textures/T_Bush_D.uasset" 3763
"C:/Users/Husky Cal/AppData/Local/UnrealEngine/Common/DerivedDataCache/Buckets/BulkDataList/61/a0/e42695296963e20b07f78aca1e6f85786811.udd" 3764
"F:/Pro/FPSRogueLikePrj/FPSRogueLike/Content/StarterContent/Textures/T_Burst_M.uasset" 3765
"C:/Users/Husky Cal/AppData/Local/UnrealEngine/Common/DerivedDataCache/Buckets/BulkDataList/0d/b6/f086374431fdb96f68e7d00fee80cf30d81d.udd" 3766
"F:/Pro/FPSRogueLikePrj/FPSRogueLike/Content/StarterContent/Textures/T_Brick_Hewn_Stone_N.uasset" 3767
"C:/Users/Husky Cal/AppData/Local/UnrealEngine/Common/DerivedDataCache/Buckets/BulkDataList/3b/9c/73b749a504528f0b78113271ebd958b5fea0.udd" 3768
"F:/Pro/FPSRogueLikePrj/FPSRogueLike/Content/StarterContent/Textures/T_Brick_Hewn_Stone_M.uasset" 3769
"C:/Users/Husky Cal/AppData/Local/UnrealEngine/Common/DerivedDataCache/Buckets/BulkDataList/76/f3/d26a379b5503c0614a2f1f67108b9f9ab7ae.udd" 3770
"F:/Pro/FPSRogueLikePrj/FPSRogueLike/Content/StarterContent/Textures/T_Brick_Hewn_Stone_D.uasset" 3771
"F:/Pro/FPSRogueLikePrj/FPSRogueLike/Content/StarterContent/Textures/T_Brick_Cut_Stone_N.uasset" 3772
"F:/Pro/FPSRogueLikePrj/FPSRogueLike/Content/StarterContent/Textures/T_Brick_Cut_Stone_D.uasset" 3773
"C:/Users/Husky Cal/AppData/Local/UnrealEngine/Common/DerivedDataCache/Buckets/BulkDataList/f7/e6/bad0cb37ed31d2dbc663204349e475a20d04.udd" 3774
"C:/Users/Husky Cal/AppData/Local/UnrealEngine/Common/DerivedDataCache/Buckets/BulkDataList/df/b6/e20731526bd0547819e8338be88d9e1f51bf.udd" 3775
"F:/Pro/FPSRogueLikePrj/FPSRogueLike/Content/StarterContent/Textures/T_Brick_Clay_Old_N.uasset" 3776
"F:/Pro/FPSRogueLikePrj/FPSRogueLike/Content/StarterContent/Textures/T_Brick_Clay_Old_D.uasset" 3777
"F:/Pro/FPSRogueLikePrj/FPSRogueLike/Content/StarterContent/Textures/T_Brick_Clay_New_N.uasset" 3778
"F:/Pro/FPSRogueLikePrj/FPSRogueLike/Content/StarterContent/Textures/T_Brick_Clay_New_M.uasset" 3779
"F:/Pro/FPSRogueLikePrj/FPSRogueLike/Content/StarterContent/Textures/T_Brick_Clay_New_D.uasset" 3780
"F:/Pro/FPSRogueLikePrj/FPSRogueLike/Content/StarterContent/Textures/T_Brick_Clay_Beveled_N.uasset" 3781
"F:/Pro/FPSRogueLikePrj/FPSRogueLike/Content/StarterContent/Textures/T_Brick_Clay_Beveled_M.uasset" 3782
"C:/Users/Husky Cal/AppData/Local/UnrealEngine/Common/DerivedDataCache/Buckets/BulkDataList/c8/da/1deeb794032d42613e5d2773418769825a1b.udd" 3783
"C:/Users/Husky Cal/AppData/Local/UnrealEngine/Common/DerivedDataCache/Buckets/BulkDataList/e8/6b/17c8ccc5735061b91fa4b3844194608256ee.udd" 3784
"C:/Users/Husky Cal/AppData/Local/UnrealEngine/Common/DerivedDataCache/Buckets/BulkDataList/38/c8/031dc30f77202afc822870649c70d7274c4f.udd" 3785
"C:/Users/Husky Cal/AppData/Local/UnrealEngine/Common/DerivedDataCache/Buckets/BulkDataList/22/58/557503d46e1a08b910c41f0d0df803cf515c.udd" 3786
"C:/Users/Husky Cal/AppData/Local/UnrealEngine/Common/DerivedDataCache/Buckets/BulkDataList/19/0c/ed9a91e2939c55ab766680008abfdd36c864.udd" 3787
"C:/Users/Husky Cal/AppData/Local/UnrealEngine/Common/DerivedDataCache/Buckets/BulkDataList/d9/6a/5d72fdcc25a9f629c43d7e3c110e2a8ef788.udd" 3788
"C:/Users/Husky Cal/AppData/Local/UnrealEngine/Common/DerivedDataCache/Buckets/BulkDataList/f1/42/e50efef824f311f79af56ce8c9eba93a11ca.udd" 3789
"C:/Users/Husky Cal/AppData/Local/UnrealEngine/Common/DerivedDataCache/Buckets/BulkDataList/ce/aa/813c548423f8a77bf6b838db187507a740ca.udd" 3790
"F:/Pro/FPSRogueLikePrj/FPSRogueLike/Content/StarterContent/Textures/T_Brick_Clay_Beveled_D.uasset" 3791
"F:/Pro/FPSRogueLikePrj/FPSRogueLike/Content/StarterContent/Materials/M_Glass.uasset" 3792
"F:/Pro/FPSRogueLikePrj/FPSRogueLike/Content/StarterContent/Materials/M_Basic_Wall.uasset" 3793
"F:/Pro/FPSRogueLikePrj/FPSRogueLike/Content/StarterContent/Materials/M_Basic_Floor.uasset" 3794
"F:/Pro/FPSRogueLikePrj/FPSRogueLike/Content/StarterContent/Materials/M_AssetPlatform.uasset" 3795
"C:/Users/Husky Cal/AppData/Local/UnrealEngine/Common/DerivedDataCache/Buckets/BulkDataList/e9/46/36dab08f05123b4cf5a22199660c8cbb415b.udd" 3796
"C:/Users/Husky Cal/AppData/Local/UnrealEngine/Common/DerivedDataCache/Buckets/BulkDataList/0e/f1/a270f68083facb7e94c69bdbfc2cef948c20.udd" 3797
"C:/Users/Husky Cal/AppData/Local/UnrealEngine/Common/DerivedDataCache/Buckets/BulkDataList/3b/01/400891bdfeefaaa44489d7cda8e1ab66d9c0.udd" 3798
"C:/Users/Husky Cal/AppData/Local/UnrealEngine/Common/DerivedDataCache/Buckets/BulkDataList/67/5f/922582d287d2c0db0db3cb028c2db5604be9.udd" 3799
"C:/Users/Husky Cal/AppData/Local/UnrealEngine/Common/DerivedDataCache/Buckets/BulkDataList/fc/ec/0459ca4e617eb58b4518a164f9444625b6b7.udd" 3800
"F:/Pro/FPSRogueLikePrj/FPSRogueLike/Content/StarterContent/Audio/Steam01_Cue.uasset" 3801
"F:/Pro/FPSRogueLikePrj/FPSRogueLike/Content/StarterContent/Audio/Steam01.uasset" 3802
"F:/Pro/FPSRogueLikePrj/FPSRogueLike/Content/StarterContent/Audio/Starter_Wind06.uasset" 3803
"F:/Pro/FPSRogueLikePrj/FPSRogueLike/Content/StarterContent/Audio/Starter_Wind05.uasset" 3804
"F:/Pro/FPSRogueLikePrj/FPSRogueLike/Content/StarterContent/Audio/Starter_Music_Cue.uasset" 3805
"F:/Pro/FPSRogueLikePrj/FPSRogueLike/Content/StarterContent/Audio/Starter_Music01.uasset" 3806
"F:/Pro/FPSRogueLikePrj/FPSRogueLike/Content/StarterContent/Audio/Starter_Birds01.uasset" 3807
"C:/Users/Husky Cal/AppData/Local/UnrealEngine/Common/DerivedDataCache/Buckets/BulkDataList/98/eb/2788b579afcc5b6d7cd403d50a352ef435c0.udd" 3808
"F:/Pro/FPSRogueLikePrj/FPSRogueLike/Content/StarterContent/Audio/Starter_Background_Cue.uasset" 3809
"C:/Users/Husky Cal/AppData/Local/UnrealEngine/Common/DerivedDataCache/Buckets/BulkDataList/b1/57/500b2ee6932a8d32495c17e3dd92b91befba.udd" 3810
"C:/Users/Husky Cal/AppData/Local/UnrealEngine/Common/DerivedDataCache/Buckets/BulkDataList/62/0f/e4421c110381722cbeb2af0af12272628847.udd" 3811
"F:/Pro/FPSRogueLikePrj/FPSRogueLike/Content/StarterContent/Audio/Smoke01_Cue.uasset" 3812
"F:/Pro/FPSRogueLikePrj/FPSRogueLike/Content/StarterContent/Audio/Smoke01.uasset" 3813
"F:/Pro/FPSRogueLikePrj/FPSRogueLike/Content/StarterContent/Audio/Light02_Cue.uasset" 3814
"C:/Users/Husky Cal/AppData/Local/UnrealEngine/Common/DerivedDataCache/Buckets/BulkDataList/37/41/13f43aa70ad326d4c70f87cd5dcf9802f5ed.udd" 3815
"C:/Users/Husky Cal/AppData/Local/UnrealEngine/Common/DerivedDataCache/Buckets/BulkDataList/04/bb/9f8158280027e0d3b7d3a23c9a328029b4d6.udd" 3816
"C:/Users/Husky Cal/AppData/Local/UnrealEngine/Common/DerivedDataCache/Buckets/BulkDataList/c7/63/d1bd9a610949323edd91f7c0eab89e978c4c.udd" 3817
"C:/Users/Husky Cal/AppData/Local/UnrealEngine/Common/DerivedDataCache/Buckets/BulkDataList/41/59/011a461e02d5f60a504d54124e746b8ef734.udd" 3818
"C:/Users/Husky Cal/AppData/Local/UnrealEngine/Common/DerivedDataCache/Buckets/BulkDataList/44/60/f2798531cddd584c58c220df63171b0decc6.udd" 3819
"C:/Users/Husky Cal/AppData/Local/UnrealEngine/Common/DerivedDataCache/Buckets/BulkDataList/69/32/59a25922c011ad8d5828785aab1578b50cbf.udd" 3820
"C:/Users/Husky Cal/AppData/Local/UnrealEngine/Common/DerivedDataCache/Buckets/BulkDataList/0d/a3/a0a0eaa54f28e728d58a6dccc8d394ee4aa0.udd" 3821
"F:/Pro/FPSRogueLikePrj/FPSRogueLike/Content/StarterContent/Audio/Light02.uasset" 3822
"F:/Pro/FPSRogueLikePrj/FPSRogueLike/Content/StarterContent/Audio/Light01_Cue.uasset" 3823
"C:/Users/Husky Cal/AppData/Local/UnrealEngine/Common/DerivedDataCache/Buckets/BulkDataList/42/5c/99221a4783e1bbf37a8038e6751ae005c3bc.udd" 3824
"C:/Users/Husky Cal/AppData/Local/UnrealEngine/Common/DerivedDataCache/Buckets/BulkDataList/31/68/fa435678779855e13616518ec39fb8513b3e.udd" 3825
"F:/Pro/FPSRogueLikePrj/FPSRogueLike/Content/StarterContent/Audio/Light01.uasset" 3826
"F:/Pro/FPSRogueLikePrj/FPSRogueLike/Content/StarterContent/Audio/Fire_Sparks01_Cue.uasset" 3827
"C:/Users/Husky Cal/AppData/Local/UnrealEngine/Common/DerivedDataCache/Buckets/BulkDataList/96/d5/3196db37997269073b492b30779faa1f4ec3.udd" 3828
"F:/Pro/FPSRogueLikePrj/FPSRogueLike/Content/StarterContent/Audio/Fire_Sparks01.uasset" 3829
"F:/Pro/FPSRogueLikePrj/FPSRogueLike/Content/StarterContent/Audio/Fire01_Cue.uasset" 3830
"F:/Pro/FPSRogueLikePrj/FPSRogueLike/Content/StarterContent/Audio/Fire01.uasset" 3831
"F:/Pro/FPSRogueLikePrj/FPSRogueLike/Content/StarterContent/Audio/Explosion_Cue.uasset" 3832
"F:/Pro/FPSRogueLikePrj/FPSRogueLike/Content/StarterContent/Audio/Explosion02.uasset" 3833
"F:/Pro/FPSRogueLikePrj/FPSRogueLike/Content/StarterContent/Audio/Explosion01.uasset" 3834
"C:/Users/Husky Cal/AppData/Local/UnrealEngine/Common/DerivedDataCache/Buckets/BulkDataList/5c/0c/a0c8d8be2a1aee41767596576140a9912f8b.udd" 3835
"C:/Users/Husky Cal/AppData/Local/UnrealEngine/Common/DerivedDataCache/Buckets/BulkDataList/15/23/83131d8da476cb0a3ff3e61f17ec42fc8e25.udd" 3836
"F:/Pro/FPSRogueLikePrj/FPSRogueLike/Content/StarterContent/Audio/Collapse_Cue.uasset" 3837
"C:/Users/Husky Cal/AppData/Local/UnrealEngine/Common/DerivedDataCache/Buckets/BulkDataList/b8/05/ea59b98c2113f60125a875aa0d4eefeac404.udd" 3838
"C:/Users/Husky Cal/AppData/Local/UnrealEngine/Common/DerivedDataCache/Buckets/BulkDataList/68/de/fb760a411ef38e6b4498bc49e48f1b15dad8.udd" 3839
"C:/Users/Husky Cal/AppData/Local/UnrealEngine/Common/DerivedDataCache/Buckets/BulkDataList/7e/69/1138051e98e66236f4e57b946f44a2dc7a23.udd" 3840
"C:/Users/Husky Cal/AppData/Local/UnrealEngine/Common/DerivedDataCache/Buckets/BulkDataList/15/4b/1ba98801fec83515f43fbca433c9f165dba7.udd" 3841
"C:/Users/Husky Cal/AppData/Local/UnrealEngine/Common/DerivedDataCache/Buckets/BulkDataList/e9/06/e91f7bfaad934bf211701809dc5f639c17eb.udd" 3842
"C:/Users/Husky Cal/AppData/Local/UnrealEngine/Common/DerivedDataCache/Buckets/BulkDataList/dd/ca/8044df27d5a71657c6ec3178d3019d76205c.udd" 3843
"F:/Pro/FPSRogueLikePrj/FPSRogueLike/Content/StarterContent/Audio/Collapse02.uasset" 3844
"F:/Pro/FPSRogueLikePrj/FPSRogueLike/Content/StarterContent/Audio/Collapse01.uasset" 3845
"F:/Pro/FPSRogueLikePrj/FPSRogueLike/Content/StarterContent/Blueprints/Assets/SunlightColorLUT.uasset" 3846
"F:/Pro/FPSRogueLikePrj/FPSRogueLike/Content/StarterContent/Blueprints/Assets/M_LightStage_Arrows.uasset" 3847
"C:/Users/Husky Cal/AppData/Local/UnrealEngine/Common/DerivedDataCache/Buckets/BulkDataList/44/62/6722243828e91efea0f5cd44a20c912b0b58.udd" 3848
"C:/Users/Husky Cal/AppData/Local/UnrealEngine/Common/DerivedDataCache/Buckets/BulkDataList/03/6a/66cffd84e33bc666077128ae2f0604751b51.udd" 3849
"C:/Users/Husky Cal/AppData/Local/UnrealEngine/Common/DerivedDataCache/Buckets/BulkDataList/52/a3/d0c66b3b16abd75b3982a697cd1688df4ebb.udd" 3850
"C:/Users/Husky Cal/AppData/Local/UnrealEngine/Common/DerivedDataCache/Buckets/BulkDataList/d9/9b/5d30acd95b0edc8b3479b2b9c9b9cb268632.udd" 3851
"F:/Pro/FPSRogueLikePrj/FPSRogueLike/Content/StarterContent/Blueprints/Assets/FogBrightnessLUT.uasset" 3852
"C:/Users/Husky Cal/AppData/Local/UnrealEngine/Common/DerivedDataCache/Buckets/BulkDataList/d8/39/ef38c86d8b421fa1a52e1acd412a8db20de2.udd" 3853
"F:/Pro/FPSRogueLikePrj/FPSRogueLike/Content/StarterContent/Particles/Materials/m_flare_01.uasset" 3854
"F:/Pro/FPSRogueLikePrj/FPSRogueLike/Content/Tests/FT_PlayerMoveTest.uasset" 3855
"F:/Pro/FPSRogueLikePrj/FPSRogueLike/Content/Maps/MainMenuGM.uasset" 3856
"F:/Pro/FPSRogueLikePrj/FPSRogueLike/Content/MilitaryWeapSilver/Weapons/Textures/Sniper_Rifle_A_Norm.uasset" 3857
"F:/Pro/FPSRogueLikePrj/FPSRogueLike/Content/MilitaryWeapSilver/Weapons/Textures/Sniper_Rifle_A_Masks.uasset" 3858
"C:/Users/Husky Cal/AppData/Local/UnrealEngine/Common/DerivedDataCache/Buckets/BulkDataList/28/ba/5a2f050a6a8051111320e5bcda58072ccba1.udd" 3859
"F:/Pro/FPSRogueLikePrj/FPSRogueLike/Content/MilitaryWeapSilver/Weapons/Textures/Sniper_Rifle_A_Diff.uasset" 3860
"F:/Pro/FPSRogueLikePrj/FPSRogueLike/Content/MilitaryWeapSilver/Weapons/Textures/Shotgun_A_Norm.uasset" 3861
"F:/Pro/FPSRogueLikePrj/FPSRogueLike/Content/MilitaryWeapSilver/Weapons/Textures/Shotgun_A_Masks.uasset" 3862
"C:/Users/Husky Cal/AppData/Local/UnrealEngine/Common/DerivedDataCache/Buckets/BulkDataList/31/04/30c934d7adb7cfff2b46c68db58bca85a2d8.udd" 3863
"C:/Users/Husky Cal/AppData/Local/UnrealEngine/Common/DerivedDataCache/Buckets/BulkDataList/50/84/69a9bfb90757ac995f385f7ceeb778d65ec5.udd" 3864
"F:/Pro/FPSRogueLikePrj/FPSRogueLike/Content/MilitaryWeapSilver/Weapons/Textures/Shotgun_A_Diff.uasset" 3865
"C:/Users/Husky Cal/AppData/Local/UnrealEngine/Common/DerivedDataCache/Buckets/BulkDataList/af/0a/e452cfb8a2893deab4e5d30177fcf4be5079.udd" 3866
"F:/Pro/FPSRogueLikePrj/FPSRogueLike/Content/MilitaryWeapSilver/Weapons/Textures/Rocket_launcher_A_Norm.uasset" 3867
"C:/Users/Husky Cal/AppData/Local/UnrealEngine/Common/DerivedDataCache/Buckets/BulkDataList/3b/f5/73ff8742b890561b26c2853f6f41625fa70f.udd" 3868
"F:/Pro/FPSRogueLikePrj/FPSRogueLike/Content/MilitaryWeapSilver/Weapons/Textures/Rocket_launcher_A_Masks.uasset" 3869
"F:/Pro/FPSRogueLikePrj/FPSRogueLike/Content/MilitaryWeapSilver/Weapons/Textures/Rocket_launcher_A_Diff.uasset" 3870
"C:/Users/Husky Cal/AppData/Local/UnrealEngine/Common/DerivedDataCache/Buckets/BulkDataList/70/6a/9264f9c138c8071c17195be7e56507e879ce.udd" 3871
"F:/Pro/FPSRogueLikePrj/FPSRogueLike/Content/MilitaryWeapSilver/Weapons/Textures/Pistols_A_Norm.uasset" 3872
"F:/Pro/FPSRogueLikePrj/FPSRogueLike/Content/MilitaryWeapSilver/Weapons/Textures/Pistols_A_Masks.uasset" 3873
"F:/Pro/FPSRogueLikePrj/FPSRogueLike/Content/MilitaryWeapSilver/Weapons/Textures/Pistols_A_Diff.uasset" 3874
"F:/Pro/FPSRogueLikePrj/FPSRogueLike/Content/MilitaryWeapSilver/Weapons/Textures/Knife_A_Norm.uasset" 3875
"C:/Users/Husky Cal/AppData/Local/UnrealEngine/Common/DerivedDataCache/Buckets/BulkDataList/62/46/89ef4c73e7129d5266014baf692b7ff8858d.udd" 3876
"C:/Users/Husky Cal/AppData/Local/UnrealEngine/Common/DerivedDataCache/Buckets/BulkDataList/4d/42/f85ad19c82f3370ffddd610f70c01dc6f074.udd" 3877
"F:/Pro/FPSRogueLikePrj/FPSRogueLike/Content/MilitaryWeapSilver/Weapons/Textures/Knife_A_Masks.uasset" 3878
"F:/Pro/FPSRogueLikePrj/FPSRogueLike/Content/MilitaryWeapSilver/Weapons/Textures/Knife_A_Diff.uasset" 3879
"C:/Users/Husky Cal/AppData/Local/UnrealEngine/Common/DerivedDataCache/Buckets/BulkDataList/5b/42/a22c765e57a3afe912870de383e14459bd1c.udd" 3880
"F:/Pro/FPSRogueLikePrj/FPSRogueLike/Content/MilitaryWeapSilver/Weapons/Textures/Grenade_Launcher_A_Norm.uasset" 3881
"F:/Pro/FPSRogueLikePrj/FPSRogueLike/Content/MilitaryWeapSilver/Weapons/Textures/Grenade_Launcher_A_Masks.uasset" 3882
"F:/Pro/FPSRogueLikePrj/FPSRogueLike/Content/MilitaryWeapSilver/Weapons/Textures/Grenade_Launcher_A_Diff.uasset" 3883
"C:/Users/Husky Cal/AppData/Local/UnrealEngine/Common/DerivedDataCache/Buckets/BulkDataList/4e/ae/0d346b8276153928f81061a5c96adcd05a63.udd" 3884
"C:/Users/Husky Cal/AppData/Local/UnrealEngine/Common/DerivedDataCache/Buckets/BulkDataList/09/9a/ff76d57903e10e99359b8625f015fa53c586.udd" 3885
"F:/Pro/FPSRogueLikePrj/FPSRogueLike/Content/MilitaryWeapSilver/Weapons/Textures/Assault_Rifle_A_Norm.uasset" 3886
"F:/Pro/FPSRogueLikePrj/FPSRogueLike/Content/MilitaryWeapSilver/Weapons/Textures/Assault_Rifle_A_masks.uasset" 3887
"C:/Users/Husky Cal/AppData/Local/UnrealEngine/Common/DerivedDataCache/Buckets/BulkDataList/cf/05/f0b47c0abd8fa1a01e4bbb95146634738a21.udd" 3888
"C:/Users/Husky Cal/AppData/Local/UnrealEngine/Common/DerivedDataCache/Buckets/BulkDataList/bd/54/0e43eede123991e865325c9401829d8d5357.udd" 3889
"F:/Pro/FPSRogueLikePrj/FPSRogueLike/Content/MilitaryWeapSilver/Weapons/Textures/Assault_Rifle_A_Diff.uasset" 3890
"F:/Pro/FPSRogueLikePrj/FPSRogueLike/Content/MilitaryWeapSilver/Weapons/Animations/Sniper_Rifle_A_Skeleton.uasset" 3891
"F:/Pro/FPSRogueLikePrj/FPSRogueLike/Content/MilitaryWeapSilver/Weapons/Animations/Shotgun_A_Skeleton.uasset" 3892
"C:/Users/Husky Cal/AppData/Local/UnrealEngine/Common/DerivedDataCache/Buckets/BulkDataList/51/8a/08edc3f576d65f98ebc410ca41404716051f.udd" 3893
"C:/Users/Husky Cal/AppData/Local/UnrealEngine/Common/DerivedDataCache/Buckets/BulkDataList/12/19/aa05402f5d399ecffb7b70967c8eb34d13c7.udd" 3894
"F:/Pro/FPSRogueLikePrj/FPSRogueLike/Content/MilitaryWeapSilver/Weapons/Animations/Rocket_Launcher_A_Skeleton.uasset" 3895
"F:/Pro/FPSRogueLikePrj/FPSRogueLike/Content/MilitaryWeapSilver/Weapons/Animations/Pistols_A_Skeleton.uasset" 3896
"F:/Pro/FPSRogueLikePrj/FPSRogueLike/Content/MilitaryWeapSilver/Weapons/Animations/Knife_A_Skeleton.uasset" 3897
"F:/Pro/FPSRogueLikePrj/FPSRogueLike/Content/MilitaryWeapSilver/Weapons/Animations/Grenade_Launcher_A_Skeleton.uasset" 3898
"F:/Pro/FPSRogueLikePrj/FPSRogueLike/Content/MilitaryWeapSilver/Weapons/Animations/Assault_Rifle_A_Skeleton.uasset" 3899
"F:/Pro/FPSRogueLikePrj/FPSRogueLike/Content/MilitaryWeapSilver/Weapons/Sniper_Rifle_A_Skeleton.uasset" 3900
"F:/Pro/FPSRogueLikePrj/FPSRogueLike/Content/MilitaryWeapSilver/Weapons/Sniper_Rifle_A_PhysicsAsset.uasset" 3901
"F:/Pro/FPSRogueLikePrj/FPSRogueLike/Content/MilitaryWeapSilver/Weapons/Shotgun_A_Skeleton.uasset" 3902
"F:/Pro/FPSRogueLikePrj/FPSRogueLike/Content/MilitaryWeapSilver/Weapons/Shotgun_A_PhysicsAsset.uasset" 3903
"F:/Pro/FPSRogueLikePrj/FPSRogueLike/Content/MilitaryWeapSilver/Weapons/Rocket_Launcher_A_Skeleton.uasset" 3904
"C:/Users/Husky Cal/AppData/Local/UnrealEngine/Common/DerivedDataCache/Buckets/BulkDataList/7a/e6/2f90bcb1ab2da25fbe3977cb1ad288f933a2.udd" 3905
"C:/Users/Husky Cal/AppData/Local/UnrealEngine/Common/DerivedDataCache/Buckets/BulkDataPayloadId/9b/c3/d892877c7b487e0c29801bd7dfe77da1bb6e.udd" 3906
"C:/Users/Husky Cal/AppData/Local/UnrealEngine/Common/DerivedDataCache/Buckets/BulkDataList/7b/1a/1e13c82573f3347847bd21aae0d4468587cf.udd" 3907
"F:/Pro/FPSRogueLikePrj/FPSRogueLike/Content/MilitaryWeapSilver/Weapons/Rocket_Launcher_A_PhysicsAsset.uasset" 3908
"C:/Users/Husky Cal/AppData/Local/UnrealEngine/Common/DerivedDataCache/Buckets/BulkDataPayloadId/8f/bd/d254e6069b86260e41613830cae8dc64f7a8.udd" 3909
"C:/Users/Husky Cal/AppData/Local/UnrealEngine/Common/DerivedDataCache/Buckets/BulkDataList/db/f3/321385be37d85b60eea42a12bbbc06725860.udd" 3910
"F:/Pro/FPSRogueLikePrj/FPSRogueLike/Content/MilitaryWeapSilver/Weapons/Pistols_A_Skeleton.uasset" 3911
"C:/Users/Husky Cal/AppData/Local/UnrealEngine/Common/DerivedDataCache/Buckets/BulkDataPayloadId/1a/a9/1a98ce494749d638ee4eaf04eb95ee718dfb.udd" 3912
"C:/Users/Husky Cal/AppData/Local/UnrealEngine/Common/DerivedDataCache/Buckets/BulkDataList/6b/9b/70c9d9700955a4a16037c6a4b8480a893bfb.udd" 3913
"F:/Pro/FPSRogueLikePrj/FPSRogueLike/Content/MilitaryWeapSilver/Weapons/Pistols_A_PhysicsAsset.uasset" 3914
"C:/Users/Husky Cal/AppData/Local/UnrealEngine/Common/DerivedDataCache/Buckets/BulkDataPayloadId/b3/54/f85c740d3cc3bfc51c8e51947267a4ca3281.udd" 3915
"C:/Users/Husky Cal/AppData/Local/UnrealEngine/Common/DerivedDataCache/Buckets/BulkDataList/6a/e2/f1faf96de2eeffdd85b9962725dc3bf0a9ab.udd" 3916
"F:/Pro/FPSRogueLikePrj/FPSRogueLike/Content/MilitaryWeapSilver/Weapons/Knife_A_Skeleton.uasset" 3917
"C:/Users/Husky Cal/AppData/Local/UnrealEngine/Common/DerivedDataCache/Buckets/BulkDataPayloadId/62/58/f738146c27058f3b6ddde06661480a8b5d8f.udd" 3918
"F:/Pro/FPSRogueLikePrj/FPSRogueLike/Content/MilitaryWeapSilver/Weapons/Knife_A_PhysicsAsset.uasset" 3919
"C:/Users/Husky Cal/AppData/Local/UnrealEngine/Common/DerivedDataCache/Buckets/BulkDataList/fa/d1/6426027ebd1ecb8464814754e36c76548977.udd" 3920
"C:/Users/Husky Cal/AppData/Local/UnrealEngine/Common/DerivedDataCache/Buckets/BulkDataPayloadId/56/ba/0c6236cfb43751efdcb56a731064068008af.udd" 3921
"C:/Users/Husky Cal/AppData/Local/UnrealEngine/Common/DerivedDataCache/Buckets/BulkDataList/f0/60/204f4f63054920ee78e106864bc1d6066f3f.udd" 3922
"F:/Pro/FPSRogueLikePrj/FPSRogueLike/Content/MilitaryWeapSilver/Weapons/Grenade_Launcher_A_Skeleton.uasset" 3923
"C:/Users/Husky Cal/AppData/Local/UnrealEngine/Common/DerivedDataCache/Buckets/BulkDataPayloadId/e6/28/6a7d98bc706e6db21e920820b4c2dde0d251.udd" 3924
"C:/Users/Husky Cal/AppData/Local/UnrealEngine/Common/DerivedDataCache/Buckets/BulkDataList/11/62/8155f664cc368d08da04fa5686126b4fa67c.udd" 3925
"F:/Pro/FPSRogueLikePrj/FPSRogueLike/Content/MilitaryWeapSilver/Weapons/Grenade_Launcher_A_PhysicsAsset.uasset" 3926
"C:/Users/Husky Cal/AppData/Local/UnrealEngine/Common/DerivedDataCache/Buckets/BulkDataPayloadId/f7/27/cd1ebfdb1bfb524c3770429f1d6d7197f8ca.udd" 3927
"C:/Users/Husky Cal/AppData/Local/UnrealEngine/Common/DerivedDataCache/Buckets/BulkDataList/18/9f/49ad93d45f4d1e21432895209ef5f73c146e.udd" 3928
"F:/Pro/FPSRogueLikePrj/FPSRogueLike/Content/MilitaryWeapSilver/Weapons/Assault_Rifle_A_Skeleton.uasset" 3929
"C:/Users/Husky Cal/AppData/Local/UnrealEngine/Common/DerivedDataCache/Buckets/BulkDataPayloadId/e3/e3/13d1b05f0eb5af1bcb4c0a5f8d7b404caf05.udd" 3930
"C:/Users/Husky Cal/AppData/Local/UnrealEngine/Common/DerivedDataCache/Buckets/BulkDataList/be/3e/d7cc250323a0d1a2f8c3682b200f38e68aa9.udd" 3931
"F:/Pro/FPSRogueLikePrj/FPSRogueLike/Content/MilitaryWeapSilver/Weapons/Assault_Rifle_A_PhysicsAsset.uasset" 3932
"C:/Users/Husky Cal/AppData/Local/UnrealEngine/Common/DerivedDataCache/Buckets/BulkDataPayloadId/fc/51/cdb9c90765edf651c9bf662c2c0d275f0c3e.udd" 3933
"C:/Users/Husky Cal/AppData/Local/UnrealEngine/Common/DerivedDataCache/Buckets/BulkDataList/b8/0a/23f8dab883e74a0648da26807fb8dbcdd785.udd" 3934
"F:/Pro/FPSRogueLikePrj/FPSRogueLike/Content/MilitaryWeapSilver/Sound/SniperRifle/Wavs/SniperRifle_ZoomOut.uasset" 3935
"C:/Users/Husky Cal/AppData/Local/UnrealEngine/Common/DerivedDataCache/Buckets/BulkDataPayloadId/ce/88/075e7c816b808f2bd98c2fc57884713c17fc.udd" 3936
"C:/Users/Husky Cal/AppData/Local/UnrealEngine/Common/DerivedDataCache/Buckets/BulkDataList/fe/49/bf8c305af101c42adeca552cadb1fd073e02.udd" 3937
"F:/Pro/FPSRogueLikePrj/FPSRogueLike/Content/MilitaryWeapSilver/Sound/SniperRifle/Wavs/SniperRifle_ZoomIn.uasset" 3938
"C:/Users/Husky Cal/AppData/Local/UnrealEngine/Common/DerivedDataCache/Buckets/BulkDataPayloadId/22/40/83b4d198f679d13acf5f67e2920a9b39a6af.udd" 3939
"C:/Users/Husky Cal/AppData/Local/UnrealEngine/Common/DerivedDataCache/Buckets/BulkDataList/06/d0/8c8a659676a7972bfcfd25f0f8cfb561410f.udd" 3940
"F:/Pro/FPSRogueLikePrj/FPSRogueLike/Content/MilitaryWeapSilver/Sound/SniperRifle/Wavs/SniperRifle_ReloadInsert03.uasset" 3941
"C:/Users/Husky Cal/AppData/Local/UnrealEngine/Common/DerivedDataCache/Buckets/BulkDataPayloadId/40/d0/45a201443f41a60751b847d22981dc7cd3ac.udd" 3942
"C:/Users/Husky Cal/AppData/Local/UnrealEngine/Common/DerivedDataCache/Buckets/BulkDataList/b6/c2/518d7c936b79c1dcddfefd2488ccc387022c.udd" 3943
"C:/Users/Husky Cal/AppData/Local/UnrealEngine/Common/DerivedDataCache/Buckets/BulkDataPayloadId/be/4b/89be6031933242a783f099376284f60114e5.udd" 3944
"C:/Users/Husky Cal/AppData/Local/UnrealEngine/Common/DerivedDataCache/Buckets/LegacyTEXTURE/1a/7b/4a6ab964a5772a0cde194593b7ab63c41892.udd" 3945
"C:/Users/Husky Cal/AppData/Local/UnrealEngine/Common/DerivedDataCache/Buckets/LegacyTEXTURE/c4/39/7a137a4d6315c2bc013d0264a61846acc11f.udd" 3946
"C:/Users/Husky Cal/AppData/Local/UnrealEngine/Common/DerivedDataCache/Buckets/LegacyTEXTURE/40/88/7cc4e1863d24e1ec98889c95cebf6b2b59ee.udd" 3947
"C:/Users/Husky Cal/AppData/Local/UnrealEngine/Common/DerivedDataCache/Content/eb/61/231bc379271b896983eb079a373ca7db0054.udd" 3948
"C:/Users/Husky Cal/AppData/Local/UnrealEngine/Common/DerivedDataCache/Buckets/LegacyTEXTURE/96/ca/fc13cb64c3993c558de337fe404e27103040.udd" 3949
"C:/Users/Husky Cal/AppData/Local/UnrealEngine/Common/DerivedDataCache/Buckets/LegacyTEXTURE/aa/13/4811862afbbd1b047c2d1704246dd036411e.udd" 3950
"C:/Users/Husky Cal/AppData/Local/UnrealEngine/Common/DerivedDataCache/Buckets/LegacyTEXTURE/34/e2/e942da96be2861de0d5025b76b6cb38c970c.udd" 3951
"C:/Users/Husky Cal/AppData/Local/UnrealEngine/Common/DerivedDataCache/Content/72/29/e98208cde878c004cc11b047be3fa57eed17.udd" 3952
"C:/Users/Husky Cal/AppData/Local/UnrealEngine/Common/DerivedDataCache/Buckets/LegacyTEXTURE/d0/29/dd1320a4260010dddfc4d1f6595b5e21120a.udd" 3953
"C:/Users/Husky Cal/AppData/Local/UnrealEngine/Common/DerivedDataCache/Buckets/LegacyTEXTURE/1e/2b/2d202e9f2ec5984858abbc8a928f9ce57ef0.udd" 3954
"C:/Users/Husky Cal/AppData/Local/UnrealEngine/Common/DerivedDataCache/Buckets/LegacyTEXTURE/1b/02/ce88479d5892fbdb2b567bb3544b63ac3d00.udd" 3955
"C:/Users/Husky Cal/AppData/Local/UnrealEngine/Common/DerivedDataCache/Buckets/LegacyTEXTURE/60/ad/b572a6b84e3631dba9f655248377a106fcfe.udd" 3956
"C:/Users/Husky Cal/AppData/Local/UnrealEngine/Common/DerivedDataCache/Buckets/LegacyTEXTURE/86/ed/f1c9b79611ce7002cfd13983eed38438e8d6.udd" 3957
"C:/Users/Husky Cal/AppData/Local/UnrealEngine/Common/DerivedDataCache/Buckets/LegacyTEXTURE/8b/b8/3017ec59cfaa6cb5c542618d307855fd7a2c.udd" 3958
"C:/Users/Husky Cal/AppData/Local/UnrealEngine/Common/DerivedDataCache/Buckets/LegacyTEXTURE/64/af/e7964e5517269c9300ee47eebd8749e9780b.udd" 3959
"C:/Users/Husky Cal/AppData/Local/UnrealEngine/Common/DerivedDataCache/Buckets/LegacyTEXTURE/40/4c/e167e1130b77c242ddf173c140b54e41bbc7.udd" 3960
"C:/Users/Husky Cal/AppData/Local/UnrealEngine/Common/DerivedDataCache/Buckets/LegacyTEXTURE/1a/a1/8fde1fb5d2629647e971beada757c30c1d39.udd" 3961
"C:/Users/Husky Cal/AppData/Local/UnrealEngine/Common/DerivedDataCache/Buckets/LegacyTEXTURE/3f/79/702a3f6fc182b1d78265230175fd3c2b1e62.udd" 3962
"C:/Users/Husky Cal/AppData/Local/UnrealEngine/Common/DerivedDataCache/Buckets/LegacyTEXTURE/65/a1/4e7148ab6d97ca6ee53270add8a94fbc787b.udd" 3963
"C:/Users/Husky Cal/AppData/Local/UnrealEngine/Common/DerivedDataCache/Content/9a/37/e1c4e64d363832cf3e22f912ea19fc758c58.udd" 3964
"C:/Users/Husky Cal/AppData/Local/UnrealEngine/Common/DerivedDataCache/Buckets/LegacyTEXTURE/b7/99/999e82726b3c344abbe3d9e0118064136d56.udd" 3965
"C:/Users/Husky Cal/AppData/Local/UnrealEngine/Common/DerivedDataCache/Buckets/LegacyTEXTURE/c7/9c/4b1bd71ab207b80f1361a8a1bbb30c336f59.udd" 3966
"C:/Users/Husky Cal/AppData/Local/UnrealEngine/Common/DerivedDataCache/Buckets/LegacyTEXTURE/c6/6c/a0823081bd19f2e99fbfd2ce35989f854442.udd" 3967
"C:/Users/Husky Cal/AppData/Local/UnrealEngine/Common/DerivedDataCache/Buckets/LegacyTEXTURE/9c/c0/ddaf3ea8c44c9209208057749cb4fdabb985.udd" 3968
"C:/Users/Husky Cal/AppData/Local/UnrealEngine/Common/DerivedDataCache/Buckets/LegacyTEXTURE/2e/09/88a3677b1f21f20a5b1a88095d57c665d977.udd" 3969
"C:/Users/Husky Cal/AppData/Local/UnrealEngine/Common/DerivedDataCache/Buckets/LegacyTEXTURE/37/bd/bb575ad477d5ed63db8a4d3ba13d969da622.udd" 3970
"C:/Users/Husky Cal/AppData/Local/UnrealEngine/Common/DerivedDataCache/Buckets/LegacyTEXTURE/e8/ae/e6f4b6bc65f5b38148ba4aad5a4ab0285f38.udd" 3971
"C:/Users/Husky Cal/AppData/Local/UnrealEngine/Common/DerivedDataCache/Content/4d/49/d3b95fe2ecf10ce2e94090cc09f08cd9155c.udd" 3972
"C:/Users/Husky Cal/AppData/Local/UnrealEngine/Common/DerivedDataCache/Buckets/LegacyTEXTURE/ae/53/31122d43d616b73d649fe72db9c9a2dd0829.udd" 3973
"C:/Users/Husky Cal/AppData/Local/UnrealEngine/Common/DerivedDataCache/Buckets/LegacyTEXTURE/74/1e/1375bdf16686da1a8417ce677ba025f656b8.udd" 3974
"C:/Users/Husky Cal/AppData/Local/UnrealEngine/Common/DerivedDataCache/Buckets/LegacyTEXTURE/7c/81/8675e887e5e99ec742e40f3db7471d094686.udd" 3975
"F:/Pro/FPSRogueLikePrj/FPSRogueLike/Content/MilitaryWeapSilver/Sound/SniperRifle/Wavs/SniperRifle_ReloadInsert02.uasset" 3976
"C:/Users/Husky Cal/AppData/Local/UnrealEngine/Common/DerivedDataCache/Content/bb/cf/73889f46c85a53f9940fce7524958f0b7a1a.udd" 3977
"C:/Users/Husky Cal/AppData/Local/UnrealEngine/Common/DerivedDataCache/Buckets/BulkDataList/06/39/e6f82e7c83e0c24dc0258e5b57decb85dba1.udd" 3978
"F:/Pro/FPSRogueLikePrj/FPSRogueLike/Content/MilitaryWeapSilver/Sound/SniperRifle/Wavs/SniperRifle_ReloadInsert01.uasset" 3979
"C:/Users/Husky Cal/AppData/Local/UnrealEngine/Common/DerivedDataCache/Buckets/BulkDataPayloadId/b9/f9/baa06477b96efac43b5d064db7780bd61cbc.udd" 3980
"C:/Users/Husky Cal/AppData/Local/UnrealEngine/Common/DerivedDataCache/Buckets/BulkDataList/68/1e/e6baf78ba46392f206883aae17b0e2217a1e.udd" 3981
"F:/Pro/FPSRogueLikePrj/FPSRogueLike/Content/MilitaryWeapSilver/Sound/SniperRifle/Wavs/SniperRifle_Reload03.uasset" 3982
"C:/Users/Husky Cal/AppData/Local/UnrealEngine/Common/DerivedDataCache/Buckets/BulkDataPayloadId/6a/9a/8781c5e1676be24dd90853648204d0ef6348.udd" 3983
"C:/Users/Husky Cal/AppData/Local/UnrealEngine/Common/DerivedDataCache/Buckets/BulkDataList/59/42/6d873db8beb940818540934d9ff7fc6f1f2e.udd" 3984
"F:/Pro/FPSRogueLikePrj/FPSRogueLike/Content/MilitaryWeapSilver/Sound/SniperRifle/Wavs/SniperRifle_Reload02.uasset" 3985
"C:/Users/Husky Cal/AppData/Local/UnrealEngine/Common/DerivedDataCache/Buckets/LegacyTEXTURE/2a/54/41961491e4804a36109d671a0d97d88006d6.udd" 3986
"C:/Users/Husky Cal/AppData/Local/UnrealEngine/Common/DerivedDataCache/Buckets/LegacyTEXTURE/32/b4/70fbc22f34677cbef2baded4e589e9e49491.udd" 3987
"C:/Users/Husky Cal/AppData/Local/UnrealEngine/Common/DerivedDataCache/Buckets/BulkDataPayloadId/3b/49/d4ffe16096820f861956acdb2d935fdb79f6.udd" 3988
"C:/Users/Husky Cal/AppData/Local/UnrealEngine/Common/DerivedDataCache/Buckets/BulkDataList/f4/fd/ba66be36a831b910b15b89354ea75272fb25.udd" 3989
"F:/Pro/FPSRogueLikePrj/FPSRogueLike/Content/MilitaryWeapSilver/Sound/SniperRifle/Wavs/SniperRifle_Reload01.uasset" 3990
"C:/Users/Husky Cal/AppData/Local/UnrealEngine/Common/DerivedDataCache/Buckets/BulkDataPayloadId/ff/6b/a9d69e4a54dcc43e71bc4ce5b4a4fda0c01f.udd" 3991
"C:/Users/Husky Cal/AppData/Local/UnrealEngine/Common/DerivedDataCache/Buckets/BulkDataList/c7/db/6112c2b90fed4fb74dbced6bfcb5d0d069e3.udd" 3992
"F:/Pro/FPSRogueLikePrj/FPSRogueLike/Content/MilitaryWeapSilver/Sound/SniperRifle/Wavs/SniperRifle_Raise.uasset" 3993
"C:/Users/Husky Cal/AppData/Local/UnrealEngine/Common/DerivedDataCache/Buckets/BulkDataList/fa/a8/769d747959dc55c7494732e57f1d1d72b3cd.udd" 3994
"C:/Users/Husky Cal/AppData/Local/UnrealEngine/Common/DerivedDataCache/Buckets/BulkDataPayloadId/a8/5e/c29801bdba018ae918709f900ddfd49f9f92.udd" 3995
"C:/Users/Husky Cal/AppData/Local/UnrealEngine/Common/DerivedDataCache/Buckets/LegacyTEXTURE/6c/24/5f28fe8f511df4531754849cb6f5d6c5f7c2.udd" 3996
"F:/Pro/FPSRogueLikePrj/FPSRogueLike/Content/MilitaryWeapSilver/Sound/SniperRifle/Wavs/SniperRifle_Lower.uasset" 3997
"C:/Users/Husky Cal/AppData/Local/UnrealEngine/Common/DerivedDataCache/Buckets/BulkDataPayloadId/ff/e5/fa1dd2b18746eee686a251d9dcb0ebce5fab.udd" 3998
"C:/Users/Husky Cal/AppData/Local/UnrealEngine/Common/DerivedDataCache/Buckets/LegacyTEXTURE/e0/ff/6be9dee324145f250f5e7e4a00dda9940bfc.udd" 3999
"C:/Users/Husky Cal/AppData/Local/UnrealEngine/Common/DerivedDataCache/Buckets/BulkDataList/9e/52/49868204ab0aaa430f7f462db664f64c2a61.udd" 4000
"C:/Users/Husky Cal/AppData/Local/UnrealEngine/Common/DerivedDataCache/Buckets/LegacyTEXTURE/78/15/80ae1387df6a326ab19340bf45af211825cd.udd" 4001
"F:/Pro/FPSRogueLikePrj/FPSRogueLike/Content/MilitaryWeapSilver/Sound/SniperRifle/Wavs/SniperRifle_ImpactSurface04.uasset" 4002
"C:/Users/Husky Cal/AppData/Local/UnrealEngine/Common/DerivedDataCache/Buckets/BulkDataPayloadId/e7/de/8b67e9da8ddfecb3335e4a02a680042a8880.udd" 4003
"F:/Pro/FPSRogueLikePrj/FPSRogueLike/Content/MilitaryWeapSilver/Sound/SniperRifle/Wavs/SniperRifle_ImpactSurface03.uasset" 4004
"F:/Pro/FPSRogueLikePrj/FPSRogueLike/Content/MilitaryWeapSilver/Sound/SniperRifle/Wavs/SniperRifle_ImpactSurface02.uasset" 4005
"F:/Pro/FPSRogueLikePrj/FPSRogueLike/Content/MilitaryWeapSilver/Sound/SniperRifle/Wavs/SniperRifle_ImpactSurface01.uasset" 4006
"F:/Pro/FPSRogueLikePrj/FPSRogueLike/Content/MilitaryWeapSilver/Sound/SniperRifle/Wavs/SniperRifle_ImpactBody04.uasset" 4007
"C:/Users/Husky Cal/AppData/Local/UnrealEngine/Common/DerivedDataCache/Buckets/LegacyTEXTURE/99/97/6f72eb1e5c2f73b9851b51bcf0a4ccf5a3de.udd" 4008
"F:/Pro/FPSRogueLikePrj/FPSRogueLike/Content/MilitaryWeapSilver/Sound/SniperRifle/Wavs/SniperRifle_ImpactBody03.uasset" 4009
"C:/Users/Husky Cal/AppData/Local/UnrealEngine/Common/DerivedDataCache/Buckets/LegacyTEXTURE/46/43/4d685243ac7cdd276d859768edcfcbf04c0f.udd" 4010
"C:/Users/Husky Cal/AppData/Local/UnrealEngine/Common/DerivedDataCache/Buckets/LegacyTEXTURE/dd/65/c5037c930de64a8dfda36def6b68013601ee.udd" 4011
"C:/Users/Husky Cal/AppData/Local/UnrealEngine/Common/DerivedDataCache/Buckets/LegacyTEXTURE/ea/25/fb4da62d38b51bb720313ba3923e3ddc0a80.udd" 4012
"C:/Users/Husky Cal/AppData/Local/UnrealEngine/Common/DerivedDataCache/Buckets/LegacyTEXTURE/50/8f/23208ed9f8879400a27d3d13474516ae430d.udd" 4013
"C:/Users/Husky Cal/AppData/Local/UnrealEngine/Common/DerivedDataCache/Buckets/LegacyTEXTURE/f3/e0/bfef4d1692d4d9552f6828b72c9b7a8b1202.udd" 4014
"C:/Users/Husky Cal/AppData/Local/UnrealEngine/Common/DerivedDataCache/Content/82/6a/a3336acda6f774f36c3072b45b4babb563b5.udd" 4015
"C:/Users/Husky Cal/AppData/Local/UnrealEngine/Common/DerivedDataCache/Content/b4/c7/cce9eb4f0dae13102486fa8b8e7461ca6eed.udd" 4016
"C:/Users/Husky Cal/AppData/Local/UnrealEngine/Common/DerivedDataCache/Buckets/LegacyTEXTURE/74/08/3359cafaab50c23d38cffe7347d4ab0c8ae0.udd" 4017
"F:/Pro/FPSRogueLikePrj/FPSRogueLike/Content/MilitaryWeapSilver/Sound/SniperRifle/Wavs/SniperRifle_ImpactBody02.uasset" 4018
"C:/Users/Husky Cal/AppData/Local/UnrealEngine/Common/DerivedDataCache/Buckets/LegacyTEXTURE/48/d3/c9ca8905803580ba07ae983424c8cbbfa641.udd" 4019
"F:/Pro/FPSRogueLikePrj/FPSRogueLike/Content/MilitaryWeapSilver/Sound/SniperRifle/Wavs/SniperRifle_ImpactBody01.uasset" 4020
"C:/Users/Husky Cal/AppData/Local/UnrealEngine/Common/DerivedDataCache/Buckets/LegacyTEXTURE/0f/7f/039bae5ade8388d96661835ea0e86350a5b6.udd" 4021
"F:/Pro/FPSRogueLikePrj/FPSRogueLike/Content/MilitaryWeapSilver/Sound/SniperRifle/Wavs/SniperRifle_AmmoPickup.uasset" 4022
"C:/Users/Husky Cal/AppData/Local/UnrealEngine/Common/DerivedDataCache/Buckets/LegacyTEXTURE/f8/9c/8e55c8bbd1811a8f52edbbc0bc6d0c347940.udd" 4023
"C:/Users/Husky Cal/AppData/Local/UnrealEngine/Common/DerivedDataCache/Buckets/LegacyTEXTURE/b1/04/b672016e6711b62234d67ff4847bbed916d9.udd" 4024
"C:/Users/Husky Cal/AppData/Local/UnrealEngine/Common/DerivedDataCache/Buckets/LegacyTEXTURE/6c/c6/688e273e5dd61b1118e0b1c73d982e0de1cf.udd" 4025
"C:/Users/Husky Cal/AppData/Local/UnrealEngine/Common/DerivedDataCache/Buckets/LegacyTEXTURE/f1/8f/2a87dad301d9b0ef7bce174dac27294800df.udd" 4026
"C:/Users/Husky Cal/AppData/Local/UnrealEngine/Common/DerivedDataCache/Content/3a/66/372fd3b70bdbdb544f0989f428709394a7b8.udd" 4027
"C:/Users/Husky Cal/AppData/Local/UnrealEngine/Common/DerivedDataCache/Buckets/LegacyTEXTURE/f7/6f/6655536c13f8c389f058a938d4820a81652a.udd" 4028
"C:/Users/Husky Cal/AppData/Local/UnrealEngine/Common/DerivedDataCache/Buckets/LegacyTEXTURE/66/6e/4404609022c1a29d9e0f9515947877f157b7.udd" 4029
"C:/Users/Husky Cal/AppData/Local/UnrealEngine/Common/DerivedDataCache/Buckets/LegacyTEXTURE/64/45/f425bef836dbb1ae57b3755cfb1051b249e1.udd" 4030
"C:/Users/Husky Cal/AppData/Local/UnrealEngine/Common/DerivedDataCache/Buckets/LegacyTEXTURE/e3/8e/5d2576ef2c068440debe55cfbaa54d3119bd.udd" 4031
"C:/Users/Husky Cal/AppData/Local/UnrealEngine/Common/DerivedDataCache/Buckets/LegacyTEXTURE/df/c4/234b937e1f911776f7143b06c3d22188dc37.udd" 4032
"C:/Users/Husky Cal/AppData/Local/UnrealEngine/Common/DerivedDataCache/Buckets/LegacyTEXTURE/64/29/6af37daa78166749584fdb645896f6becb67.udd" 4033
"C:/Users/Husky Cal/AppData/Local/UnrealEngine/Common/DerivedDataCache/Buckets/LegacyTEXTURE/c3/13/e227a0d2f338e46fc8be87a5c1bf0faeafcc.udd" 4034
"C:/Users/Husky Cal/AppData/Local/UnrealEngine/Common/DerivedDataCache/Buckets/LegacyTEXTURE/0e/05/3d3d9d363c22ba5b579339a72c30c7144b68.udd" 4035
"C:/Users/Husky Cal/AppData/Local/UnrealEngine/Common/DerivedDataCache/Buckets/LegacyTEXTURE/7e/91/625c1109e37fcb5b6dacc2069f565318a0f0.udd" 4036
"C:/Users/Husky Cal/AppData/Local/UnrealEngine/Common/DerivedDataCache/Buckets/LegacyTEXTURE/ac/50/b63965d0b4a01d86774397ca5429da4ea888.udd" 4037
"C:/Users/Husky Cal/AppData/Local/UnrealEngine/Common/DerivedDataCache/Buckets/LegacyTEXTURE/71/39/64c8e7c9aaddffb7951879f8e9df59db238c.udd" 4038
"C:/Users/Husky Cal/AppData/Local/UnrealEngine/Common/DerivedDataCache/Buckets/LegacyTEXTURE/9f/f7/f46e03ca0d64c2967881bbf17a704d650d55.udd" 4039
"C:/Users/Husky Cal/AppData/Local/UnrealEngine/Common/DerivedDataCache/Content/a2/69/03012a446af212303fd46be4db216ca5cc5a.udd" 4040
"C:/Users/Husky Cal/AppData/Local/UnrealEngine/Common/DerivedDataCache/Buckets/LegacyTEXTURE/29/9b/d3e3fe8aa28566c7753fcddd4561b85b1f04.udd" 4041
"C:/Users/Husky Cal/AppData/Local/UnrealEngine/Common/DerivedDataCache/Buckets/LegacyTEXTURE/e8/ef/e2b8b658f407e2e82060bc4ef5a16e32cf42.udd" 4042
"C:/Users/Husky Cal/AppData/Local/UnrealEngine/Common/DerivedDataCache/Buckets/LegacyTEXTURE/a9/17/a6204add42b329724f930c75ba25b546d99a.udd" 4043
"C:/Users/Husky Cal/AppData/Local/UnrealEngine/Common/DerivedDataCache/Buckets/LegacyTEXTURE/6d/b3/028ce8cc83117af8075112601728fda10943.udd" 4044
"C:/Users/Husky Cal/AppData/Local/UnrealEngine/Common/DerivedDataCache/Buckets/LegacyTEXTURE/63/94/0642b18109c6ced272ea3ec0ba1b128cf0a6.udd" 4045
"C:/Users/Husky Cal/AppData/Local/UnrealEngine/Common/DerivedDataCache/Buckets/LegacyTEXTURE/32/5e/21122366522625885f0ddbf72a990d1d3960.udd" 4046
"C:/Users/Husky Cal/AppData/Local/UnrealEngine/Common/DerivedDataCache/Content/b7/ac/5bb799701448934d6acefa31a24944180da6.udd" 4047
"C:/Users/Husky Cal/AppData/Local/UnrealEngine/Common/DerivedDataCache/Buckets/LegacyTEXTURE/22/67/26d9869dd50ac540f30d50613dd58bccc178.udd" 4048
"C:/Users/Husky Cal/AppData/Local/UnrealEngine/Common/DerivedDataCache/Buckets/LegacyTEXTURE/60/9f/22fda13c620dbf592663b0b290d8c5273e5f.udd" 4049
"C:/Users/Husky Cal/AppData/Local/UnrealEngine/Common/DerivedDataCache/Buckets/LegacyTEXTURE/46/a6/a1e8f066106fbab7333f40975ff4087588c5.udd" 4050
"C:/Users/Husky Cal/AppData/Local/UnrealEngine/Common/DerivedDataCache/Buckets/LegacyTEXTURE/92/ed/3ecbc4be67b1f24a14997bb7e241981a93c3.udd" 4051
"C:/Users/Husky Cal/AppData/Local/UnrealEngine/Common/DerivedDataCache/Buckets/LegacyTEXTURE/b1/a9/5d211b6129df6773f09cda00c8cf5348aa46.udd" 4052
"C:/Users/Husky Cal/AppData/Local/UnrealEngine/Common/DerivedDataCache/Buckets/LegacyTEXTURE/aa/6e/90914aacc3b53bb6ec93933ce33797e73b7b.udd" 4053
"C:/Users/Husky Cal/AppData/Local/UnrealEngine/Common/DerivedDataCache/Content/d8/ce/b989eaca944b41b19c41b44a034c01109b6c.udd" 4054
"C:/Users/Husky Cal/AppData/Local/UnrealEngine/Common/DerivedDataCache/Buckets/LegacyTEXTURE/ea/56/f37fa39fc3f4258c42b9bb295a4cd3db810b.udd" 4055
"C:/Users/Husky Cal/AppData/Local/UnrealEngine/Common/DerivedDataCache/Buckets/LegacyTEXTURE/27/f3/0b20491e06f7a6f8b639c4d0ab51c9a80e6d.udd" 4056
"C:/Users/Husky Cal/AppData/Local/UnrealEngine/Common/DerivedDataCache/Buckets/LegacyTEXTURE/9a/3e/11cf1f71aa99b42d3d58f4178ab05bf52983.udd" 4057
"C:/Users/Husky Cal/AppData/Local/UnrealEngine/Common/DerivedDataCache/Buckets/LegacyTEXTURE/96/6f/952ef33e4c7b957de9c5b4e4891d56effa5d.udd" 4058
"C:/Users/Husky Cal/AppData/Local/UnrealEngine/Common/DerivedDataCache/Buckets/LegacyTEXTURE/ae/96/712c891181be070c3b55b18b3ab7d30c9369.udd" 4059
"C:/Users/Husky Cal/AppData/Local/UnrealEngine/Common/DerivedDataCache/Buckets/LegacyTEXTURE/2d/ee/f5a1a32084e5373a1f80ca9caf89139b5bfe.udd" 4060
"C:/Users/Husky Cal/AppData/Local/UnrealEngine/Common/DerivedDataCache/Buckets/LegacyTEXTURE/6a/9b/e2377a7b92502a0d2c7d7976f439fc42b02e.udd" 4061
"C:/Users/Husky Cal/AppData/Local/UnrealEngine/Common/DerivedDataCache/Buckets/LegacyTEXTURE/e2/f8/a0c710a07966937470774617369d432fb5cd.udd" 4062
"C:/Users/Husky Cal/AppData/Local/UnrealEngine/Common/DerivedDataCache/Buckets/LegacyTEXTURE/92/c2/5ce7d6e66828ee4c7e9380228ebe2e7a3617.udd" 4063
"C:/Users/Husky Cal/AppData/Local/UnrealEngine/Common/DerivedDataCache/Buckets/LegacyTEXTURE/2c/64/6fd98289645cdc95a545cb6b79273cf7929e.udd" 4064
"C:/Users/Husky Cal/AppData/Local/UnrealEngine/Common/DerivedDataCache/Buckets/LegacyTEXTURE/2a/30/cd4c83abc3a5c34c7697ae0d00fc583dddc1.udd" 4065
"C:/Users/Husky Cal/AppData/Local/UnrealEngine/Common/DerivedDataCache/Buckets/LegacyTEXTURE/31/d1/bc276870807ca0f9fafdc2844478ba5aa44c.udd" 4066
"C:/Users/Husky Cal/AppData/Local/UnrealEngine/Common/DerivedDataCache/Buckets/LegacyTEXTURE/3c/3e/c9b759b48bc18521ecdb3bc89b83878f2062.udd" 4067
"C:/Users/Husky Cal/AppData/Local/UnrealEngine/Common/DerivedDataCache/Buckets/LegacyTEXTURE/73/94/fb306b5c8bf09fee86ebcc5a45238d9899ac.udd" 4068
"C:/Users/Husky Cal/AppData/Local/UnrealEngine/Common/DerivedDataCache/Content/10/2f/81ee54d14080da38ad04e30bbb49996de0f0.udd" 4069
"C:/Users/Husky Cal/AppData/Local/UnrealEngine/Common/DerivedDataCache/Content/fd/a9/35c61a71769484f36f6f3b36c000d889f746.udd" 4070
"C:/Users/Husky Cal/AppData/Local/UnrealEngine/Common/DerivedDataCache/Buckets/LegacyTEXTURE/58/0d/039452990fb63de6e6c4a6a14dc393159bfa.udd" 4071
"C:/Users/Husky Cal/AppData/Local/UnrealEngine/Common/DerivedDataCache/Buckets/LegacyTEXTURE/3c/fd/45131ff8a0ee9c9f8e53fe4891a09db6a462.udd" 4072
"C:/Users/Husky Cal/AppData/Local/UnrealEngine/Common/DerivedDataCache/Buckets/LegacyTEXTURE/59/3f/7607ca50caa5ec531b25230ed473dc0816ec.udd" 4073
"C:/Users/Husky Cal/AppData/Local/UnrealEngine/Common/DerivedDataCache/Buckets/LegacyTEXTURE/4d/38/c93edaa4fa519578791b030a65e5f4790567.udd" 4074
"C:/Users/Husky Cal/AppData/Local/UnrealEngine/Common/DerivedDataCache/Buckets/LegacyTEXTURE/c7/34/deeca2fdb6c03cf19c47b4247b93aadf81cc.udd" 4075
"C:/Users/Husky Cal/AppData/Local/UnrealEngine/Common/DerivedDataCache/Buckets/LegacyTEXTURE/80/04/0886d090cbed909a3a92f25912485983c1f7.udd" 4076
"C:/Users/Husky Cal/AppData/Local/UnrealEngine/Common/DerivedDataCache/Buckets/LegacyTEXTURE/c9/b8/dd4c696496cc615ba272aa18494e23a95fea.udd" 4077
"C:/Users/Husky Cal/AppData/Local/UnrealEngine/Common/DerivedDataCache/Buckets/LegacyTEXTURE/a6/d4/9aea409ce903717c22a9e44b4f60cd6cd2f5.udd" 4078
"C:/Users/Husky Cal/AppData/Local/UnrealEngine/Common/DerivedDataCache/Buckets/LegacyTEXTURE/15/c6/1f34f9930b4d0544520a520521444f579be9.udd" 4079
"C:/Users/Husky Cal/AppData/Local/UnrealEngine/Common/DerivedDataCache/Buckets/LegacyTEXTURE/25/d4/35b49becdc5be737385748f55b9d0667e602.udd" 4080
"C:/Users/Husky Cal/AppData/Local/UnrealEngine/Common/DerivedDataCache/Buckets/LegacyTEXTURE/de/76/d026819b32e3094ba4874eddbc7390f6ca23.udd" 4081
"C:/Users/Husky Cal/AppData/Local/UnrealEngine/Common/DerivedDataCache/Buckets/LegacyTEXTURE/0f/c7/ac14b0dc14c704d0715ff4667f564c5682cf.udd" 4082
"C:/Users/Husky Cal/AppData/Local/UnrealEngine/Common/DerivedDataCache/Buckets/LegacyTEXTURE/91/9b/a968536d985a8e7f189e9803637c0422c310.udd" 4083
"C:/Users/Husky Cal/AppData/Local/UnrealEngine/Common/DerivedDataCache/Buckets/LegacyTEXTURE/0c/2a/0f13e7e20fff512606832a3fd0f6c2bc3c4f.udd" 4084
"C:/Users/Husky Cal/AppData/Local/UnrealEngine/Common/DerivedDataCache/Buckets/LegacyTEXTURE/23/33/bad90e67c2615458f86bddc17dd96c9fea40.udd" 4085
"C:/Users/Husky Cal/AppData/Local/UnrealEngine/Common/DerivedDataCache/Buckets/LegacyTEXTURE/20/33/d7553fc361d2153537f43baca3430a0d735a.udd" 4086
"C:/Users/Husky Cal/AppData/Local/UnrealEngine/Common/DerivedDataCache/Buckets/LegacyTEXTURE/56/b3/960f9ac07fccd8f8fc671d302bcd228d8c7c.udd" 4087
"C:/Users/Husky Cal/AppData/Local/UnrealEngine/Common/DerivedDataCache/Buckets/LegacyTEXTURE/07/ff/7eaa0a2d6853e7839305c0f964681b921d60.udd" 4088
"C:/Users/Husky Cal/AppData/Local/UnrealEngine/Common/DerivedDataCache/Buckets/LegacyTEXTURE/8f/0e/34deedd1334c16bc4df30012cf0d84bd52ff.udd" 4089
"C:/Users/Husky Cal/AppData/Local/UnrealEngine/Common/DerivedDataCache/Buckets/LegacyTEXTURE/a0/08/136fb6259bf319f107ac389314fcdae3e708.udd" 4090
"C:/Users/Husky Cal/AppData/Local/UnrealEngine/Common/DerivedDataCache/Buckets/LegacyTEXTURE/93/16/e8bc4e7259a56a527c2513c0089b762ad136.udd" 4091
"C:/Users/Husky Cal/AppData/Local/UnrealEngine/Common/DerivedDataCache/Buckets/LegacyTEXTURE/b3/75/93ad3247ef41b5b36598679b5da9b8c19273.udd" 4092
"C:/Users/Husky Cal/AppData/Local/UnrealEngine/Common/DerivedDataCache/Buckets/LegacyTEXTURE/67/eb/3beb07be25ad0d5c78c0bf559e9120aa7c0d.udd" 4093
"C:/Users/Husky Cal/AppData/Local/UnrealEngine/Common/DerivedDataCache/Buckets/LegacyTEXTURE/99/5f/0901e22cafb3ed7d83650530e0d0e4f47e37.udd" 4094
"C:/Users/Husky Cal/AppData/Local/UnrealEngine/Common/DerivedDataCache/Buckets/LegacyTEXTURE/9b/48/93fdc7d08104a38b21cd5dac44dd30df1f99.udd" 4095
"C:/Users/Husky Cal/AppData/Local/UnrealEngine/Common/DerivedDataCache/Buckets/LegacyTEXTURE/5c/2b/32a9578479060ede08a460cd291dfc422005.udd" 4096
"C:/Users/Husky Cal/AppData/Local/UnrealEngine/Common/DerivedDataCache/Buckets/LegacyTEXTURE/75/d1/f256ba6cfac631709d66dd8a061efa771ca4.udd" 4097
"C:/Users/Husky Cal/AppData/Local/UnrealEngine/Common/DerivedDataCache/Buckets/LegacyTEXTURE/de/ae/9b5f62ab70e2c1dfac0fb17ef6079c926f66.udd" 4098
"C:/Users/Husky Cal/AppData/Local/UnrealEngine/Common/DerivedDataCache/Content/1c/c8/884e153b794ab1e602b711e7ae63ca2cf306.udd" 4099
"C:/Users/Husky Cal/AppData/Local/UnrealEngine/Common/DerivedDataCache/Content/57/6e/e6ef905c97b98107f10793aa5fb8b572a4a6.udd" 4100
"C:/Users/Husky Cal/AppData/Local/UnrealEngine/Common/DerivedDataCache/Buckets/LegacyTEXTURE/15/12/967dc5ab4d0d99e8cbf60041380f0428d2ad.udd" 4101
"C:/Users/Husky Cal/AppData/Local/UnrealEngine/Common/DerivedDataCache/Buckets/LegacyTEXTURE/e5/2a/b87e00f349e1ec213c02a951f6839bd393b2.udd" 4102
"C:/Users/Husky Cal/AppData/Local/UnrealEngine/Common/DerivedDataCache/Buckets/LegacyTEXTURE/57/7d/6a04ecb0fbdd2b1511160091d788061e1787.udd" 4103
"C:/Users/Husky Cal/AppData/Local/UnrealEngine/Common/DerivedDataCache/Buckets/LegacyTEXTURE/d7/22/eea740014fe975cf88517095d7ea49bfdf7b.udd" 4104
"C:/Users/Husky Cal/AppData/Local/UnrealEngine/Common/DerivedDataCache/Buckets/LegacyTEXTURE/1b/2d/89d75b364507be2c4780a1945fef0c95e75a.udd" 4105
"C:/Users/Husky Cal/AppData/Local/UnrealEngine/Common/DerivedDataCache/Buckets/LegacyTEXTURE/6b/08/06533b3f413e92c31b9cea338c7b337bc33b.udd" 4106
"C:/Users/Husky Cal/AppData/Local/UnrealEngine/Common/DerivedDataCache/Buckets/LegacyTEXTURE/bb/c9/5c9ca20a3448f29c8d6db3482e93d252b1d8.udd" 4107
"C:/Users/Husky Cal/AppData/Local/UnrealEngine/Common/DerivedDataCache/Content/62/75/3bc282347006012e486e2b939ca8f90803cb.udd" 4108
"C:/Users/Husky Cal/AppData/Local/UnrealEngine/Common/DerivedDataCache/Buckets/LegacyTEXTURE/6a/0a/cd4cc76bc927300ffe3c907f76ca2245965a.udd" 4109
"C:/Users/Husky Cal/AppData/Local/UnrealEngine/Common/DerivedDataCache/Buckets/LegacyTEXTURE/9f/46/02c1b03e6db0361df0d67b14e6afed603b7e.udd" 4110
"C:/Users/Husky Cal/AppData/Local/UnrealEngine/Common/DerivedDataCache/Buckets/LegacyTEXTURE/3a/d6/9559b67d963e9d436badc14b3a6075cbdd33.udd" 4111
"C:/Users/Husky Cal/AppData/Local/UnrealEngine/Common/DerivedDataCache/Buckets/LegacyTEXTURE/aa/17/e4dd0214d1f2a63be226963b7259452d9b7a.udd" 4112
"C:/Users/Husky Cal/AppData/Local/UnrealEngine/Common/DerivedDataCache/Buckets/LegacyTEXTURE/8f/79/2d8b4aba07522f821c8339aa0670dbe06044.udd" 4113
"C:/Users/Husky Cal/AppData/Local/UnrealEngine/Common/DerivedDataCache/Buckets/LegacyTEXTURE/d3/47/ea0ba441ebe010d4682c196395a89805d788.udd" 4114
"C:/Users/Husky Cal/AppData/Local/UnrealEngine/Common/DerivedDataCache/Buckets/LegacyTEXTURE/15/e8/370f956adf3cb832ed66ae123f6595284cb1.udd" 4115
"C:/Users/Husky Cal/AppData/Local/UnrealEngine/Common/DerivedDataCache/Buckets/LegacyTEXTURE/66/42/54875b30053a41bde76b46786f629409e953.udd" 4116
"C:/Users/Husky Cal/AppData/Local/UnrealEngine/Common/DerivedDataCache/Buckets/LegacyTEXTURE/90/00/2d22a6c0b661b7c308461cb5f66698df5f83.udd" 4117
"C:/Users/Husky Cal/AppData/Local/UnrealEngine/Common/DerivedDataCache/Content/af/95/e6b85d2c3ce0a4886dd144954564a733d5bc.udd" 4118
"C:/Users/Husky Cal/AppData/Local/UnrealEngine/Common/DerivedDataCache/Buckets/LegacyTEXTURE/6a/06/3e57d91ac801863b0379a87636a507712102.udd" 4119
"C:/Users/Husky Cal/AppData/Local/UnrealEngine/Common/DerivedDataCache/Buckets/LegacyTEXTURE/fe/ae/f992135b8a1f6ac49237e4be3058129574e8.udd" 4120
"C:/Users/Husky Cal/AppData/Local/UnrealEngine/Common/DerivedDataCache/Buckets/LegacyTEXTURE/e0/5e/127e7c945f93ba68feeb6b700d51dab58b0e.udd" 4121
"C:/Users/Husky Cal/AppData/Local/UnrealEngine/Common/DerivedDataCache/Buckets/LegacyTEXTURE/49/90/dc794fe5044cf49bf7605f88b888a4194b44.udd" 4122
"C:/Users/Husky Cal/AppData/Local/UnrealEngine/Common/DerivedDataCache/Buckets/LegacyTEXTURE/5e/50/9d7135f18d198023ee23eb4389d8aaa86f08.udd" 4123
"C:/Users/Husky Cal/AppData/Local/UnrealEngine/Common/DerivedDataCache/Content/f4/bd/54771a55bc97752f8af046d08632f2dd0468.udd" 4124
"C:/Users/Husky Cal/AppData/Local/UnrealEngine/Common/DerivedDataCache/Buckets/LegacyTEXTURE/2b/54/21b5202658bc386d541fef57306e842c7fc6.udd" 4125
"C:/Users/Husky Cal/AppData/Local/UnrealEngine/Common/DerivedDataCache/Buckets/LegacyTEXTURE/fb/b3/8463c2593f05d97fd35fba939bbe1fa4dba2.udd" 4126
"C:/Users/Husky Cal/AppData/Local/UnrealEngine/Common/DerivedDataCache/Buckets/LegacyTEXTURE/d1/9c/995cf2f197921927f8760c2917d8fcebfe27.udd" 4127
"C:/Users/Husky Cal/AppData/Local/UnrealEngine/Common/DerivedDataCache/Buckets/LegacyTEXTURE/f4/be/2a6104e229a279924e62dd74aba53b49991c.udd" 4128
"C:/Users/Husky Cal/AppData/Local/UnrealEngine/Common/DerivedDataCache/Buckets/LegacyTEXTURE/f1/1f/9e581fb733d57cd4aa82559810c4bc1f0607.udd" 4129
"C:/Users/Husky Cal/AppData/Local/UnrealEngine/Common/DerivedDataCache/Buckets/LegacyTEXTURE/38/b3/220cea747f4cdc3e2bdddb0abbe7af48b5f9.udd" 4130
"C:/Users/Husky Cal/AppData/Local/UnrealEngine/Common/DerivedDataCache/Buckets/LegacyTEXTURE/ed/dc/870c9732b6892e5a813b6a6b93bbce3fb0ea.udd" 4131
"C:/Users/Husky Cal/AppData/Local/UnrealEngine/Common/DerivedDataCache/Buckets/LegacyTEXTURE/2e/0b/cf17e7843949e8eee03de948d7e07657490a.udd" 4132
"C:/Users/Husky Cal/AppData/Local/UnrealEngine/Common/DerivedDataCache/Buckets/LegacyTEXTURE/44/d7/52eb4309b0774a22fe5859a2b5fbe4b0c23d.udd" 4133
"C:/Users/Husky Cal/AppData/Local/UnrealEngine/Common/DerivedDataCache/Content/3f/83/9f58a45932553c41a1796a7dada463beb397.udd" 4134
"C:/Users/Husky Cal/AppData/Local/UnrealEngine/Common/DerivedDataCache/Buckets/LegacyTEXTURE/74/f5/4edb1b42962af1f16d32cb93edb6daa0f349.udd" 4135
"C:/Users/Husky Cal/AppData/Local/UnrealEngine/Common/DerivedDataCache/Buckets/LegacyTEXTURE/83/e5/081c32a70b5ff9991cedddaff6e3ce9924ec.udd" 4136
"C:/Users/Husky Cal/AppData/Local/UnrealEngine/Common/DerivedDataCache/Buckets/LegacyTEXTURE/99/4a/269e5d4d9a51b27278fe2b303cbef52f9c78.udd" 4137
"C:/Users/Husky Cal/AppData/Local/UnrealEngine/Common/DerivedDataCache/Buckets/LegacyTEXTURE/aa/34/b71de14f2ddace57a86f668ec1c4a7a41dc1.udd" 4138
"C:/Users/Husky Cal/AppData/Local/UnrealEngine/Common/DerivedDataCache/Buckets/LegacyTEXTURE/c8/98/f0908298e1ae4e60e3475e91eacb0f4cfab7.udd" 4139
"C:/Users/Husky Cal/AppData/Local/UnrealEngine/Common/DerivedDataCache/Buckets/LegacyTEXTURE/28/75/7ff85b994adef470eaf681218542f07f195e.udd" 4140
"F:/Pro/FPSRogueLikePrj/FPSRogueLike/Content/MilitaryWeapSilver/Sound/SniperRifle/Wavs/SniperRifleA_Fire_ST04.uasset" 4141
"F:/Pro/FPSRogueLikePrj/FPSRogueLike/Content/MilitaryWeapSilver/Sound/SniperRifle/Wavs/SniperRifleA_Fire_ST03.uasset" 4142
"F:/Pro/FPSRogueLikePrj/FPSRogueLike/Content/MilitaryWeapSilver/Sound/SniperRifle/Wavs/SniperRifleA_Fire_ST02.uasset" 4143
"F:/Pro/FPSRogueLikePrj/FPSRogueLike/Content/MilitaryWeapSilver/Sound/SniperRifle/Wavs/SniperRifleA_Fire_ST01.uasset" 4144
"F:/Pro/FPSRogueLikePrj/FPSRogueLike/Content/MilitaryWeapSilver/Sound/SniperRifle/Wavs/SniperRifleA_Fire04.uasset" 4145
"F:/Pro/FPSRogueLikePrj/FPSRogueLike/Content/MilitaryWeapSilver/Sound/SniperRifle/Wavs/SniperRifleA_Fire03.uasset" 4146
"F:/Pro/FPSRogueLikePrj/FPSRogueLike/Content/MilitaryWeapSilver/Sound/SniperRifle/Wavs/SniperRifleA_Fire02.uasset" 4147
"F:/Pro/FPSRogueLikePrj/FPSRogueLike/Content/MilitaryWeapSilver/Sound/SniperRifle/Wavs/SniperRifleA_Fire01.uasset" 4148
"F:/Pro/FPSRogueLikePrj/FPSRogueLike/Content/MilitaryWeapSilver/Sound/Shotgun/Wavs/Shotgun_Reload_Out03.uasset" 4149
"F:/Pro/FPSRogueLikePrj/FPSRogueLike/Content/MilitaryWeapSilver/Sound/Shotgun/Wavs/Shotgun_Reload_Out02.uasset" 4150
"F:/Pro/FPSRogueLikePrj/FPSRogueLike/Content/MilitaryWeapSilver/Sound/Shotgun/Wavs/Shotgun_Reload_Out01.uasset" 4151
"F:/Pro/FPSRogueLikePrj/FPSRogueLike/Content/MilitaryWeapSilver/Sound/Shotgun/Wavs/Shotgun_Reload_In03.uasset" 4152
"F:/Pro/FPSRogueLikePrj/FPSRogueLike/Content/MilitaryWeapSilver/Sound/Shotgun/Wavs/Shotgun_Reload_In02.uasset" 4153
"F:/Pro/FPSRogueLikePrj/FPSRogueLike/Content/MilitaryWeapSilver/Sound/Shotgun/Wavs/Shotgun_Reload_In01.uasset" 4154
"C:/Users/Husky Cal/AppData/Local/UnrealEngine/Common/DerivedDataCache/Buckets/BulkDataList/fc/78/0b561aa580ac7570fc485f974b635e7ea25b.udd" 4155
"C:/Users/Husky Cal/AppData/Local/UnrealEngine/Common/DerivedDataCache/Buckets/BulkDataPayloadId/ca/c4/b748084fe6906b15c62f4ba5efa8471bd76a.udd" 4156
"F:/Pro/FPSRogueLikePrj/FPSRogueLike/Content/MilitaryWeapSilver/Sound/Shotgun/Wavs/Shotgun_Reload03.uasset" 4157
"C:/Users/Husky Cal/AppData/Local/UnrealEngine/Common/DerivedDataCache/Buckets/BulkDataList/a2/34/1e8e664eac42c8ee2fe944c0705cbc4554e4.udd" 4158
"C:/Users/Husky Cal/AppData/Local/UnrealEngine/Common/DerivedDataCache/Buckets/BulkDataPayloadId/5e/fe/b7147facb57e204bcc52d9c5307bdf09f429.udd" 4159
"C:/Users/Husky Cal/AppData/Local/UnrealEngine/Common/DerivedDataCache/Buckets/BulkDataList/88/94/19df1e61ef7ffa0acc14b8791688e5c3cc71.udd" 4160
"C:/Users/Husky Cal/AppData/Local/UnrealEngine/Common/DerivedDataCache/Buckets/BulkDataPayloadId/de/ed/22e39028a37eb65a59e98de5e76c82d048a9.udd" 4161
"F:/Pro/FPSRogueLikePrj/FPSRogueLike/Content/MilitaryWeapSilver/Sound/Shotgun/Wavs/Shotgun_Reload02.uasset" 4162
"C:/Users/Husky Cal/AppData/Local/UnrealEngine/Common/DerivedDataCache/Buckets/BulkDataList/84/c3/4041715e9e768f24d2de579f19ba0a5952f9.udd" 4163
"C:/Users/Husky Cal/AppData/Local/UnrealEngine/Common/DerivedDataCache/Buckets/BulkDataPayloadId/f1/1c/24aa4028b9f0cce92a487f7dc32df2335d10.udd" 4164
"F:/Pro/FPSRogueLikePrj/FPSRogueLike/Content/MilitaryWeapSilver/Sound/Shotgun/Wavs/Shotgun_Reload01.uasset" 4165
"C:/Users/Husky Cal/AppData/Local/UnrealEngine/Common/DerivedDataCache/Buckets/BulkDataList/af/c5/5d80844def708f3868c08d7e2bc597dffc19.udd" 4166
"F:/Pro/FPSRogueLikePrj/FPSRogueLike/Content/MilitaryWeapSilver/Sound/Shotgun/Wavs/Shotgun_Raise.uasset" 4167
"C:/Users/Husky Cal/AppData/Local/UnrealEngine/Common/DerivedDataCache/Buckets/BulkDataPayloadId/d5/bb/37b0523156288665a71641b2d19ce211c5c7.udd" 4168
"F:/Pro/FPSRogueLikePrj/FPSRogueLike/Content/MilitaryWeapSilver/Sound/Shotgun/Wavs/Shotgun_Lower.uasset" 4169
"C:/Users/Husky Cal/AppData/Local/UnrealEngine/Common/DerivedDataCache/Buckets/BulkDataList/9b/27/4bd0865e979571bb5169b84b4c1fe7da996d.udd" 4170
"C:/Users/Husky Cal/AppData/Local/UnrealEngine/Common/DerivedDataCache/Buckets/BulkDataPayloadId/99/cc/36239164b0890704c90d4b5cd85ae1188875.udd" 4171
"C:/Users/Husky Cal/AppData/Local/UnrealEngine/Common/DerivedDataCache/Buckets/BulkDataList/92/13/b4d94a615bc1027bc201172b0d12f931b45c.udd" 4172
"F:/Pro/FPSRogueLikePrj/FPSRogueLike/Content/MilitaryWeapSilver/Sound/Shotgun/Wavs/Shotgun_ImpactSurface04.uasset" 4173
"C:/Users/Husky Cal/AppData/Local/UnrealEngine/Common/DerivedDataCache/Buckets/BulkDataPayloadId/c7/d6/87d5d721acd8ed380247f49a566d54cbe534.udd" 4174
"C:/Users/Husky Cal/AppData/Local/UnrealEngine/Common/DerivedDataCache/Buckets/BulkDataList/cc/e4/ff2618977e4ed40464c11a5c33a9ce7e638d.udd" 4175
"F:/Pro/FPSRogueLikePrj/FPSRogueLike/Content/MilitaryWeapSilver/Sound/Shotgun/Wavs/Shotgun_ImpactSurface03.uasset" 4176
"C:/Users/Husky Cal/AppData/Local/UnrealEngine/Common/DerivedDataCache/Buckets/BulkDataPayloadId/07/a8/335ceb49451fec2db3dcef33586824bd7734.udd" 4177
"F:/Pro/FPSRogueLikePrj/FPSRogueLike/Content/MilitaryWeapSilver/Sound/Shotgun/Wavs/Shotgun_ImpactSurface02.uasset" 4178
"C:/Users/Husky Cal/AppData/Local/UnrealEngine/Common/DerivedDataCache/Buckets/BulkDataList/b6/38/f6f794627bb31569d121dbe18703a1b14d36.udd" 4179
"C:/Users/Husky Cal/AppData/Local/UnrealEngine/Common/DerivedDataCache/Buckets/BulkDataPayloadId/58/12/00fcede212a2cd983066fab79b97f551b0f6.udd" 4180
"C:/Users/Husky Cal/AppData/Local/UnrealEngine/Common/DerivedDataCache/Buckets/BulkDataList/05/9a/8fc0cbe53bc4840f6f5e6ff24ca499fa102d.udd" 4181
"F:/Pro/FPSRogueLikePrj/FPSRogueLike/Content/MilitaryWeapSilver/Sound/Shotgun/Wavs/Shotgun_ImpactSurface01.uasset" 4182
"C:/Users/Husky Cal/AppData/Local/UnrealEngine/Common/DerivedDataCache/Buckets/BulkDataPayloadId/aa/92/b230dcbfc49f3be27ba2906803aeea043030.udd" 4183
"C:/Users/Husky Cal/AppData/Local/UnrealEngine/Common/DerivedDataCache/Buckets/BulkDataList/94/a0/11ba3e1b9afa044777e7a490e3894eae693f.udd" 4184
"F:/Pro/FPSRogueLikePrj/FPSRogueLike/Content/MilitaryWeapSilver/Sound/Shotgun/Wavs/Shotgun_ImpactBody04.uasset" 4185
"C:/Users/Husky Cal/AppData/Local/UnrealEngine/Common/DerivedDataCache/Buckets/BulkDataPayloadId/35/1f/abedb2f1f6d975987dbcd89274924def6679.udd" 4186
"C:/Users/Husky Cal/AppData/Local/UnrealEngine/Common/DerivedDataCache/Buckets/BulkDataList/85/67/2a49fd357ca6864f104599650e6d11c76827.udd" 4187
"F:/Pro/FPSRogueLikePrj/FPSRogueLike/Content/MilitaryWeapSilver/Sound/Shotgun/Wavs/Shotgun_ImpactBody03.uasset" 4188
"C:/Users/Husky Cal/AppData/Local/UnrealEngine/Common/DerivedDataCache/Buckets/BulkDataPayloadId/6a/8c/031168fa99c540411ef98905945195834529.udd" 4189
"C:/Users/Husky Cal/AppData/Local/UnrealEngine/Common/DerivedDataCache/Buckets/BulkDataList/4b/1b/16d9c222272602d89f90e41ecf1a479894e4.udd" 4190
"F:/Pro/FPSRogueLikePrj/FPSRogueLike/Content/MilitaryWeapSilver/Sound/Shotgun/Wavs/Shotgun_ImpactBody02.uasset" 4191
"C:/Users/Husky Cal/AppData/Local/UnrealEngine/Common/DerivedDataCache/Buckets/BulkDataPayloadId/20/a1/9d2d6d77f8520495b36bddf88c555b6b23cc.udd" 4192
"C:/Users/Husky Cal/AppData/Local/UnrealEngine/Common/DerivedDataCache/Buckets/BulkDataList/b4/2a/d600463bfda89797c5cc0fca9e7837bf8a5c.udd" 4193
"F:/Pro/FPSRogueLikePrj/FPSRogueLike/Content/MilitaryWeapSilver/Sound/Shotgun/Wavs/Shotgun_ImpactBody01.uasset" 4194
"C:/Users/Husky Cal/AppData/Local/UnrealEngine/Common/DerivedDataCache/Buckets/BulkDataPayloadId/88/5a/118e332f955f81c72d9fa4eebb561bcafeeb.udd" 4195
"C:/Users/Husky Cal/AppData/Local/UnrealEngine/Common/DerivedDataCache/Buckets/BulkDataList/e9/99/09413f066a02d603b1555add6f57c588c4d8.udd" 4196
"F:/Pro/FPSRogueLikePrj/FPSRogueLike/Content/MilitaryWeapSilver/Sound/Shotgun/Wavs/Shotgun_AmmoPickup.uasset" 4197
"C:/Users/Husky Cal/AppData/Local/UnrealEngine/Common/DerivedDataCache/Buckets/BulkDataPayloadId/c2/f6/9ed7f6b12bfd12421fcb0a96f2513bcb1774.udd" 4198
"C:/Users/Husky Cal/AppData/Local/UnrealEngine/Common/DerivedDataCache/Buckets/BulkDataList/77/9a/eeac6d413f8b40ae909841fc5b2062676146.udd" 4199
"F:/Pro/FPSRogueLikePrj/FPSRogueLike/Content/MilitaryWeapSilver/Sound/Shotgun/Wavs/ShotgunA_Fire_ST04.uasset" 4200
"C:/Users/Husky Cal/AppData/Local/UnrealEngine/Common/DerivedDataCache/Buckets/BulkDataPayloadId/e3/eb/86040eb44daf0860f552ae0fc9de710ef3f6.udd" 4201
"F:/Pro/FPSRogueLikePrj/FPSRogueLike/Content/MilitaryWeapSilver/Sound/Shotgun/Wavs/ShotgunA_Fire_ST03.uasset" 4202
"C:/Users/Husky Cal/AppData/Local/UnrealEngine/Common/DerivedDataCache/Buckets/BulkDataList/49/b4/0c01c7ba109e3b23d762a511bc915a260826.udd" 4203
"C:/Users/Husky Cal/AppData/Local/UnrealEngine/Common/DerivedDataCache/Buckets/BulkDataPayloadId/4d/5a/9342e116e744ad32f017eaed50d81cc59f28.udd" 4204
"F:/Pro/FPSRogueLikePrj/FPSRogueLike/Content/MilitaryWeapSilver/Sound/Shotgun/Wavs/ShotgunA_Fire_ST02.uasset" 4205
"C:/Users/Husky Cal/AppData/Local/UnrealEngine/Common/DerivedDataCache/Buckets/BulkDataList/68/41/5e4636a7d988bc4d834204d925ac93e462a3.udd" 4206
"C:/Users/Husky Cal/AppData/Local/UnrealEngine/Common/DerivedDataCache/Buckets/BulkDataPayloadId/ef/28/da07ab4f0b75e22b7b110cf9418d5ae34429.udd" 4207
"C:/Users/Husky Cal/AppData/Local/UnrealEngine/Common/DerivedDataCache/Buckets/BulkDataList/11/6f/af7f6434ef9964e56413ae8208747595d7c2.udd" 4208
"F:/Pro/FPSRogueLikePrj/FPSRogueLike/Content/MilitaryWeapSilver/Sound/Shotgun/Wavs/ShotgunA_Fire_ST01.uasset" 4209
"C:/Users/Husky Cal/AppData/Local/UnrealEngine/Common/DerivedDataCache/Buckets/BulkDataPayloadId/98/7c/ed753dd778f00d48b471b81a2f2776771141.udd" 4210
"C:/Users/Husky Cal/AppData/Local/UnrealEngine/Common/DerivedDataCache/Buckets/BulkDataList/c4/39/b12b53fa232de287e9d1ef1c703b72aa02a2.udd" 4211
"C:/Users/Husky Cal/AppData/Local/UnrealEngine/Common/DerivedDataCache/Buckets/BulkDataPayloadId/03/1a/aeca3e251a0fef397b42319636254f42054d.udd" 4212
"C:/Users/Husky Cal/AppData/Local/UnrealEngine/Common/DerivedDataCache/Buckets/LegacyAudio/dc/32/fe4b747ca570f1b1cda1eb03a7d658ca07bb.udd" 4213
"C:/Users/Husky Cal/AppData/Local/UnrealEngine/Common/DerivedDataCache/Buckets/LegacySTREAMEDAUDIO/3a/c4/3f62fe11dd64f95478dce799bfd67da90311.udd" 4214
"C:/Users/Husky Cal/AppData/Local/UnrealEngine/Common/DerivedDataCache/Buckets/LegacyAudio/9b/60/0a96a089863787688b6a415ee2e30a1757da.udd" 4215
"C:/Users/Husky Cal/AppData/Local/UnrealEngine/Common/DerivedDataCache/Buckets/LegacySTREAMEDAUDIO/a7/48/e820e7fb024ad49736937b21a8bb24f3bb53.udd" 4216
"C:/Users/Husky Cal/AppData/Local/UnrealEngine/Common/DerivedDataCache/Buckets/LegacySTREAMEDAUDIO/57/a8/fd50924feb3d257d68886f213f6324a47eb9.udd" 4217
"C:/Users/Husky Cal/AppData/Local/UnrealEngine/Common/DerivedDataCache/Buckets/LegacySTREAMEDAUDIO/20/b4/739b2453aeec1a99dc744997a4a97043bd61.udd" 4218
"C:/Users/Husky Cal/AppData/Local/UnrealEngine/Common/DerivedDataCache/Buckets/LegacySTREAMEDAUDIO/6b/a2/7e660973dcc8ced135ef92ce8956012d7b45.udd" 4219
"C:/Users/Husky Cal/AppData/Local/UnrealEngine/Common/DerivedDataCache/Buckets/LegacySTREAMEDAUDIO/4f/87/db3c8647d0eb3bf015ed44477c60db9fb18b.udd" 4220
"C:/Users/Husky Cal/AppData/Local/UnrealEngine/Common/DerivedDataCache/Buckets/LegacyAudio/98/58/4a2243216f4fe7636aab47c24366d3430005.udd" 4221
"C:/Users/Husky Cal/AppData/Local/UnrealEngine/Common/DerivedDataCache/Buckets/LegacyAudio/1f/ef/63d3becbe851fb84c6e648dcf06f3c22b39f.udd" 4222
"C:/Users/Husky Cal/AppData/Local/UnrealEngine/Common/DerivedDataCache/Buckets/LegacyAudio/9c/8a/09736e05ff4a2501a0055eac042cee1c437a.udd" 4223
"F:/Pro/FPSRogueLikePrj/FPSRogueLike/Content/MilitaryWeapSilver/Sound/Shotgun/Wavs/ShotgunA_Fire04.uasset" 4224
"C:/Users/Husky Cal/AppData/Local/UnrealEngine/Common/DerivedDataCache/Buckets/LegacyAudio/64/9b/baeb2f7a2afcaeb97ad3bf8db4b9e5802d38.udd" 4225
"C:/Users/Husky Cal/AppData/Local/UnrealEngine/Common/DerivedDataCache/Buckets/LegacyAudio/d4/c8/bc4b2fc2be8af9b43c0dd93b67ad1b4ab239.udd" 4226
"C:/Users/Husky Cal/AppData/Local/UnrealEngine/Common/DerivedDataCache/Buckets/LegacyAudio/32/3d/4c372121c423c52e750b2c00b4f875a24df4.udd" 4227
"C:/Users/Husky Cal/AppData/Local/UnrealEngine/Common/DerivedDataCache/Buckets/LegacyAudio/12/bd/11be952be849e655b7d27f6627241c18b2ad.udd" 4228
"C:/Users/Husky Cal/AppData/Local/UnrealEngine/Common/DerivedDataCache/Buckets/LegacyAudio/87/75/3c27ad77298a7bb6990100fbcb79dbcec406.udd" 4229
"C:/Users/Husky Cal/AppData/Local/UnrealEngine/Common/DerivedDataCache/Buckets/LegacyAudio/08/79/d904a9069ea90ba6030452840572b7470f46.udd" 4230
"C:/Users/Husky Cal/AppData/Local/UnrealEngine/Common/DerivedDataCache/Buckets/LegacyAudio/79/45/55c9fd0260ba5e59fc2abf0e2aac0af25ce9.udd" 4231
"C:/Users/Husky Cal/AppData/Local/UnrealEngine/Common/DerivedDataCache/Buckets/LegacyAudio/c6/55/ad49e9645fef6c0103a0a64e65234adb1737.udd" 4232
"C:/Users/Husky Cal/AppData/Local/UnrealEngine/Common/DerivedDataCache/Buckets/LegacyAudio/53/d6/7db54f1d637cdc9276ebebd91c7641a25855.udd" 4233
"C:/Users/Husky Cal/AppData/Local/UnrealEngine/Common/DerivedDataCache/Buckets/LegacyAudio/46/f6/3bd76ecddc193a15a6290b37556026dec577.udd" 4234
"C:/Users/Husky Cal/AppData/Local/UnrealEngine/Common/DerivedDataCache/Buckets/BulkDataList/b8/ab/f586cd8b25042ba9dad5085be16d4dfcce4d.udd" 4235
"C:/Users/Husky Cal/AppData/Local/UnrealEngine/Common/DerivedDataCache/Buckets/LegacyAudio/6d/89/1777f70070b8e2a3863fda653d770a3a67be.udd" 4236
"C:/Users/Husky Cal/AppData/Local/UnrealEngine/Common/DerivedDataCache/Buckets/LegacyAudio/cf/ae/33c2383c13d9c3efd440b21c9ee313be88b0.udd" 4237
"C:/Users/Husky Cal/AppData/Local/UnrealEngine/Common/DerivedDataCache/Buckets/LegacyAudio/ac/2e/fef95fa7529e09dadfac4994aaffdf94c55c.udd" 4238
"C:/Users/Husky Cal/AppData/Local/UnrealEngine/Common/DerivedDataCache/Buckets/LegacyAudio/e0/46/0d78d39f1028f67706695a6814e91439f0ad.udd" 4239
"C:/Users/Husky Cal/AppData/Local/UnrealEngine/Common/DerivedDataCache/Buckets/BulkDataPayloadId/ca/6a/7a85331179492bf75d6a1f5a531d7ed928fc.udd" 4240
"C:/Users/Husky Cal/AppData/Local/UnrealEngine/Common/DerivedDataCache/Buckets/LegacyAudio/7c/6f/c4f8c1f2c4626322efea57b597abbd7dd0b2.udd" 4241
"C:/Users/Husky Cal/AppData/Local/UnrealEngine/Common/DerivedDataCache/Buckets/LegacySTREAMEDAUDIO/b8/87/4813a185594b8191d70d0256a932ba4dbaa4.udd" 4242
"C:/Users/Husky Cal/AppData/Local/UnrealEngine/Common/DerivedDataCache/Buckets/LegacySTREAMEDAUDIO/10/a3/bc08d6e233707457b09c76de5829d15f4cab.udd" 4243
"C:/Users/Husky Cal/AppData/Local/UnrealEngine/Common/DerivedDataCache/Buckets/LegacySTREAMEDAUDIO/15/a1/e9f14e563bbffbc10da2a240e31dbe6598b5.udd" 4244
"C:/Users/Husky Cal/AppData/Local/UnrealEngine/Common/DerivedDataCache/Buckets/LegacySTREAMEDAUDIO/30/f7/b61c4669600034dd9729706aa4fd701f9503.udd" 4245
"C:/Users/Husky Cal/AppData/Local/UnrealEngine/Common/DerivedDataCache/Buckets/LegacySTREAMEDAUDIO/8c/82/488854be1ee00dd1621127d89c6d2b0b8e17.udd" 4246
"C:/Users/Husky Cal/AppData/Local/UnrealEngine/Common/DerivedDataCache/Buckets/LegacySTREAMEDAUDIO/3c/f7/0376aa5344ce601f9a570d16e393d80250e8.udd" 4247
"C:/Users/Husky Cal/AppData/Local/UnrealEngine/Common/DerivedDataCache/Buckets/LegacySTREAMEDAUDIO/d3/fd/9be62402549b0907156f8750630f1ee5116a.udd" 4248
"C:/Users/Husky Cal/AppData/Local/UnrealEngine/Common/DerivedDataCache/Buckets/LegacySTREAMEDAUDIO/ff/9e/703724fef5af032e1e586354fe4646defd3d.udd" 4249
"C:/Users/Husky Cal/AppData/Local/UnrealEngine/Common/DerivedDataCache/Buckets/LegacySTREAMEDAUDIO/a4/b3/2a895d8074cf0b764e668e091a26ef198480.udd" 4250
"F:/Pro/FPSRogueLikePrj/FPSRogueLike/Content/MilitaryWeapSilver/Sound/Shotgun/Wavs/ShotgunA_Fire03.uasset" 4251
"C:/Users/Husky Cal/AppData/Local/UnrealEngine/Common/DerivedDataCache/Buckets/LegacySTREAMEDAUDIO/4c/75/5b9cedc13d57406ce9e865657d1314e6cf91.udd" 4252
"C:/Users/Husky Cal/AppData/Local/UnrealEngine/Common/DerivedDataCache/Buckets/LegacySTREAMEDAUDIO/e1/24/f5e5c9ca0aa76b1cf2057c6ae82fab915e0a.udd" 4253
"C:/Users/Husky Cal/AppData/Local/UnrealEngine/Common/DerivedDataCache/Buckets/LegacySTREAMEDAUDIO/f9/12/6ce3b3cce8458690b15d1e1ccd3e05d86ff9.udd" 4254
"C:/Users/Husky Cal/AppData/Local/UnrealEngine/Common/DerivedDataCache/Buckets/BulkDataList/91/09/45562001708b2c1da9db644ff5e338085b54.udd" 4255
"C:/Users/Husky Cal/AppData/Local/UnrealEngine/Common/DerivedDataCache/Buckets/LegacySTREAMEDAUDIO/61/7a/a4273a94a15d7ad57d924ae4f826cd578871.udd" 4256
"C:/Users/Husky Cal/AppData/Local/UnrealEngine/Common/DerivedDataCache/Buckets/BulkDataPayloadId/f4/17/7a3a008304159c681dd5e267d04e7503dbcd.udd" 4257
"C:/Users/Husky Cal/AppData/Local/UnrealEngine/Common/DerivedDataCache/Buckets/LegacySTREAMEDAUDIO/b0/0d/06dfe740b8fa32bf372c06111a1d10b3ba23.udd" 4258
"C:/Users/Husky Cal/AppData/Local/UnrealEngine/Common/DerivedDataCache/Buckets/LegacySTREAMEDAUDIO/f8/73/e12c83591e288881b4a01e55b7e8e1389760.udd" 4259
"C:/Users/Husky Cal/AppData/Local/UnrealEngine/Common/DerivedDataCache/Buckets/LegacySTREAMEDAUDIO/78/17/c291c20e8f15820fb7ec7c5d42dc1d2e5dc8.udd" 4260
"F:/Pro/FPSRogueLikePrj/FPSRogueLike/Content/MilitaryWeapSilver/Sound/Shotgun/Wavs/ShotgunA_Fire02.uasset" 4261
"C:/Users/Husky Cal/AppData/Local/UnrealEngine/Common/DerivedDataCache/Buckets/LegacySTREAMEDAUDIO/97/87/aa5473b84012000fd6847e1fa2938d68d82a.udd" 4262
"C:/Users/Husky Cal/AppData/Local/UnrealEngine/Common/DerivedDataCache/Buckets/LegacySTREAMEDAUDIO/76/66/3a160c5a4046b4f2ae429a46fd3b9f04ffd6.udd" 4263
"C:/Users/Husky Cal/AppData/Local/UnrealEngine/Common/DerivedDataCache/Buckets/LegacySTREAMEDAUDIO/e3/25/e8560e4f7519ccf7cf95bf39b06e603668a0.udd" 4264
"C:/Users/Husky Cal/AppData/Local/UnrealEngine/Common/DerivedDataCache/Buckets/BulkDataList/67/d2/f243fb57a1dd5c32925146173e6054ba1277.udd" 4265
"F:/Pro/FPSRogueLikePrj/FPSRogueLike/Content/MilitaryWeapSilver/Sound/Shotgun/Wavs/ShotgunA_Fire01.uasset" 4266
"C:/Users/Husky Cal/AppData/Local/UnrealEngine/Common/DerivedDataCache/Buckets/LegacySTREAMEDAUDIO/c8/b0/73b06da6dd3d32164a6fc1afa4fc5d676872.udd" 4267
"C:/Users/Husky Cal/AppData/Local/UnrealEngine/Common/DerivedDataCache/Buckets/BulkDataPayloadId/fe/04/8f0aac8b052b5a5db726ebcd8ee901dc512e.udd" 4268
"C:/Users/Husky Cal/AppData/Local/UnrealEngine/Common/DerivedDataCache/Buckets/LegacySTREAMEDAUDIO/0e/0e/2c466d98a99634a01ce1fa586e90e79d5d88.udd" 4269
"C:/Users/Husky Cal/AppData/Local/UnrealEngine/Common/DerivedDataCache/Buckets/BulkDataList/f3/8d/d172a9080ed403827be8099750a0db354a63.udd" 4270
"F:/Pro/FPSRogueLikePrj/FPSRogueLike/Content/MilitaryWeapSilver/Sound/RocketLauncher/Wavs/RocketLauncher_Reload03.uasset" 4271
"C:/Users/Husky Cal/AppData/Local/UnrealEngine/Common/DerivedDataCache/Buckets/BulkDataPayloadId/c5/0a/8a8b4cbca1f75e676108b7ba4d0bd871555f.udd" 4272
"C:/Users/Husky Cal/AppData/Local/UnrealEngine/Common/DerivedDataCache/Buckets/LegacySTREAMEDAUDIO/52/44/125e4fda4e2abedefc0d52656016a1d6bd3a.udd" 4273
"C:/Users/Husky Cal/AppData/Local/UnrealEngine/Common/DerivedDataCache/Buckets/BulkDataList/88/d6/8496c2f1f8d3e9c86ff7c13a24c5894f1979.udd" 4274
"F:/Pro/FPSRogueLikePrj/FPSRogueLike/Content/MilitaryWeapSilver/Sound/RocketLauncher/Wavs/RocketLauncher_Reload02.uasset" 4275
"C:/Users/Husky Cal/AppData/Local/UnrealEngine/Common/DerivedDataCache/Buckets/LegacySTREAMEDAUDIO/39/89/86f9e5907d87eb3662d23364a0e47b502d34.udd" 4276
"C:/Users/Husky Cal/AppData/Local/UnrealEngine/Common/DerivedDataCache/Buckets/LegacySTREAMEDAUDIO/a8/61/02e1673ec10380d2a6b39fb8f58eaf0ad2d4.udd" 4277
"C:/Users/Husky Cal/AppData/Local/UnrealEngine/Common/DerivedDataCache/Buckets/BulkDataPayloadId/bf/32/57954e51f6636dd4287033248e64a18eaa12.udd" 4278
"C:/Users/Husky Cal/AppData/Local/UnrealEngine/Common/DerivedDataCache/Buckets/LegacySTREAMEDAUDIO/0b/97/fd34aada1e5f2a0ed7aa4dc4b3107abcc1f1.udd" 4279
"C:/Users/Husky Cal/AppData/Local/UnrealEngine/Common/DerivedDataCache/Buckets/BulkDataList/de/f3/abbfde3a1c4f4555177f63b787d1dc07d9f4.udd" 4280
"F:/Pro/FPSRogueLikePrj/FPSRogueLike/Content/MilitaryWeapSilver/Sound/RocketLauncher/Wavs/RocketLauncher_Reload01.uasset" 4281
"C:/Users/Husky Cal/AppData/Local/UnrealEngine/Common/DerivedDataCache/Buckets/LegacySTREAMEDAUDIO/56/09/118c03ef9bb0e02ef2e732254b78bb0236b1.udd" 4282
"C:/Users/Husky Cal/AppData/Local/UnrealEngine/Common/DerivedDataCache/Buckets/LegacySTREAMEDAUDIO/b2/1e/87e384880a4470abfdd8634d14b643b5238d.udd" 4283
"C:/Users/Husky Cal/AppData/Local/UnrealEngine/Common/DerivedDataCache/Buckets/BulkDataPayloadId/73/54/0fd0477aeee8119218f48fce7b6cedd7135a.udd" 4284
"C:/Users/Husky Cal/AppData/Local/UnrealEngine/Common/DerivedDataCache/Buckets/LegacySTREAMEDAUDIO/75/75/480d60099c408813f0adb2e4d0d6455f4f1b.udd" 4285
"C:/Users/Husky Cal/AppData/Local/UnrealEngine/Common/DerivedDataCache/Buckets/BulkDataList/71/28/1c781f3bee63cded989efbdb23c416dc78ba.udd" 4286
"F:/Pro/FPSRogueLikePrj/FPSRogueLike/Content/MilitaryWeapSilver/Sound/RocketLauncher/Wavs/RocketLauncher_Raise.uasset" 4287
"C:/Users/Husky Cal/AppData/Local/UnrealEngine/Common/DerivedDataCache/Buckets/LegacySTREAMEDAUDIO/2f/02/051a622c84dccbf165a2d1e1b69a76c102a8.udd" 4288
"C:/Users/Husky Cal/AppData/Local/UnrealEngine/Common/DerivedDataCache/Buckets/LegacySTREAMEDAUDIO/ad/e2/486c0e4ea5e464aba6fc5b1297c0b39764f1.udd" 4289
"C:/Users/Husky Cal/AppData/Local/UnrealEngine/Common/DerivedDataCache/Buckets/BulkDataPayloadId/28/55/be79d4c27f979043ad0e9e3b2adf4c0a50f0.udd" 4290
"C:/Users/Husky Cal/AppData/Local/UnrealEngine/Common/DerivedDataCache/Buckets/BulkDataList/28/12/9ca75ec51c07336859a316a3bb0a12469a13.udd" 4291
"C:/Users/Husky Cal/AppData/Local/UnrealEngine/Common/DerivedDataCache/Buckets/LegacySTREAMEDAUDIO/8b/b5/4a61c063523e7588b909272b8d27770cf97a.udd" 4292
"F:/Pro/FPSRogueLikePrj/FPSRogueLike/Content/MilitaryWeapSilver/Sound/RocketLauncher/Wavs/RocketLauncher_Lower.uasset" 4293
"C:/Users/Husky Cal/AppData/Local/UnrealEngine/Common/DerivedDataCache/Buckets/LegacySTREAMEDAUDIO/06/a9/3861f3d04cb6592149a3d7dd0dcc3729914e.udd" 4294
"C:/Users/Husky Cal/AppData/Local/UnrealEngine/Common/DerivedDataCache/Buckets/BulkDataPayloadId/71/c9/54c7d089d65fee5f3472e72cc0d43cbe088f.udd" 4295
"C:/Users/Husky Cal/AppData/Local/UnrealEngine/Common/DerivedDataCache/Buckets/LegacySTREAMEDAUDIO/f1/10/de9bae5b9286f51905f73ac2daf6b145fdaf.udd" 4296
"F:/Pro/FPSRogueLikePrj/FPSRogueLike/Content/MilitaryWeapSilver/Sound/RocketLauncher/Wavs/RocketLauncher_InAirLoop.uasset" 4297
"C:/Users/Husky Cal/AppData/Local/UnrealEngine/Common/DerivedDataCache/Buckets/BulkDataList/07/1d/d418b98f319c9794534310aed9ce91ee4b6c.udd" 4298
"C:/Users/Husky Cal/AppData/Local/UnrealEngine/Common/DerivedDataCache/Buckets/LegacySTREAMEDAUDIO/55/fa/5a6ec7c343d1272204e38c6347c425e0fe4d.udd" 4299
"C:/Users/Husky Cal/AppData/Local/UnrealEngine/Common/DerivedDataCache/Buckets/BulkDataPayloadId/c9/dc/3c7a7ef9c662ed0460a172c100ac4843baa9.udd" 4300
"C:/Users/Husky Cal/AppData/Local/UnrealEngine/Common/DerivedDataCache/Buckets/LegacySTREAMEDAUDIO/90/97/1e2d25b1f10418ae6b3c4a573d90720236a7.udd" 4301
"C:/Users/Husky Cal/AppData/Local/UnrealEngine/Common/DerivedDataCache/Buckets/LegacySTREAMEDAUDIO/3b/4c/dbf882d87559f0d0fe3d458f8e1961a25b74.udd" 4302
"C:/Users/Husky Cal/AppData/Local/UnrealEngine/Common/DerivedDataCache/Buckets/BulkDataList/13/44/e1da6348efec55e3725b450c167544ef48af.udd" 4303
"F:/Pro/FPSRogueLikePrj/FPSRogueLike/Content/MilitaryWeapSilver/Sound/RocketLauncher/Wavs/RocketLauncher_Explosion05.uasset" 4304
"C:/Users/Husky Cal/AppData/Local/UnrealEngine/Common/DerivedDataCache/Buckets/BulkDataPayloadId/da/de/4856cb3b7fe4de3ed86901d34009a362bee7.udd" 4305
"C:/Users/Husky Cal/AppData/Local/UnrealEngine/Common/DerivedDataCache/Buckets/LegacySTREAMEDAUDIO/ac/0e/b503eaa60e8673da6d02374a5e683f797984.udd" 4306
"C:/Users/Husky Cal/AppData/Local/UnrealEngine/Common/DerivedDataCache/Buckets/BulkDataList/c3/be/dc9069784cb8c9065122361d60a1aed50e71.udd" 4307
"F:/Pro/FPSRogueLikePrj/FPSRogueLike/Content/MilitaryWeapSilver/Sound/RocketLauncher/Wavs/RocketLauncher_Explosion04.uasset" 4308
"C:/Users/Husky Cal/AppData/Local/UnrealEngine/Common/DerivedDataCache/Buckets/LegacySTREAMEDAUDIO/38/01/cecbc59890b2448dde2a9c25c93f02332068.udd" 4309
"C:/Users/Husky Cal/AppData/Local/UnrealEngine/Common/DerivedDataCache/Buckets/LegacySTREAMEDAUDIO/30/30/66bc8f0cab7036b17ab285d54933a78e19e5.udd" 4310
"C:/Users/Husky Cal/AppData/Local/UnrealEngine/Common/DerivedDataCache/Buckets/BulkDataPayloadId/3b/65/253df2be70d0d33b60f20ff256d728f5159b.udd" 4311
"C:/Users/Husky Cal/AppData/Local/UnrealEngine/Common/DerivedDataCache/Buckets/LegacySTREAMEDAUDIO/e5/7f/b4e89c6eff2aa8db824875a10eeb0cdd6160.udd" 4312
"C:/Users/Husky Cal/AppData/Local/UnrealEngine/Common/DerivedDataCache/Buckets/BulkDataList/7a/54/5c6af7e43025a0b6ff4d6852681ba7d521f1.udd" 4313
"F:/Pro/FPSRogueLikePrj/FPSRogueLike/Content/MilitaryWeapSilver/Sound/RocketLauncher/Wavs/RocketLauncher_Explosion03.uasset" 4314
"C:/Users/Husky Cal/AppData/Local/UnrealEngine/Common/DerivedDataCache/Buckets/LegacySTREAMEDAUDIO/18/24/147a1f2cbe7862c21c93256e162437929a6d.udd" 4315
"C:/Users/Husky Cal/AppData/Local/UnrealEngine/Common/DerivedDataCache/Buckets/LegacySTREAMEDAUDIO/1d/fe/b37e59669b492e09df0b91a691824582d7b7.udd" 4316
"C:/Users/Husky Cal/AppData/Local/UnrealEngine/Common/DerivedDataCache/Buckets/BulkDataPayloadId/6d/2e/cef773e977e54a7d18fadd0819a8e0f8f772.udd" 4317
"C:/Users/Husky Cal/AppData/Local/UnrealEngine/Common/DerivedDataCache/Buckets/BulkDataList/59/1f/2fc103f19bc74e039fdbae021183fd517554.udd" 4318
"F:/Pro/FPSRogueLikePrj/FPSRogueLike/Content/MilitaryWeapSilver/Sound/RocketLauncher/Wavs/RocketLauncher_Explosion02.uasset" 4319
"C:/Users/Husky Cal/AppData/Local/UnrealEngine/Common/DerivedDataCache/Buckets/LegacySTREAMEDAUDIO/05/cb/ccde26d412d552958fa0c0c03669c1fb14de.udd" 4320
"C:/Users/Husky Cal/AppData/Local/UnrealEngine/Common/DerivedDataCache/Buckets/BulkDataPayloadId/2f/33/9599a83c56e9fd9f4fea5c2cad3f6c87bfba.udd" 4321
"C:/Users/Husky Cal/AppData/Local/UnrealEngine/Common/DerivedDataCache/Buckets/LegacySTREAMEDAUDIO/b2/99/646458788142aabf12e4068d644685679974.udd" 4322
"C:/Users/Husky Cal/AppData/Local/UnrealEngine/Common/DerivedDataCache/Buckets/LegacySTREAMEDAUDIO/c1/e4/adc67f8ab5502b81d638b85737bebd576530.udd" 4323
"F:/Pro/FPSRogueLikePrj/FPSRogueLike/Content/MilitaryWeapSilver/Sound/RocketLauncher/Wavs/RocketLauncher_Explosion01.uasset" 4324
"C:/Users/Husky Cal/AppData/Local/UnrealEngine/Common/DerivedDataCache/Buckets/BulkDataList/ef/0a/29ab22f033324802aab52bae36508c7539cf.udd" 4325
"C:/Users/Husky Cal/AppData/Local/UnrealEngine/Common/DerivedDataCache/Buckets/BulkDataPayloadId/62/32/b044863f72100e65d2b1f91cad270592b5a2.udd" 4326
"C:/Users/Husky Cal/AppData/Local/UnrealEngine/Common/DerivedDataCache/Buckets/LegacySTREAMEDAUDIO/ed/41/298c0d848604b1f7a26796b2ca56e7e5bcb2.udd" 4327
"F:/Pro/FPSRogueLikePrj/FPSRogueLike/Content/MilitaryWeapSilver/Sound/RocketLauncher/Wavs/RocketLauncher_AmmoPickup.uasset" 4328
"C:/Users/Husky Cal/AppData/Local/UnrealEngine/Common/DerivedDataCache/Buckets/BulkDataList/f3/9e/624dd60de33d51f208bc96c57d1f8fe91abb.udd" 4329
"C:/Users/Husky Cal/AppData/Local/UnrealEngine/Common/DerivedDataCache/Buckets/LegacySTREAMEDAUDIO/4c/25/9d8549214c936860979ca00e0e3dc92784cd.udd" 4330
"C:/Users/Husky Cal/AppData/Local/UnrealEngine/Common/DerivedDataCache/Buckets/LegacySTREAMEDAUDIO/9e/53/d185922d02637c2f331b5014fcc5463d012a.udd" 4331
"C:/Users/Husky Cal/AppData/Local/UnrealEngine/Common/DerivedDataCache/Buckets/BulkDataPayloadId/d9/aa/5ea466de163625f2b14f492ca1f91a4e5161.udd" 4332
"C:/Users/Husky Cal/AppData/Local/UnrealEngine/Common/DerivedDataCache/Buckets/LegacySTREAMEDAUDIO/5b/2c/5e4301b2e5202b70faf5cbc44d30500526e4.udd" 4333
"C:/Users/Husky Cal/AppData/Local/UnrealEngine/Common/DerivedDataCache/Buckets/LegacySTREAMEDAUDIO/23/f1/2f9212d642e1e42f9547c4deaea9538e4b37.udd" 4334
"C:/Users/Husky Cal/AppData/Local/UnrealEngine/Common/DerivedDataCache/Buckets/LegacySTREAMEDAUDIO/53/48/cb000fbf3b5b8afa8d930d6d6abac409c096.udd" 4335
"C:/Users/Husky Cal/AppData/Local/UnrealEngine/Common/DerivedDataCache/Buckets/BulkDataList/10/0f/c873432bbe7f7b45dc9b26f55dfd03d37ca5.udd" 4336
"C:/Users/Husky Cal/AppData/Local/UnrealEngine/Common/DerivedDataCache/Buckets/BulkDataPayloadId/43/f3/6e60d8ef24d87cff6a4901c648bd62531bb1.udd" 4337
"C:/Users/Husky Cal/AppData/Local/UnrealEngine/Common/DerivedDataCache/Buckets/LegacyAudio/40/2a/40e4e5d846f0f21f32d58c9d859b2e9f44f8.udd" 4338
"F:/Pro/FPSRogueLikePrj/FPSRogueLike/Content/MilitaryWeapSilver/Sound/RocketLauncher/Wavs/RocketLauncherA_Fire_ST04.uasset" 4339
"C:/Users/Husky Cal/AppData/Local/UnrealEngine/Common/DerivedDataCache/Buckets/LegacyAudio/70/20/9e3d95b5ba809992c168148d9d8f1bcd4abd.udd" 4340
"C:/Users/Husky Cal/AppData/Local/UnrealEngine/Common/DerivedDataCache/Buckets/LegacyAudio/42/5e/dc4e9515161f2301268c495bcad78459c0ec.udd" 4341
"F:/Pro/FPSRogueLikePrj/FPSRogueLike/Content/MilitaryWeapSilver/Sound/RocketLauncher/Wavs/RocketLauncherA_Fire_ST03.uasset" 4342
"C:/Users/Husky Cal/AppData/Local/UnrealEngine/Common/DerivedDataCache/Buckets/LegacyAudio/23/66/8fbc4d1499240193acc2ed8ef2644e189d2a.udd" 4343
"C:/Users/Husky Cal/AppData/Local/UnrealEngine/Common/DerivedDataCache/Buckets/LegacyAudio/95/c7/d0bad708914c674442d631c900d5427f22b9.udd" 4344
"C:/Users/Husky Cal/AppData/Local/UnrealEngine/Common/DerivedDataCache/Buckets/LegacyAudio/be/01/7f604c3dfe32c58f75a9f158ff4f0da3149f.udd" 4345
"C:/Users/Husky Cal/AppData/Local/UnrealEngine/Common/DerivedDataCache/Buckets/LegacyAudio/33/54/eaa1170d76d9685e3d1e59b822a03df6af0c.udd" 4346
"C:/Users/Husky Cal/AppData/Local/UnrealEngine/Common/DerivedDataCache/Buckets/LegacyAudio/9c/64/7949eb95117d17c08e14142faef7bf502032.udd" 4347
"C:/Users/Husky Cal/AppData/Local/UnrealEngine/Common/DerivedDataCache/Buckets/LegacyAudio/41/6a/ba9dbc10156cbb56a7f9e33faf8f289aed06.udd" 4348
"C:/Users/Husky Cal/AppData/Local/UnrealEngine/Common/DerivedDataCache/Buckets/LegacyAudio/3f/a8/d415eb589c176ce281ef7abf642b5a42dd9d.udd" 4349
"C:/Users/Husky Cal/AppData/Local/UnrealEngine/Common/DerivedDataCache/Buckets/LegacyAudio/a2/2b/6f9cca088003adce1ca991efee242220ba7a.udd" 4350
"C:/Users/Husky Cal/AppData/Local/UnrealEngine/Common/DerivedDataCache/Buckets/LegacySTREAMEDAUDIO/4c/19/5fc661c98f3b55343db028e7e1e12554d54e.udd" 4351
"C:/Users/Husky Cal/AppData/Local/UnrealEngine/Common/DerivedDataCache/Buckets/LegacySTREAMEDAUDIO/f5/c5/f92090fd81ccad650966110d4b9385f2b29d.udd" 4352
"C:/Users/Husky Cal/AppData/Local/UnrealEngine/Common/DerivedDataCache/Buckets/LegacyAudio/95/e9/d56b13268586376ebe679d30982b42d84bec.udd" 4353
"F:/Pro/FPSRogueLikePrj/FPSRogueLike/Content/MilitaryWeapSilver/Sound/RocketLauncher/Wavs/RocketLauncherA_Fire_ST02.uasset" 4354
"C:/Users/Husky Cal/AppData/Local/UnrealEngine/Common/DerivedDataCache/Buckets/LegacyAudio/2e/a4/1049ce131653710481cf343a2eada9fba326.udd" 4355
"C:/Users/Husky Cal/AppData/Local/UnrealEngine/Common/DerivedDataCache/Buckets/BulkDataList/7e/94/2bd52161ef362eead0080f466a447628b5dc.udd" 4356
"C:/Users/Husky Cal/AppData/Local/UnrealEngine/Common/DerivedDataCache/Buckets/LegacySTREAMEDAUDIO/40/2c/503e6a1067dfde71fcb100d575543b7eaaf2.udd" 4357
"C:/Users/Husky Cal/AppData/Local/UnrealEngine/Common/DerivedDataCache/Buckets/BulkDataPayloadId/fe/72/1d91ffa463bc0c5b29f0d9833c70731ae8f9.udd" 4358
"C:/Users/Husky Cal/AppData/Local/UnrealEngine/Common/DerivedDataCache/Buckets/BulkDataList/bb/47/891cbe9625942b4d4f539fd350de2c460390.udd" 4359
"C:/Users/Husky Cal/AppData/Local/UnrealEngine/Common/DerivedDataCache/Buckets/BulkDataPayloadId/02/98/2ad8add0bcbaa513c4f6ef022470a83c6ebd.udd" 4360
"F:/Pro/FPSRogueLikePrj/FPSRogueLike/Content/MilitaryWeapSilver/Sound/RocketLauncher/Wavs/RocketLauncherA_Fire_ST01.uasset" 4361
"C:/Users/Husky Cal/AppData/Local/UnrealEngine/Common/DerivedDataCache/Buckets/LegacyAudio/c6/52/29154e6daf0f5dee02e8532ee87743304b41.udd" 4362
"C:/Users/Husky Cal/AppData/Local/UnrealEngine/Common/DerivedDataCache/Buckets/LegacySTREAMEDAUDIO/74/58/cb9477d48d1ba0ac701dce42234566695eeb.udd" 4363
"C:/Users/Husky Cal/AppData/Local/UnrealEngine/Common/DerivedDataCache/Buckets/BulkDataList/c0/be/fb0a9162820f0be06368719121766b7a1bf8.udd" 4364
"C:/Users/Husky Cal/AppData/Local/UnrealEngine/Common/DerivedDataCache/Buckets/LegacySTREAMEDAUDIO/5b/9b/034a1292e8e7b3820f2ae870c1d345d92368.udd" 4365
"C:/Users/Husky Cal/AppData/Local/UnrealEngine/Common/DerivedDataCache/Buckets/BulkDataPayloadId/ab/7f/f5385270edf7709853f0a5a32f3e072d9adf.udd" 4366
"F:/Pro/FPSRogueLikePrj/FPSRogueLike/Content/MilitaryWeapSilver/Sound/RocketLauncher/Wavs/RocketLauncherA_Fire04.uasset" 4367
"C:/Users/Husky Cal/AppData/Local/UnrealEngine/Common/DerivedDataCache/Buckets/BulkDataList/c3/95/2e9c21d3a6ed28a985510f2ebb721dbc42e2.udd" 4368
"C:/Users/Husky Cal/AppData/Local/UnrealEngine/Common/DerivedDataCache/Buckets/BulkDataPayloadId/c3/6f/f88352c5d18150c5cfb8133df041f97a3796.udd" 4369
"C:/Users/Husky Cal/AppData/Local/UnrealEngine/Common/DerivedDataCache/Buckets/LegacyAudio/0a/91/87bb263e7dcea06ac133a37b79d75dcf50df.udd" 4370
"C:/Users/Husky Cal/AppData/Local/UnrealEngine/Common/DerivedDataCache/Buckets/LegacySTREAMEDAUDIO/89/fa/19c458db0d3703671f981877f474ec136e71.udd" 4371
"C:/Users/Husky Cal/AppData/Local/UnrealEngine/Common/DerivedDataCache/Buckets/LegacyAudio/ac/21/84899a0b0697242739ff9b0158be2bee23bf.udd" 4372
"C:/Users/Husky Cal/AppData/Local/UnrealEngine/Common/DerivedDataCache/Buckets/LegacySTREAMEDAUDIO/ac/0c/66bea4e51a25dce64c4d8cf2486f9e71f7a3.udd" 4373
"C:/Users/Husky Cal/AppData/Local/UnrealEngine/Common/DerivedDataCache/Buckets/BulkDataList/54/13/ffa45ab06f50b683ed79a5e7f72f9fb9d28f.udd" 4374
"F:/Pro/FPSRogueLikePrj/FPSRogueLike/Content/MilitaryWeapSilver/Sound/RocketLauncher/Wavs/RocketLauncherA_Fire03.uasset" 4375
"C:/Users/Husky Cal/AppData/Local/UnrealEngine/Common/DerivedDataCache/Buckets/LegacySTREAMEDAUDIO/9f/63/57ae9235cb839e4494b826edc2f359a2cd20.udd" 4376
"C:/Users/Husky Cal/AppData/Local/UnrealEngine/Common/DerivedDataCache/Buckets/LegacySTREAMEDAUDIO/1e/d0/7de4d7fef5bf10d4a5f3eadeff9f02ff142f.udd" 4377
"C:/Users/Husky Cal/AppData/Local/UnrealEngine/Common/DerivedDataCache/Buckets/BulkDataPayloadId/ec/43/25e8efb5950ed22df1f671e070d96c499105.udd" 4378
"C:/Users/Husky Cal/AppData/Local/UnrealEngine/Common/DerivedDataCache/Buckets/BulkDataList/4e/eb/3c6f276cc7d17d3ff2e9b20956d68168b3ea.udd" 4379
"F:/Pro/FPSRogueLikePrj/FPSRogueLike/Content/MilitaryWeapSilver/Sound/RocketLauncher/Wavs/RocketLauncherA_Fire02.uasset" 4380
"C:/Users/Husky Cal/AppData/Local/UnrealEngine/Common/DerivedDataCache/Buckets/BulkDataPayloadId/f0/73/f6b72166720f18a9869b69c09f0aa4912a75.udd" 4381
"F:/Pro/FPSRogueLikePrj/FPSRogueLike/Content/MilitaryWeapSilver/Sound/RocketLauncher/Wavs/RocketLauncherA_Fire01.uasset" 4382
"C:/Users/Husky Cal/AppData/Local/UnrealEngine/Common/DerivedDataCache/Buckets/BulkDataList/2f/2e/90a9497ab1f5a6daea82757f3ba31c38e831.udd" 4383
"C:/Users/Husky Cal/AppData/Local/UnrealEngine/Common/DerivedDataCache/Buckets/LegacySTREAMEDAUDIO/d0/48/bd744f243c454060c09af2ddf1f951aac007.udd" 4384
"C:/Users/Husky Cal/AppData/Local/UnrealEngine/Common/DerivedDataCache/Buckets/LegacySTREAMEDAUDIO/52/1e/a33672baeec772fe305539e8349e93a17d8e.udd" 4385
"C:/Users/Husky Cal/AppData/Local/UnrealEngine/Common/DerivedDataCache/Buckets/LegacySTREAMEDAUDIO/2f/ca/682ad5481efaeed5e6cb927eec2d612def63.udd" 4386
"C:/Users/Husky Cal/AppData/Local/UnrealEngine/Common/DerivedDataCache/Buckets/BulkDataPayloadId/d1/6d/6554387122845ac1205eff65fa4a1bf3ad96.udd" 4387
"F:/Pro/FPSRogueLikePrj/FPSRogueLike/Content/MilitaryWeapSilver/Sound/Rifle/Wavs/Rifle_Whip05.uasset" 4388
"C:/Users/Husky Cal/AppData/Local/UnrealEngine/Common/DerivedDataCache/Buckets/BulkDataList/58/d3/9c9922c11b0474a2e42c7bb43da1e9296995.udd" 4389
"C:/Users/Husky Cal/AppData/Local/UnrealEngine/Common/DerivedDataCache/Buckets/BulkDataPayloadId/09/42/05eb613d0fe2e319c7c18ba1606ee52f9c25.udd" 4390
"C:/Users/Husky Cal/AppData/Local/UnrealEngine/Common/DerivedDataCache/Buckets/LegacySTREAMEDAUDIO/81/89/5bfa30b137dd6f3ecbff1b749142d2f44314.udd" 4391
"C:/Users/Husky Cal/AppData/Local/UnrealEngine/Common/DerivedDataCache/Buckets/BulkDataList/21/37/f2b05d82ad5870ad414e8b786fa17d6d7a3d.udd" 4392
"F:/Pro/FPSRogueLikePrj/FPSRogueLike/Content/MilitaryWeapSilver/Sound/Rifle/Wavs/Rifle_Whip04.uasset" 4393
"C:/Users/Husky Cal/AppData/Local/UnrealEngine/Common/DerivedDataCache/Buckets/LegacySTREAMEDAUDIO/d2/67/399bc35f54e60999e7f229f3e76b53a55415.udd" 4394
"C:/Users/Husky Cal/AppData/Local/UnrealEngine/Common/DerivedDataCache/Buckets/LegacySTREAMEDAUDIO/ba/78/8645453cf2df6d41869f54eb5f795e072bf7.udd" 4395
"C:/Users/Husky Cal/AppData/Local/UnrealEngine/Common/DerivedDataCache/Buckets/BulkDataPayloadId/39/eb/4686710da840a7527cee2127bd1ef994a3ef.udd" 4396
"C:/Users/Husky Cal/AppData/Local/UnrealEngine/Common/DerivedDataCache/Buckets/BulkDataList/20/1f/0f36692885096d96641291aa8e1aae54c16f.udd" 4397
"F:/Pro/FPSRogueLikePrj/FPSRogueLike/Content/MilitaryWeapSilver/Sound/Rifle/Wavs/Rifle_Whip03.uasset" 4398
"C:/Users/Husky Cal/AppData/Local/UnrealEngine/Common/DerivedDataCache/Buckets/LegacySTREAMEDAUDIO/c5/11/24d87ea17aa7460482a9ec9064ec8e77265c.udd" 4399
"C:/Users/Husky Cal/AppData/Local/UnrealEngine/Common/DerivedDataCache/Buckets/BulkDataPayloadId/ed/f6/30297cd04b1e73b8983c0d6042712e2c5349.udd" 4400
"C:/Users/Husky Cal/AppData/Local/UnrealEngine/Common/DerivedDataCache/Buckets/LegacySTREAMEDAUDIO/bb/4e/a720a685904fd180bc07801935959977f2d7.udd" 4401
"C:/Users/Husky Cal/AppData/Local/UnrealEngine/Common/DerivedDataCache/Buckets/LegacySTREAMEDAUDIO/33/56/4beee97cfdb44a5185aad23f2b544cdc8ce9.udd" 4402
"C:/Users/Husky Cal/AppData/Local/UnrealEngine/Common/DerivedDataCache/Buckets/BulkDataList/e2/25/d8817f6114bfb3b14305ef9bf9dfce9d00ca.udd" 4403
"F:/Pro/FPSRogueLikePrj/FPSRogueLike/Content/MilitaryWeapSilver/Sound/Rifle/Wavs/Rifle_Whip02.uasset" 4404
"C:/Users/Husky Cal/AppData/Local/UnrealEngine/Common/DerivedDataCache/Buckets/LegacySTREAMEDAUDIO/65/d8/75263a994943bf8a3bc8c3eedf58332dbfc0.udd" 4405
"C:/Users/Husky Cal/AppData/Local/UnrealEngine/Common/DerivedDataCache/Buckets/BulkDataPayloadId/e5/3d/fbb1f0512edfd631fa4265ef43a4c1c4c295.udd" 4406
"C:/Users/Husky Cal/AppData/Local/UnrealEngine/Common/DerivedDataCache/Buckets/BulkDataList/bd/12/d84cc0e32d0bc9596a97bcb7716edb5a4319.udd" 4407
"F:/Pro/FPSRogueLikePrj/FPSRogueLike/Content/MilitaryWeapSilver/Sound/Rifle/Wavs/Rifle_Whip01.uasset" 4408
"C:/Users/Husky Cal/AppData/Local/UnrealEngine/Common/DerivedDataCache/Buckets/LegacySTREAMEDAUDIO/c9/b7/56654734a5c008a8b8dedf5809beb1fd172b.udd" 4409
"C:/Users/Husky Cal/AppData/Local/UnrealEngine/Common/DerivedDataCache/Buckets/LegacySTREAMEDAUDIO/0b/1b/32be90b305f536626b02dcc37592cea0da48.udd" 4410
"C:/Users/Husky Cal/AppData/Local/UnrealEngine/Common/DerivedDataCache/Buckets/BulkDataPayloadId/22/90/5370ccc04082ba6e0eb3f216d925ddbedd9f.udd" 4411
"C:/Users/Husky Cal/AppData/Local/UnrealEngine/Common/DerivedDataCache/Buckets/LegacySTREAMEDAUDIO/03/7a/1491d7feab9167fc513d50e24265782971da.udd" 4412
"C:/Users/Husky Cal/AppData/Local/UnrealEngine/Common/DerivedDataCache/Buckets/BulkDataList/69/e8/cb3728ea406334778fccca2a5f50f5401263.udd" 4413
"F:/Pro/FPSRogueLikePrj/FPSRogueLike/Content/MilitaryWeapSilver/Sound/Rifle/Wavs/Rifle_Reload03.uasset" 4414
"C:/Users/Husky Cal/AppData/Local/UnrealEngine/Common/DerivedDataCache/Buckets/LegacySTREAMEDAUDIO/b6/cd/3f424ccdd9f187d279fe0a3a4057a068da5a.udd" 4415
"C:/Users/Husky Cal/AppData/Local/UnrealEngine/Common/DerivedDataCache/Buckets/LegacySTREAMEDAUDIO/99/d8/5bbb98e6cde8123fa447973907b445ae3aa1.udd" 4416
"C:/Users/Husky Cal/AppData/Local/UnrealEngine/Common/DerivedDataCache/Buckets/BulkDataPayloadId/05/b0/cedb0aacbe2732a6d73642d763179ee6176c.udd" 4417
"C:/Users/Husky Cal/AppData/Local/UnrealEngine/Common/DerivedDataCache/Buckets/LegacySTREAMEDAUDIO/22/60/41d9636c469d1fd2f2693896ed4f34cc8a95.udd" 4418
"F:/Pro/FPSRogueLikePrj/FPSRogueLike/Content/MilitaryWeapSilver/Sound/Rifle/Wavs/Rifle_Reload02.uasset" 4419
"C:/Users/Husky Cal/AppData/Local/UnrealEngine/Common/DerivedDataCache/Buckets/BulkDataList/a8/c9/ba6a717bbd3f11b9104a979d1dab4d0add74.udd" 4420
"C:/Users/Husky Cal/AppData/Local/UnrealEngine/Common/DerivedDataCache/Buckets/LegacySTREAMEDAUDIO/fb/54/727f58c59c87838f5ab5e934ce3a0f8205eb.udd" 4421
"C:/Users/Husky Cal/AppData/Local/UnrealEngine/Common/DerivedDataCache/Buckets/LegacySTREAMEDAUDIO/31/68/c43f78f8c6269ac3fbfb84b5ce6e18b82ba0.udd" 4422
"C:/Users/Husky Cal/AppData/Local/UnrealEngine/Common/DerivedDataCache/Buckets/BulkDataPayloadId/b2/bb/d976c7c5be076ef98913769ab33a1c75a766.udd" 4423
"C:/Users/Husky Cal/AppData/Local/UnrealEngine/Common/DerivedDataCache/Buckets/BulkDataList/83/e3/881bf36431f45e4209ffa77ae9e7f5246074.udd" 4424
"F:/Pro/FPSRogueLikePrj/FPSRogueLike/Content/MilitaryWeapSilver/Sound/Rifle/Wavs/Rifle_Reload01.uasset" 4425
"C:/Users/Husky Cal/AppData/Local/UnrealEngine/Common/DerivedDataCache/Buckets/LegacySTREAMEDAUDIO/22/08/ea55b0baccebfeee23063aeb4b1126f13549.udd" 4426
"C:/Users/Husky Cal/AppData/Local/UnrealEngine/Common/DerivedDataCache/Buckets/BulkDataPayloadId/8d/13/f3faa20c75e67da29d719cf9a228021b3277.udd" 4427
"C:/Users/Husky Cal/AppData/Local/UnrealEngine/Common/DerivedDataCache/Buckets/LegacySTREAMEDAUDIO/e3/4f/77b519544935de8b9df63663519829f32cb2.udd" 4428
"C:/Users/Husky Cal/AppData/Local/UnrealEngine/Common/DerivedDataCache/Buckets/LegacySTREAMEDAUDIO/d5/68/838e46a29cfcf1e27802c70ee97646983f03.udd" 4429
"C:/Users/Husky Cal/AppData/Local/UnrealEngine/Common/DerivedDataCache/Buckets/BulkDataList/bf/84/5340be56cbfda9903bffc9b6ba3e45e3b451.udd" 4430
"C:/Users/Husky Cal/AppData/Local/UnrealEngine/Common/DerivedDataCache/Buckets/LegacySTREAMEDAUDIO/60/1b/101c4073d93e7616c9d5eee1017337bfe9fa.udd" 4431
"C:/Users/Husky Cal/AppData/Local/UnrealEngine/Common/DerivedDataCache/Buckets/BulkDataPayloadId/22/40/2c4046d4be0255eea3e510d2d06e331fe8ee.udd" 4432
"C:/Users/Husky Cal/AppData/Local/UnrealEngine/Common/DerivedDataCache/Buckets/LegacyAudio/52/26/d4cc58d308bb0524facca87d0bf120bc409c.udd" 4433
"C:/Users/Husky Cal/AppData/Local/UnrealEngine/Common/DerivedDataCache/Buckets/LegacyAudio/e7/37/f21f4c6fa32de2e83fce032a888b3512aa9b.udd" 4434
"C:/Users/Husky Cal/AppData/Local/UnrealEngine/Common/DerivedDataCache/Buckets/LegacySTREAMEDAUDIO/17/02/fb4710605d01e7147e2e8e02217d1643587c.udd" 4435
"C:/Users/Husky Cal/AppData/Local/UnrealEngine/Common/DerivedDataCache/Buckets/LegacyAudio/1b/4c/12835b4f0a0d7cae54d2f6f98573c1b73d19.udd" 4436
"C:/Users/Husky Cal/AppData/Local/UnrealEngine/Common/DerivedDataCache/Buckets/LegacyAudio/39/d3/7ec0f1a6ea285764ba23b8cd2dc5d01b36dd.udd" 4437
"C:/Users/Husky Cal/AppData/Local/UnrealEngine/Common/DerivedDataCache/Buckets/LegacySTREAMEDAUDIO/42/2d/70287c3c6a02ea60f822c954a7c960f56a2e.udd" 4438
"C:/Users/Husky Cal/AppData/Local/UnrealEngine/Common/DerivedDataCache/Buckets/LegacyAudio/32/a4/57fa18632ad13a44a46bcee017ebca8b0f8b.udd" 4439
"C:/Users/Husky Cal/AppData/Local/UnrealEngine/Common/DerivedDataCache/Buckets/LegacyAudio/7b/e6/06327bbf9992f2bb9dd7755d977729380261.udd" 4440
"C:/Users/Husky Cal/AppData/Local/UnrealEngine/Common/DerivedDataCache/Buckets/LegacyAudio/4b/03/27980a1f95b741ea032e2c60836b67483205.udd" 4441
"C:/Users/Husky Cal/AppData/Local/UnrealEngine/Common/DerivedDataCache/Buckets/LegacyAudio/8a/e5/f090bd2ebf056bf2b2375213ad4154b49e5e.udd" 4442
"C:/Users/Husky Cal/AppData/Local/UnrealEngine/Common/DerivedDataCache/Buckets/LegacyAudio/90/f6/56dfeedb98701b6e2b2b5a19c539ede289e7.udd" 4443
"C:/Users/Husky Cal/AppData/Local/UnrealEngine/Common/DerivedDataCache/Buckets/LegacyAudio/96/d4/c38426fa53ea72f549626d60bfb1b1474246.udd" 4444
"C:/Users/Husky Cal/AppData/Local/UnrealEngine/Common/DerivedDataCache/Buckets/LegacyAudio/1b/60/bc131021e8f13ff9aff216f6998f2ce091b4.udd" 4445
"C:/Users/Husky Cal/AppData/Local/UnrealEngine/Common/DerivedDataCache/Buckets/LegacyAudio/ae/c9/057b3572cccedf3c24c7f748ef99c1592c7c.udd" 4446
"F:/Pro/FPSRogueLikePrj/FPSRogueLike/Content/MilitaryWeapSilver/Sound/Rifle/Wavs/Rifle_Raise.uasset" 4447
"C:/Users/Husky Cal/AppData/Local/UnrealEngine/Common/DerivedDataCache/Buckets/LegacyAudio/c5/d2/3c30fdcb61d5e3792596ea47383f73829560.udd" 4448
"C:/Users/Husky Cal/AppData/Local/UnrealEngine/Common/DerivedDataCache/Buckets/LegacyAudio/89/5e/09f2fc88aafe583b3fd6d1a9f4c41f228dff.udd" 4449
"C:/Users/Husky Cal/AppData/Local/UnrealEngine/Common/DerivedDataCache/Buckets/LegacyAudio/35/ec/73e76d610986b87509ac0b2967afcb39eac9.udd" 4450
"C:/Users/Husky Cal/AppData/Local/UnrealEngine/Common/DerivedDataCache/Buckets/LegacyAudio/20/76/017e440543ac3984d8ec2366f3319b5711de.udd" 4451
"C:/Users/Husky Cal/AppData/Local/UnrealEngine/Common/DerivedDataCache/Buckets/LegacySTREAMEDAUDIO/3a/a0/bbba7e76814fd1c0f0a8e465e5ff9173cf4b.udd" 4452
"C:/Users/Husky Cal/AppData/Local/UnrealEngine/Common/DerivedDataCache/Buckets/LegacySTREAMEDAUDIO/ee/8c/bbdc4e70ae2bfe59beb6a5460c31e3defe76.udd" 4453
"C:/Users/Husky Cal/AppData/Local/UnrealEngine/Common/DerivedDataCache/Buckets/LegacySTREAMEDAUDIO/a7/a7/b0373f2cc1b0798de9a6c2891c6eec0c0e88.udd" 4454
"C:/Users/Husky Cal/AppData/Local/UnrealEngine/Common/DerivedDataCache/Buckets/BulkDataList/09/14/155b1bd2c43bd316620bc6c4af0a1f033388.udd" 4455
"F:/Pro/FPSRogueLikePrj/FPSRogueLike/Content/MilitaryWeapSilver/Sound/Rifle/Wavs/Rifle_Lower.uasset" 4456
"C:/Users/Husky Cal/AppData/Local/UnrealEngine/Common/DerivedDataCache/Buckets/BulkDataPayloadId/e4/ad/4e000b0918642cdd45a852517bf54439065f.udd" 4457
"C:/Users/Husky Cal/AppData/Local/UnrealEngine/Common/DerivedDataCache/Buckets/LegacySTREAMEDAUDIO/86/60/05ebc09fc691e9ba0719b5e02e6020ba17aa.udd" 4458
"C:/Users/Husky Cal/AppData/Local/UnrealEngine/Common/DerivedDataCache/Buckets/BulkDataList/67/c5/b7ae9aa1e04f022b99b17e9271fd8def1089.udd" 4459
"F:/Pro/FPSRogueLikePrj/FPSRogueLike/Content/MilitaryWeapSilver/Sound/Rifle/Wavs/Rifle_ImpactSurface06.uasset" 4460
"C:/Users/Husky Cal/AppData/Local/UnrealEngine/Common/DerivedDataCache/Buckets/LegacySTREAMEDAUDIO/63/cc/eecaa9173844ffe1c4a850e16f2ea3f5bc61.udd" 4461
"C:/Users/Husky Cal/AppData/Local/UnrealEngine/Common/DerivedDataCache/Buckets/LegacySTREAMEDAUDIO/19/22/1b38572732d1a46763c8743acfd9f3b1baa0.udd" 4462
"C:/Users/Husky Cal/AppData/Local/UnrealEngine/Common/DerivedDataCache/Buckets/BulkDataPayloadId/5e/d9/df2a5ea7e26f96a7c6db003c1c8c305bf31e.udd" 4463
"C:/Users/Husky Cal/AppData/Local/UnrealEngine/Common/DerivedDataCache/Buckets/LegacySTREAMEDAUDIO/5a/0d/5be453179134f592dd137f47a0ab5be227bd.udd" 4464
"C:/Users/Husky Cal/AppData/Local/UnrealEngine/Common/DerivedDataCache/Buckets/BulkDataList/bb/aa/95a04b95d95d699abcfa9f25f79ec966448f.udd" 4465
"F:/Pro/FPSRogueLikePrj/FPSRogueLike/Content/MilitaryWeapSilver/Sound/Rifle/Wavs/Rifle_ImpactSurface05.uasset" 4466
"C:/Users/Husky Cal/AppData/Local/UnrealEngine/Common/DerivedDataCache/Buckets/LegacySTREAMEDAUDIO/18/d9/903fddfb9e92165b89da8c1c1f605136b11e.udd" 4467
"C:/Users/Husky Cal/AppData/Local/UnrealEngine/Common/DerivedDataCache/Buckets/LegacySTREAMEDAUDIO/65/12/3b6b1970deacd0a3acb4d94c5feda1e83a18.udd" 4468
"C:/Users/Husky Cal/AppData/Local/UnrealEngine/Common/DerivedDataCache/Buckets/BulkDataPayloadId/e2/47/c4374b9831d8ed20b8c02f52120f4e85ed6d.udd" 4469
"C:/Users/Husky Cal/AppData/Local/UnrealEngine/Common/DerivedDataCache/Buckets/BulkDataList/5a/59/86930a162f597a1a099ba6ad0d8e996015b6.udd" 4470
"F:/Pro/FPSRogueLikePrj/FPSRogueLike/Content/MilitaryWeapSilver/Sound/Rifle/Wavs/Rifle_ImpactSurface04.uasset" 4471
"C:/Users/Husky Cal/AppData/Local/UnrealEngine/Common/DerivedDataCache/Buckets/LegacySTREAMEDAUDIO/25/e4/e3587bcabc6bfa8cd125c0925a7fcec245d5.udd" 4472
"C:/Users/Husky Cal/AppData/Local/UnrealEngine/Common/DerivedDataCache/Buckets/BulkDataPayloadId/5b/88/aa40c301ee00caf914ad91d899b9493a2813.udd" 4473
"C:/Users/Husky Cal/AppData/Local/UnrealEngine/Common/DerivedDataCache/Buckets/LegacySTREAMEDAUDIO/fc/a8/3ec75336406fe9f434d8c052621942263a0f.udd" 4474
"C:/Users/Husky Cal/AppData/Local/UnrealEngine/Common/DerivedDataCache/Buckets/LegacySTREAMEDAUDIO/31/4a/182eabc332e07692747aff3e7879dc37a25f.udd" 4475
"C:/Users/Husky Cal/AppData/Local/UnrealEngine/Common/DerivedDataCache/Buckets/BulkDataList/fa/2f/9c8c8b7c042e0654e08ea4e18de1c0b7c2a0.udd" 4476
"F:/Pro/FPSRogueLikePrj/FPSRogueLike/Content/MilitaryWeapSilver/Sound/Rifle/Wavs/Rifle_ImpactSurface03.uasset" 4477
"C:/Users/Husky Cal/AppData/Local/UnrealEngine/Common/DerivedDataCache/Buckets/LegacySTREAMEDAUDIO/81/5e/acd8d2a19033dd246c29d5467f46364b732d.udd" 4478
"C:/Users/Husky Cal/AppData/Local/UnrealEngine/Common/DerivedDataCache/Buckets/BulkDataPayloadId/36/6e/3cdcd58ada3ff4e97873d6b0ebeeb88b709e.udd" 4479
"C:/Users/Husky Cal/AppData/Local/UnrealEngine/Common/DerivedDataCache/Buckets/LegacySTREAMEDAUDIO/a8/9f/342b33f09a432f2e5f2f9d111d4a9df6ced4.udd" 4480
"C:/Users/Husky Cal/AppData/Local/UnrealEngine/Common/DerivedDataCache/Buckets/BulkDataList/f6/79/964a1db999d0068cc779171331d658baf933.udd" 4481
"C:/Users/Husky Cal/AppData/Local/UnrealEngine/Common/DerivedDataCache/Buckets/LegacySTREAMEDAUDIO/6e/45/c0f7e2eacc6b19d430f259e09e2d44277ec3.udd" 4482
"F:/Pro/FPSRogueLikePrj/FPSRogueLike/Content/MilitaryWeapSilver/Sound/Rifle/Wavs/Rifle_ImpactSurface02.uasset" 4483
"C:/Users/Husky Cal/AppData/Local/UnrealEngine/Common/DerivedDataCache/Buckets/BulkDataPayloadId/2b/d5/ee412fc14668640d42520bd894e705b0df4f.udd" 4484
"C:/Users/Husky Cal/AppData/Local/UnrealEngine/Common/DerivedDataCache/Buckets/LegacySTREAMEDAUDIO/9e/03/67c1a9764e0102e4b830190566f730e15783.udd" 4485
"C:/Users/Husky Cal/AppData/Local/UnrealEngine/Common/DerivedDataCache/Buckets/BulkDataList/7b/13/a0afaa2c9c65a191f426055a68f94e429e5e.udd" 4486
"C:/Users/Husky Cal/AppData/Local/UnrealEngine/Common/DerivedDataCache/Buckets/LegacySTREAMEDAUDIO/83/aa/3d0f697c78dbbc962010b9b4d396bfbd2ee1.udd" 4487
"C:/Users/Husky Cal/AppData/Local/UnrealEngine/Common/DerivedDataCache/Buckets/LegacySTREAMEDAUDIO/0c/59/16088468c6e628057c00d288f72dd3512cd7.udd" 4488
"F:/Pro/FPSRogueLikePrj/FPSRogueLike/Content/MilitaryWeapSilver/Sound/Rifle/Wavs/Rifle_ImpactSurface01.uasset" 4489
"C:/Users/Husky Cal/AppData/Local/UnrealEngine/Common/DerivedDataCache/Buckets/BulkDataList/e4/3a/ac411d379b5db7887d40bdc69fca4389e817.udd" 4490
"F:/Pro/FPSRogueLikePrj/FPSRogueLike/Content/MilitaryWeapSilver/Sound/Rifle/Wavs/Rifle_ImpactBody06.uasset" 4491
"C:/Users/Husky Cal/AppData/Local/UnrealEngine/Common/DerivedDataCache/Buckets/BulkDataPayloadId/b0/9e/68a79528697ada73287bcf38489b2b3dc5d2.udd" 4492
"C:/Users/Husky Cal/AppData/Local/UnrealEngine/Common/DerivedDataCache/Buckets/LegacySTREAMEDAUDIO/76/bf/ca420ae688139b07bd88343a95b2066d040c.udd" 4493
"C:/Users/Husky Cal/AppData/Local/UnrealEngine/Common/DerivedDataCache/Buckets/BulkDataList/ef/3f/883494e4839ebbef8e950db8ccb511ff7c29.udd" 4494
"F:/Pro/FPSRogueLikePrj/FPSRogueLike/Content/MilitaryWeapSilver/Sound/Rifle/Wavs/Rifle_ImpactBody05.uasset" 4495
"C:/Users/Husky Cal/AppData/Local/UnrealEngine/Common/DerivedDataCache/Buckets/BulkDataPayloadId/6c/f4/83d3fbd71ec28f666a4f91e76d5898585e24.udd" 4496
"C:/Users/Husky Cal/AppData/Local/UnrealEngine/Common/DerivedDataCache/Buckets/BulkDataPayloadId/35/9c/02865c9b127680d06ef29aa80bac77ce5d6e.udd" 4497
"C:/Users/Husky Cal/AppData/Local/UnrealEngine/Common/DerivedDataCache/Buckets/LegacySTREAMEDAUDIO/66/6a/fa5426b9896ae502e34686400c6fd35a120f.udd" 4498
"C:/Users/Husky Cal/AppData/Local/UnrealEngine/Common/DerivedDataCache/Buckets/BulkDataList/f9/1f/1bf2142ba3e17a500ca6def0c7e503575686.udd" 4499
"F:/Pro/FPSRogueLikePrj/FPSRogueLike/Content/MilitaryWeapSilver/Sound/Rifle/Wavs/Rifle_ImpactBody04.uasset" 4500
"C:/Users/Husky Cal/AppData/Local/UnrealEngine/Common/DerivedDataCache/Buckets/LegacySTREAMEDAUDIO/16/b3/1684aee8ec684ae65c92ce0b7de5fae52556.udd" 4501
"C:/Users/Husky Cal/AppData/Local/UnrealEngine/Common/DerivedDataCache/Buckets/BulkDataPayloadId/9a/4b/0b1959bb5d11c1bb6034888074a5e0def86d.udd" 4502
"F:/Pro/FPSRogueLikePrj/FPSRogueLike/Content/MilitaryWeapSilver/Sound/Rifle/Wavs/Rifle_ImpactBody03.uasset" 4503
"C:/Users/Husky Cal/AppData/Local/UnrealEngine/Common/DerivedDataCache/Buckets/BulkDataList/77/60/d43e6a36ed4e34d601c75eb5a3bf678ba022.udd" 4504
"C:/Users/Husky Cal/AppData/Local/UnrealEngine/Common/DerivedDataCache/Buckets/LegacySTREAMEDAUDIO/70/12/cd9dd2aa901dc08d964daabde3ff582c01bc.udd" 4505
"C:/Users/Husky Cal/AppData/Local/UnrealEngine/Common/DerivedDataCache/Buckets/BulkDataPayloadId/9a/fb/95bb844b43b2a0a151d99f54b4b8510b1693.udd" 4506
"C:/Users/Husky Cal/AppData/Local/UnrealEngine/Common/DerivedDataCache/Buckets/LegacySTREAMEDAUDIO/10/16/2a5aca36af5c7d0d2ce49c89c8600f7e84c4.udd" 4507
"C:/Users/Husky Cal/AppData/Local/UnrealEngine/Common/DerivedDataCache/Buckets/BulkDataList/b5/c0/037660ea79810fb41f60f15f381f42c43038.udd" 4508
"F:/Pro/FPSRogueLikePrj/FPSRogueLike/Content/MilitaryWeapSilver/Sound/Rifle/Wavs/Rifle_ImpactBody02.uasset" 4509
"C:/Users/Husky Cal/AppData/Local/UnrealEngine/Common/DerivedDataCache/Buckets/BulkDataList/21/e5/da8878418434bdb814f1f80d89d09d0fb132.udd" 4510
"C:/Users/Husky Cal/AppData/Local/UnrealEngine/Common/DerivedDataCache/Buckets/BulkDataPayloadId/6e/dd/f4c60302c272bade91aa8b8a4eb8c0b595a6.udd" 4511
"F:/Pro/FPSRogueLikePrj/FPSRogueLike/Content/MilitaryWeapSilver/Sound/Rifle/Wavs/Rifle_ImpactBody01.uasset" 4512
"C:/Users/Husky Cal/AppData/Local/UnrealEngine/Common/DerivedDataCache/Buckets/BulkDataPayloadId/bb/57/5583d6831fd65b6d3ed3b6ceeb244d9baad9.udd" 4513
"F:/Pro/FPSRogueLikePrj/FPSRogueLike/Content/MilitaryWeapSilver/Sound/Rifle/Wavs/Rifle_AmmoPickup.uasset" 4514
"C:/Users/Husky Cal/AppData/Local/UnrealEngine/Common/DerivedDataCache/Buckets/LegacySTREAMEDAUDIO/4a/59/3723fc6a74532fe7e355a59fecfadff02913.udd" 4515
"C:/Users/Husky Cal/AppData/Local/UnrealEngine/Common/DerivedDataCache/Buckets/BulkDataList/ee/6e/128899ab58dc8550f88247fc783df2ccd7bb.udd" 4516
"C:/Users/Husky Cal/AppData/Local/UnrealEngine/Common/DerivedDataCache/Buckets/BulkDataPayloadId/44/cb/63a8ba455043e949229662f319580a114754.udd" 4517
"C:/Users/Husky Cal/AppData/Local/UnrealEngine/Common/DerivedDataCache/Buckets/LegacySTREAMEDAUDIO/7e/b7/415aacd0663b2b354c7fe7af6ca81b38f163.udd" 4518
"C:/Users/Husky Cal/AppData/Local/UnrealEngine/Common/DerivedDataCache/Buckets/BulkDataList/87/5b/a51f02b9a93ef85561b2f2330bf7ae84286b.udd" 4519
"F:/Pro/FPSRogueLikePrj/FPSRogueLike/Content/MilitaryWeapSilver/Sound/Rifle/Wavs/RifleA_Fire_ST06.uasset" 4520
"C:/Users/Husky Cal/AppData/Local/UnrealEngine/Common/DerivedDataCache/Buckets/LegacySTREAMEDAUDIO/36/6c/eaa90b10a00c2f198cb5756643c14d2e35e5.udd" 4521
"C:/Users/Husky Cal/AppData/Local/UnrealEngine/Common/DerivedDataCache/Buckets/BulkDataPayloadId/0b/6d/9d2ff91f16ee65219d2075431523ab1e1823.udd" 4522
"C:/Users/Husky Cal/AppData/Local/UnrealEngine/Common/DerivedDataCache/Buckets/LegacySTREAMEDAUDIO/71/7e/c0d88ffceb55a30c779085a3c7a52813d01a.udd" 4523
"C:/Users/Husky Cal/AppData/Local/UnrealEngine/Common/DerivedDataCache/Buckets/BulkDataList/7c/3b/c1a895792e278ff3e7e235151e77c025bbaf.udd" 4524
"C:/Users/Husky Cal/AppData/Local/UnrealEngine/Common/DerivedDataCache/Buckets/LegacyAudio/a1/b5/6fe5d0652a40dccd5ab35afcc69d5675ce68.udd" 4525
"C:/Users/Husky Cal/AppData/Local/UnrealEngine/Common/DerivedDataCache/Buckets/BulkDataPayloadId/89/45/856467937caf713ec6f6d05607d36e8aa59b.udd" 4526
"C:/Users/Husky Cal/AppData/Local/UnrealEngine/Common/DerivedDataCache/Buckets/LegacyAudio/ca/53/e501c552c058a2eb8ae51a5d9b9511fe69c8.udd" 4527
"F:/Pro/FPSRogueLikePrj/FPSRogueLike/Content/MilitaryWeapSilver/Sound/Rifle/Wavs/RifleA_Fire_ST05.uasset" 4528
"C:/Users/Husky Cal/AppData/Local/UnrealEngine/Common/DerivedDataCache/Buckets/LegacyAudio/95/82/f3b387d0abf9365044bcde12f821a956c061.udd" 4529
"C:/Users/Husky Cal/AppData/Local/UnrealEngine/Common/DerivedDataCache/Buckets/LegacyAudio/7d/6e/9fa3d74e00da2844950486f6470fedbee0e4.udd" 4530
"C:/Users/Husky Cal/AppData/Local/UnrealEngine/Common/DerivedDataCache/Buckets/LegacyAudio/84/dd/2ef0cafbd7f366432345057ffae02102a7cb.udd" 4531
"C:/Users/Husky Cal/AppData/Local/UnrealEngine/Common/DerivedDataCache/Buckets/LegacyAudio/41/1a/d7120c317c379e0a0730aa0831a1e8490284.udd" 4532
"C:/Users/Husky Cal/AppData/Local/UnrealEngine/Common/DerivedDataCache/Buckets/LegacyAudio/33/9f/fada03d4fde6ab353ef190bdb91628e3affe.udd" 4533
"C:/Users/Husky Cal/AppData/Local/UnrealEngine/Common/DerivedDataCache/Buckets/LegacyAudio/3f/a3/14c0b270339adae1ad9ec1ad52b473cbd357.udd" 4534
"C:/Users/Husky Cal/AppData/Local/UnrealEngine/Common/DerivedDataCache/Buckets/LegacyAudio/4f/61/b2510a841a5c773b375226875275bd244d01.udd" 4535
"C:/Users/Husky Cal/AppData/Local/UnrealEngine/Common/DerivedDataCache/Buckets/LegacyAudio/b3/79/a7c80d0e5ac5a8647c7f3b2a1e672aa51eb1.udd" 4536
"C:/Users/Husky Cal/AppData/Local/UnrealEngine/Common/DerivedDataCache/Buckets/BulkDataList/ce/56/f050059c416b3374df5c873af220cb037e58.udd" 4537
"F:/Pro/FPSRogueLikePrj/FPSRogueLike/Content/MilitaryWeapSilver/Sound/Rifle/Wavs/RifleA_Fire_ST04.uasset" 4538
"C:/Users/Husky Cal/AppData/Local/UnrealEngine/Common/DerivedDataCache/Buckets/LegacyAudio/10/39/a66fe76d3fc424e2efc0e229822cd2812fac.udd" 4539
"C:/Users/Husky Cal/AppData/Local/UnrealEngine/Common/DerivedDataCache/Buckets/LegacyAudio/80/c9/a03ee4da4d5e665bafef7da2a4f9bc9dc675.udd" 4540
"C:/Users/Husky Cal/AppData/Local/UnrealEngine/Common/DerivedDataCache/Buckets/LegacyAudio/0f/94/f10b5444688ed7426c99fb0f79875abea544.udd" 4541
"C:/Users/Husky Cal/AppData/Local/UnrealEngine/Common/DerivedDataCache/Buckets/LegacyAudio/00/a2/3d0fd2d06e46b1a879e55f0c6aa773ebbe12.udd" 4542
"C:/Users/Husky Cal/AppData/Local/UnrealEngine/Common/DerivedDataCache/Buckets/LegacyAudio/5a/60/8fcf82ef2f1df85a2ff14a393a2bb5333aa1.udd" 4543
"C:/Users/Husky Cal/AppData/Local/UnrealEngine/Common/DerivedDataCache/Buckets/LegacyAudio/16/f8/965275abe203fb14dfff36d691a4cd603bed.udd" 4544
"C:/Users/Husky Cal/AppData/Local/UnrealEngine/Common/DerivedDataCache/Buckets/BulkDataPayloadId/7f/0d/8ee861a148bfd388173e60dea69a60753250.udd" 4545
"C:/Users/Husky Cal/AppData/Local/UnrealEngine/Common/DerivedDataCache/Buckets/LegacySTREAMEDAUDIO/ca/5d/1aac3a646eeb5f0e448625ed0923f8fe3a0b.udd" 4546
"C:/Users/Husky Cal/AppData/Local/UnrealEngine/Common/DerivedDataCache/Buckets/LegacySTREAMEDAUDIO/99/f7/e36b29a177e453f8cc282e7a88f5b3e7eef9.udd" 4547
"C:/Users/Husky Cal/AppData/Local/UnrealEngine/Common/DerivedDataCache/Buckets/LegacySTREAMEDAUDIO/5f/fb/dae2efcbd86f606f929e1106f574b472886f.udd" 4548
"C:/Users/Husky Cal/AppData/Local/UnrealEngine/Common/DerivedDataCache/Buckets/LegacySTREAMEDAUDIO/5a/af/cca68dd3c3f52002d717b2f6daeb8156be8e.udd" 4549
"C:/Users/Husky Cal/AppData/Local/UnrealEngine/Common/DerivedDataCache/Buckets/BulkDataList/f9/61/daa5bc2febd37790ec4bed2d7e35d2caf790.udd" 4550
"F:/Pro/FPSRogueLikePrj/FPSRogueLike/Content/MilitaryWeapSilver/Sound/Rifle/Wavs/RifleA_Fire_ST03.uasset" 4551
"C:/Users/Husky Cal/AppData/Local/UnrealEngine/Common/DerivedDataCache/Buckets/BulkDataPayloadId/e2/cc/98bbf9676f2d58d1a977c5aab0ea91081915.udd" 4552
"C:/Users/Husky Cal/AppData/Local/UnrealEngine/Common/DerivedDataCache/Buckets/LegacySTREAMEDAUDIO/fd/9f/1f442af063852004867c6a3751a43355886e.udd" 4553
"C:/Users/Husky Cal/AppData/Local/UnrealEngine/Common/DerivedDataCache/Buckets/LegacySTREAMEDAUDIO/5b/50/d2944c553779317408a3f96c4dc6a1ed570f.udd" 4554
"C:/Users/Husky Cal/AppData/Local/UnrealEngine/Common/DerivedDataCache/Buckets/BulkDataList/1d/25/c7352b906c481d3f25e7495ab4560a70347c.udd" 4555
"F:/Pro/FPSRogueLikePrj/FPSRogueLike/Content/MilitaryWeapSilver/Sound/Rifle/Wavs/RifleA_Fire_ST02.uasset" 4556
"C:/Users/Husky Cal/AppData/Local/UnrealEngine/Common/DerivedDataCache/Buckets/LegacySTREAMEDAUDIO/3a/7c/32cfba4746bca1732ab92df73763ccadf5ef.udd" 4557
"C:/Users/Husky Cal/AppData/Local/UnrealEngine/Common/DerivedDataCache/Buckets/LegacySTREAMEDAUDIO/1e/5a/b3718451d874c991b92569f9ffa0b1a98491.udd" 4558
"C:/Users/Husky Cal/AppData/Local/UnrealEngine/Common/DerivedDataCache/Buckets/LegacySTREAMEDAUDIO/d5/54/a552abf870ba59c0328e1ec2541939c3c9ee.udd" 4559
"C:/Users/Husky Cal/AppData/Local/UnrealEngine/Common/DerivedDataCache/Buckets/BulkDataList/ff/8c/bf7a5821ab5113aeaa48006fa7d728bb06a8.udd" 4560
"F:/Pro/FPSRogueLikePrj/FPSRogueLike/Content/MilitaryWeapSilver/Sound/Rifle/Wavs/RifleA_Fire_ST01.uasset" 4561
"C:/Users/Husky Cal/AppData/Local/UnrealEngine/Common/DerivedDataCache/Buckets/BulkDataPayloadId/2b/05/9f71b86aaa215384f33d9b8ab7fbae10c086.udd" 4562
"C:/Users/Husky Cal/AppData/Local/UnrealEngine/Common/DerivedDataCache/Buckets/BulkDataPayloadId/0b/ca/462d343bb81066ef9f9c39419777014dd133.udd" 4563
"C:/Users/Husky Cal/AppData/Local/UnrealEngine/Common/DerivedDataCache/Buckets/LegacySTREAMEDAUDIO/49/b8/9d9186147d261e096cc5395656bcb3e79fb2.udd" 4564
"C:/Users/Husky Cal/AppData/Local/UnrealEngine/Common/DerivedDataCache/Buckets/BulkDataList/96/33/8bb7cdcb25be40638dfeb39a781a14bbc2ee.udd" 4565
"F:/Pro/FPSRogueLikePrj/FPSRogueLike/Content/MilitaryWeapSilver/Sound/Rifle/Wavs/RifleA_Fire_Loop_ST03.uasset" 4566
"C:/Users/Husky Cal/AppData/Local/UnrealEngine/Common/DerivedDataCache/Buckets/LegacySTREAMEDAUDIO/05/26/b7523e63588976e65658baf032ac47d78b27.udd" 4567
"C:/Users/Husky Cal/AppData/Local/UnrealEngine/Common/DerivedDataCache/Buckets/LegacySTREAMEDAUDIO/28/d3/1bc84cc04fbb08991925e697165cb58985de.udd" 4568
"C:/Users/Husky Cal/AppData/Local/UnrealEngine/Common/DerivedDataCache/Buckets/BulkDataPayloadId/57/bb/8f8e8f8c9f8d8891b9689f426ad7c54f859b.udd" 4569
"C:/Users/Husky Cal/AppData/Local/UnrealEngine/Common/DerivedDataCache/Buckets/LegacySTREAMEDAUDIO/12/b4/e5be640a0ae2ec6ca6f159b24c2df791099c.udd" 4570
"C:/Users/Husky Cal/AppData/Local/UnrealEngine/Common/DerivedDataCache/Buckets/BulkDataList/a2/ff/59c9f5b0d1627126b27bcb67cdd1749339f4.udd" 4571
"F:/Pro/FPSRogueLikePrj/FPSRogueLike/Content/MilitaryWeapSilver/Sound/Rifle/Wavs/RifleA_Fire_Loop_ST02.uasset" 4572
"C:/Users/Husky Cal/AppData/Local/UnrealEngine/Common/DerivedDataCache/Buckets/LegacySTREAMEDAUDIO/c9/05/1f65be43c99248337b20cba7c48685832e68.udd" 4573
"C:/Users/Husky Cal/AppData/Local/UnrealEngine/Common/DerivedDataCache/Buckets/LegacySTREAMEDAUDIO/b0/19/ac0f33e84075c8803fcc01f44878289d34cf.udd" 4574
"C:/Users/Husky Cal/AppData/Local/UnrealEngine/Common/DerivedDataCache/Buckets/BulkDataPayloadId/c3/1e/e7eaa79bf0c84ae4f46b4c5a6a2575adf860.udd" 4575
"C:/Users/Husky Cal/AppData/Local/UnrealEngine/Common/DerivedDataCache/Buckets/BulkDataList/2f/c3/2b007337448c6b56ce52a3ada59ddaec0645.udd" 4576
"C:/Users/Husky Cal/AppData/Local/UnrealEngine/Common/DerivedDataCache/Buckets/LegacySTREAMEDAUDIO/58/1b/784de721afa7a447adcd2d4faada8b674167.udd" 4577
"F:/Pro/FPSRogueLikePrj/FPSRogueLike/Content/MilitaryWeapSilver/Sound/Rifle/Wavs/RifleA_Fire_Loop_ST01.uasset" 4578
"C:/Users/Husky Cal/AppData/Local/UnrealEngine/Common/DerivedDataCache/Buckets/LegacySTREAMEDAUDIO/ca/b9/9b115f52d13a62089dacf7aee02822fa4ee8.udd" 4579
"C:/Users/Husky Cal/AppData/Local/UnrealEngine/Common/DerivedDataCache/Buckets/LegacySTREAMEDAUDIO/56/93/f7040ccba0c59579580aeaee074afa51d570.udd" 4580
"C:/Users/Husky Cal/AppData/Local/UnrealEngine/Common/DerivedDataCache/Buckets/BulkDataList/ef/90/b9d8a1ba5d27d3646dc3f359a948ec4fab91.udd" 4581
"F:/Pro/FPSRogueLikePrj/FPSRogueLike/Content/MilitaryWeapSilver/Sound/Rifle/Wavs/RifleA_Fire_End_ST03.uasset" 4582
"C:/Users/Husky Cal/AppData/Local/UnrealEngine/Common/DerivedDataCache/Buckets/BulkDataPayloadId/29/59/48cc1d9f6d521d85b27d4b22f0428d6bb7ae.udd" 4583
"C:/Users/Husky Cal/AppData/Local/UnrealEngine/Common/DerivedDataCache/Buckets/BulkDataPayloadId/7b/30/e26c867d6657331ee96a0d83b972341a7380.udd" 4584
"C:/Users/Husky Cal/AppData/Local/UnrealEngine/Common/DerivedDataCache/Buckets/LegacySTREAMEDAUDIO/82/50/4cb899df9a841dd2e5ba9b3541f8272622ac.udd" 4585
"F:/Pro/FPSRogueLikePrj/FPSRogueLike/Content/MilitaryWeapSilver/Sound/Rifle/Wavs/RifleA_Fire_End_ST02.uasset" 4586
"C:/Users/Husky Cal/AppData/Local/UnrealEngine/Common/DerivedDataCache/Buckets/BulkDataList/51/c3/3344da2f2523ba6475ca478425c9f4d5537e.udd" 4587
"C:/Users/Husky Cal/AppData/Local/UnrealEngine/Common/DerivedDataCache/Buckets/LegacySTREAMEDAUDIO/e0/f0/fe8fe831efb159d0cd3fe75bfdd8f3e99552.udd" 4588
"C:/Users/Husky Cal/AppData/Local/UnrealEngine/Common/DerivedDataCache/Buckets/LegacySTREAMEDAUDIO/94/ca/915fe021018795702ac61d21709e8c5ea1c7.udd" 4589
"C:/Users/Husky Cal/AppData/Local/UnrealEngine/Common/DerivedDataCache/Buckets/BulkDataPayloadId/43/95/dc25e1a770993eed9ddc177e648b75ca0060.udd" 4590
"C:/Users/Husky Cal/AppData/Local/UnrealEngine/Common/DerivedDataCache/Buckets/BulkDataList/f5/db/95f67fb120c64995a7f07985013c95c68f72.udd" 4591
"F:/Pro/FPSRogueLikePrj/FPSRogueLike/Content/MilitaryWeapSilver/Sound/Rifle/Wavs/RifleA_Fire_End_ST01.uasset" 4592
"C:/Users/Husky Cal/AppData/Local/UnrealEngine/Common/DerivedDataCache/Buckets/LegacySTREAMEDAUDIO/30/fe/877b7a6af59070af94e7857fe89f2f4dc370.udd" 4593
"C:/Users/Husky Cal/AppData/Local/UnrealEngine/Common/DerivedDataCache/Buckets/BulkDataPayloadId/40/24/d182cf0895f446e32e7497676ea98a70321e.udd" 4594
"C:/Users/Husky Cal/AppData/Local/UnrealEngine/Common/DerivedDataCache/Buckets/LegacySTREAMEDAUDIO/c0/aa/bb7e4a336dfb2a9675c9518cef4fb9a98128.udd" 4595
"C:/Users/Husky Cal/AppData/Local/UnrealEngine/Common/DerivedDataCache/Buckets/LegacySTREAMEDAUDIO/2a/06/3e54714975ecec4c97513390d5d422d6e668.udd" 4596
"F:/Pro/FPSRogueLikePrj/FPSRogueLike/Content/MilitaryWeapSilver/Sound/Rifle/Wavs/RifleA_FireLoop03.uasset" 4597
"C:/Users/Husky Cal/AppData/Local/UnrealEngine/Common/DerivedDataCache/Buckets/BulkDataList/ff/29/f9f63dea683f752cf264064529ac6096cda7.udd" 4598
"C:/Users/Husky Cal/AppData/Local/UnrealEngine/Common/DerivedDataCache/Buckets/BulkDataPayloadId/f7/6d/9aca46c4a1f0c32c01bbe0818a9fdcb5d0f4.udd" 4599
"C:/Users/Husky Cal/AppData/Local/UnrealEngine/Common/DerivedDataCache/Buckets/LegacySTREAMEDAUDIO/b2/a0/7ba96866e58aab01c40976859481f9375815.udd" 4600
"C:/Users/Husky Cal/AppData/Local/UnrealEngine/Common/DerivedDataCache/Buckets/BulkDataList/30/89/a7a6ddf143fbb2c45565a9d033c363df410b.udd" 4601
"F:/Pro/FPSRogueLikePrj/FPSRogueLike/Content/MilitaryWeapSilver/Sound/Rifle/Wavs/RifleA_FireLoop02.uasset" 4602
"C:/Users/Husky Cal/AppData/Local/UnrealEngine/Common/DerivedDataCache/Buckets/LegacySTREAMEDAUDIO/50/4a/20f4711f0b51de9dd5c7dc3d933d12ef99fd.udd" 4603
"C:/Users/Husky Cal/AppData/Local/UnrealEngine/Common/DerivedDataCache/Buckets/BulkDataPayloadId/3a/66/b54678c4b29daa4e27e5fe948dd1f48bcc89.udd" 4604
"C:/Users/Husky Cal/AppData/Local/UnrealEngine/Common/DerivedDataCache/Buckets/LegacySTREAMEDAUDIO/37/9b/9d01894141367741d0ddcd6fcd05f0e11d58.udd" 4605
"C:/Users/Husky Cal/AppData/Local/UnrealEngine/Common/DerivedDataCache/Buckets/BulkDataList/28/fc/eefda20ef94406a2b32dc269892098ac578e.udd" 4606
"F:/Pro/FPSRogueLikePrj/FPSRogueLike/Content/MilitaryWeapSilver/Sound/Rifle/Wavs/RifleA_FireLoop01.uasset" 4607
"C:/Users/Husky Cal/AppData/Local/UnrealEngine/Common/DerivedDataCache/Buckets/LegacySTREAMEDAUDIO/fa/5a/f16a76a390f9c6e66dfb43f936639735203c.udd" 4608
"C:/Users/Husky Cal/AppData/Local/UnrealEngine/Common/DerivedDataCache/Buckets/BulkDataPayloadId/2f/87/21b70a93190879fe874f472bd898d7974eee.udd" 4609
"F:/Pro/FPSRogueLikePrj/FPSRogueLike/Content/MilitaryWeapSilver/Sound/Rifle/Wavs/RifleA_FireEnd03.uasset" 4610
"C:/Users/Husky Cal/AppData/Local/UnrealEngine/Common/DerivedDataCache/Buckets/BulkDataList/43/a0/65ad2d22ab5d5cba522183d05457e17acb41.udd" 4611
"C:/Users/Husky Cal/AppData/Local/UnrealEngine/Common/DerivedDataCache/Buckets/LegacySTREAMEDAUDIO/00/13/0a6309bbdcd5403a25a1d2a4f9f29ae27583.udd" 4612
"C:/Users/Husky Cal/AppData/Local/UnrealEngine/Common/DerivedDataCache/Buckets/LegacySTREAMEDAUDIO/8d/9a/12590105edaadbd86d6b18479bb07df7d59f.udd" 4613
"C:/Users/Husky Cal/AppData/Local/UnrealEngine/Common/DerivedDataCache/Buckets/BulkDataPayloadId/5b/29/92e5dd293c37e979ae5138de02ccca8b0597.udd" 4614
"F:/Pro/FPSRogueLikePrj/FPSRogueLike/Content/MilitaryWeapSilver/Sound/Rifle/Wavs/RifleA_FireEnd02.uasset" 4615
"C:/Users/Husky Cal/AppData/Local/UnrealEngine/Common/DerivedDataCache/Buckets/BulkDataList/3b/f6/c9de01a40da1ad8fd4aa2a6b6d3258a36a1b.udd" 4616
"C:/Users/Husky Cal/AppData/Local/UnrealEngine/Common/DerivedDataCache/Buckets/LegacySTREAMEDAUDIO/81/e1/c571459b6b157f8a786f2122e8e34159b4ca.udd" 4617
"C:/Users/Husky Cal/AppData/Local/UnrealEngine/Common/DerivedDataCache/Buckets/LegacySTREAMEDAUDIO/fd/3c/8602e8a9829a586b5d71ebb9529169d154fa.udd" 4618
"C:/Users/Husky Cal/AppData/Local/UnrealEngine/Common/DerivedDataCache/Buckets/LegacySTREAMEDAUDIO/9c/a7/0c08cf4f0bbf25966cd37bfb15d8b1a49a08.udd" 4619
"C:/Users/Husky Cal/AppData/Local/UnrealEngine/Common/DerivedDataCache/Buckets/BulkDataPayloadId/e9/ae/9bb0bf259fa3ff7261857d62325be8b2c2d0.udd" 4620
"C:/Users/Husky Cal/AppData/Local/UnrealEngine/Common/DerivedDataCache/Buckets/BulkDataList/9e/15/f69854be038cce317c3ab91f099bdc0f4801.udd" 4621
"C:/Users/Husky Cal/AppData/Local/UnrealEngine/Common/DerivedDataCache/Buckets/LegacyAudio/57/8c/9668175a18ec5616301017ac701c6d4ce7aa.udd" 4622
"C:/Users/Husky Cal/AppData/Local/UnrealEngine/Common/DerivedDataCache/Buckets/LegacyAudio/1c/b4/0c238e1966544a20a80e056e5dd5b48cbfab.udd" 4623
"C:/Users/Husky Cal/AppData/Local/UnrealEngine/Common/DerivedDataCache/Buckets/LegacyAudio/32/69/245b95384d86532169f068a95146956b5617.udd" 4624
"C:/Users/Husky Cal/AppData/Local/UnrealEngine/Common/DerivedDataCache/Buckets/LegacyAudio/7a/40/71ef4c7f7e6c13592f8d7f5c15d1f1e45208.udd" 4625
"C:/Users/Husky Cal/AppData/Local/UnrealEngine/Common/DerivedDataCache/Buckets/LegacyAudio/07/48/fcb440c936441bad2532d693a556bce1d769.udd" 4626
"C:/Users/Husky Cal/AppData/Local/UnrealEngine/Common/DerivedDataCache/Buckets/BulkDataPayloadId/03/37/8a2e62f39aadda7232c8725275322a368ea0.udd" 4627
"C:/Users/Husky Cal/AppData/Local/UnrealEngine/Common/DerivedDataCache/Buckets/LegacyAudio/f1/9b/0e9e4069131ca091cb92126744dd25e88b98.udd" 4628
"F:/Pro/FPSRogueLikePrj/FPSRogueLike/Content/MilitaryWeapSilver/Sound/Rifle/Wavs/RifleA_FireEnd01.uasset" 4629
"C:/Users/Husky Cal/AppData/Local/UnrealEngine/Common/DerivedDataCache/Buckets/LegacyAudio/e1/6f/ceb1107af04b41e3462c7e22de49675c3dfd.udd" 4630
"C:/Users/Husky Cal/AppData/Local/UnrealEngine/Common/DerivedDataCache/Buckets/LegacyAudio/12/10/63ba1ac53fc7ec152dd0734776684ef58975.udd" 4631
"C:/Users/Husky Cal/AppData/Local/UnrealEngine/Common/DerivedDataCache/Buckets/LegacyAudio/3b/02/c983d3641e8ca40b58dd0c4ba67997af348f.udd" 4632
"C:/Users/Husky Cal/AppData/Local/UnrealEngine/Common/DerivedDataCache/Buckets/LegacyAudio/c0/97/5a472bd5e4e13845bb2feef3c3aa4532150b.udd" 4633
"C:/Users/Husky Cal/AppData/Local/UnrealEngine/Common/DerivedDataCache/Buckets/LegacyAudio/6a/8e/7877ffef4339af770b3839ec644cd1497617.udd" 4634
"C:/Users/Husky Cal/AppData/Local/UnrealEngine/Common/DerivedDataCache/Buckets/LegacyAudio/af/bb/1ce6f4c0cf50e2069ea559e958a3a4463ab7.udd" 4635
"C:/Users/Husky Cal/AppData/Local/UnrealEngine/Common/DerivedDataCache/Buckets/LegacyAudio/06/85/13811ccd9c1912162d8dd272214ae4e5965f.udd" 4636
"C:/Users/Husky Cal/AppData/Local/UnrealEngine/Common/DerivedDataCache/Buckets/LegacyAudio/02/4c/57603c4899248dd340b605f33af7c07bc276.udd" 4637
"C:/Users/Husky Cal/AppData/Local/UnrealEngine/Common/DerivedDataCache/Buckets/LegacyAudio/91/fe/177c3c94f7230bd442b56142c252a28c2dab.udd" 4638
"C:/Users/Husky Cal/AppData/Local/UnrealEngine/Common/DerivedDataCache/Buckets/LegacyAudio/d0/e4/758ab98f45f989ffd44421ab1dca53d65997.udd" 4639
"F:/Pro/FPSRogueLikePrj/FPSRogueLike/Content/MilitaryWeapSilver/Sound/Rifle/Wavs/RifleA_Fire06.uasset" 4640
"C:/Users/Husky Cal/AppData/Local/UnrealEngine/Common/DerivedDataCache/Buckets/BulkDataList/54/99/620ab386b1c4326d33914fb6929210dd5b95.udd" 4641
"C:/Users/Husky Cal/AppData/Local/UnrealEngine/Common/DerivedDataCache/Buckets/LegacySTREAMEDAUDIO/75/81/1abaf2faa3744803fd49c051ae60e099853d.udd" 4642
"C:/Users/Husky Cal/AppData/Local/UnrealEngine/Common/DerivedDataCache/Buckets/BulkDataPayloadId/17/08/6b3d00b1212830b7ca374d8cfdccd9524c28.udd" 4643
"C:/Users/Husky Cal/AppData/Local/UnrealEngine/Common/DerivedDataCache/Buckets/BulkDataList/0f/f8/682327f9511faddf209195f9bc4f3fe6b7b6.udd" 4644
"F:/Pro/FPSRogueLikePrj/FPSRogueLike/Content/MilitaryWeapSilver/Sound/Rifle/Wavs/RifleA_Fire05.uasset" 4645
"C:/Users/Husky Cal/AppData/Local/UnrealEngine/Common/DerivedDataCache/Buckets/LegacySTREAMEDAUDIO/cc/f2/9ce9f5d8a1e08978c06a17b8c2cc23ca4e93.udd" 4646
"C:/Users/Husky Cal/AppData/Local/UnrealEngine/Common/DerivedDataCache/Buckets/LegacySTREAMEDAUDIO/b2/33/2b9ac0543fb6eaa656b86f8d7a6ca4a0a106.udd" 4647
"C:/Users/Husky Cal/AppData/Local/UnrealEngine/Common/DerivedDataCache/Buckets/BulkDataPayloadId/23/4d/a29b4972bac1be061330b131a6631a9473fe.udd" 4648
"C:/Users/Husky Cal/AppData/Local/UnrealEngine/Common/DerivedDataCache/Buckets/BulkDataList/b6/e1/13b23af0cd4f55db332098ad92cb2af92c54.udd" 4649
"F:/Pro/FPSRogueLikePrj/FPSRogueLike/Content/MilitaryWeapSilver/Sound/Rifle/Wavs/RifleA_Fire04.uasset" 4650
"C:/Users/Husky Cal/AppData/Local/UnrealEngine/Common/DerivedDataCache/Buckets/LegacySTREAMEDAUDIO/97/02/988d79de04e572d7d4d6d44308e0effd0ae5.udd" 4651
"C:/Users/Husky Cal/AppData/Local/UnrealEngine/Common/DerivedDataCache/Buckets/BulkDataPayloadId/29/22/410f4cdce8d943b218faaf3bdbec6d6f662b.udd" 4652
"C:/Users/Husky Cal/AppData/Local/UnrealEngine/Common/DerivedDataCache/Buckets/LegacySTREAMEDAUDIO/fd/fc/3c9a3a8d9043291c83f4bf086003f0e053e6.udd" 4653
"C:/Users/Husky Cal/AppData/Local/UnrealEngine/Common/DerivedDataCache/Buckets/BulkDataList/7a/49/e088198b82dabc214deaa0b7f256973623ae.udd" 4654
"C:/Users/Husky Cal/AppData/Local/UnrealEngine/Common/DerivedDataCache/Buckets/LegacySTREAMEDAUDIO/ab/98/6fdf3426dc19586e4e638d9f9c892a9302ca.udd" 4655
"F:/Pro/FPSRogueLikePrj/FPSRogueLike/Content/MilitaryWeapSilver/Sound/Rifle/Wavs/RifleA_Fire03.uasset" 4656
"C:/Users/Husky Cal/AppData/Local/UnrealEngine/Common/DerivedDataCache/Buckets/BulkDataPayloadId/67/32/4775306fa99b98b764f01e64d4a3c0e05064.udd" 4657
"C:/Users/Husky Cal/AppData/Local/UnrealEngine/Common/DerivedDataCache/Buckets/LegacySTREAMEDAUDIO/64/07/6cb953894a3f3a26d537735e9c5a0fd1b24c.udd" 4658
"F:/Pro/FPSRogueLikePrj/FPSRogueLike/Content/MilitaryWeapSilver/Sound/Rifle/Wavs/RifleA_Fire02.uasset" 4659
"C:/Users/Husky Cal/AppData/Local/UnrealEngine/Common/DerivedDataCache/Buckets/BulkDataList/51/ac/fe59d8759685d129415e06d7a12def2e62c1.udd" 4660
"C:/Users/Husky Cal/AppData/Local/UnrealEngine/Common/DerivedDataCache/Buckets/LegacySTREAMEDAUDIO/e9/e5/2142f90f7bd83f590ea5caeb0b584088e4d3.udd" 4661
"F:/Pro/FPSRogueLikePrj/FPSRogueLike/Content/MilitaryWeapSilver/Sound/Rifle/Wavs/RifleA_Fire01.uasset" 4662
"C:/Users/Husky Cal/AppData/Local/UnrealEngine/Common/DerivedDataCache/Buckets/BulkDataList/dc/7d/a07f5c148b169778765ecf8dc5df285e8f16.udd" 4663
"F:/Pro/FPSRogueLikePrj/FPSRogueLike/Content/MilitaryWeapSilver/Sound/Pistol/Wavs/Pistol_Whip05.uasset" 4664
"C:/Users/Husky Cal/AppData/Local/UnrealEngine/Common/DerivedDataCache/Buckets/LegacySTREAMEDAUDIO/cd/cd/d9fefef40f26dc0712f8929d6d2197ae516c.udd" 4665
"C:/Users/Husky Cal/AppData/Local/UnrealEngine/Common/DerivedDataCache/Buckets/BulkDataPayloadId/d2/6e/56db8559cca285bf2e4c8df5ac10f62c4139.udd" 4666
"C:/Users/Husky Cal/AppData/Local/UnrealEngine/Common/DerivedDataCache/Buckets/BulkDataPayloadId/e0/25/e5b18ded50e9de92971a17fdc5a0985a7945.udd" 4667
"C:/Users/Husky Cal/AppData/Local/UnrealEngine/Common/DerivedDataCache/Buckets/LegacySTREAMEDAUDIO/cd/a7/ad80717b9d3e0f4b81d97eab0c71b6e93e69.udd" 4668
"C:/Users/Husky Cal/AppData/Local/UnrealEngine/Common/DerivedDataCache/Buckets/BulkDataList/c0/dd/8213a03aabba36350ad61a90f5dc082bedfc.udd" 4669
"F:/Pro/FPSRogueLikePrj/FPSRogueLike/Content/MilitaryWeapSilver/Sound/Pistol/Wavs/Pistol_Whip04.uasset" 4670
"C:/Users/Husky Cal/AppData/Local/UnrealEngine/Common/DerivedDataCache/Buckets/BulkDataPayloadId/71/48/d660cc4c746955301885e93d4fec777d145a.udd" 4671
"C:/Users/Husky Cal/AppData/Local/UnrealEngine/Common/DerivedDataCache/Buckets/LegacySTREAMEDAUDIO/32/69/69d2e216f7d4fdbd01e9993d55f289ccb7ff.udd" 4672
"C:/Users/Husky Cal/AppData/Local/UnrealEngine/Common/DerivedDataCache/Buckets/LegacySTREAMEDAUDIO/52/19/7178041c1a9ca75dd9eb2168902f334cbcf8.udd" 4673
"C:/Users/Husky Cal/AppData/Local/UnrealEngine/Common/DerivedDataCache/Buckets/LegacySTREAMEDAUDIO/38/5f/a84a43063ec0445841b2c86948ae87e851dd.udd" 4674
"C:/Users/Husky Cal/AppData/Local/UnrealEngine/Common/DerivedDataCache/Buckets/BulkDataList/7b/b8/31706e4867f9508f59fb1640ee4f985c12ac.udd" 4675
"F:/Pro/FPSRogueLikePrj/FPSRogueLike/Content/MilitaryWeapSilver/Sound/Pistol/Wavs/Pistol_Whip03.uasset" 4676
"C:/Users/Husky Cal/AppData/Local/UnrealEngine/Common/DerivedDataCache/Buckets/LegacySTREAMEDAUDIO/b8/07/c94831dc23ec7f0cfe81b80abde5ea438db2.udd" 4677
"C:/Users/Husky Cal/AppData/Local/UnrealEngine/Common/DerivedDataCache/Buckets/BulkDataList/46/f5/103f8bef3ec0176391bf469cb8267fe3846d.udd" 4678
"F:/Pro/FPSRogueLikePrj/FPSRogueLike/Content/MilitaryWeapSilver/Sound/Pistol/Wavs/Pistol_Whip02.uasset" 4679
"C:/Users/Husky Cal/AppData/Local/UnrealEngine/Common/DerivedDataCache/Buckets/BulkDataPayloadId/19/90/ba07a670a3a7875770baabe67a30d6ffa01a.udd" 4680
"C:/Users/Husky Cal/AppData/Local/UnrealEngine/Common/DerivedDataCache/Buckets/BulkDataPayloadId/28/31/b82ce4d8e7095372ab9601ebe3b40aa7fb28.udd" 4681
"C:/Users/Husky Cal/AppData/Local/UnrealEngine/Common/DerivedDataCache/Buckets/BulkDataList/ef/be/fbcfe8189d2f63b997d3274d4ef85d3b017b.udd" 4682
"C:/Users/Husky Cal/AppData/Local/UnrealEngine/Common/DerivedDataCache/Buckets/BulkDataList/47/50/93fac53037c1988db4bb945fc399d0c90e1e.udd" 4683
"C:/Users/Husky Cal/AppData/Local/UnrealEngine/Common/DerivedDataCache/Buckets/LegacySTREAMEDAUDIO/68/a8/38801d80ad26bdc5e3ecfdb40252922dc3d4.udd" 4684
"F:/Pro/FPSRogueLikePrj/FPSRogueLike/Content/MilitaryWeapSilver/Sound/Pistol/Wavs/Pistol_Whip01.uasset" 4685
"C:/Users/Husky Cal/AppData/Local/UnrealEngine/Common/DerivedDataCache/Buckets/BulkDataPayloadId/43/28/2cb33541a6cf5f9dc9150fbbf5251f0db2b3.udd" 4686
"C:/Users/Husky Cal/AppData/Local/UnrealEngine/Common/DerivedDataCache/Buckets/BulkDataPayloadId/0b/41/c2ef2c0c2e23a14ebe1b05838443dd18fa6e.udd" 4687
"F:/Pro/FPSRogueLikePrj/FPSRogueLike/Content/MilitaryWeapSilver/Sound/Pistol/Wavs/Pistol_ReloadSlideRack03.uasset" 4688
"C:/Users/Husky Cal/AppData/Local/UnrealEngine/Common/DerivedDataCache/Buckets/BulkDataList/79/36/5277e986075a99dc425c1a39ad84c394596d.udd" 4689
"C:/Users/Husky Cal/AppData/Local/UnrealEngine/Common/DerivedDataCache/Buckets/LegacySTREAMEDAUDIO/72/43/d20b1aba81b0ef3f86d32f45236801dbb333.udd" 4690
"C:/Users/Husky Cal/AppData/Local/UnrealEngine/Common/DerivedDataCache/Buckets/BulkDataPayloadId/27/f6/aff461264dbbb10b78142c19527293897a6a.udd" 4691
"F:/Pro/FPSRogueLikePrj/FPSRogueLike/Content/MilitaryWeapSilver/Sound/Pistol/Wavs/Pistol_ReloadSlideRack02.uasset" 4692
"C:/Users/Husky Cal/AppData/Local/UnrealEngine/Common/DerivedDataCache/Buckets/BulkDataList/03/45/415a12228b5f9d30585b92b8fa449d7875cf.udd" 4693
"C:/Users/Husky Cal/AppData/Local/UnrealEngine/Common/DerivedDataCache/Buckets/LegacySTREAMEDAUDIO/07/d2/37672b839f395cf39f95abda17498efa95a1.udd" 4694
"C:/Users/Husky Cal/AppData/Local/UnrealEngine/Common/DerivedDataCache/Buckets/BulkDataPayloadId/0a/9c/8b2a3629b15e08e605aa3bc4754565baff7e.udd" 4695
"C:/Users/Husky Cal/AppData/Local/UnrealEngine/Common/DerivedDataCache/Buckets/LegacySTREAMEDAUDIO/4e/18/38dab31bbae01e42afec66d4eed27159c84f.udd" 4696
"C:/Users/Husky Cal/AppData/Local/UnrealEngine/Common/DerivedDataCache/Buckets/BulkDataList/44/f7/b1c2ed746cb1d73f805474ff53652b1f65bb.udd" 4697
"F:/Pro/FPSRogueLikePrj/FPSRogueLike/Content/MilitaryWeapSilver/Sound/Pistol/Wavs/Pistol_ReloadSlideRack01.uasset" 4698
"C:/Users/Husky Cal/AppData/Local/UnrealEngine/Common/DerivedDataCache/Buckets/LegacySTREAMEDAUDIO/a0/4f/cf775243d9fc6345d399215d2b105293c224.udd" 4699
"C:/Users/Husky Cal/AppData/Local/UnrealEngine/Common/DerivedDataCache/Buckets/BulkDataPayloadId/30/10/c1c3e23e642a84b9d6ac4210c6c7aad1a5cd.udd" 4700
"C:/Users/Husky Cal/AppData/Local/UnrealEngine/Common/DerivedDataCache/Buckets/LegacySTREAMEDAUDIO/98/e0/e6f83c1761194c3f6942338ff1fafa6ce4e6.udd" 4701
"C:/Users/Husky Cal/AppData/Local/UnrealEngine/Common/DerivedDataCache/Buckets/BulkDataList/a9/60/c967c6d081b25c022437bacf247d055c409f.udd" 4702
"F:/Pro/FPSRogueLikePrj/FPSRogueLike/Content/MilitaryWeapSilver/Sound/Pistol/Wavs/Pistol_ReloadMagInsert02.uasset" 4703
"C:/Users/Husky Cal/AppData/Local/UnrealEngine/Common/DerivedDataCache/Buckets/LegacySTREAMEDAUDIO/55/fc/9e11ae3e369727ba20d667f8e4fded6953a3.udd" 4704
"C:/Users/Husky Cal/AppData/Local/UnrealEngine/Common/DerivedDataCache/Buckets/BulkDataPayloadId/6f/40/a05cae82a50ccfa177a1928f753bf8f31e62.udd" 4705
"C:/Users/Husky Cal/AppData/Local/UnrealEngine/Common/DerivedDataCache/Buckets/LegacySTREAMEDAUDIO/67/6e/8eccd3ec91514c8fe351553282aa47a77f0c.udd" 4706
"C:/Users/Husky Cal/AppData/Local/UnrealEngine/Common/DerivedDataCache/Buckets/LegacySTREAMEDAUDIO/e3/90/2f1a5b028a34af9612582bf34adcad503cd0.udd" 4707
"C:/Users/Husky Cal/AppData/Local/UnrealEngine/Common/DerivedDataCache/Buckets/BulkDataList/58/4e/7fb213b580944710473030e427cf797dc866.udd" 4708
"C:/Users/Husky Cal/AppData/Local/UnrealEngine/Common/DerivedDataCache/Buckets/LegacySTREAMEDAUDIO/20/9a/b646f631b25a7199e3cd126c92226e805d31.udd" 4709
"C:/Users/Husky Cal/AppData/Local/UnrealEngine/Common/DerivedDataCache/Buckets/LegacyAudio/47/0d/56a5e70da6bdadca4290b47858e69c458454.udd" 4710
"C:/Users/Husky Cal/AppData/Local/UnrealEngine/Common/DerivedDataCache/Buckets/LegacyAudio/2d/08/74951fd41192fc7a7c58ca77d09a1a5b0b1b.udd" 4711
"F:/Pro/FPSRogueLikePrj/FPSRogueLike/Content/MilitaryWeapSilver/Sound/Pistol/Wavs/Pistol_ReloadMagInsert01.uasset" 4712
"C:/Users/Husky Cal/AppData/Local/UnrealEngine/Common/DerivedDataCache/Buckets/LegacyAudio/a1/75/560f3078cec9db053ccf50a80d03c940be31.udd" 4713
"C:/Users/Husky Cal/AppData/Local/UnrealEngine/Common/DerivedDataCache/Buckets/LegacyAudio/05/32/6b4f5756ddd1ce25c8304bbf79644032a122.udd" 4714
"C:/Users/Husky Cal/AppData/Local/UnrealEngine/Common/DerivedDataCache/Buckets/LegacyAudio/09/3d/e2b3337d68fc5c7fc1f7c41349995123e52a.udd" 4715
"C:/Users/Husky Cal/AppData/Local/UnrealEngine/Common/DerivedDataCache/Buckets/LegacyAudio/54/f3/34e0b27a38f228fae937adebd62200cc5e99.udd" 4716
"C:/Users/Husky Cal/AppData/Local/UnrealEngine/Common/DerivedDataCache/Buckets/LegacyAudio/e3/88/f928550d9937c8787814b49b713efa600b8a.udd" 4717
"C:/Users/Husky Cal/AppData/Local/UnrealEngine/Common/DerivedDataCache/Buckets/LegacyAudio/6a/12/fac93ccc125f1b511d09c918b536b11a7d8e.udd" 4718
"C:/Users/Husky Cal/AppData/Local/UnrealEngine/Common/DerivedDataCache/Buckets/LegacyAudio/fe/85/6f56abf8e2dec1e1346babf8532f0b83b268.udd" 4719
"C:/Users/Husky Cal/AppData/Local/UnrealEngine/Common/DerivedDataCache/Buckets/LegacyAudio/06/a7/454b03c2faaf7d45899b78ef725255a6165d.udd" 4720
"C:/Users/Husky Cal/AppData/Local/UnrealEngine/Common/DerivedDataCache/Buckets/LegacyAudio/22/88/3df75bbbd86d119bf1c457d2bbf7635b3bdd.udd" 4721
"C:/Users/Husky Cal/AppData/Local/UnrealEngine/Common/DerivedDataCache/Buckets/LegacyAudio/33/45/18e518658c00f55fa34655e06ceb16516514.udd" 4722
"C:/Users/Husky Cal/AppData/Local/UnrealEngine/Common/DerivedDataCache/Buckets/LegacyAudio/fe/e7/dac202a95a11d518323123d944ccae3a962b.udd" 4723
"C:/Users/Husky Cal/AppData/Local/UnrealEngine/Common/DerivedDataCache/Buckets/LegacySTREAMEDAUDIO/c5/2c/801d5fb2771785706ddfac8e98af932c4457.udd" 4724
"C:/Users/Husky Cal/AppData/Local/UnrealEngine/Common/DerivedDataCache/Buckets/LegacyAudio/e8/03/e977b48cd3cb5cc50145d98a6662ef85b5f1.udd" 4725
"C:/Users/Husky Cal/AppData/Local/UnrealEngine/Common/DerivedDataCache/Buckets/LegacyAudio/87/e3/054e0a871f6c98aeddbb43dffaf514fe05ba.udd" 4726
"F:/Pro/FPSRogueLikePrj/FPSRogueLike/Content/MilitaryWeapSilver/Sound/Pistol/Wavs/Pistol_ReloadMagEject02.uasset" 4727
"C:/Users/Husky Cal/AppData/Local/UnrealEngine/Common/DerivedDataCache/Buckets/LegacySTREAMEDAUDIO/8e/f3/c34efce517e2fec7c0c9e93c83459d0f4862.udd" 4728
"C:/Users/Husky Cal/AppData/Local/UnrealEngine/Common/DerivedDataCache/Buckets/LegacySTREAMEDAUDIO/6a/9a/9d9291d68ab741f82b681a293b1b468c5c89.udd" 4729
"C:/Users/Husky Cal/AppData/Local/UnrealEngine/Common/DerivedDataCache/Buckets/BulkDataPayloadId/79/ed/16581a8e6999a854687dfdac849058c43356.udd" 4730
"C:/Users/Husky Cal/AppData/Local/UnrealEngine/Common/DerivedDataCache/Buckets/BulkDataList/35/4a/41d50fa0d892cfec3bef74632048f00e8525.udd" 4731
"C:/Users/Husky Cal/AppData/Local/UnrealEngine/Common/DerivedDataCache/Buckets/LegacyAudio/7d/b6/2a565faab6aaf0826912ee39db9e4e88fd4c.udd" 4732
"C:/Users/Husky Cal/AppData/Local/UnrealEngine/Common/DerivedDataCache/Buckets/LegacySTREAMEDAUDIO/14/46/3130dbb893f271769360c6073fb8bd677c1b.udd" 4733
"F:/Pro/FPSRogueLikePrj/FPSRogueLike/Content/MilitaryWeapSilver/Sound/Pistol/Wavs/Pistol_ReloadMagEject01.uasset" 4734
"C:/Users/Husky Cal/AppData/Local/UnrealEngine/Common/DerivedDataCache/Buckets/BulkDataPayloadId/41/3e/be53876a51041d52cfa5fccc581ac932a046.udd" 4735
"C:/Users/Husky Cal/AppData/Local/UnrealEngine/Common/DerivedDataCache/Buckets/BulkDataList/81/d7/a2ebad3a3499af459ce99c98c52cc11ad40b.udd" 4736
"C:/Users/Husky Cal/AppData/Local/UnrealEngine/Common/DerivedDataCache/Buckets/LegacySTREAMEDAUDIO/f4/17/03c69f2869641439a29af8f8e3b4c753d5d1.udd" 4737
"C:/Users/Husky Cal/AppData/Local/UnrealEngine/Common/DerivedDataCache/Buckets/LegacySTREAMEDAUDIO/12/ca/549028ac2eb9bc6d532267de28aeca69d34d.udd" 4738
"C:/Users/Husky Cal/AppData/Local/UnrealEngine/Common/DerivedDataCache/Buckets/BulkDataPayloadId/b2/25/12f1442da7accb45f286d4b8edbdfca9106f.udd" 4739
"C:/Users/Husky Cal/AppData/Local/UnrealEngine/Common/DerivedDataCache/Buckets/LegacySTREAMEDAUDIO/a5/ab/51d99247444c5708132603b69815498de0a9.udd" 4740
"C:/Users/Husky Cal/AppData/Local/UnrealEngine/Common/DerivedDataCache/Buckets/BulkDataList/98/6f/0238e4ee3225db7e4ed93c9771086f9e2978.udd" 4741
"F:/Pro/FPSRogueLikePrj/FPSRogueLike/Content/MilitaryWeapSilver/Sound/Pistol/Wavs/Pistol_Reload03.uasset" 4742
"C:/Users/Husky Cal/AppData/Local/UnrealEngine/Common/DerivedDataCache/Buckets/BulkDataPayloadId/bc/fb/c09267498fb00f33929c3a2a6bf88bdb2dc4.udd" 4743
"C:/Users/Husky Cal/AppData/Local/UnrealEngine/Common/DerivedDataCache/Buckets/LegacySTREAMEDAUDIO/5a/1f/d3f013774bf284fc942baac9f273cb2547a3.udd" 4744
"C:/Users/Husky Cal/AppData/Local/UnrealEngine/Common/DerivedDataCache/Buckets/LegacySTREAMEDAUDIO/73/93/3ad5fc22aa2c601260a5b5d66078ed0f2176.udd" 4745
"C:/Users/Husky Cal/AppData/Local/UnrealEngine/Common/DerivedDataCache/Buckets/LegacySTREAMEDAUDIO/68/a1/f3027129788a4953aaa29d685b05c108bada.udd" 4746
"F:/Pro/FPSRogueLikePrj/FPSRogueLike/Content/MilitaryWeapSilver/Sound/Pistol/Wavs/Pistol_Reload02.uasset" 4747
"C:/Users/Husky Cal/AppData/Local/UnrealEngine/Common/DerivedDataCache/Buckets/BulkDataList/30/53/f70da2e96a2f38338303fb30a84cf28742c4.udd" 4748
"C:/Users/Husky Cal/AppData/Local/UnrealEngine/Common/DerivedDataCache/Buckets/LegacySTREAMEDAUDIO/6d/fc/b16f65817e711606b32f01b9bcf7e6fb62c7.udd" 4749
"C:/Users/Husky Cal/AppData/Local/UnrealEngine/Common/DerivedDataCache/Buckets/LegacySTREAMEDAUDIO/d4/5d/b91a8db7c353188244a9d99b73a5cf0ec1de.udd" 4750
"C:/Users/Husky Cal/AppData/Local/UnrealEngine/Common/DerivedDataCache/Buckets/BulkDataPayloadId/92/22/c02c90c7eb2f1b8f830c5d3d0c0eee02b279.udd" 4751
"F:/Pro/FPSRogueLikePrj/FPSRogueLike/Content/MilitaryWeapSilver/Sound/Pistol/Wavs/Pistol_Reload01.uasset" 4752
"C:/Users/Husky Cal/AppData/Local/UnrealEngine/Common/DerivedDataCache/Buckets/BulkDataList/a0/d9/448cc885888ca123bc70ddf2bcddf58a3ddc.udd" 4753
"C:/Users/Husky Cal/AppData/Local/UnrealEngine/Common/DerivedDataCache/Buckets/LegacySTREAMEDAUDIO/a8/ab/e9c22d6f1c8efbf652b9872511ecc1d67b01.udd" 4754
"C:/Users/Husky Cal/AppData/Local/UnrealEngine/Common/DerivedDataCache/Buckets/BulkDataPayloadId/5f/92/9659cb9cc735f6ed35667883e5c4ffc9ba53.udd" 4755
"C:/Users/Husky Cal/AppData/Local/UnrealEngine/Common/DerivedDataCache/Buckets/BulkDataList/c6/29/0f3f395f3896c019c81548ee9873dac8a65c.udd" 4756
"F:/Pro/FPSRogueLikePrj/FPSRogueLike/Content/MilitaryWeapSilver/Sound/Pistol/Wavs/Pistol_Raise.uasset" 4757
"C:/Users/Husky Cal/AppData/Local/UnrealEngine/Common/DerivedDataCache/Buckets/LegacySTREAMEDAUDIO/c5/1b/2ee545e02a174dc6bdf4f32d308546bae250.udd" 4758
"C:/Users/Husky Cal/AppData/Local/UnrealEngine/Common/DerivedDataCache/Buckets/LegacySTREAMEDAUDIO/89/f0/947eace950790a3ba9bef84b4b74e3a59e9a.udd" 4759
"C:/Users/Husky Cal/AppData/Local/UnrealEngine/Common/DerivedDataCache/Buckets/BulkDataPayloadId/5c/cb/8f5900021f4d76d62dd95f1e6f2e6c4bbba4.udd" 4760
"F:/Pro/FPSRogueLikePrj/FPSRogueLike/Content/MilitaryWeapSilver/Sound/Pistol/Wavs/Pistol_Lower.uasset" 4761
"C:/Users/Husky Cal/AppData/Local/UnrealEngine/Common/DerivedDataCache/Buckets/BulkDataList/8c/b6/0053aaa80426a7ac042a05e51dbf8f547f14.udd" 4762
"C:/Users/Husky Cal/AppData/Local/UnrealEngine/Common/DerivedDataCache/Buckets/LegacySTREAMEDAUDIO/d4/8f/20639076e6958ec5f166c2a3cf7b4913a3aa.udd" 4763
"C:/Users/Husky Cal/AppData/Local/UnrealEngine/Common/DerivedDataCache/Buckets/BulkDataPayloadId/17/50/bc551a13351ea5baaa771998765a2672441a.udd" 4764
"C:/Users/Husky Cal/AppData/Local/UnrealEngine/Common/DerivedDataCache/Buckets/LegacySTREAMEDAUDIO/85/6c/a11b06d0370312d0a72e79abb33bf580ca73.udd" 4765
"C:/Users/Husky Cal/AppData/Local/UnrealEngine/Common/DerivedDataCache/Buckets/LegacySTREAMEDAUDIO/96/78/13973b0cc0fe8eddb5aea60f99ef512fe7eb.udd" 4766
"F:/Pro/FPSRogueLikePrj/FPSRogueLike/Content/MilitaryWeapSilver/Sound/Pistol/Wavs/Pistol_AmmoPickup.uasset" 4767
"C:/Users/Husky Cal/AppData/Local/UnrealEngine/Common/DerivedDataCache/Buckets/BulkDataList/1a/83/42a3dd5aa187a0d0b20534476fe792ac969f.udd" 4768
"C:/Users/Husky Cal/AppData/Local/UnrealEngine/Common/DerivedDataCache/Buckets/BulkDataPayloadId/92/2a/8f174f50ed63b9d0883b6022be7466dfe659.udd" 4769
"C:/Users/Husky Cal/AppData/Local/UnrealEngine/Common/DerivedDataCache/Buckets/LegacySTREAMEDAUDIO/a4/a4/410d7c3ba159b8c6c43a73e0c298dffd6d61.udd" 4770
"F:/Pro/FPSRogueLikePrj/FPSRogueLike/Content/MilitaryWeapSilver/Sound/Pistol/Wavs/PistolA_Fire_ST06.uasset" 4771
"C:/Users/Husky Cal/AppData/Local/UnrealEngine/Common/DerivedDataCache/Buckets/BulkDataList/8f/c6/f31975aca1ca28747d16673ef58a4933b0d1.udd" 4772
"C:/Users/Husky Cal/AppData/Local/UnrealEngine/Common/DerivedDataCache/Buckets/LegacySTREAMEDAUDIO/fc/f7/21f12939fdd59a703fc1659f0173e5359f2c.udd" 4773
"C:/Users/Husky Cal/AppData/Local/UnrealEngine/Common/DerivedDataCache/Buckets/LegacySTREAMEDAUDIO/cd/9c/95210b118af51d998ccd145366838b97dbde.udd" 4774
"C:/Users/Husky Cal/AppData/Local/UnrealEngine/Common/DerivedDataCache/Buckets/BulkDataPayloadId/52/f0/c506d2bb74c1f44a3c2bfed7a804c15cfdf1.udd" 4775
"F:/Pro/FPSRogueLikePrj/FPSRogueLike/Content/MilitaryWeapSilver/Sound/Pistol/Wavs/PistolA_Fire_ST05.uasset" 4776
"C:/Users/Husky Cal/AppData/Local/UnrealEngine/Common/DerivedDataCache/Buckets/BulkDataList/7b/89/fdc3dc0b2ee6758f5cc2185aa25732400dfa.udd" 4777
"C:/Users/Husky Cal/AppData/Local/UnrealEngine/Common/DerivedDataCache/Buckets/LegacySTREAMEDAUDIO/44/6f/06bab840d7649b7a102d5a1d6e9f7f742971.udd" 4778
"C:/Users/Husky Cal/AppData/Local/UnrealEngine/Common/DerivedDataCache/Buckets/BulkDataPayloadId/c5/29/4e72612ef06c1a1ffe9e0c9a3046d00aca55.udd" 4779
"C:/Users/Husky Cal/AppData/Local/UnrealEngine/Common/DerivedDataCache/Buckets/LegacySTREAMEDAUDIO/61/0e/73994ebda1f76f95cbb71b0192b3d84dd4dd.udd" 4780
"C:/Users/Husky Cal/AppData/Local/UnrealEngine/Common/DerivedDataCache/Buckets/LegacySTREAMEDAUDIO/65/a8/c088945a037e5008432f88835fc26c872454.udd" 4781
"C:/Users/Husky Cal/AppData/Local/UnrealEngine/Common/DerivedDataCache/Buckets/BulkDataList/c9/56/e5384673ee645ebec5ffe8b84be10be6206c.udd" 4782
"F:/Pro/FPSRogueLikePrj/FPSRogueLike/Content/MilitaryWeapSilver/Sound/Pistol/Wavs/PistolA_Fire_ST04.uasset" 4783
"C:/Users/Husky Cal/AppData/Local/UnrealEngine/Common/DerivedDataCache/Buckets/BulkDataPayloadId/22/07/fe87ae9562849261c32bf6212c8555964242.udd" 4784
"C:/Users/Husky Cal/AppData/Local/UnrealEngine/Common/DerivedDataCache/Buckets/LegacySTREAMEDAUDIO/bd/44/53649bb7e687b026272a82f1ba90c45fd4d7.udd" 4785
"F:/Pro/FPSRogueLikePrj/FPSRogueLike/Content/MilitaryWeapSilver/Sound/Pistol/Wavs/PistolA_Fire_ST03.uasset" 4786
"C:/Users/Husky Cal/AppData/Local/UnrealEngine/Common/DerivedDataCache/Buckets/BulkDataList/8a/ca/c67cc6b0fd74b312824cb7af1a14f1ecd474.udd" 4787
"C:/Users/Husky Cal/AppData/Local/UnrealEngine/Common/DerivedDataCache/Buckets/LegacySTREAMEDAUDIO/28/a1/1b60ba582c4e81b0614cc29a6c8822e6d125.udd" 4788
"C:/Users/Husky Cal/AppData/Local/UnrealEngine/Common/DerivedDataCache/Buckets/LegacySTREAMEDAUDIO/39/77/4e77eca1ed48067fbe2436fce9d8ed6ae002.udd" 4789
"C:/Users/Husky Cal/AppData/Local/UnrealEngine/Common/DerivedDataCache/Buckets/BulkDataPayloadId/46/91/209aa4dd7965d610e06c641c457136b100bb.udd" 4790
"C:/Users/Husky Cal/AppData/Local/UnrealEngine/Common/DerivedDataCache/Buckets/BulkDataList/61/fa/b27afc97c21bcba7a5d3a1d5f5e3e90d9df6.udd" 4791
"F:/Pro/FPSRogueLikePrj/FPSRogueLike/Content/MilitaryWeapSilver/Sound/Pistol/Wavs/PistolA_Fire_ST02.uasset" 4792
"C:/Users/Husky Cal/AppData/Local/UnrealEngine/Common/DerivedDataCache/Buckets/LegacySTREAMEDAUDIO/0a/da/1c15bacdd69fab14becac5dde110c462c1bd.udd" 4793
"C:/Users/Husky Cal/AppData/Local/UnrealEngine/Common/DerivedDataCache/Buckets/BulkDataPayloadId/b9/4f/8c8e2fb4965cee9564e0552fbbe84770123d.udd" 4794
"C:/Users/Husky Cal/AppData/Local/UnrealEngine/Common/DerivedDataCache/Buckets/LegacySTREAMEDAUDIO/36/18/a4ecd4dbef56c8af101b6020c3aac35d17da.udd" 4795
"F:/Pro/FPSRogueLikePrj/FPSRogueLike/Content/MilitaryWeapSilver/Sound/Pistol/Wavs/PistolA_Fire_ST01.uasset" 4796
"C:/Users/Husky Cal/AppData/Local/UnrealEngine/Common/DerivedDataCache/Buckets/LegacySTREAMEDAUDIO/4e/d0/a0831aa52db11e3c0d2de13b4bf977e105fd.udd" 4797
"C:/Users/Husky Cal/AppData/Local/UnrealEngine/Common/DerivedDataCache/Buckets/BulkDataList/d1/8b/4b754c5fef1d7824fa1aace08b5a5c4c86ad.udd" 4798
"C:/Users/Husky Cal/AppData/Local/UnrealEngine/Common/DerivedDataCache/Buckets/BulkDataPayloadId/b0/b8/84aefe9c953793430930540f60b89f36c073.udd" 4799
"F:/Pro/FPSRogueLikePrj/FPSRogueLike/Content/MilitaryWeapSilver/Sound/Pistol/Wavs/PistolA_Fire06.uasset" 4800
"C:/Users/Husky Cal/AppData/Local/UnrealEngine/Common/DerivedDataCache/Buckets/BulkDataList/ca/b2/999f8ddc953cbdc5db1a0147b6695172c78d.udd" 4801
"C:/Users/Husky Cal/AppData/Local/UnrealEngine/Common/DerivedDataCache/Buckets/LegacySTREAMEDAUDIO/d0/a8/c7cd12a0ac40658d73782487a082ae785125.udd" 4802
"C:/Users/Husky Cal/AppData/Local/UnrealEngine/Common/DerivedDataCache/Buckets/BulkDataPayloadId/9a/b3/cec59bf783ff4b1e6323f7e7177ae187c5f6.udd" 4803
"C:/Users/Husky Cal/AppData/Local/UnrealEngine/Common/DerivedDataCache/Buckets/BulkDataList/3f/e2/67847a4f0bbacd5bcfa28fb4ed2840085a19.udd" 4804
"C:/Users/Husky Cal/AppData/Local/UnrealEngine/Common/DerivedDataCache/Buckets/LegacySTREAMEDAUDIO/d7/f6/4ebc1c327dff99e405a527d75d01277facf1.udd" 4805
"C:/Users/Husky Cal/AppData/Local/UnrealEngine/Common/DerivedDataCache/Buckets/LegacySTREAMEDAUDIO/34/fb/a736952b1b69c4d0f7c3a0c487b875012bed.udd" 4806
"C:/Users/Husky Cal/AppData/Local/UnrealEngine/Common/DerivedDataCache/Buckets/LegacyAudio/d3/42/d996a996b59da2f123bda131ce88c98f367d.udd" 4807
"C:/Users/Husky Cal/AppData/Local/UnrealEngine/Common/DerivedDataCache/Buckets/LegacyAudio/57/09/d934560614ce6c643fc5a6a1ecfd15cd6f8f.udd" 4808
"C:/Users/Husky Cal/AppData/Local/UnrealEngine/Common/DerivedDataCache/Buckets/BulkDataPayloadId/53/eb/a59a95545fef3872b4924508e70b9ae809f7.udd" 4809
"C:/Users/Husky Cal/AppData/Local/UnrealEngine/Common/DerivedDataCache/Buckets/LegacyAudio/67/80/8d09634ac7ac321f5261b14cee4a0d1f5a8a.udd" 4810
"C:/Users/Husky Cal/AppData/Local/UnrealEngine/Common/DerivedDataCache/Buckets/LegacyAudio/98/9d/6573aeeb12cd6a3d694f999cecab5e2e435d.udd" 4811
"C:/Users/Husky Cal/AppData/Local/UnrealEngine/Common/DerivedDataCache/Buckets/LegacyAudio/bc/9b/0df3a269792ef232d25e4bd3dac71e33fd3b.udd" 4812
"C:/Users/Husky Cal/AppData/Local/UnrealEngine/Common/DerivedDataCache/Buckets/LegacyAudio/44/e3/febed3a6a736a3de41d12bbb750d2ce0d3dd.udd" 4813
"C:/Users/Husky Cal/AppData/Local/UnrealEngine/Common/DerivedDataCache/Buckets/LegacyAudio/c3/36/8219bd23c20e17366558225a5878590fc009.udd" 4814
"C:/Users/Husky Cal/AppData/Local/UnrealEngine/Common/DerivedDataCache/Buckets/LegacyAudio/64/61/b26f0f6b071e966909ddce0a8129cf37d4e4.udd" 4815
"C:/Users/Husky Cal/AppData/Local/UnrealEngine/Common/DerivedDataCache/Buckets/LegacyAudio/2f/80/1f87fa73b9368f67b575c074b51fae9bf751.udd" 4816
"F:/Pro/FPSRogueLikePrj/FPSRogueLike/Content/MilitaryWeapSilver/Sound/Pistol/Wavs/PistolA_Fire05.uasset" 4817
"C:/Users/Husky Cal/AppData/Local/UnrealEngine/Common/DerivedDataCache/Buckets/LegacyAudio/33/d2/7a045ac8cede7b9f5b67beef667e423fbf8d.udd" 4818
"C:/Users/Husky Cal/AppData/Local/UnrealEngine/Common/DerivedDataCache/Buckets/LegacyAudio/67/f5/f599f86f307f63756c4555d3ac37efd30f6d.udd" 4819
"C:/Users/Husky Cal/AppData/Local/UnrealEngine/Common/DerivedDataCache/Buckets/LegacyAudio/5b/0c/9c07efa5569eaba75af0bbb90e9d8bce4ad4.udd" 4820
"C:/Users/Husky Cal/AppData/Local/UnrealEngine/Common/DerivedDataCache/Buckets/LegacyAudio/68/f4/a9c74d962b2dfb846c0ced644b426e6ae907.udd" 4821
"C:/Users/Husky Cal/AppData/Local/UnrealEngine/Common/DerivedDataCache/Buckets/LegacyAudio/2b/9b/0072f1123ed4641eb8ebfa1e2d2cf0124c12.udd" 4822
"C:/Users/Husky Cal/AppData/Local/UnrealEngine/Common/DerivedDataCache/Buckets/LegacyAudio/62/71/971d2d992bdc4b25257c0dc8922558995654.udd" 4823
"C:/Users/Husky Cal/AppData/Local/UnrealEngine/Common/DerivedDataCache/Buckets/LegacyAudio/50/40/16d35791f04a70056f8914d73df24e1185b3.udd" 4824
"C:/Users/Husky Cal/AppData/Local/UnrealEngine/Common/DerivedDataCache/Buckets/LegacySTREAMEDAUDIO/40/2b/7073255d6219ad317d8293ed73ab8b24ffea.udd" 4825
"C:/Users/Husky Cal/AppData/Local/UnrealEngine/Common/DerivedDataCache/Buckets/BulkDataList/00/16/fbd41e28a942bc87eeec22a27dfd0bebbe47.udd" 4826
"F:/Pro/FPSRogueLikePrj/FPSRogueLike/Content/MilitaryWeapSilver/Sound/Pistol/Wavs/PistolA_Fire04.uasset" 4827
"C:/Users/Husky Cal/AppData/Local/UnrealEngine/Common/DerivedDataCache/Buckets/LegacySTREAMEDAUDIO/0d/b3/6f54b472ddc4d053a6e607f6d47974ba0ee8.udd" 4828
"C:/Users/Husky Cal/AppData/Local/UnrealEngine/Common/DerivedDataCache/Buckets/LegacySTREAMEDAUDIO/c3/3b/f81797f5c33ff20a9f64ac9ad5fed9a3903a.udd" 4829
"C:/Users/Husky Cal/AppData/Local/UnrealEngine/Common/DerivedDataCache/Buckets/BulkDataPayloadId/49/b0/b4394733c302afa15dd8f90b5df50015fa63.udd" 4830
"C:/Users/Husky Cal/AppData/Local/UnrealEngine/Common/DerivedDataCache/Buckets/BulkDataList/6f/7c/01d89c7cd1c38ab014e57e9d44ac872b2550.udd" 4831
"F:/Pro/FPSRogueLikePrj/FPSRogueLike/Content/MilitaryWeapSilver/Sound/Pistol/Wavs/PistolA_Fire03.uasset" 4832
"C:/Users/Husky Cal/AppData/Local/UnrealEngine/Common/DerivedDataCache/Buckets/LegacySTREAMEDAUDIO/b2/65/3c5f1d58cf109b236148417240310ef5ba6f.udd" 4833
"C:/Users/Husky Cal/AppData/Local/UnrealEngine/Common/DerivedDataCache/Buckets/BulkDataPayloadId/30/7f/25ee74233e86c4d341e463f98bde16e1e921.udd" 4834
"C:/Users/Husky Cal/AppData/Local/UnrealEngine/Common/DerivedDataCache/Buckets/LegacySTREAMEDAUDIO/4e/54/fa8f66eb7832309f207a8771689df831c232.udd" 4835
"C:/Users/Husky Cal/AppData/Local/UnrealEngine/Common/DerivedDataCache/Buckets/LegacySTREAMEDAUDIO/90/c2/b71745d0ce5acc645819c10d0f85519170db.udd" 4836
"F:/Pro/FPSRogueLikePrj/FPSRogueLike/Content/MilitaryWeapSilver/Sound/Pistol/Wavs/PistolA_Fire02.uasset" 4837
"C:/Users/Husky Cal/AppData/Local/UnrealEngine/Common/DerivedDataCache/Buckets/BulkDataList/a7/3d/1aac676b76d570de30bdd93039c3eac575d2.udd" 4838
"C:/Users/Husky Cal/AppData/Local/UnrealEngine/Common/DerivedDataCache/Buckets/LegacySTREAMEDAUDIO/75/17/4fff92d8355f83737e6438cae2bbb9681798.udd" 4839
"C:/Users/Husky Cal/AppData/Local/UnrealEngine/Common/DerivedDataCache/Buckets/LegacySTREAMEDAUDIO/35/d0/1572659a00ec8886c9071bb930d0d121c3ca.udd" 4840
"C:/Users/Husky Cal/AppData/Local/UnrealEngine/Common/DerivedDataCache/Buckets/BulkDataList/9b/f4/4683f2ee11ec492ee11317d133f6bfbcde78.udd" 4841
"C:/Users/Husky Cal/AppData/Local/UnrealEngine/Common/DerivedDataCache/Buckets/LegacySTREAMEDAUDIO/96/c6/386c4f612d847680c22f0393a92624610f2c.udd" 4842
"C:/Users/Husky Cal/AppData/Local/UnrealEngine/Common/DerivedDataCache/Buckets/BulkDataPayloadId/ac/64/c56524aebe560fe459f8311d9a66f32c9ada.udd" 4843
"F:/Pro/FPSRogueLikePrj/FPSRogueLike/Content/MilitaryWeapSilver/Sound/Pistol/Wavs/PistolA_Fire01.uasset" 4844
"C:/Users/Husky Cal/AppData/Local/UnrealEngine/Common/DerivedDataCache/Buckets/BulkDataPayloadId/bb/dc/76fac8a34feaf63933aa4ec8618972a267ba.udd" 4845
"C:/Users/Husky Cal/AppData/Local/UnrealEngine/Common/DerivedDataCache/Buckets/BulkDataList/0f/7f/4ed9e1970e08f5133c71275a3546fc023cea.udd" 4846
"C:/Users/Husky Cal/AppData/Local/UnrealEngine/Common/DerivedDataCache/Buckets/LegacySTREAMEDAUDIO/ba/85/ffe414f1a37add752326ce4c0076bd9669e5.udd" 4847
"F:/Pro/FPSRogueLikePrj/FPSRogueLike/Content/MilitaryWeapSilver/Sound/Knife/Wavs/Knife_Raise.uasset" 4848
"C:/Users/Husky Cal/AppData/Local/UnrealEngine/Common/DerivedDataCache/Buckets/LegacySTREAMEDAUDIO/30/26/a3ab392cf20485e27dfecd98ada35fb7c183.udd" 4849
"F:/Pro/FPSRogueLikePrj/FPSRogueLike/Content/MilitaryWeapSilver/Sound/Knife/Wavs/Knife_Lower.uasset" 4850
"C:/Users/Husky Cal/AppData/Local/UnrealEngine/Common/DerivedDataCache/Buckets/LegacySTREAMEDAUDIO/6e/62/733c0860d6115ed7f3a06d691df3187b643e.udd" 4851
"C:/Users/Husky Cal/AppData/Local/UnrealEngine/Common/DerivedDataCache/Buckets/BulkDataList/9d/6a/85c710b414b8ed41c40e21d1c0c7762c0e3f.udd" 4852
"C:/Users/Husky Cal/AppData/Local/UnrealEngine/Common/DerivedDataCache/Buckets/BulkDataPayloadId/c6/85/9e9eca56db5eabbd07a2ec6aacdffb13c3ac.udd" 4853
"C:/Users/Husky Cal/AppData/Local/UnrealEngine/Common/DerivedDataCache/Buckets/LegacySTREAMEDAUDIO/28/86/40dcc13b1c6d3705702ab67458e7930388b3.udd" 4854
"C:/Users/Husky Cal/AppData/Local/UnrealEngine/Common/DerivedDataCache/Buckets/BulkDataList/0d/c6/23809a126e60875729a1a8049ec359c6acc7.udd" 4855
"F:/Pro/FPSRogueLikePrj/FPSRogueLike/Content/MilitaryWeapSilver/Sound/Knife/Wavs/Knife_ImpactSurface03.uasset" 4856
"C:/Users/Husky Cal/AppData/Local/UnrealEngine/Common/DerivedDataCache/Buckets/LegacySTREAMEDAUDIO/18/49/0c7335aa5d36bca3ded61357ae429010f8cb.udd" 4857
"C:/Users/Husky Cal/AppData/Local/UnrealEngine/Common/DerivedDataCache/Buckets/BulkDataPayloadId/ca/05/ae814c029a0ec721958c8e1ee18211361696.udd" 4858
"F:/Pro/FPSRogueLikePrj/FPSRogueLike/Content/MilitaryWeapSilver/Sound/Knife/Wavs/Knife_ImpactSurface02.uasset" 4859
"C:/Users/Husky Cal/AppData/Local/UnrealEngine/Common/DerivedDataCache/Buckets/BulkDataList/7b/d6/66453455fd9c4f1cbe46c77c5fab46412772.udd" 4860
"C:/Users/Husky Cal/AppData/Local/UnrealEngine/Common/DerivedDataCache/Buckets/LegacySTREAMEDAUDIO/1f/38/6307acf92ae6cb1d2fbef989a6f891495d46.udd" 4861
"C:/Users/Husky Cal/AppData/Local/UnrealEngine/Common/DerivedDataCache/Buckets/BulkDataList/d5/82/5c5b5d6db90d1b4e2404de0d7127551209c2.udd" 4862
"F:/Pro/FPSRogueLikePrj/FPSRogueLike/Content/MilitaryWeapSilver/Sound/Knife/Wavs/Knife_ImpactSurface01.uasset" 4863
"C:/Users/Husky Cal/AppData/Local/UnrealEngine/Common/DerivedDataCache/Buckets/BulkDataPayloadId/de/63/5933b92c8434ec0df7111519f43bf1709fc4.udd" 4864
"F:/Pro/FPSRogueLikePrj/FPSRogueLike/Content/MilitaryWeapSilver/Sound/Knife/Wavs/Knife_ImpactBody03.uasset" 4865
"C:/Users/Husky Cal/AppData/Local/UnrealEngine/Common/DerivedDataCache/Buckets/LegacySTREAMEDAUDIO/af/ba/f667b0c7e38745ab9bdb8a2688fd4158830c.udd" 4866
"C:/Users/Husky Cal/AppData/Local/UnrealEngine/Common/DerivedDataCache/Buckets/LegacySTREAMEDAUDIO/83/c7/8b9440122025f5f1892f48b991a5a4684ae8.udd" 4867
"C:/Users/Husky Cal/AppData/Local/UnrealEngine/Common/DerivedDataCache/Buckets/BulkDataPayloadId/ac/45/74fc0bb7b622188e334f7781b68056a68514.udd" 4868
"C:/Users/Husky Cal/AppData/Local/UnrealEngine/Common/DerivedDataCache/Buckets/LegacySTREAMEDAUDIO/e0/f0/9e538f6d8f9884a48be618fa26f70a88f033.udd" 4869
"C:/Users/Husky Cal/AppData/Local/UnrealEngine/Common/DerivedDataCache/Buckets/BulkDataPayloadId/55/bf/1db6a2604190182861ad5305b77d2e2a6ee0.udd" 4870
"C:/Users/Husky Cal/AppData/Local/UnrealEngine/Common/DerivedDataCache/Buckets/BulkDataList/6b/12/ea89e217a888a587c644a453d63f191608d3.udd" 4871
"C:/Users/Husky Cal/AppData/Local/UnrealEngine/Common/DerivedDataCache/Buckets/BulkDataList/05/1e/951fd5e09b05294ed0d7ae5c19bbddf1aeeb.udd" 4872
"F:/Pro/FPSRogueLikePrj/FPSRogueLike/Content/MilitaryWeapSilver/Sound/Knife/Wavs/Knife_ImpactBody02.uasset" 4873
"C:/Users/Husky Cal/AppData/Local/UnrealEngine/Common/DerivedDataCache/Buckets/BulkDataPayloadId/95/cd/023fa9843704664e7e53eba9a1c13232e93a.udd" 4874
"C:/Users/Husky Cal/AppData/Local/UnrealEngine/Common/DerivedDataCache/Buckets/BulkDataPayloadId/6c/40/86f1ed79727d6ee7de49bd6c3d0be2f49849.udd" 4875
"C:/Users/Husky Cal/AppData/Local/UnrealEngine/Common/DerivedDataCache/Buckets/LegacySTREAMEDAUDIO/96/5f/3123436d26cf85f8b676c9043c4c2d9ba74e.udd" 4876
"C:/Users/Husky Cal/AppData/Local/UnrealEngine/Common/DerivedDataCache/Buckets/BulkDataList/1f/29/18080a0a3a6b4529381b4043689636f171fb.udd" 4877
"C:/Users/Husky Cal/AppData/Local/UnrealEngine/Common/DerivedDataCache/Buckets/LegacySTREAMEDAUDIO/e0/a8/fd664a49ad2e6c190d54d941a4f1ec4f325d.udd" 4878
"C:/Users/Husky Cal/AppData/Local/UnrealEngine/Common/DerivedDataCache/Buckets/LegacySTREAMEDAUDIO/54/9d/623d7ca1c159305d21de9208a0280c269034.udd" 4879
"F:/Pro/FPSRogueLikePrj/FPSRogueLike/Content/MilitaryWeapSilver/Sound/Knife/Wavs/Knife_ImpactBody01.uasset" 4880
"C:/Users/Husky Cal/AppData/Local/UnrealEngine/Common/DerivedDataCache/Buckets/BulkDataPayloadId/56/38/5bb9ee54ce7cfb8b92e84c2d3614b86d7abb.udd" 4881
"C:/Users/Husky Cal/AppData/Local/UnrealEngine/Common/DerivedDataCache/Buckets/LegacySTREAMEDAUDIO/5c/a0/80a0aa0e89583edf528a16febf00f3b1ebf5.udd" 4882
"C:/Users/Husky Cal/AppData/Local/UnrealEngine/Common/DerivedDataCache/Buckets/BulkDataList/a4/37/348420349caf07a7f1d950e4f39d87aabacd.udd" 4883
"F:/Pro/FPSRogueLikePrj/FPSRogueLike/Content/MilitaryWeapSilver/Sound/Knife/Wavs/KnifeA_Swing05.uasset" 4884
"C:/Users/Husky Cal/AppData/Local/UnrealEngine/Common/DerivedDataCache/Buckets/LegacySTREAMEDAUDIO/7f/ed/b8b37f422f543ec56d06abdfd9b65536d928.udd" 4885
"C:/Users/Husky Cal/AppData/Local/UnrealEngine/Common/DerivedDataCache/Buckets/LegacySTREAMEDAUDIO/6f/50/56a95b99caa90c725439b5639a6f1ccb557b.udd" 4886
"C:/Users/Husky Cal/AppData/Local/UnrealEngine/Common/DerivedDataCache/Buckets/BulkDataPayloadId/b7/fb/22b1f498cd225481275affb95a487eddb266.udd" 4887
"C:/Users/Husky Cal/AppData/Local/UnrealEngine/Common/DerivedDataCache/Buckets/LegacySTREAMEDAUDIO/de/a6/f4f2bd48819eaf83127d89ae35af23be7724.udd" 4888
"C:/Users/Husky Cal/AppData/Local/UnrealEngine/Common/DerivedDataCache/Buckets/BulkDataList/da/5e/f9a7463aed03d4e1556d3ef439ebe6a75779.udd" 4889
"F:/Pro/FPSRogueLikePrj/FPSRogueLike/Content/MilitaryWeapSilver/Sound/Knife/Wavs/KnifeA_Swing04.uasset" 4890
"C:/Users/Husky Cal/AppData/Local/UnrealEngine/Common/DerivedDataCache/Buckets/LegacySTREAMEDAUDIO/b6/b6/f0e3fee4b8915c6192fb36c20e77d6392d2c.udd" 4891
"C:/Users/Husky Cal/AppData/Local/UnrealEngine/Common/DerivedDataCache/Buckets/LegacySTREAMEDAUDIO/4c/25/c51725f5d258f9026edf5c964581c5a7435d.udd" 4892
"C:/Users/Husky Cal/AppData/Local/UnrealEngine/Common/DerivedDataCache/Buckets/BulkDataPayloadId/20/75/e7b7fdc6a84b3f767a3d6fec11ddda084e32.udd" 4893
"C:/Users/Husky Cal/AppData/Local/UnrealEngine/Common/DerivedDataCache/Buckets/LegacySTREAMEDAUDIO/87/45/9922596ec7883310e2b1a5f964e64629d6e9.udd" 4894
"C:/Users/Husky Cal/AppData/Local/UnrealEngine/Common/DerivedDataCache/Buckets/BulkDataList/cb/a3/6a30a9b637e42bdef5c78234adac29de9a9b.udd" 4895
"F:/Pro/FPSRogueLikePrj/FPSRogueLike/Content/MilitaryWeapSilver/Sound/Knife/Wavs/KnifeA_Swing03.uasset" 4896
"C:/Users/Husky Cal/AppData/Local/UnrealEngine/Common/DerivedDataCache/Buckets/LegacySTREAMEDAUDIO/90/a6/57d9880c97ff9d4e37b0f6389b507c3b5ac7.udd" 4897
"C:/Users/Husky Cal/AppData/Local/UnrealEngine/Common/DerivedDataCache/Buckets/LegacySTREAMEDAUDIO/bb/65/7468a0cfbbb8e3ac7166915d8b9d53371dd3.udd" 4898
"C:/Users/Husky Cal/AppData/Local/UnrealEngine/Common/DerivedDataCache/Buckets/BulkDataPayloadId/ab/8a/2b2a2a076c20ed2d8b99d8e2fc6b548485b5.udd" 4899
"C:/Users/Husky Cal/AppData/Local/UnrealEngine/Common/DerivedDataCache/Buckets/LegacySTREAMEDAUDIO/58/2c/e1ea30453fadb0d330493574494c189f9fc7.udd" 4900
"C:/Users/Husky Cal/AppData/Local/UnrealEngine/Common/DerivedDataCache/Buckets/LegacySTREAMEDAUDIO/ae/b0/335d28362bdde9120eedce9bd70e299d7a61.udd" 4901
"C:/Users/Husky Cal/AppData/Local/UnrealEngine/Common/DerivedDataCache/Buckets/BulkDataList/62/9c/b50f973a23bcc93b235f81e6a5125bdd162e.udd" 4902
"C:/Users/Husky Cal/AppData/Local/UnrealEngine/Common/DerivedDataCache/Buckets/LegacySTREAMEDAUDIO/30/43/dde35d602fbcba358b855139f6cef4e72d4c.udd" 4903
"C:/Users/Husky Cal/AppData/Local/UnrealEngine/Common/DerivedDataCache/Buckets/BulkDataPayloadId/21/49/33690dc07687085e6d8ec9ad639ede080def.udd" 4904
"C:/Users/Husky Cal/AppData/Local/UnrealEngine/Common/DerivedDataCache/Buckets/LegacyAudio/22/ec/88b8cfa1375d2ff39f205c56c13abfd4721e.udd" 4905
"C:/Users/Husky Cal/AppData/Local/UnrealEngine/Common/DerivedDataCache/Buckets/LegacySTREAMEDAUDIO/ae/7f/da7d376f0097ca34cf7ee94805cee1d8a433.udd" 4906
"C:/Users/Husky Cal/AppData/Local/UnrealEngine/Common/DerivedDataCache/Buckets/LegacyAudio/12/77/726e4929a4343b97f93cd18b718a92ff503c.udd" 4907
"C:/Users/Husky Cal/AppData/Local/UnrealEngine/Common/DerivedDataCache/Buckets/LegacyAudio/32/9f/1280a79fbe01308666f543ede8b1763ad4a3.udd" 4908
"C:/Users/Husky Cal/AppData/Local/UnrealEngine/Common/DerivedDataCache/Buckets/LegacyAudio/32/74/123c9c38a7f0083d35060981f28ec7d20c0c.udd" 4909
"C:/Users/Husky Cal/AppData/Local/UnrealEngine/Common/DerivedDataCache/Buckets/LegacyAudio/8e/1b/e6cafd5e9acda3759d475f8e33b421840e0a.udd" 4910
"C:/Users/Husky Cal/AppData/Local/UnrealEngine/Common/DerivedDataCache/Buckets/LegacyAudio/cd/22/c3c6b5d0d0deeef3eec4dab4ac35594799c5.udd" 4911
"C:/Users/Husky Cal/AppData/Local/UnrealEngine/Common/DerivedDataCache/Buckets/LegacyAudio/2d/56/e03ac43792d1ab92657269bc7e7edf343b05.udd" 4912
"C:/Users/Husky Cal/AppData/Local/UnrealEngine/Common/DerivedDataCache/Buckets/LegacySTREAMEDAUDIO/91/91/d7d62e4636f3238ef6b838caa298cf7f6531.udd" 4913
"C:/Users/Husky Cal/AppData/Local/UnrealEngine/Common/DerivedDataCache/Buckets/LegacyAudio/5f/79/0e57fccd144947dd318375ee2d52a44cc02d.udd" 4914
"F:/Pro/FPSRogueLikePrj/FPSRogueLike/Content/MilitaryWeapSilver/Sound/Knife/Wavs/KnifeA_Swing02.uasset" 4915
"C:/Users/Husky Cal/AppData/Local/UnrealEngine/Common/DerivedDataCache/Buckets/LegacyAudio/6f/6b/cf3a42fa5743e886e4bc8b0ab9b46cb03b77.udd" 4916
"C:/Users/Husky Cal/AppData/Local/UnrealEngine/Common/DerivedDataCache/Buckets/LegacyAudio/91/7e/24b06463f8db246d8185b61e329150607831.udd" 4917
"C:/Users/Husky Cal/AppData/Local/UnrealEngine/Common/DerivedDataCache/Buckets/LegacyAudio/f3/24/2267772314e7871898cac026dfdf77853c0e.udd" 4918
"C:/Users/Husky Cal/AppData/Local/UnrealEngine/Common/DerivedDataCache/Buckets/LegacyAudio/40/6c/92e989d29bd8d232dccff9fbf9dfaf2b0856.udd" 4919
"C:/Users/Husky Cal/AppData/Local/UnrealEngine/Common/DerivedDataCache/Buckets/LegacyAudio/93/53/84b996c0a0ec561c1fa4d600db05f006ec2c.udd" 4920
"C:/Users/Husky Cal/AppData/Local/UnrealEngine/Common/DerivedDataCache/Buckets/LegacySTREAMEDAUDIO/cc/9d/cd406f7235d3876fd9141df9ad26ce4e83c6.udd" 4921
"C:/Users/Husky Cal/AppData/Local/UnrealEngine/Common/DerivedDataCache/Buckets/LegacyAudio/be/07/6de132e4019a9d897be6be2a078ae86ad62f.udd" 4922
"C:/Users/Husky Cal/AppData/Local/UnrealEngine/Common/DerivedDataCache/Buckets/LegacyAudio/99/dc/69f97de6786e45b97a593fe97b5e18ac1392.udd" 4923
"C:/Users/Husky Cal/AppData/Local/UnrealEngine/Common/DerivedDataCache/Buckets/LegacyAudio/6b/46/fb234ce0058c2854a98362dd635af2a70eca.udd" 4924
"C:/Users/Husky Cal/AppData/Local/UnrealEngine/Common/DerivedDataCache/Buckets/BulkDataList/3d/80/975c4cb305eba71318d616a61abcb40f5fb6.udd" 4925
"F:/Pro/FPSRogueLikePrj/FPSRogueLike/Content/MilitaryWeapSilver/Sound/Knife/Wavs/KnifeA_Swing01.uasset" 4926
"C:/Users/Husky Cal/AppData/Local/UnrealEngine/Common/DerivedDataCache/Buckets/BulkDataPayloadId/f5/f6/22a0dbbb366d438ae7403cd315994ad6269e.udd" 4927
"C:/Users/Husky Cal/AppData/Local/UnrealEngine/Common/DerivedDataCache/Buckets/LegacySTREAMEDAUDIO/9a/31/eab28c5c411021d33720b17bc0fbedf4ccac.udd" 4928
"F:/Pro/FPSRogueLikePrj/FPSRogueLike/Content/MilitaryWeapSilver/Sound/GrenadeLauncher/Wavs/GrenadeLauncher_Warning.uasset" 4929
"C:/Users/Husky Cal/AppData/Local/UnrealEngine/Common/DerivedDataCache/Buckets/BulkDataList/18/04/4106cf53314ab601c8f0ce9d2928ec743b2b.udd" 4930
"C:/Users/Husky Cal/AppData/Local/UnrealEngine/Common/DerivedDataCache/Buckets/LegacySTREAMEDAUDIO/9f/44/ff58078c6115b56f5d4c40f30099888cf844.udd" 4931
"C:/Users/Husky Cal/AppData/Local/UnrealEngine/Common/DerivedDataCache/Buckets/LegacySTREAMEDAUDIO/a4/4d/30a44928438549fcda8df2f18bd5fc3f535f.udd" 4932
"C:/Users/Husky Cal/AppData/Local/UnrealEngine/Common/DerivedDataCache/Buckets/BulkDataPayloadId/8d/90/fc72dfab2df5f60de48ed9f005f52d27b0fb.udd" 4933
"C:/Users/Husky Cal/AppData/Local/UnrealEngine/Common/DerivedDataCache/Buckets/BulkDataList/98/80/5b2cb8d6b65a0c4872c8dbcaf93285f2ccf4.udd" 4934
"C:/Users/Husky Cal/AppData/Local/UnrealEngine/Common/DerivedDataCache/Buckets/LegacySTREAMEDAUDIO/0b/a5/6c5105ce73424606b7f4d652ae8642a0fcc6.udd" 4935
"F:/Pro/FPSRogueLikePrj/FPSRogueLike/Content/MilitaryWeapSilver/Sound/GrenadeLauncher/Wavs/GrenadeLauncher_Reload03.uasset" 4936
"C:/Users/Husky Cal/AppData/Local/UnrealEngine/Common/DerivedDataCache/Buckets/BulkDataPayloadId/64/56/a5267d109b19c26ef8d9e4659320510118e1.udd" 4937
"C:/Users/Husky Cal/AppData/Local/UnrealEngine/Common/DerivedDataCache/Buckets/LegacySTREAMEDAUDIO/81/45/d20b565b69d7da6cad0c4e7712e2f1702b63.udd" 4938
"C:/Users/Husky Cal/AppData/Local/UnrealEngine/Common/DerivedDataCache/Buckets/LegacySTREAMEDAUDIO/4d/58/9e3f15c679512a8f73631363f8bc702c6bdf.udd" 4939
"F:/Pro/FPSRogueLikePrj/FPSRogueLike/Content/MilitaryWeapSilver/Sound/GrenadeLauncher/Wavs/GrenadeLauncher_Reload02.uasset" 4940
"C:/Users/Husky Cal/AppData/Local/UnrealEngine/Common/DerivedDataCache/Buckets/BulkDataList/6e/dd/2be3cb196fa6315ef98049329f5d9d0ffe52.udd" 4941
"C:/Users/Husky Cal/AppData/Local/UnrealEngine/Common/DerivedDataCache/Buckets/LegacySTREAMEDAUDIO/b0/cf/3587d0099cd4025194882f9aa3a12fd88402.udd" 4942
"C:/Users/Husky Cal/AppData/Local/UnrealEngine/Common/DerivedDataCache/Buckets/BulkDataPayloadId/6c/99/dc5d9e3d1b26871b4ca84d10b41469fd2b7b.udd" 4943
"C:/Users/Husky Cal/AppData/Local/UnrealEngine/Common/DerivedDataCache/Buckets/BulkDataList/7c/bc/ebb00877fb07f5d9e63ff70f37d09611f509.udd" 4944
"F:/Pro/FPSRogueLikePrj/FPSRogueLike/Content/MilitaryWeapSilver/Sound/GrenadeLauncher/Wavs/GrenadeLauncher_Reload01.uasset" 4945
"C:/Users/Husky Cal/AppData/Local/UnrealEngine/Common/DerivedDataCache/Buckets/LegacySTREAMEDAUDIO/7c/8a/a6186450f9e10cc9525f5f56cf86ed84e123.udd" 4946
"C:/Users/Husky Cal/AppData/Local/UnrealEngine/Common/DerivedDataCache/Buckets/LegacySTREAMEDAUDIO/fc/e1/28d572cd1987c9a9de46643a3f9a908d28e8.udd" 4947
"C:/Users/Husky Cal/AppData/Local/UnrealEngine/Common/DerivedDataCache/Buckets/BulkDataPayloadId/a6/47/2ab40a36e775a0487a8baab088067b526e44.udd" 4948
"C:/Users/Husky Cal/AppData/Local/UnrealEngine/Common/DerivedDataCache/Buckets/BulkDataList/14/90/468fd78e1cba6dd9d5e6652cab5f09610d1a.udd" 4949
"F:/Pro/FPSRogueLikePrj/FPSRogueLike/Content/MilitaryWeapSilver/Sound/GrenadeLauncher/Wavs/GrenadeLauncher_Raise.uasset" 4950
"C:/Users/Husky Cal/AppData/Local/UnrealEngine/Common/DerivedDataCache/Buckets/LegacySTREAMEDAUDIO/e1/10/cd2c0ad3ffc145e92c28b902f917d6286503.udd" 4951
"C:/Users/Husky Cal/AppData/Local/UnrealEngine/Common/DerivedDataCache/Buckets/BulkDataPayloadId/68/89/95f4096d179bcd0730fe0613174ce8a78adf.udd" 4952
"C:/Users/Husky Cal/AppData/Local/UnrealEngine/Common/DerivedDataCache/Buckets/LegacySTREAMEDAUDIO/f3/84/0401bd9565f6e42695569eaf8192b366e576.udd" 4953
"C:/Users/Husky Cal/AppData/Local/UnrealEngine/Common/DerivedDataCache/Buckets/LegacySTREAMEDAUDIO/3e/3b/b5628d92dc6eee86c61421ed180c9934c706.udd" 4954
"C:/Users/Husky Cal/AppData/Local/UnrealEngine/Common/DerivedDataCache/Buckets/BulkDataList/c0/de/ff89864b3daade421af31bec5acdc43f2fea.udd" 4955
"F:/Pro/FPSRogueLikePrj/FPSRogueLike/Content/MilitaryWeapSilver/Sound/GrenadeLauncher/Wavs/GrenadeLauncher_Lower.uasset" 4956
"C:/Users/Husky Cal/AppData/Local/UnrealEngine/Common/DerivedDataCache/Buckets/BulkDataPayloadId/ff/ed/5a0cc8af3b87c9e4c38284d40c4952131fb6.udd" 4957
"C:/Users/Husky Cal/AppData/Local/UnrealEngine/Common/DerivedDataCache/Buckets/LegacySTREAMEDAUDIO/09/63/8a226f9f78b8777477aa2d7fb0d5c807a6d9.udd" 4958
"F:/Pro/FPSRogueLikePrj/FPSRogueLike/Content/MilitaryWeapSilver/Sound/GrenadeLauncher/Wavs/GrenadeLauncher_Explosion05.uasset" 4959
"C:/Users/Husky Cal/AppData/Local/UnrealEngine/Common/DerivedDataCache/Buckets/BulkDataList/bb/db/d0091bfdb9fd27b844bab0a67071c48ab5fa.udd" 4960
"C:/Users/Husky Cal/AppData/Local/UnrealEngine/Common/DerivedDataCache/Buckets/LegacySTREAMEDAUDIO/e1/6b/19d6ecde92c6e41b19c6c08a4b0ceb72f69b.udd" 4961
"C:/Users/Husky Cal/AppData/Local/UnrealEngine/Common/DerivedDataCache/Buckets/LegacySTREAMEDAUDIO/0b/92/c9700a8fe6c547290648315ec1afb30701da.udd" 4962
"C:/Users/Husky Cal/AppData/Local/UnrealEngine/Common/DerivedDataCache/Buckets/BulkDataPayloadId/3c/7c/f11f9c0f7c9a53a911d86ab92403d2e7032c.udd" 4963
"C:/Users/Husky Cal/AppData/Local/UnrealEngine/Common/DerivedDataCache/Buckets/LegacySTREAMEDAUDIO/d9/16/d9a54efc2891205dcef156aa96687f6343da.udd" 4964
"F:/Pro/FPSRogueLikePrj/FPSRogueLike/Content/MilitaryWeapSilver/Sound/GrenadeLauncher/Wavs/GrenadeLauncher_Explosion04.uasset" 4965
"C:/Users/Husky Cal/AppData/Local/UnrealEngine/Common/DerivedDataCache/Buckets/BulkDataList/44/d6/1bbae43e085b6deb130769cdce937fbb2285.udd" 4966
"C:/Users/Husky Cal/AppData/Local/UnrealEngine/Common/DerivedDataCache/Buckets/LegacySTREAMEDAUDIO/aa/b2/47b7936899a0794534461c3e14d3d514a8ce.udd" 4967
"C:/Users/Husky Cal/AppData/Local/UnrealEngine/Common/DerivedDataCache/Buckets/BulkDataPayloadId/18/5b/6a5a786da9cd885f4d28d8d992329b9179c7.udd" 4968
"C:/Users/Husky Cal/AppData/Local/UnrealEngine/Common/DerivedDataCache/Buckets/LegacySTREAMEDAUDIO/12/e8/04e59263162c79e94329b5556f80feda4d7f.udd" 4969
"C:/Users/Husky Cal/AppData/Local/UnrealEngine/Common/DerivedDataCache/Buckets/BulkDataList/ea/7d/07c85dabffacdf42ca52aeda4c23d76542c5.udd" 4970
"F:/Pro/FPSRogueLikePrj/FPSRogueLike/Content/MilitaryWeapSilver/Sound/GrenadeLauncher/Wavs/GrenadeLauncher_Explosion03.uasset" 4971
"C:/Users/Husky Cal/AppData/Local/UnrealEngine/Common/DerivedDataCache/Buckets/LegacySTREAMEDAUDIO/f8/4d/b9c0afbceacf6c79d9e2fcf7b715d3b5cf94.udd" 4972
"C:/Users/Husky Cal/AppData/Local/UnrealEngine/Common/DerivedDataCache/Buckets/BulkDataPayloadId/61/e0/5969e7deacd849b1db4f3021ded8c69fd549.udd" 4973
"C:/Users/Husky Cal/AppData/Local/UnrealEngine/Common/DerivedDataCache/Buckets/LegacySTREAMEDAUDIO/a2/44/2831644e2815d85e6619138c934a9bb7151f.udd" 4974
"C:/Users/Husky Cal/AppData/Local/UnrealEngine/Common/DerivedDataCache/Buckets/LegacySTREAMEDAUDIO/70/79/0417f5dd1a4c0d861d1bff978e19d885b48c.udd" 4975
"C:/Users/Husky Cal/AppData/Local/UnrealEngine/Common/DerivedDataCache/Buckets/BulkDataList/fc/0c/552cc49c95e5cf41650a08d6ce0951e6bda2.udd" 4976
"F:/Pro/FPSRogueLikePrj/FPSRogueLike/Content/MilitaryWeapSilver/Sound/GrenadeLauncher/Wavs/GrenadeLauncher_Explosion02.uasset" 4977
"C:/Users/Husky Cal/AppData/Local/UnrealEngine/Common/DerivedDataCache/Buckets/LegacySTREAMEDAUDIO/f0/09/2b5453d244f9637533b9e99d524fa8c17543.udd" 4978
"C:/Users/Husky Cal/AppData/Local/UnrealEngine/Common/DerivedDataCache/Buckets/BulkDataPayloadId/ea/1f/2c24911636cf7f132dadeb7c9d3764ec58e2.udd" 4979
"C:/Users/Husky Cal/AppData/Local/UnrealEngine/Common/DerivedDataCache/Buckets/LegacySTREAMEDAUDIO/16/16/796716c1c195cad7ca919fbafa0c4ff6eb6f.udd" 4980
"C:/Users/Husky Cal/AppData/Local/UnrealEngine/Common/DerivedDataCache/Buckets/LegacySTREAMEDAUDIO/d3/7e/a3e25616ddee7eeeb06e78dd161470a143ec.udd" 4981
"C:/Users/Husky Cal/AppData/Local/UnrealEngine/Common/DerivedDataCache/Buckets/BulkDataList/bd/fc/151ac65385e539b729387b7b5e739ab0bef8.udd" 4982
"F:/Pro/FPSRogueLikePrj/FPSRogueLike/Content/MilitaryWeapSilver/Sound/GrenadeLauncher/Wavs/GrenadeLauncher_Explosion01.uasset" 4983
"C:/Users/Husky Cal/AppData/Local/UnrealEngine/Common/DerivedDataCache/Buckets/LegacySTREAMEDAUDIO/b5/8a/7c18a87213322b20ebf60eac73340efa5fb6.udd" 4984
"C:/Users/Husky Cal/AppData/Local/UnrealEngine/Common/DerivedDataCache/Buckets/BulkDataPayloadId/7f/e7/7435980b3a1844cb2a06b9cd22586536826d.udd" 4985
"C:/Users/Husky Cal/AppData/Local/UnrealEngine/Common/DerivedDataCache/Buckets/LegacySTREAMEDAUDIO/bf/67/4fce801cab5d02c80bb376c1eaacb5c017c4.udd" 4986
"C:/Users/Husky Cal/AppData/Local/UnrealEngine/Common/DerivedDataCache/Buckets/LegacySTREAMEDAUDIO/b0/ea/fdbeb45ab1dde9785773d786be2948d17997.udd" 4987
"C:/Users/Husky Cal/AppData/Local/UnrealEngine/Common/DerivedDataCache/Buckets/BulkDataList/76/e6/daa7a1913e853203fa0f254a53bc52724ffa.udd" 4988
"F:/Pro/FPSRogueLikePrj/FPSRogueLike/Content/MilitaryWeapSilver/Sound/GrenadeLauncher/Wavs/GrenadeLauncher_Bounce05.uasset" 4989
"C:/Users/Husky Cal/AppData/Local/UnrealEngine/Common/DerivedDataCache/Buckets/BulkDataPayloadId/95/bc/69397c1648c3f33c62f64688dc40d9d608ae.udd" 4990
"C:/Users/Husky Cal/AppData/Local/UnrealEngine/Common/DerivedDataCache/Buckets/LegacySTREAMEDAUDIO/63/6f/09aef60d22edaa9a6cc06d8b382f33c53905.udd" 4991
"C:/Users/Husky Cal/AppData/Local/UnrealEngine/Common/DerivedDataCache/Buckets/LegacySTREAMEDAUDIO/38/3a/0aa66aac65480c9f3f9d54f9dc83e9928def.udd" 4992
"F:/Pro/FPSRogueLikePrj/FPSRogueLike/Content/MilitaryWeapSilver/Sound/GrenadeLauncher/Wavs/GrenadeLauncher_Bounce04.uasset" 4993
"C:/Users/Husky Cal/AppData/Local/UnrealEngine/Common/DerivedDataCache/Buckets/LegacySTREAMEDAUDIO/ca/16/ab6a728bba4325ad02d8391cbf7ac000d6dc.udd" 4994
"C:/Users/Husky Cal/AppData/Local/UnrealEngine/Common/DerivedDataCache/Buckets/BulkDataList/9d/36/2d86513a607307473df3e1d961f6463f8e18.udd" 4995
"C:/Users/Husky Cal/AppData/Local/UnrealEngine/Common/DerivedDataCache/Buckets/BulkDataPayloadId/51/74/c012a67c834c147f8c5e3e62abbf693254be.udd" 4996
"C:/Users/Husky Cal/AppData/Local/UnrealEngine/Common/DerivedDataCache/Buckets/LegacySTREAMEDAUDIO/4b/28/5e98ae0fba0bd08ef40f57c11440159d71ff.udd" 4997
"F:/Pro/FPSRogueLikePrj/FPSRogueLike/Content/MilitaryWeapSilver/Sound/GrenadeLauncher/Wavs/GrenadeLauncher_Bounce03.uasset" 4998
"C:/Users/Husky Cal/AppData/Local/UnrealEngine/Common/DerivedDataCache/Buckets/BulkDataList/05/40/0486817a3f4d559b196a65d11081de6a8fb4.udd" 4999
"C:/Users/Husky Cal/AppData/Local/UnrealEngine/Common/DerivedDataCache/Buckets/LegacySTREAMEDAUDIO/a9/f0/6039db041ae9d784786334d00446a1dff505.udd" 5000
"C:/Users/Husky Cal/AppData/Local/UnrealEngine/Common/DerivedDataCache/Buckets/LegacySTREAMEDAUDIO/a0/ba/9e363dbe1a5ed68e499603e1b79447a126c7.udd" 5001
"C:/Users/Husky Cal/AppData/Local/UnrealEngine/Common/DerivedDataCache/Buckets/BulkDataPayloadId/fa/54/7ac3f670c1db7ee3f01af9eb9c3d89622dca.udd" 5002
"C:/Users/Husky Cal/AppData/Local/UnrealEngine/Common/DerivedDataCache/Buckets/LegacySTREAMEDAUDIO/d6/97/5157fb743b7c02f37ccd00e8b6e433835393.udd" 5003
"C:/Users/Husky Cal/AppData/Local/UnrealEngine/Common/DerivedDataCache/Buckets/BulkDataList/aa/59/2a8d0a48397a87887dec893bb261219234b8.udd" 5004
"C:/Users/Husky Cal/AppData/Local/UnrealEngine/Common/DerivedDataCache/Buckets/LegacySTREAMEDAUDIO/6d/b3/2732a32d9b55dc29186e50e43db08c1dcc10.udd" 5005
"C:/Users/Husky Cal/AppData/Local/UnrealEngine/Common/DerivedDataCache/Buckets/LegacySTREAMEDAUDIO/d4/95/3b08919364b99c7232c12fac73531fa014a5.udd" 5006
"C:/Users/Husky Cal/AppData/Local/UnrealEngine/Common/DerivedDataCache/Buckets/LegacyAudio/51/0d/92842f62a40416552087478f1b6412f930a9.udd" 5007
"C:/Users/Husky Cal/AppData/Local/UnrealEngine/Common/DerivedDataCache/Buckets/LegacyAudio/94/31/19c71dd499ccc159df6fbff09157fb5c6446.udd" 5008
"C:/Users/Husky Cal/AppData/Local/UnrealEngine/Common/DerivedDataCache/Buckets/LegacyAudio/ee/4b/9ce5038c4b0ad4135ce9848f7205f70cdd97.udd" 5009
"C:/Users/Husky Cal/AppData/Local/UnrealEngine/Common/DerivedDataCache/Buckets/LegacyAudio/05/98/9f732e1194af46e3460706344ed3b5a3a39e.udd" 5010
"C:/Users/Husky Cal/AppData/Local/UnrealEngine/Common/DerivedDataCache/Buckets/BulkDataPayloadId/2b/b2/1ff48bc3a73baccbdca3b88e56510cb929ac.udd" 5011
"C:/Users/Husky Cal/AppData/Local/UnrealEngine/Common/DerivedDataCache/Buckets/LegacyAudio/56/82/02f081f8357c6863bda0ae0a3418030b6176.udd" 5012
"F:/Pro/FPSRogueLikePrj/FPSRogueLike/Content/MilitaryWeapSilver/Sound/GrenadeLauncher/Wavs/GrenadeLauncher_Bounce02.uasset" 5013
"C:/Users/Husky Cal/AppData/Local/UnrealEngine/Common/DerivedDataCache/Buckets/LegacyAudio/a7/27/b9dbb90619d7ea35a8e4041dc3ec16fb40c3.udd" 5014
"C:/Users/Husky Cal/AppData/Local/UnrealEngine/Common/DerivedDataCache/Buckets/LegacyAudio/36/42/b347fa137b6bb62ff1584fb77d89f4312de4.udd" 5015
"C:/Users/Husky Cal/AppData/Local/UnrealEngine/Common/DerivedDataCache/Buckets/LegacyAudio/3c/7f/47fb65697c4e9090ba9ba4a634157847465c.udd" 5016
"C:/Users/Husky Cal/AppData/Local/UnrealEngine/Common/DerivedDataCache/Buckets/LegacyAudio/c9/f6/1a839f051ab65d71748238c5693cba31e95e.udd" 5017
"F:/Pro/FPSRogueLikePrj/FPSRogueLike/Content/MilitaryWeapSilver/Sound/GrenadeLauncher/Wavs/GrenadeLauncher_Bounce01.uasset" 5018
"C:/Users/Husky Cal/AppData/Local/UnrealEngine/Common/DerivedDataCache/Buckets/LegacyAudio/64/b1/39caea51681b6a37b6e3788beae30fe4e30d.udd" 5019
"C:/Users/Husky Cal/AppData/Local/UnrealEngine/Common/DerivedDataCache/Buckets/LegacyAudio/7f/6f/f35affc7d8bce8506e337e9b944da6061a55.udd" 5020
"C:/Users/Husky Cal/AppData/Local/UnrealEngine/Common/DerivedDataCache/Buckets/LegacyAudio/dd/5a/b9184cd48351877eb7a9bc37a7d08bffc3d1.udd" 5021
"C:/Users/Husky Cal/AppData/Local/UnrealEngine/Common/DerivedDataCache/Buckets/BulkDataList/12/83/5f2c865c0438869f3c0ac2aef6cf3b3cbe94.udd" 5022
"F:/Pro/FPSRogueLikePrj/FPSRogueLike/Content/MilitaryWeapSilver/Sound/GrenadeLauncher/Wavs/GrenadeLauncher_AmmoPickup.uasset" 5023
"C:/Users/Husky Cal/AppData/Local/UnrealEngine/Common/DerivedDataCache/Buckets/LegacyAudio/35/5d/d2f98b36bc84ae91844eb20b4f54dd6c2c61.udd" 5024
"C:/Users/Husky Cal/AppData/Local/UnrealEngine/Common/DerivedDataCache/Buckets/BulkDataPayloadId/c4/b7/2d327fe1b6bcdf73be7783d9e444c24dc23a.udd" 5025
"F:/Pro/FPSRogueLikePrj/FPSRogueLike/Content/MilitaryWeapSilver/Sound/GrenadeLauncher/Wavs/GrenadeLauncherA_Fire_ST04.uasset" 5026
"C:/Users/Husky Cal/AppData/Local/UnrealEngine/Common/DerivedDataCache/Buckets/LegacyAudio/76/cd/4e12720b192b4121d01aa0044a147a3a5135.udd" 5027
"C:/Users/Husky Cal/AppData/Local/UnrealEngine/Common/DerivedDataCache/Buckets/BulkDataList/bc/2a/9a85b71a8b40d14624a55fd639fbf8a85267.udd" 5028
"C:/Users/Husky Cal/AppData/Local/UnrealEngine/Common/DerivedDataCache/Buckets/BulkDataPayloadId/ee/5b/ff2230906e5609f0625d945c9a2d38cde7c2.udd" 5029
"C:/Users/Husky Cal/AppData/Local/UnrealEngine/Common/DerivedDataCache/Buckets/LegacyAudio/fc/0e/c48013cedbf8f6412801ffef0a59da88c58b.udd" 5030
"C:/Users/Husky Cal/AppData/Local/UnrealEngine/Common/DerivedDataCache/Buckets/BulkDataList/e3/ba/857c24562a6d620367b345cb4e1127d3905a.udd" 5031
"F:/Pro/FPSRogueLikePrj/FPSRogueLike/Content/MilitaryWeapSilver/Sound/GrenadeLauncher/Wavs/GrenadeLauncherA_Fire_ST03.uasset" 5032
"C:/Users/Husky Cal/AppData/Local/UnrealEngine/Common/DerivedDataCache/Buckets/LegacySTREAMEDAUDIO/ca/ef/5bf4d75dfde66aec67a0b1af0462e1bdffb2.udd" 5033
"C:/Users/Husky Cal/AppData/Local/UnrealEngine/Common/DerivedDataCache/Buckets/LegacySTREAMEDAUDIO/da/3b/d7900f191abe82e3e8e1377c341a85e477a7.udd" 5034
"C:/Users/Husky Cal/AppData/Local/UnrealEngine/Common/DerivedDataCache/Buckets/BulkDataPayloadId/fb/55/2894d5932959ab657716ab1440e9836ae352.udd" 5035
"C:/Users/Husky Cal/AppData/Local/UnrealEngine/Common/DerivedDataCache/Buckets/LegacyAudio/82/17/106790ac51e57fd65844929079f86b33d382.udd" 5036
"F:/Pro/FPSRogueLikePrj/FPSRogueLike/Content/MilitaryWeapSilver/Sound/GrenadeLauncher/Wavs/GrenadeLauncherA_Fire_ST02.uasset" 5037
"C:/Users/Husky Cal/AppData/Local/UnrealEngine/Common/DerivedDataCache/Buckets/BulkDataList/cc/1c/b29adfb81ff6f038db2a0177753131b1d5c8.udd" 5038
"C:/Users/Husky Cal/AppData/Local/UnrealEngine/Common/DerivedDataCache/Buckets/BulkDataPayloadId/9d/ad/60ac4a7c66bd7ad0825f20d6fc3c54ddbe48.udd" 5039
"C:/Users/Husky Cal/AppData/Local/UnrealEngine/Common/DerivedDataCache/Buckets/BulkDataList/51/d1/660136254250afaa3a86aa4eb80906ff83c0.udd" 5040
"F:/Pro/FPSRogueLikePrj/FPSRogueLike/Content/MilitaryWeapSilver/Sound/GrenadeLauncher/Wavs/GrenadeLauncherA_Fire_ST01.uasset" 5041
"C:/Users/Husky Cal/AppData/Local/UnrealEngine/Common/DerivedDataCache/Buckets/BulkDataPayloadId/16/44/ad57a7ee92ed8f43a3d8ffcfc583c3f5060a.udd" 5042
"C:/Users/Husky Cal/AppData/Local/UnrealEngine/Common/DerivedDataCache/Buckets/BulkDataList/a4/ca/5ec5f2d3f3b98142f23e7e35c43738199e1b.udd" 5043
"F:/Pro/FPSRogueLikePrj/FPSRogueLike/Content/MilitaryWeapSilver/Sound/GrenadeLauncher/Wavs/GrenadeLauncherA_Fire04.uasset" 5044
"C:/Users/Husky Cal/AppData/Local/UnrealEngine/Common/DerivedDataCache/Buckets/BulkDataList/86/2e/485dd88841e42e039133b1dda6ac4eedd60e.udd" 5045
"C:/Users/Husky Cal/AppData/Local/UnrealEngine/Common/DerivedDataCache/Buckets/BulkDataPayloadId/d7/d4/375cbdefdaba37888fcf8c55b0455a8243cb.udd" 5046
"C:/Users/Husky Cal/AppData/Local/UnrealEngine/Common/DerivedDataCache/Buckets/BulkDataPayloadId/9e/85/56dd68dfcd0488d91398b64f7e4b69950ddd.udd" 5047
"C:/Users/Husky Cal/AppData/Local/UnrealEngine/Common/DerivedDataCache/Buckets/LegacySTREAMEDAUDIO/2f/9f/1890e01f198cd8d640ccf0768af706918807.udd" 5048
"C:/Users/Husky Cal/AppData/Local/UnrealEngine/Common/DerivedDataCache/Buckets/LegacySTREAMEDAUDIO/d8/d2/36a68f80ef673dc751d870df2774111181cd.udd" 5049
"C:/Users/Husky Cal/AppData/Local/UnrealEngine/Common/DerivedDataCache/Buckets/BulkDataList/ce/92/9c721083055a339596cab45ab547e340c16b.udd" 5050
"F:/Pro/FPSRogueLikePrj/FPSRogueLike/Content/MilitaryWeapSilver/Sound/GrenadeLauncher/Wavs/GrenadeLauncherA_Fire03.uasset" 5051
"C:/Users/Husky Cal/AppData/Local/UnrealEngine/Common/DerivedDataCache/Buckets/LegacySTREAMEDAUDIO/8d/5b/dc200c5c60c4da7a1e18248a674113f71314.udd" 5052
"C:/Users/Husky Cal/AppData/Local/UnrealEngine/Common/DerivedDataCache/Buckets/LegacySTREAMEDAUDIO/2b/f4/88c17382d3efa1289663cf33ef3db604ee5f.udd" 5053
"C:/Users/Husky Cal/AppData/Local/UnrealEngine/Common/DerivedDataCache/Buckets/BulkDataPayloadId/f5/e7/f7d6d2e199d286ce06b34005d58ce20d929e.udd" 5054
"C:/Users/Husky Cal/AppData/Local/UnrealEngine/Common/DerivedDataCache/Buckets/BulkDataList/3a/0d/4bc500fd99c852793b92412ab3726d2aa245.udd" 5055
"F:/Pro/FPSRogueLikePrj/FPSRogueLike/Content/MilitaryWeapSilver/Sound/GrenadeLauncher/Wavs/GrenadeLauncherA_Fire02.uasset" 5056
"C:/Users/Husky Cal/AppData/Local/UnrealEngine/Common/DerivedDataCache/Buckets/LegacySTREAMEDAUDIO/a7/4c/d2574f25fcaaf3f72e32a8bf5aee717bf793.udd" 5057
"C:/Users/Husky Cal/AppData/Local/UnrealEngine/Common/DerivedDataCache/Buckets/BulkDataPayloadId/41/23/b65a2833a7c51bab8f535e822dc15cb9d3ed.udd" 5058
"C:/Users/Husky Cal/AppData/Local/UnrealEngine/Common/DerivedDataCache/Buckets/LegacySTREAMEDAUDIO/b2/89/29cdee0a90551e13b3d1685f20e93f292e16.udd" 5059
"C:/Users/Husky Cal/AppData/Local/UnrealEngine/Common/DerivedDataCache/Buckets/LegacySTREAMEDAUDIO/f2/81/e9314eb774b8a616219c42fb28c9f43bc509.udd" 5060
"C:/Users/Husky Cal/AppData/Local/UnrealEngine/Common/DerivedDataCache/Buckets/BulkDataList/85/ab/64b1a99a4af987599fc960d0c2710432db6c.udd" 5061
"F:/Pro/FPSRogueLikePrj/FPSRogueLike/Content/MilitaryWeapSilver/Sound/GrenadeLauncher/Wavs/GrenadeLauncherA_Fire01.uasset" 5062
"C:/Users/Husky Cal/AppData/Local/UnrealEngine/Common/DerivedDataCache/Buckets/BulkDataPayloadId/d0/cf/5bf749130e630d85c831e9cdc4ebde26f9cf.udd" 5063
"C:/Users/Husky Cal/AppData/Local/UnrealEngine/Common/DerivedDataCache/Buckets/LegacySTREAMEDAUDIO/86/d3/7914b6d1c7df0e7fb6323853ac855fb7041a.udd" 5064
"F:/Pro/FPSRogueLikePrj/FPSRogueLike/Content/MilitaryWeapSilver/Sound/Attenuation/WeaponShot_att.uasset" 5065
"C:/Users/Husky Cal/AppData/Local/UnrealEngine/Common/DerivedDataCache/Buckets/BulkDataList/c2/b7/211be2d2ed313c0e07584076fa7ad2b15244.udd" 5066
"C:/Users/Husky Cal/AppData/Local/UnrealEngine/Common/DerivedDataCache/Buckets/LegacySTREAMEDAUDIO/19/52/4d91f8a2745fe9e3e217b5fac5f78b2679d9.udd" 5067
"C:/Users/Husky Cal/AppData/Local/UnrealEngine/Common/DerivedDataCache/Buckets/LegacySTREAMEDAUDIO/ac/47/3df8fc5452de1d7245f289876db55c512638.udd" 5068
"C:/Users/Husky Cal/AppData/Local/UnrealEngine/Common/DerivedDataCache/Buckets/BulkDataPayloadId/c9/2a/3108733589017484c40ff1b7a091cf6f78f3.udd" 5069
"C:/Users/Husky Cal/AppData/Local/UnrealEngine/Common/DerivedDataCache/Buckets/LegacySTREAMEDAUDIO/fa/e3/8ce82c8701bfe565e778754eb1687dde0608.udd" 5070
"C:/Users/Husky Cal/AppData/Local/UnrealEngine/Common/DerivedDataCache/Buckets/BulkDataList/ee/9d/4a8b68c5aa45b83dd66257b831b7fa863c08.udd" 5071
"F:/Pro/FPSRogueLikePrj/FPSRogueLike/Content/MilitaryWeapSilver/Sound/Attenuation/WeaponShotClose_Att.uasset" 5072
"C:/Users/Husky Cal/AppData/Local/UnrealEngine/Common/DerivedDataCache/Buckets/LegacySTREAMEDAUDIO/3e/26/3db9a761ccb66c29062415895cc4e552d925.udd" 5073
"C:/Users/Husky Cal/AppData/Local/UnrealEngine/Common/DerivedDataCache/Buckets/LegacySTREAMEDAUDIO/13/a3/64e62a32c8aeefd65e47bafa6f5504ebec63.udd" 5074
"C:/Users/Husky Cal/AppData/Local/UnrealEngine/Common/DerivedDataCache/Buckets/BulkDataPayloadId/12/27/303d0b8ce89473f4c005d1223952624e68b9.udd" 5075
"C:/Users/Husky Cal/AppData/Local/UnrealEngine/Common/DerivedDataCache/Buckets/BulkDataList/8c/92/56b0d532bbecd3a57844b0e2a2219634a089.udd" 5076
"F:/Pro/FPSRogueLikePrj/FPSRogueLike/Content/MilitaryWeapSilver/Sound/Attenuation/WeaponHandling_att.uasset" 5077
"C:/Users/Husky Cal/AppData/Local/UnrealEngine/Common/DerivedDataCache/Buckets/LegacySTREAMEDAUDIO/e1/f9/841d9d100bb373d2e0e200db9d206219a3f2.udd" 5078
"C:/Users/Husky Cal/AppData/Local/UnrealEngine/Common/DerivedDataCache/Buckets/BulkDataPayloadId/08/6e/d5fdb498a1a88cc2285c83e3c8dc3659b11a.udd" 5079
"C:/Users/Husky Cal/AppData/Local/UnrealEngine/Common/DerivedDataCache/Buckets/LegacySTREAMEDAUDIO/5a/7b/7d8739b4a19a2e97fbf3e70652cea6f61b85.udd" 5080
"C:/Users/Husky Cal/AppData/Local/UnrealEngine/Common/DerivedDataCache/Buckets/LegacySTREAMEDAUDIO/58/be/40530071adfaa7b5cd1367aa884d6cf7539a.udd" 5081
"C:/Users/Husky Cal/AppData/Local/UnrealEngine/Common/DerivedDataCache/Buckets/BulkDataList/82/ee/d8e8d41af756ae94d2d0a5ba3006279b4def.udd" 5082
"F:/Pro/FPSRogueLikePrj/FPSRogueLike/Content/MilitaryWeapSilver/Sound/Attenuation/RocketLoop_att.uasset" 5083
"C:/Users/Husky Cal/AppData/Local/UnrealEngine/Common/DerivedDataCache/Buckets/BulkDataPayloadId/94/c5/5ce7febc85998b44e9f66797e416dd79d623.udd" 5084
"C:/Users/Husky Cal/AppData/Local/UnrealEngine/Common/DerivedDataCache/Buckets/LegacySTREAMEDAUDIO/a1/47/216c71c100811eae43c0e3df7016bb582932.udd" 5085
"C:/Users/Husky Cal/AppData/Local/UnrealEngine/Common/DerivedDataCache/Buckets/BulkDataList/df/2f/cd4a887de991c8bc160e05232fd99cb66e9a.udd" 5086
"F:/Pro/FPSRogueLikePrj/FPSRogueLike/Content/MilitaryWeapSilver/Sound/Attenuation/ProjectileImpact_att.uasset" 5087
"C:/Users/Husky Cal/AppData/Local/UnrealEngine/Common/DerivedDataCache/Buckets/LegacySTREAMEDAUDIO/13/c9/5262b79f93503d910e5a1e78f5c12e05cacd.udd" 5088
"C:/Users/Husky Cal/AppData/Local/UnrealEngine/Common/DerivedDataCache/Buckets/LegacySTREAMEDAUDIO/b9/82/0aa463448b5f1dfa2cf6f29dce66287fed63.udd" 5089
"C:/Users/Husky Cal/AppData/Local/UnrealEngine/Common/DerivedDataCache/Buckets/BulkDataPayloadId/c5/ba/5e248141b338aae3bc1a75fa830c6e5ef95e.udd" 5090
"C:/Users/Husky Cal/AppData/Local/UnrealEngine/Common/DerivedDataCache/Buckets/LegacySTREAMEDAUDIO/15/19/fa1964b8c8debc2901ab810956eed79d5d5a.udd" 5091
"C:/Users/Husky Cal/AppData/Local/UnrealEngine/Common/DerivedDataCache/Buckets/LegacySTREAMEDAUDIO/aa/27/dd5ddfb849c8aa3276d3a568a5c5d92109c5.udd" 5092
"C:/Users/Husky Cal/AppData/Local/UnrealEngine/Common/DerivedDataCache/Buckets/LegacySTREAMEDAUDIO/d1/52/70876e78448d0728f058949b811af3ace598.udd" 5093
"C:/Users/Husky Cal/AppData/Local/UnrealEngine/Common/DerivedDataCache/Buckets/BulkDataList/da/2f/c745464d436e4754f8e1c1b26ed3c538bcb5.udd" 5094
"C:/Users/Husky Cal/AppData/Local/UnrealEngine/Common/DerivedDataCache/Buckets/LegacySTREAMEDAUDIO/e5/07/fbefc29c72e718e9833abd93ac5c40e5a02c.udd" 5095
"C:/Users/Husky Cal/AppData/Local/UnrealEngine/Common/DerivedDataCache/Buckets/BulkDataPayloadId/62/8c/b3161d0e31f7f16ec867ae08cee61a8d05f5.udd" 5096
"C:/Users/Husky Cal/AppData/Local/UnrealEngine/Common/DerivedDataCache/Buckets/LegacyAudio/f4/18/bd4c0388256ab95d2848a9eec1ed8ba05399.udd" 5097
"C:/Users/Husky Cal/AppData/Local/UnrealEngine/Common/DerivedDataCache/Buckets/LegacySTREAMEDAUDIO/69/5c/97545f26f2e78114f6894951002d3bf0301f.udd" 5098
"C:/Users/Husky Cal/AppData/Local/UnrealEngine/Common/DerivedDataCache/Buckets/LegacyAudio/fd/4b/f1c907db86971be05e493bbe92787d82514c.udd" 5099
"C:/Users/Husky Cal/AppData/Local/UnrealEngine/Common/DerivedDataCache/Buckets/LegacySTREAMEDAUDIO/8a/fc/837233ec71e6ae9a48d1d4cc10d637c9895f.udd" 5100
"C:/Users/Husky Cal/AppData/Local/UnrealEngine/Common/DerivedDataCache/Buckets/LegacyAudio/38/a1/43f46db6404305e0743f9c91acccb3cde16d.udd" 5101
"C:/Users/Husky Cal/AppData/Local/UnrealEngine/Common/DerivedDataCache/Buckets/LegacyAudio/a8/25/64609eb54b91578711f2504d77fac2f52d25.udd" 5102
"C:/Users/Husky Cal/AppData/Local/UnrealEngine/Common/DerivedDataCache/Buckets/LegacyAudio/52/0f/1277b7e6d1f96e95f0707b628e171fad0826.udd" 5103
"C:/Users/Husky Cal/AppData/Local/UnrealEngine/Common/DerivedDataCache/Buckets/LegacyAudio/86/06/aa106f32d424387b4f1a4c926a36f4f09fd8.udd" 5104
"F:/Pro/FPSRogueLikePrj/FPSRogueLike/Content/MilitaryWeapSilver/Sound/Attenuation/Explosion_att.uasset" 5105
"C:/Users/Husky Cal/AppData/Local/UnrealEngine/Common/DerivedDataCache/Buckets/LegacyAudio/bb/f3/1777e579279490fc7692411adc84e5eea8b4.udd" 5106
"C:/Users/Husky Cal/AppData/Local/UnrealEngine/Common/DerivedDataCache/Buckets/LegacyAudio/68/61/df0fe5d1e53a53715507a14ad12f3f48e44d.udd" 5107
"C:/Users/Husky Cal/AppData/Local/UnrealEngine/Common/DerivedDataCache/Buckets/LegacyAudio/d6/c7/dc1a2ef9b2e6cc86dae4d6fd56eb20ee34ef.udd" 5108
"C:/Users/Husky Cal/AppData/Local/UnrealEngine/Common/DerivedDataCache/Buckets/LegacyAudio/e0/fb/fa865ddae868ab5d1215f0a1bc5ef03b38ba.udd" 5109
"C:/Users/Husky Cal/AppData/Local/UnrealEngine/Common/DerivedDataCache/Buckets/LegacyAudio/0c/01/45aa894ee1410a6b224ac0f662ae1a2260ea.udd" 5110
"C:/Users/Husky Cal/AppData/Local/UnrealEngine/Common/DerivedDataCache/Buckets/LegacyAudio/76/0a/db1b6805a66e7c4c173716b700116b9bf73e.udd" 5111
"C:/Users/Husky Cal/AppData/Local/UnrealEngine/Common/DerivedDataCache/Buckets/LegacyAudio/b4/5f/e3bce1db9eba17bd5c82006bb28070461cde.udd" 5112
"F:/Pro/FPSRogueLikePrj/FPSRogueLike/Content/MilitaryWeapSilver/Pickups/Textures/Pickup_Norm.uasset" 5113
"C:/Users/Husky Cal/AppData/Local/UnrealEngine/Common/DerivedDataCache/Buckets/BulkDataList/7a/8b/e049603e1cd28018864440a7341a641b213d.udd" 5114
"C:/Users/Husky Cal/AppData/Local/UnrealEngine/Common/DerivedDataCache/Buckets/LegacyAudio/d8/57/232184e61a25ba98c21a6169bba53a7cc564.udd" 5115
"C:/Users/Husky Cal/AppData/Local/UnrealEngine/Common/DerivedDataCache/Buckets/LegacyAudio/5e/d3/f332338eb22f404d39643031bc56ee17ec0e.udd" 5116
"C:/Users/Husky Cal/AppData/Local/UnrealEngine/Common/DerivedDataCache/Buckets/BulkDataPayloadId/bc/e8/11e02f1643f1f59fff73142c2a43461690df.udd" 5117
"C:/Users/Husky Cal/AppData/Local/UnrealEngine/Common/DerivedDataCache/Buckets/LegacyAudio/03/c0/cf81a4ffa39d487a9c6ed078839c60c902e9.udd" 5118
"C:/Users/Husky Cal/AppData/Local/UnrealEngine/Common/DerivedDataCache/Buckets/LegacySTREAMEDAUDIO/c6/45/1b42139214b8178e79730964e7dfc1659281.udd" 5119
"F:/Pro/FPSRogueLikePrj/FPSRogueLike/Content/MilitaryWeapSilver/Pickups/Textures/Pickup_Masks.uasset" 5120
"C:/Users/Husky Cal/AppData/Local/UnrealEngine/Common/DerivedDataCache/Buckets/BulkDataList/29/c4/f896a992d164050559c4ec164833d39f4261.udd" 5121
"C:/Users/Husky Cal/AppData/Local/UnrealEngine/Common/DerivedDataCache/Buckets/LegacySTREAMEDAUDIO/45/19/bdfd4f6ad5db792310f0c38047faa9fd7f47.udd" 5122
"C:/Users/Husky Cal/AppData/Local/UnrealEngine/Common/DerivedDataCache/Buckets/BulkDataPayloadId/9a/e4/e48a2f33023b074ab623852feb76ac7d6186.udd" 5123
"C:/Users/Husky Cal/AppData/Local/UnrealEngine/Common/DerivedDataCache/Buckets/LegacySTREAMEDAUDIO/d1/51/243b25979b1c733511335ef14a9b372858a0.udd" 5124
"F:/Pro/FPSRogueLikePrj/FPSRogueLike/Content/MilitaryWeapSilver/Pickups/Textures/Pickup_Diff.uasset" 5125
"C:/Users/Husky Cal/AppData/Local/UnrealEngine/Common/DerivedDataCache/Buckets/BulkDataList/1e/77/14673e36a703741e69104d1ffa530117c4f8.udd" 5126
"C:/Users/Husky Cal/AppData/Local/UnrealEngine/Common/DerivedDataCache/Buckets/LegacySTREAMEDAUDIO/14/81/61fbb70094159d0bff3b6ef9bdfe3c5db235.udd" 5127
"C:/Users/Husky Cal/AppData/Local/UnrealEngine/Common/DerivedDataCache/Buckets/BulkDataPayloadId/e3/21/4a90444c14fbc23fee7d2a145bafa696141c.udd" 5128
"C:/Users/Husky Cal/AppData/Local/UnrealEngine/Common/DerivedDataCache/Buckets/LegacySTREAMEDAUDIO/1e/3c/8253eaf1a3214465b028673cbad2f78a254e.udd" 5129
"C:/Users/Husky Cal/AppData/Local/UnrealEngine/Common/DerivedDataCache/Buckets/LegacySTREAMEDAUDIO/0d/99/e287b9c8537617dcf610892acffdcea1bc2d.udd" 5130
"C:/Users/Husky Cal/AppData/Local/UnrealEngine/Common/DerivedDataCache/Buckets/BulkDataList/9f/d0/e60e7560a2ac124417dcd41920e17000f307.udd" 5131
"F:/Pro/FPSRogueLikePrj/FPSRogueLike/Content/MilitaryWeapSilver/FX/Vector_Fields/VF_Turbulence_01.uasset" 5132
"C:/Users/Husky Cal/AppData/Local/UnrealEngine/Common/DerivedDataCache/Buckets/BulkDataPayloadId/41/ab/4d6ce578ddc646fe53807fca9a436d5b5337.udd" 5133
"C:/Users/Husky Cal/AppData/Local/UnrealEngine/Common/DerivedDataCache/Buckets/LegacySTREAMEDAUDIO/ee/2f/87d513a145671f2c81cc139e4a80824d62d0.udd" 5134
"C:/Users/Husky Cal/AppData/Local/UnrealEngine/Common/DerivedDataCache/Buckets/BulkDataList/33/f9/c80351d36d227fa5129f55ef3bfac9e12039.udd" 5135
"F:/Pro/FPSRogueLikePrj/FPSRogueLike/Content/MilitaryWeapSilver/FX/Textures/T_WoodChips_8x1_Normal_01.uasset" 5136
"C:/Users/Husky Cal/AppData/Local/UnrealEngine/Common/DerivedDataCache/Buckets/LegacySTREAMEDAUDIO/a7/74/2d1f0d4813e11588ff7ebee4b9e20098ca1c.udd" 5137
"C:/Users/Husky Cal/AppData/Local/UnrealEngine/Common/DerivedDataCache/Buckets/LegacySTREAMEDAUDIO/c7/7b/fd83495dc46f6a07dc7f555e16c93b480fbe.udd" 5138
"C:/Users/Husky Cal/AppData/Local/UnrealEngine/Common/DerivedDataCache/Buckets/BulkDataPayloadId/b6/a1/089f1cc89df48884eed99266d3238833ce75.udd" 5139
"C:/Users/Husky Cal/AppData/Local/UnrealEngine/Common/DerivedDataCache/Buckets/LegacySTREAMEDAUDIO/67/98/99886c770c6e407a44d0d445cc132fb78025.udd" 5140
"C:/Users/Husky Cal/AppData/Local/UnrealEngine/Common/DerivedDataCache/Buckets/BulkDataList/9d/a9/03c6ebc8e3800835e27d882166cbc20fccc9.udd" 5141
"F:/Pro/FPSRogueLikePrj/FPSRogueLike/Content/MilitaryWeapSilver/FX/Textures/T_WoodChips_8x1_01.uasset" 5142
"C:/Users/Husky Cal/AppData/Local/UnrealEngine/Common/DerivedDataCache/Buckets/LegacySTREAMEDAUDIO/89/fc/3082a8d48aa5e7e922236894cf36c1c38272.udd" 5143
"C:/Users/Husky Cal/AppData/Local/UnrealEngine/Common/DerivedDataCache/Buckets/LegacySTREAMEDAUDIO/c3/09/f6bef4b7a1be93833b6f8ccc20d2496df1ee.udd" 5144
"C:/Users/Husky Cal/AppData/Local/UnrealEngine/Common/DerivedDataCache/Buckets/BulkDataPayloadId/0d/4a/df1b551635c46b9703c2b3fa2c586e407b8d.udd" 5145
"C:/Users/Husky Cal/AppData/Local/UnrealEngine/Common/DerivedDataCache/Buckets/LegacySTREAMEDAUDIO/29/7b/bc968bfac17b2a3b76feb5e8e87bad90e244.udd" 5146
"C:/Users/Husky Cal/AppData/Local/UnrealEngine/Common/DerivedDataCache/Buckets/BulkDataList/31/12/1d1c0472de83f419fb70b257d5597285c069.udd" 5147
"F:/Pro/FPSRogueLikePrj/FPSRogueLike/Content/MilitaryWeapSilver/FX/Textures/T_Spherical_NormalMap_01.uasset" 5148
"C:/Users/Husky Cal/AppData/Local/UnrealEngine/Common/DerivedDataCache/Buckets/LegacySTREAMEDAUDIO/65/b3/613ac3e598ed22ee870e6ad415d3f86ea956.udd" 5149
"C:/Users/Husky Cal/AppData/Local/UnrealEngine/Common/DerivedDataCache/Buckets/BulkDataPayloadId/b2/d0/3ffdc9c0e25cb2b014965e11d27d041d4ea4.udd" 5150
"C:/Users/Husky Cal/AppData/Local/UnrealEngine/Common/DerivedDataCache/Buckets/LegacySTREAMEDAUDIO/bd/06/26910019b8e2235a3376b1d181d700e601e6.udd" 5151
"C:/Users/Husky Cal/AppData/Local/UnrealEngine/Common/DerivedDataCache/Buckets/BulkDataList/3c/c7/8d702ad226b822b4f7d07026d291a8cf3337.udd" 5152
"F:/Pro/FPSRogueLikePrj/FPSRogueLike/Content/MilitaryWeapSilver/FX/Textures/T_Sparks_4x1_01.uasset" 5153
"C:/Users/Husky Cal/AppData/Local/UnrealEngine/Common/DerivedDataCache/Buckets/LegacySTREAMEDAUDIO/0b/37/1c2f8b53670cc6c5d0c7e393eb559699ecc3.udd" 5154
"C:/Users/Husky Cal/AppData/Local/UnrealEngine/Common/DerivedDataCache/Buckets/BulkDataPayloadId/3b/98/e0e3ee0d9ee80141d0ec0629e578c833790c.udd" 5155
"C:/Users/Husky Cal/AppData/Local/UnrealEngine/Common/DerivedDataCache/Buckets/LegacySTREAMEDAUDIO/79/62/44e0b4156822cab59a53faf7cf93f882377a.udd" 5156
"C:/Users/Husky Cal/AppData/Local/UnrealEngine/Common/DerivedDataCache/Buckets/LegacySTREAMEDAUDIO/d7/00/ce3d17e2319eafbbc211ebf7c9c0ac07014c.udd" 5157
"C:/Users/Husky Cal/AppData/Local/UnrealEngine/Common/DerivedDataCache/Buckets/BulkDataList/08/89/9b66321cf7c8f7e224c242d6cde776012b1c.udd" 5158
"F:/Pro/FPSRogueLikePrj/FPSRogueLike/Content/MilitaryWeapSilver/FX/Textures/T_Sparks_02.uasset" 5159
"C:/Users/Husky Cal/AppData/Local/UnrealEngine/Common/DerivedDataCache/Buckets/BulkDataPayloadId/09/be/d44c7ab1b7a7ddeddd90a9d9bce92b4c3982.udd" 5160
"C:/Users/Husky Cal/AppData/Local/UnrealEngine/Common/DerivedDataCache/Buckets/LegacySTREAMEDAUDIO/d5/d0/5d4f319f7b9a6e29109ae8c06e9d0781ea92.udd" 5161
"C:/Users/Husky Cal/AppData/Local/UnrealEngine/Common/DerivedDataCache/Buckets/BulkDataList/9e/00/704cdbb92596d816e92cd06777c528efa648.udd" 5162
"F:/Pro/FPSRogueLikePrj/FPSRogueLike/Content/MilitaryWeapSilver/FX/Textures/T_SparkImpacts_2x2_01.uasset" 5163
"C:/Users/Husky Cal/AppData/Local/UnrealEngine/Common/DerivedDataCache/Buckets/LegacySTREAMEDAUDIO/e3/d7/3ffda3f7b81a9acebeac48980885187a137e.udd" 5164
"C:/Users/Husky Cal/AppData/Local/UnrealEngine/Common/DerivedDataCache/Buckets/LegacySTREAMEDAUDIO/36/ab/35f22ed690cc6d69647dc52b8971101b9da4.udd" 5165
"C:/Users/Husky Cal/AppData/Local/UnrealEngine/Common/DerivedDataCache/Buckets/BulkDataPayloadId/ba/b6/5883b6baab63cb3b68e876ae51aa2a210e8c.udd" 5166
"C:/Users/Husky Cal/AppData/Local/UnrealEngine/Common/DerivedDataCache/Buckets/BulkDataList/f2/91/c92e11c6afb1c6dd8e7062e7ab1abd6bf384.udd" 5167
"C:/Users/Husky Cal/AppData/Local/UnrealEngine/Common/DerivedDataCache/Buckets/LegacySTREAMEDAUDIO/f7/38/92755618b3a8209ff2448bd845d9a036e77f.udd" 5168
"F:/Pro/FPSRogueLikePrj/FPSRogueLike/Content/MilitaryWeapSilver/FX/Textures/T_Smoke_8x8_B_01.uasset" 5169
"C:/Users/Husky Cal/AppData/Local/UnrealEngine/Common/DerivedDataCache/Buckets/BulkDataPayloadId/69/fc/712ce8e30add02727a1796ce3e19985e9ff2.udd" 5170
"C:/Users/Husky Cal/AppData/Local/UnrealEngine/Common/DerivedDataCache/Buckets/LegacySTREAMEDAUDIO/f5/ae/27b8f6616e4a97947c326b9c4776ca6988c1.udd" 5171
"C:/Users/Husky Cal/AppData/Local/UnrealEngine/Common/DerivedDataCache/Buckets/LegacySTREAMEDAUDIO/7c/e3/0ba1f9bafcdbec072ae857213572e7e0ca6b.udd" 5172
"C:/Users/Husky Cal/AppData/Local/UnrealEngine/Common/DerivedDataCache/Buckets/BulkDataList/25/a3/d2d79748c44ff556daa964ef0f0be39f1588.udd" 5173
"F:/Pro/FPSRogueLikePrj/FPSRogueLike/Content/MilitaryWeapSilver/FX/Textures/T_SmokeSimple_01.uasset" 5174
"C:/Users/Husky Cal/AppData/Local/UnrealEngine/Common/DerivedDataCache/Buckets/LegacySTREAMEDAUDIO/71/dd/780ead8b0f09bb36111a9f1a5713f4657532.udd" 5175
"C:/Users/Husky Cal/AppData/Local/UnrealEngine/Common/DerivedDataCache/Buckets/BulkDataPayloadId/0d/19/700eec735b9ed7d2808880dd4599519d10bc.udd" 5176
"C:/Users/Husky Cal/AppData/Local/UnrealEngine/Common/DerivedDataCache/Buckets/LegacySTREAMEDAUDIO/71/84/a4db5a6f15975f2199b20d842b4b6b376cce.udd" 5177
"C:/Users/Husky Cal/AppData/Local/UnrealEngine/Common/DerivedDataCache/Buckets/BulkDataList/f3/11/9fc26891c2c14979961cf3bc52463a118570.udd" 5178
"F:/Pro/FPSRogueLikePrj/FPSRogueLike/Content/MilitaryWeapSilver/FX/Textures/T_SmokeRibbon_01.uasset" 5179
"C:/Users/Husky Cal/AppData/Local/UnrealEngine/Common/DerivedDataCache/Buckets/LegacySTREAMEDAUDIO/de/9f/8e528aa0624636505856db7717e8ce894dd0.udd" 5180
"C:/Users/Husky Cal/AppData/Local/UnrealEngine/Common/DerivedDataCache/Buckets/BulkDataPayloadId/74/55/c578795135d7fd0a3406807fbc5c56f854dd.udd" 5181
"C:/Users/Husky Cal/AppData/Local/UnrealEngine/Common/DerivedDataCache/Buckets/LegacySTREAMEDAUDIO/19/a8/777ce4213364a0a907d7110a8b64313f9b4f.udd" 5182
"C:/Users/Husky Cal/AppData/Local/UnrealEngine/Common/DerivedDataCache/Buckets/BulkDataList/7f/e8/1877ae92188c6fa80e58b787ec615d52c5a5.udd" 5183
"F:/Pro/FPSRogueLikePrj/FPSRogueLike/Content/MilitaryWeapSilver/FX/Textures/T_Shockwave_NormalMap_01.uasset" 5184
"C:/Users/Husky Cal/AppData/Local/UnrealEngine/Common/DerivedDataCache/Buckets/LegacySTREAMEDAUDIO/87/8a/0b718a2d6feef9ff303ca6d9e9b0d768c3c7.udd" 5185
"C:/Users/Husky Cal/AppData/Local/UnrealEngine/Common/DerivedDataCache/Buckets/LegacySTREAMEDAUDIO/09/f5/8e6b05c08404826323bf1770335ff9a65d71.udd" 5186
"C:/Users/Husky Cal/AppData/Local/UnrealEngine/Common/DerivedDataCache/Buckets/BulkDataList/f9/7d/117464b2d1b4a60293ac9cc585aef78e10d7.udd" 5187
"F:/Pro/FPSRogueLikePrj/FPSRogueLike/Content/MilitaryWeapSilver/FX/Textures/T_Rock_Normal_01.uasset" 5188
"C:/Users/Husky Cal/AppData/Local/UnrealEngine/Common/DerivedDataCache/Buckets/BulkDataPayloadId/d5/e4/3153b559c8ac7b3023a16ae05b11307169b6.udd" 5189
"C:/Users/Husky Cal/AppData/Local/UnrealEngine/Common/DerivedDataCache/Buckets/BulkDataPayloadId/47/ae/46a04136a6fcebcbc9958cf2f26ae164454d.udd" 5190
"C:/Users/Husky Cal/AppData/Local/UnrealEngine/Common/DerivedDataCache/Buckets/LegacySTREAMEDAUDIO/b3/fd/7ebc6d83092aa522120566ea134accb54f37.udd" 5191
"C:/Users/Husky Cal/AppData/Local/UnrealEngine/Common/DerivedDataCache/Buckets/BulkDataList/48/3d/44369dba0acd9d3653bca2f09254c1fa298f.udd" 5192
"C:/Users/Husky Cal/AppData/Local/UnrealEngine/Common/DerivedDataCache/Buckets/LegacySTREAMEDAUDIO/69/8e/d2dc20072e43ac02bf125d548c51284122ae.udd" 5193
"C:/Users/Husky Cal/AppData/Local/UnrealEngine/Common/DerivedDataCache/Buckets/LegacySTREAMEDAUDIO/3b/84/8f5c4621ce19624cdd08abc3ffb777089b2d.udd" 5194
"C:/Users/Husky Cal/AppData/Local/UnrealEngine/Common/DerivedDataCache/Buckets/BulkDataPayloadId/8a/8a/24f95bb0d46776af6b8f1f6bd5fab08b8e53.udd" 5195
"C:/Users/Husky Cal/AppData/Local/UnrealEngine/Common/DerivedDataCache/Buckets/LegacySTREAMEDAUDIO/3b/b5/33aaff2784301171eaa6f6725af3b6d84844.udd" 5196
"C:/Users/Husky Cal/AppData/Local/UnrealEngine/Common/DerivedDataCache/Buckets/LegacySTREAMEDAUDIO/91/6c/a0496a203e9811ec750cf9bcc3b81491bc72.udd" 5197
"C:/Users/Husky Cal/AppData/Local/UnrealEngine/Common/DerivedDataCache/Buckets/LegacySTREAMEDAUDIO/ec/9d/4d1e560d5d311d7abd800d0d1b13624d695e.udd" 5198
"C:/Users/Husky Cal/AppData/Local/UnrealEngine/Common/DerivedDataCache/Buckets/LegacySTREAMEDAUDIO/68/43/d1ee01a8a52c31aa818f3cb20bf9b1c73dcb.udd" 5199
"C:/Users/Husky Cal/AppData/Local/UnrealEngine/Common/DerivedDataCache/Buckets/LegacySTREAMEDAUDIO/04/cf/ebba2e7b930bfe41c7a22f7b9a77445f9b0b.udd" 5200
"C:/Users/Husky Cal/AppData/Local/UnrealEngine/Common/DerivedDataCache/Buckets/LegacySTREAMEDAUDIO/6e/41/4be35756670d889783820cdf1b7d0f187570.udd" 5201
"C:/Users/Husky Cal/AppData/Local/UnrealEngine/Common/DerivedDataCache/Buckets/LegacySTREAMEDAUDIO/8b/27/5ef25a083c6b5c40c104e748b5955290897f.udd" 5202
"C:/Users/Husky Cal/AppData/Local/UnrealEngine/Common/DerivedDataCache/Buckets/LegacySTREAMEDAUDIO/aa/04/917efb309d983d4f6fb660ed622f12ab58a3.udd" 5203
"C:/Users/Husky Cal/AppData/Local/UnrealEngine/Common/DerivedDataCache/Buckets/LegacySTREAMEDAUDIO/5c/d9/4b7f9d9e32deda0797625db5e97850cf7d5a.udd" 5204
"C:/Users/Husky Cal/AppData/Local/UnrealEngine/Common/DerivedDataCache/Buckets/LegacySTREAMEDAUDIO/47/2a/4b9d0a687001a533dabf3cf3f7d378ef050a.udd" 5205
"C:/Users/Husky Cal/AppData/Local/UnrealEngine/Common/DerivedDataCache/Buckets/LegacySTREAMEDAUDIO/a5/8e/8b16cbcd053e486a45808242167c28885503.udd" 5206
"C:/Users/Husky Cal/AppData/Local/UnrealEngine/Common/DerivedDataCache/Buckets/LegacySTREAMEDAUDIO/7e/bb/6065b1ff3737dfdbe28e78e46b237276fc29.udd" 5207
"C:/Users/Husky Cal/AppData/Local/UnrealEngine/Common/DerivedDataCache/Buckets/LegacySTREAMEDAUDIO/7d/cc/9f6334428790c682212e12afc8d7c04ee9bb.udd" 5208
"C:/Users/Husky Cal/AppData/Local/UnrealEngine/Common/DerivedDataCache/Buckets/LegacySTREAMEDAUDIO/d4/fc/c18d26cfec13befe29fc4c00c749f05fd962.udd" 5209
"C:/Users/Husky Cal/AppData/Local/UnrealEngine/Common/DerivedDataCache/Buckets/LegacySTREAMEDAUDIO/40/54/d715c7a111202c4ed90658de77d895c63783.udd" 5210
"C:/Users/Husky Cal/AppData/Local/UnrealEngine/Common/DerivedDataCache/Buckets/LegacySTREAMEDAUDIO/df/45/780c986b7a7691bc9160213dc975c60ae0c3.udd" 5211
"C:/Users/Husky Cal/AppData/Local/UnrealEngine/Common/DerivedDataCache/Buckets/LegacySTREAMEDAUDIO/94/c8/ed2fa6a21e4c3021be194179da6bb088c0f2.udd" 5212
"C:/Users/Husky Cal/AppData/Local/UnrealEngine/Common/DerivedDataCache/Buckets/LegacySTREAMEDAUDIO/27/1e/f6432f33c44249a18e654d594b7c85289bf2.udd" 5213
"C:/Users/Husky Cal/AppData/Local/UnrealEngine/Common/DerivedDataCache/Buckets/LegacySTREAMEDAUDIO/cd/00/c508f36660706a975eebfd75cdf165a3dd74.udd" 5214
"C:/Users/Husky Cal/AppData/Local/UnrealEngine/Common/DerivedDataCache/Buckets/LegacySTREAMEDAUDIO/3a/8c/66fa08ae4707c45f179e516fb7e929966bf3.udd" 5215
"C:/Users/Husky Cal/AppData/Local/UnrealEngine/Common/DerivedDataCache/Buckets/LegacySTREAMEDAUDIO/80/77/f90e3719acdb366212c051d007caa75cc152.udd" 5216
"C:/Users/Husky Cal/AppData/Local/UnrealEngine/Common/DerivedDataCache/Buckets/LegacySTREAMEDAUDIO/04/0e/f854876369bfdd7ccb1f6f7f6434f62db0fc.udd" 5217
"C:/Users/Husky Cal/AppData/Local/UnrealEngine/Common/DerivedDataCache/Buckets/LegacySTREAMEDAUDIO/cd/62/e5b378f37d5f25d025e4a14145be91318d9b.udd" 5218
"C:/Users/Husky Cal/AppData/Local/UnrealEngine/Common/DerivedDataCache/Buckets/LegacySTREAMEDAUDIO/93/c3/d6738fb0489b4b4f560adefb805fa07c048b.udd" 5219
"C:/Users/Husky Cal/AppData/Local/UnrealEngine/Common/DerivedDataCache/Buckets/LegacySTREAMEDAUDIO/35/bb/8897f38b862306f911ba80e3fbb242016b52.udd" 5220
"C:/Users/Husky Cal/AppData/Local/UnrealEngine/Common/DerivedDataCache/Buckets/LegacySTREAMEDAUDIO/88/3a/f7e92c0e9b971f6cec92c0763e1f99dc00b4.udd" 5221
"C:/Users/Husky Cal/AppData/Local/UnrealEngine/Common/DerivedDataCache/Buckets/LegacySTREAMEDAUDIO/3b/5c/0156d88e4c86bc21427a1a55c9d46f423411.udd" 5222
"C:/Users/Husky Cal/AppData/Local/UnrealEngine/Common/DerivedDataCache/Buckets/LegacySTREAMEDAUDIO/9f/a5/f7f0dbc8a9cf7f80dd9dc38657ce7bde5447.udd" 5223
"C:/Users/Husky Cal/AppData/Local/UnrealEngine/Common/DerivedDataCache/Buckets/LegacySTREAMEDAUDIO/e3/a9/8638fe318b8f81dc6743f013aff186708146.udd" 5224
"C:/Users/Husky Cal/AppData/Local/UnrealEngine/Common/DerivedDataCache/Buckets/LegacySTREAMEDAUDIO/08/a0/ee6645f1fc5f4eeec8ce71ace4f288a7aafd.udd" 5225
"C:/Users/Husky Cal/AppData/Local/UnrealEngine/Common/DerivedDataCache/Buckets/LegacySTREAMEDAUDIO/d0/db/f82ddaf3931269148e0e47b6aa8acbf016f8.udd" 5226
"C:/Users/Husky Cal/AppData/Local/UnrealEngine/Common/DerivedDataCache/Buckets/LegacySTREAMEDAUDIO/55/e7/26238d4dfa9e09cae0b03a2b504d1c5e404b.udd" 5227
"C:/Users/Husky Cal/AppData/Local/UnrealEngine/Common/DerivedDataCache/Buckets/LegacySTREAMEDAUDIO/18/9c/4e16373ae9c99959ea96ed11a7bfb28509a1.udd" 5228
"C:/Users/Husky Cal/AppData/Local/UnrealEngine/Common/DerivedDataCache/Buckets/LegacySTREAMEDAUDIO/5b/cf/b4810179fde0f9a90d3f6d1de406974b77ba.udd" 5229
"C:/Users/Husky Cal/AppData/Local/UnrealEngine/Common/DerivedDataCache/Buckets/LegacySTREAMEDAUDIO/4f/84/e96a989cc12b4a28f68f3498d8c1a7dfbaff.udd" 5230
"C:/Users/Husky Cal/AppData/Local/UnrealEngine/Common/DerivedDataCache/Buckets/LegacySTREAMEDAUDIO/3d/b8/35086c30dffa19aa55526b5061bd3c9783a2.udd" 5231
"C:/Users/Husky Cal/AppData/Local/UnrealEngine/Common/DerivedDataCache/Buckets/LegacySTREAMEDAUDIO/51/20/295510747fb8531d4d641f146b6eede2015f.udd" 5232
"C:/Users/Husky Cal/AppData/Local/UnrealEngine/Common/DerivedDataCache/Buckets/LegacySTREAMEDAUDIO/28/33/97bde9daa9bb07b9bd31d36e7cbb718280e8.udd" 5233
"C:/Users/Husky Cal/AppData/Local/UnrealEngine/Common/DerivedDataCache/Buckets/LegacySTREAMEDAUDIO/89/d9/412808cede6e99313c2a9d251a9b9c1052ae.udd" 5234
"C:/Users/Husky Cal/AppData/Local/UnrealEngine/Common/DerivedDataCache/Buckets/LegacySTREAMEDAUDIO/0e/50/0d01cab08f4ff358c458884a4668876d961d.udd" 5235
"C:/Users/Husky Cal/AppData/Local/UnrealEngine/Common/DerivedDataCache/Buckets/LegacySTREAMEDAUDIO/dd/6f/70c2b5836c109436f79562f60d7b49082153.udd" 5236
"C:/Users/Husky Cal/AppData/Local/UnrealEngine/Common/DerivedDataCache/Buckets/LegacySTREAMEDAUDIO/5b/da/0f2531e6c2139fb3559e5c28bf264d6879e6.udd" 5237
"C:/Users/Husky Cal/AppData/Local/UnrealEngine/Common/DerivedDataCache/Buckets/LegacySTREAMEDAUDIO/5e/b3/64b89c0c6a5cf168595ddfb8c224af50314b.udd" 5238
"C:/Users/Husky Cal/AppData/Local/UnrealEngine/Common/DerivedDataCache/Buckets/LegacySTREAMEDAUDIO/05/ac/068c2ca66a70ea7b913a5ad7e81b05e949d8.udd" 5239
"C:/Users/Husky Cal/AppData/Local/UnrealEngine/Common/DerivedDataCache/Buckets/LegacySTREAMEDAUDIO/c0/db/f85b9b03990fe58a5ae615e37e38145c01d2.udd" 5240
"C:/Users/Husky Cal/AppData/Local/UnrealEngine/Common/DerivedDataCache/Buckets/LegacySTREAMEDAUDIO/c0/42/aad8e2d828c81efeff95b648c9bfbfae2848.udd" 5241
"C:/Users/Husky Cal/AppData/Local/UnrealEngine/Common/DerivedDataCache/Buckets/LegacySTREAMEDAUDIO/3f/25/3eac97ec48d85930e23a3c1a9bd1d994cbe6.udd" 5242
"C:/Users/Husky Cal/AppData/Local/UnrealEngine/Common/DerivedDataCache/Buckets/LegacySTREAMEDAUDIO/e2/f8/12ac8b968346b7983171cbd5a94649ca6e1b.udd" 5243
"C:/Users/Husky Cal/AppData/Local/UnrealEngine/Common/DerivedDataCache/Buckets/LegacySTREAMEDAUDIO/40/0c/e24d35e602e2ed5e3534aaddfa4f48468a6c.udd" 5244
"C:/Users/Husky Cal/AppData/Local/UnrealEngine/Common/DerivedDataCache/Buckets/LegacySTREAMEDAUDIO/91/21/c2bab76a2b8ac5f390b605e360ca5b99b35d.udd" 5245
"C:/Users/Husky Cal/AppData/Local/UnrealEngine/Common/DerivedDataCache/Buckets/LegacySTREAMEDAUDIO/79/61/b2bddc6a563a56af9fad392c8afa8371aaa0.udd" 5246
"C:/Users/Husky Cal/AppData/Local/UnrealEngine/Common/DerivedDataCache/Buckets/LegacySTREAMEDAUDIO/af/4f/0857e311ff89f2bce040db251a1954b1086f.udd" 5247
"C:/Users/Husky Cal/AppData/Local/UnrealEngine/Common/DerivedDataCache/Buckets/LegacySTREAMEDAUDIO/11/d7/8b8e56632df228c1e80d7ca794052f4fca97.udd" 5248
"C:/Users/Husky Cal/AppData/Local/UnrealEngine/Common/DerivedDataCache/Buckets/LegacySTREAMEDAUDIO/b9/8f/4bd42d8d8f10c9e6c4b46dfea9a45afed862.udd" 5249
"C:/Users/Husky Cal/AppData/Local/UnrealEngine/Common/DerivedDataCache/Buckets/LegacySTREAMEDAUDIO/0c/93/da964737e00f31ccae1f768bf72ae119e96a.udd" 5250
"C:/Users/Husky Cal/AppData/Local/UnrealEngine/Common/DerivedDataCache/Buckets/LegacySTREAMEDAUDIO/ee/f5/ae10f13fe5a70a34776314712521ffee0dd9.udd" 5251
"C:/Users/Husky Cal/AppData/Local/UnrealEngine/Common/DerivedDataCache/Buckets/LegacySTREAMEDAUDIO/44/e9/8ee312daf27c315818c4cf014b167e1dfa76.udd" 5252
"C:/Users/Husky Cal/AppData/Local/UnrealEngine/Common/DerivedDataCache/Buckets/LegacySTREAMEDAUDIO/60/c7/98f08f83b8bf629a89cefbabeebb6b262fe9.udd" 5253
"C:/Users/Husky Cal/AppData/Local/UnrealEngine/Common/DerivedDataCache/Buckets/LegacySTREAMEDAUDIO/55/8c/8f555707dd20c746d918a92d842c17c29e47.udd" 5254
"C:/Users/Husky Cal/AppData/Local/UnrealEngine/Common/DerivedDataCache/Buckets/LegacySTREAMEDAUDIO/2e/9b/4b6eca253dfe6a787e3c85a7e723e55cad89.udd" 5255
"C:/Users/Husky Cal/AppData/Local/UnrealEngine/Common/DerivedDataCache/Buckets/LegacySTREAMEDAUDIO/a4/ff/2d63c4b05d1095886f1e837daa3220128964.udd" 5256
"C:/Users/Husky Cal/AppData/Local/UnrealEngine/Common/DerivedDataCache/Buckets/LegacySTREAMEDAUDIO/4c/cb/9722a53263bc538cb8e3fd2669d9f1692df2.udd" 5257
"C:/Users/Husky Cal/AppData/Local/UnrealEngine/Common/DerivedDataCache/Buckets/LegacySTREAMEDAUDIO/24/6c/10a6f21c632d5a105cf1b46b541708bde447.udd" 5258
"C:/Users/Husky Cal/AppData/Local/UnrealEngine/Common/DerivedDataCache/Buckets/LegacySTREAMEDAUDIO/f9/a6/cc413d601da3d53f04101fe60c855038b17f.udd" 5259
"C:/Users/Husky Cal/AppData/Local/UnrealEngine/Common/DerivedDataCache/Buckets/LegacySTREAMEDAUDIO/77/09/3b2f715642dca0d5b96b08e91ae9e0a06e24.udd" 5260
"C:/Users/Husky Cal/AppData/Local/UnrealEngine/Common/DerivedDataCache/Buckets/LegacySTREAMEDAUDIO/fa/b2/fdda560aeb478f607874f995554f4119f1ca.udd" 5261
"C:/Users/Husky Cal/AppData/Local/UnrealEngine/Common/DerivedDataCache/Buckets/LegacySTREAMEDAUDIO/2e/7c/a249296e98de0ef675901cbb44673e94a000.udd" 5262
"C:/Users/Husky Cal/AppData/Local/UnrealEngine/Common/DerivedDataCache/Buckets/LegacySTREAMEDAUDIO/e4/66/c7b0c89cc3c8686885346715b018cf92e036.udd" 5263
"C:/Users/Husky Cal/AppData/Local/UnrealEngine/Common/DerivedDataCache/Buckets/LegacySTREAMEDAUDIO/f3/f5/52a5ed2afe07bf9726b208801f5bb7e32b8e.udd" 5264
"C:/Users/Husky Cal/AppData/Local/UnrealEngine/Common/DerivedDataCache/Buckets/LegacySTREAMEDAUDIO/14/3d/88986faa0b792cb75997c29750379618ad58.udd" 5265
"C:/Users/Husky Cal/AppData/Local/UnrealEngine/Common/DerivedDataCache/Buckets/LegacySTREAMEDAUDIO/e0/c4/49083dff1d99db0902ba416f52c642ab1a9e.udd" 5266
"C:/Users/Husky Cal/AppData/Local/UnrealEngine/Common/DerivedDataCache/Buckets/LegacySTREAMEDAUDIO/7d/9d/ea8f9d9c629d2dfd41eca413ca94d427e091.udd" 5267
"C:/Users/Husky Cal/AppData/Local/UnrealEngine/Common/DerivedDataCache/Buckets/LegacySTREAMEDAUDIO/57/fe/4bfe1955d56f0e8912ff74639b8467a41aa9.udd" 5268
"C:/Users/Husky Cal/AppData/Local/UnrealEngine/Common/DerivedDataCache/Buckets/LegacySTREAMEDAUDIO/11/1e/eed3dd21fd55fed9139025735bb5f49d1008.udd" 5269
"C:/Users/Husky Cal/AppData/Local/UnrealEngine/Common/DerivedDataCache/Buckets/LegacySTREAMEDAUDIO/b0/78/ef2982a00e5df00f6a83e1d74e7403004f32.udd" 5270
"C:/Users/Husky Cal/AppData/Local/UnrealEngine/Common/DerivedDataCache/Buckets/LegacySTREAMEDAUDIO/f6/a5/d8e69ee2fc952728e80a1cc2bee456e80e39.udd" 5271
"C:/Users/Husky Cal/AppData/Local/UnrealEngine/Common/DerivedDataCache/Buckets/LegacySTREAMEDAUDIO/ea/87/e925ad4b04ec2a15590398e4515457591598.udd" 5272
"C:/Users/Husky Cal/AppData/Local/UnrealEngine/Common/DerivedDataCache/Buckets/LegacySTREAMEDAUDIO/dc/0a/45a5920a405a8b6b829ff6a2b0fd55ec0e5e.udd" 5273
"C:/Users/Husky Cal/AppData/Local/UnrealEngine/Common/DerivedDataCache/Buckets/LegacySTREAMEDAUDIO/4e/e5/cc17ea229a926ced5c69f95dec5702d3a416.udd" 5274
"C:/Users/Husky Cal/AppData/Local/UnrealEngine/Common/DerivedDataCache/Buckets/LegacySTREAMEDAUDIO/6e/1d/d57b78a4b3c9222c2e5024f137890b6afa08.udd" 5275
"C:/Users/Husky Cal/AppData/Local/UnrealEngine/Common/DerivedDataCache/Buckets/LegacySTREAMEDAUDIO/24/a6/9de4ba29b917b66d1a2cb38cb298906f13f6.udd" 5276
"C:/Users/Husky Cal/AppData/Local/UnrealEngine/Common/DerivedDataCache/Buckets/LegacySTREAMEDAUDIO/59/21/0abbd4e5bef8ad0dac625f404d28c5daba96.udd" 5277
"C:/Users/Husky Cal/AppData/Local/UnrealEngine/Common/DerivedDataCache/Buckets/LegacySTREAMEDAUDIO/02/60/7a49b3e2269ff0fb6e0bfd0437b00b0c9bb1.udd" 5278
"C:/Users/Husky Cal/AppData/Local/UnrealEngine/Common/DerivedDataCache/Buckets/LegacySTREAMEDAUDIO/fe/0e/91ce6535cee8bbcd5216561260e1b3e82bee.udd" 5279
"C:/Users/Husky Cal/AppData/Local/UnrealEngine/Common/DerivedDataCache/Buckets/LegacySTREAMEDAUDIO/7c/a5/b5fc76ea34d47570add3c191196989817cf5.udd" 5280
"C:/Users/Husky Cal/AppData/Local/UnrealEngine/Common/DerivedDataCache/Buckets/LegacySTREAMEDAUDIO/02/eb/e35db5f5afa99326418cc6672fc5fdc787cc.udd" 5281
"C:/Users/Husky Cal/AppData/Local/UnrealEngine/Common/DerivedDataCache/Buckets/LegacySTREAMEDAUDIO/26/1f/6f0a61d005e220bde90341658c3630004b3d.udd" 5282
"C:/Users/Husky Cal/AppData/Local/UnrealEngine/Common/DerivedDataCache/Buckets/LegacySTREAMEDAUDIO/f3/f4/f3fe4b6701b831f5db663378ebb6856a1349.udd" 5283
"C:/Users/Husky Cal/AppData/Local/UnrealEngine/Common/DerivedDataCache/Buckets/LegacySTREAMEDAUDIO/df/c1/3e1a8c87be77c725e391b1c2f9749ee16f0f.udd" 5284
"C:/Users/Husky Cal/AppData/Local/UnrealEngine/Common/DerivedDataCache/Buckets/LegacySTREAMEDAUDIO/94/0e/5490daac06f3498cee1a0969a7a7d038ba53.udd" 5285
"C:/Users/Husky Cal/AppData/Local/UnrealEngine/Common/DerivedDataCache/Buckets/LegacySTREAMEDAUDIO/b0/fc/126a7b963f1bc790ef167ac2439858abcb40.udd" 5286
"C:/Users/Husky Cal/AppData/Local/UnrealEngine/Common/DerivedDataCache/Buckets/LegacySTREAMEDAUDIO/38/06/a28272c95b8f13484a3eae3901fb87c9fefa.udd" 5287
"C:/Users/Husky Cal/AppData/Local/UnrealEngine/Common/DerivedDataCache/Buckets/LegacySTREAMEDAUDIO/48/2d/7a3d82939a3e6c8d5283ad7e3d6ed6e955d8.udd" 5288
"C:/Users/Husky Cal/AppData/Local/UnrealEngine/Common/DerivedDataCache/Buckets/LegacySTREAMEDAUDIO/73/5c/ae5eac88c655d77e80c815e6d08630dace26.udd" 5289
"C:/Users/Husky Cal/AppData/Local/UnrealEngine/Common/DerivedDataCache/Buckets/LegacySTREAMEDAUDIO/18/0c/9c093ce94e1547c06b0523f5def105157253.udd" 5290
"C:/Users/Husky Cal/AppData/Local/UnrealEngine/Common/DerivedDataCache/Buckets/LegacySTREAMEDAUDIO/c4/a9/adf3f5e36f637c6322afa71061e73ca0ce25.udd" 5291
"C:/Users/Husky Cal/AppData/Local/UnrealEngine/Common/DerivedDataCache/Buckets/LegacySTREAMEDAUDIO/63/c6/56a40c6fbd53b3c4c77871c20799f3daca83.udd" 5292
"C:/Users/Husky Cal/AppData/Local/UnrealEngine/Common/DerivedDataCache/Buckets/LegacySTREAMEDAUDIO/67/40/21f7fc3508199e361a189baf3cd29165f727.udd" 5293
"C:/Users/Husky Cal/AppData/Local/UnrealEngine/Common/DerivedDataCache/Buckets/LegacySTREAMEDAUDIO/f8/6b/b7644d0492b2ab8ef9d6a16eeb9a9f07f189.udd" 5294
"C:/Users/Husky Cal/AppData/Local/UnrealEngine/Common/DerivedDataCache/Buckets/LegacySTREAMEDAUDIO/6c/fa/eea4d9eedfccfbd978bb28cef99ebe1efbcb.udd" 5295
"C:/Users/Husky Cal/AppData/Local/UnrealEngine/Common/DerivedDataCache/Buckets/LegacySTREAMEDAUDIO/ee/68/0fd57b6255433f4aca58a65e0b240eaa1927.udd" 5296
"C:/Users/Husky Cal/AppData/Local/UnrealEngine/Common/DerivedDataCache/Buckets/LegacySTREAMEDAUDIO/30/6c/2a2ff9549f6347ecd1ae111fce23ddd2098a.udd" 5297
"C:/Users/Husky Cal/AppData/Local/UnrealEngine/Common/DerivedDataCache/Buckets/LegacySTREAMEDAUDIO/c8/ed/0a901b01691d10a62b36c8395431940bf0ae.udd" 5298
"C:/Users/Husky Cal/AppData/Local/UnrealEngine/Common/DerivedDataCache/Buckets/LegacySTREAMEDAUDIO/eb/57/bbf997ea27a89a6fdf5da333d87a6dd37060.udd" 5299
"C:/Users/Husky Cal/AppData/Local/UnrealEngine/Common/DerivedDataCache/Buckets/LegacySTREAMEDAUDIO/e0/e6/37a044f00c5d66957e50b72ddb107a1869ff.udd" 5300
"C:/Users/Husky Cal/AppData/Local/UnrealEngine/Common/DerivedDataCache/Buckets/LegacySTREAMEDAUDIO/8b/41/3e9c402c94cddb45509e501112de0b370ff5.udd" 5301
"C:/Users/Husky Cal/AppData/Local/UnrealEngine/Common/DerivedDataCache/Buckets/LegacySTREAMEDAUDIO/ef/fd/3ba800a275d03295beef7d10b8bf4d95f5e0.udd" 5302
"C:/Users/Husky Cal/AppData/Local/UnrealEngine/Common/DerivedDataCache/Buckets/LegacySTREAMEDAUDIO/91/68/55f5af1c58dd96f6dbaa130af8bf6b90ef68.udd" 5303
"C:/Users/Husky Cal/AppData/Local/UnrealEngine/Common/DerivedDataCache/Buckets/LegacySTREAMEDAUDIO/06/d8/06fbebc21b39dcbfc51192394655e948d84b.udd" 5304
"C:/Users/Husky Cal/AppData/Local/UnrealEngine/Common/DerivedDataCache/Buckets/LegacySTREAMEDAUDIO/78/93/44913501f7456d267fd463aa5b95de736579.udd" 5305
"C:/Users/Husky Cal/AppData/Local/UnrealEngine/Common/DerivedDataCache/Buckets/LegacySTREAMEDAUDIO/9f/b2/415320ce33df40bd21d2275d5175aeb63bcb.udd" 5306
"C:/Users/Husky Cal/AppData/Local/UnrealEngine/Common/DerivedDataCache/Buckets/LegacySTREAMEDAUDIO/f2/1f/3799ebe6d292295e951354f57662742e77ec.udd" 5307
"C:/Users/Husky Cal/AppData/Local/UnrealEngine/Common/DerivedDataCache/Buckets/LegacySTREAMEDAUDIO/1a/44/b47fe77a692400e4ed55eac7b2a2dececf17.udd" 5308
"C:/Users/Husky Cal/AppData/Local/UnrealEngine/Common/DerivedDataCache/Buckets/LegacySTREAMEDAUDIO/94/68/cfee805fd588c61b1f156ae5943ed87571d3.udd" 5309
"C:/Users/Husky Cal/AppData/Local/UnrealEngine/Common/DerivedDataCache/Buckets/LegacySTREAMEDAUDIO/5a/5c/30294d5b939171b76e4f7c8885d25bf33283.udd" 5310
"C:/Users/Husky Cal/AppData/Local/UnrealEngine/Common/DerivedDataCache/Buckets/LegacySTREAMEDAUDIO/d5/d3/bd22268e172af4204c1c28ce6cb81f2e954f.udd" 5311
"C:/Users/Husky Cal/AppData/Local/UnrealEngine/Common/DerivedDataCache/Buckets/LegacySTREAMEDAUDIO/61/f0/d787bae296e852c3cb7eea7329fb66f96c3a.udd" 5312
"C:/Users/Husky Cal/AppData/Local/UnrealEngine/Common/DerivedDataCache/Buckets/LegacySTREAMEDAUDIO/da/eb/4521860f5d75d0cd35586d1ff0b96c326f19.udd" 5313
"C:/Users/Husky Cal/AppData/Local/UnrealEngine/Common/DerivedDataCache/Buckets/LegacySTREAMEDAUDIO/dd/49/f2245994318ba51a4c5b8e438b0b6cd630b6.udd" 5314
"C:/Users/Husky Cal/AppData/Local/UnrealEngine/Common/DerivedDataCache/Buckets/LegacySTREAMEDAUDIO/06/5a/8b5bf0d6d806ef8107e25f8b9b806ab39a6f.udd" 5315
"C:/Users/Husky Cal/AppData/Local/UnrealEngine/Common/DerivedDataCache/Buckets/LegacySTREAMEDAUDIO/cf/1f/6d2cfd57a5e357c7389ac986ef1fe9dbfd0d.udd" 5316
"C:/Users/Husky Cal/AppData/Local/UnrealEngine/Common/DerivedDataCache/Buckets/LegacySTREAMEDAUDIO/56/a2/ffe6f7e2b35dec07467052e8890ebc717c48.udd" 5317
"C:/Users/Husky Cal/AppData/Local/UnrealEngine/Common/DerivedDataCache/Buckets/LegacySTREAMEDAUDIO/b9/fb/f850005a6d69302742ac0ef596bd30bc7f36.udd" 5318
"C:/Users/Husky Cal/AppData/Local/UnrealEngine/Common/DerivedDataCache/Buckets/LegacySTREAMEDAUDIO/2e/d4/a68471eaf8dbd8af8be3edefd54a402267bb.udd" 5319
"C:/Users/Husky Cal/AppData/Local/UnrealEngine/Common/DerivedDataCache/Buckets/LegacySTREAMEDAUDIO/0f/91/089fa7710555bba08f000a037e26ea551141.udd" 5320
"C:/Users/Husky Cal/AppData/Local/UnrealEngine/Common/DerivedDataCache/Buckets/LegacySTREAMEDAUDIO/a4/78/42308c56cf6d429b3d1940786b382d011796.udd" 5321
"C:/Users/Husky Cal/AppData/Local/UnrealEngine/Common/DerivedDataCache/Buckets/LegacySTREAMEDAUDIO/37/1c/cf3601625e1c98fe23fba3d13b7559f63fff.udd" 5322
"C:/Users/Husky Cal/AppData/Local/UnrealEngine/Common/DerivedDataCache/Buckets/LegacySTREAMEDAUDIO/2c/4b/93842cad0f0e62b8bfa4ba2ed72383b5fd23.udd" 5323
"C:/Users/Husky Cal/AppData/Local/UnrealEngine/Common/DerivedDataCache/Buckets/LegacySTREAMEDAUDIO/8d/4f/1354c239678b3229451e67804e8a3da330dc.udd" 5324
"C:/Users/Husky Cal/AppData/Local/UnrealEngine/Common/DerivedDataCache/Buckets/LegacySTREAMEDAUDIO/1f/de/9ae35ab0e86d671fb8337e8ff45c00efcd14.udd" 5325
"C:/Users/Husky Cal/AppData/Local/UnrealEngine/Common/DerivedDataCache/Buckets/LegacySTREAMEDAUDIO/c0/17/fb8d997dc39d9e603cc340e83c2b01a45912.udd" 5326
"C:/Users/Husky Cal/AppData/Local/UnrealEngine/Common/DerivedDataCache/Buckets/LegacySTREAMEDAUDIO/5d/aa/006727f824c32507ab83e082e914151ed89a.udd" 5327
"C:/Users/Husky Cal/AppData/Local/UnrealEngine/Common/DerivedDataCache/Buckets/LegacySTREAMEDAUDIO/37/1d/fc47e63b832aedc0124ddc6ec5107ccc11c5.udd" 5328
"C:/Users/Husky Cal/AppData/Local/UnrealEngine/Common/DerivedDataCache/Buckets/LegacySTREAMEDAUDIO/ef/08/18305777213533640d24518c74aa266b1e2e.udd" 5329
"C:/Users/Husky Cal/AppData/Local/UnrealEngine/Common/DerivedDataCache/Buckets/LegacySTREAMEDAUDIO/c6/38/26bc874447066804f270257f1d37a696342f.udd" 5330
"C:/Users/Husky Cal/AppData/Local/UnrealEngine/Common/DerivedDataCache/Buckets/LegacySTREAMEDAUDIO/aa/40/bb302023a55753bc4416a35da01deb0ac9c5.udd" 5331
"C:/Users/Husky Cal/AppData/Local/UnrealEngine/Common/DerivedDataCache/Buckets/LegacySTREAMEDAUDIO/af/ae/f478bb34dfffc2b9d7468a93e5bef7eadd3d.udd" 5332
"C:/Users/Husky Cal/AppData/Local/UnrealEngine/Common/DerivedDataCache/Buckets/LegacySTREAMEDAUDIO/46/c4/d8337674a08b10d839b26722427b772967e6.udd" 5333
"C:/Users/Husky Cal/AppData/Local/UnrealEngine/Common/DerivedDataCache/Buckets/LegacySTREAMEDAUDIO/14/82/8b0632189a04b14892e040080a20f84cc06c.udd" 5334
"C:/Users/Husky Cal/AppData/Local/UnrealEngine/Common/DerivedDataCache/Buckets/LegacySTREAMEDAUDIO/f2/86/b44867ad903fee052fee38e04e8f451173f9.udd" 5335
"C:/Users/Husky Cal/AppData/Local/UnrealEngine/Common/DerivedDataCache/Buckets/LegacySTREAMEDAUDIO/38/51/7aca5444e764f99372075928086d3c5e40be.udd" 5336
"C:/Users/Husky Cal/AppData/Local/UnrealEngine/Common/DerivedDataCache/Buckets/LegacySTREAMEDAUDIO/ef/34/2ee4e4093de80e576067c40b48059a62ca0e.udd" 5337
"C:/Users/Husky Cal/AppData/Local/UnrealEngine/Common/DerivedDataCache/Buckets/LegacySTREAMEDAUDIO/4d/4f/ea7f44f9aebcd4cd375ec73c3a0b40b2f39e.udd" 5338
"C:/Users/Husky Cal/AppData/Local/UnrealEngine/Common/DerivedDataCache/Buckets/LegacySTREAMEDAUDIO/60/8f/c0f8c42017176bc93e52dd4601e976864cca.udd" 5339
"C:/Users/Husky Cal/AppData/Local/UnrealEngine/Common/DerivedDataCache/Buckets/LegacySTREAMEDAUDIO/c1/1d/baba2ed83a7ea37c1febaddf136b26a72260.udd" 5340
"C:/Users/Husky Cal/AppData/Local/UnrealEngine/Common/DerivedDataCache/Buckets/LegacySTREAMEDAUDIO/46/86/a591b0276bf39ae183879b7101fbbd271f87.udd" 5341
"C:/Users/Husky Cal/AppData/Local/UnrealEngine/Common/DerivedDataCache/Buckets/LegacySTREAMEDAUDIO/1b/61/d0598a5046af87163768dafc3627f4b94be2.udd" 5342
"C:/Users/Husky Cal/AppData/Local/UnrealEngine/Common/DerivedDataCache/Buckets/LegacySTREAMEDAUDIO/4c/b5/b121119f655392400cb56e975082c10e0df8.udd" 5343
"C:/Users/Husky Cal/AppData/Local/UnrealEngine/Common/DerivedDataCache/Buckets/LegacySTREAMEDAUDIO/d7/59/6a4a6bc54737d7d697bd68fca880f021680c.udd" 5344
"C:/Users/Husky Cal/AppData/Local/UnrealEngine/Common/DerivedDataCache/Buckets/LegacySTREAMEDAUDIO/bc/bb/3a30124092fc0833d1729338f1cddbc5e696.udd" 5345
"C:/Users/Husky Cal/AppData/Local/UnrealEngine/Common/DerivedDataCache/Buckets/LegacySTREAMEDAUDIO/ad/90/5bd234f7674d9e5103516949d6afbd4128ff.udd" 5346
"C:/Users/Husky Cal/AppData/Local/UnrealEngine/Common/DerivedDataCache/Buckets/LegacySTREAMEDAUDIO/2e/ab/bc1fe909c5fc992e03f31ae7b688707db03e.udd" 5347
"C:/Users/Husky Cal/AppData/Local/UnrealEngine/Common/DerivedDataCache/Buckets/LegacySTREAMEDAUDIO/9e/29/070fd474394eac58a09aabc5054f3d10d1ee.udd" 5348
"C:/Users/Husky Cal/AppData/Local/UnrealEngine/Common/DerivedDataCache/Buckets/LegacyAudio/1d/ec/f528cabdfc756a2d79e39d120bd0178e36ec.udd" 5349
"C:/Users/Husky Cal/AppData/Local/UnrealEngine/Common/DerivedDataCache/Buckets/LegacySTREAMEDAUDIO/50/55/024831499d428e3c7ca7642483025d967065.udd" 5350
"C:/Users/Husky Cal/AppData/Local/UnrealEngine/Common/DerivedDataCache/Buckets/LegacySTREAMEDAUDIO/3d/ea/fa4fd3825d64aaf5317418eb6a3472148a81.udd" 5351
"C:/Users/Husky Cal/AppData/Local/UnrealEngine/Common/DerivedDataCache/Buckets/LegacySTREAMEDAUDIO/99/52/488e80e5c422d5bd954528be8197c34eae05.udd" 5352
"C:/Users/Husky Cal/AppData/Local/UnrealEngine/Common/DerivedDataCache/Buckets/LegacyAudio/1c/1d/fe35c8479aec435e7451e4e7a99cc56cf0be.udd" 5353
"C:/Users/Husky Cal/AppData/Local/UnrealEngine/Common/DerivedDataCache/Buckets/LegacyAudio/3d/b0/7fb8084298afe115dedf95a193ac72492fc7.udd" 5354
"C:/Users/Husky Cal/AppData/Local/UnrealEngine/Common/DerivedDataCache/Buckets/LegacyAudio/a7/a3/52754ccc6b44dda9c8d4ebe620282974c134.udd" 5355
"C:/Users/Husky Cal/AppData/Local/UnrealEngine/Common/DerivedDataCache/Buckets/LegacyAudio/ac/1c/affb859ae542d05614447e483057759e8254.udd" 5356
"C:/Users/Husky Cal/AppData/Local/UnrealEngine/Common/DerivedDataCache/Buckets/LegacyAudio/3c/19/df105a9ad9e4b0bac89252ceac1202fd6fdc.udd" 5357
"C:/Users/Husky Cal/AppData/Local/UnrealEngine/Common/DerivedDataCache/Buckets/LegacyAudio/7c/ef/404b79d80529b0b4842912c39afe8ad070c5.udd" 5358
"C:/Users/Husky Cal/AppData/Local/UnrealEngine/Common/DerivedDataCache/Buckets/LegacyAudio/1f/00/8b0b1017bb0a792607883537123155122e2c.udd" 5359
"C:/Users/Husky Cal/AppData/Local/UnrealEngine/Common/DerivedDataCache/Buckets/LegacyAudio/6b/18/90cee4660101e6e03989293f51a7d2abc6d7.udd" 5360
"C:/Users/Husky Cal/AppData/Local/UnrealEngine/Common/DerivedDataCache/Buckets/LegacyAudio/7d/43/35a41b4f2b98ce5eb6f0ea1c3927f788330f.udd" 5361
"C:/Users/Husky Cal/AppData/Local/UnrealEngine/Common/DerivedDataCache/Buckets/LegacyAudio/51/17/aa0ed6d9ea8d6305ec4ab504423f16a58be3.udd" 5362
"C:/Users/Husky Cal/AppData/Local/UnrealEngine/Common/DerivedDataCache/Buckets/LegacyAudio/dd/0f/683b5dbf22beb3fae9bd03e31f5f9f4f8859.udd" 5363
"C:/Users/Husky Cal/AppData/Local/UnrealEngine/Common/DerivedDataCache/Buckets/LegacyAudio/ad/ca/f9903f50baecc50e7013e07dee9da9287f29.udd" 5364
"C:/Users/Husky Cal/AppData/Local/UnrealEngine/Common/DerivedDataCache/Buckets/LegacyAudio/ee/01/4d4cd1353ef31dcf8213edc7b691ad21783a.udd" 5365
"C:/Users/Husky Cal/AppData/Local/UnrealEngine/Common/DerivedDataCache/Buckets/LegacyAudio/77/8d/03f52f8017dbe622db458f225c60c3b548cc.udd" 5366
"C:/Users/Husky Cal/AppData/Local/UnrealEngine/Common/DerivedDataCache/Buckets/LegacyAudio/1a/38/94bcb5f2b5c968896989366698df39d3dd7a.udd" 5367
"C:/Users/Husky Cal/AppData/Local/UnrealEngine/Common/DerivedDataCache/Buckets/LegacySTREAMEDAUDIO/e8/f7/5cc2bb2384fa639e10952b7d88c569df9eee.udd" 5368
"C:/Users/Husky Cal/AppData/Local/UnrealEngine/Common/DerivedDataCache/Buckets/LegacySTREAMEDAUDIO/e8/35/d3f3e0204d418c2d7401e36cfae838ee03f7.udd" 5369
"C:/Users/Husky Cal/AppData/Local/UnrealEngine/Common/DerivedDataCache/Buckets/LegacySTREAMEDAUDIO/45/3f/c92f15ec5fbc484bfaa65962190e0f3d2a27.udd" 5370
"C:/Users/Husky Cal/AppData/Local/UnrealEngine/Common/DerivedDataCache/Buckets/LegacySTREAMEDAUDIO/9e/40/47589411aeede9fc32202389d69c51879e73.udd" 5371
"C:/Users/Husky Cal/AppData/Local/UnrealEngine/Common/DerivedDataCache/Buckets/LegacySTREAMEDAUDIO/77/63/41fd266eab22e5c887ee106d5ce93cdf40cd.udd" 5372
"C:/Users/Husky Cal/AppData/Local/UnrealEngine/Common/DerivedDataCache/Buckets/LegacySTREAMEDAUDIO/91/1a/86f397777250a8f63372424c8778eb41e343.udd" 5373
"C:/Users/Husky Cal/AppData/Local/UnrealEngine/Common/DerivedDataCache/Buckets/LegacySTREAMEDAUDIO/e2/4b/939d9b2645370bae09c808a1ff516cc5decf.udd" 5374
"C:/Users/Husky Cal/AppData/Local/UnrealEngine/Common/DerivedDataCache/Buckets/LegacySTREAMEDAUDIO/48/1e/1e96e74bb0206d3acf6488302c3e6927fb55.udd" 5375
"C:/Users/Husky Cal/AppData/Local/UnrealEngine/Common/DerivedDataCache/Buckets/LegacySTREAMEDAUDIO/d8/68/70c737ab47538e523a5cbae69ed0dac16958.udd" 5376
"C:/Users/Husky Cal/AppData/Local/UnrealEngine/Common/DerivedDataCache/Buckets/LegacySTREAMEDAUDIO/ae/c0/caa165d93713824e0d4222d546c964651b4d.udd" 5377
"C:/Users/Husky Cal/AppData/Local/UnrealEngine/Common/DerivedDataCache/Buckets/LegacySTREAMEDAUDIO/b2/c0/ab69e0c1a08ed08c0544fd9d03f1ab475194.udd" 5378
"C:/Users/Husky Cal/AppData/Local/UnrealEngine/Common/DerivedDataCache/Buckets/LegacySTREAMEDAUDIO/43/c2/e2153baca047928e46d35134d5d945d549f5.udd" 5379
"C:/Users/Husky Cal/AppData/Local/UnrealEngine/Common/DerivedDataCache/Buckets/LegacySTREAMEDAUDIO/8d/fe/e2a2214494f8b723244142a4719aceae88ea.udd" 5380
"C:/Users/Husky Cal/AppData/Local/UnrealEngine/Common/DerivedDataCache/Buckets/LegacySTREAMEDAUDIO/be/2c/e6f222efddff05514ba7f9ba3fe129c0217a.udd" 5381
"C:/Users/Husky Cal/AppData/Local/UnrealEngine/Common/DerivedDataCache/Buckets/LegacySTREAMEDAUDIO/e9/1c/1b4462b1823d4a7da8917e774ab6dcbeb372.udd" 5382
"C:/Users/Husky Cal/AppData/Local/UnrealEngine/Common/DerivedDataCache/Buckets/LegacySTREAMEDAUDIO/ce/4e/980b97f933734eda05791cbd9ccaba350658.udd" 5383
"C:/Users/Husky Cal/AppData/Local/UnrealEngine/Common/DerivedDataCache/Buckets/LegacySTREAMEDAUDIO/97/1f/6e3f60a7cd0399142d6a34b4149b24c79758.udd" 5384
"C:/Users/Husky Cal/AppData/Local/UnrealEngine/Common/DerivedDataCache/Buckets/LegacySTREAMEDAUDIO/3b/33/52d69c800b96fd9b1ea253275b4b618ec683.udd" 5385
"C:/Users/Husky Cal/AppData/Local/UnrealEngine/Common/DerivedDataCache/Buckets/LegacySTREAMEDAUDIO/2e/db/2a219452fcd544fa7b27a20ee6bf527be48c.udd" 5386
"C:/Users/Husky Cal/AppData/Local/UnrealEngine/Common/DerivedDataCache/Buckets/LegacySTREAMEDAUDIO/98/57/fe280e2f59b5f8e234bdb75f79770be88715.udd" 5387
"C:/Users/Husky Cal/AppData/Local/UnrealEngine/Common/DerivedDataCache/Buckets/LegacySTREAMEDAUDIO/fd/9c/62b3401d119dbd7f3bd6edd9e93ef6feafa6.udd" 5388
"C:/Users/Husky Cal/AppData/Local/UnrealEngine/Common/DerivedDataCache/Buckets/LegacySTREAMEDAUDIO/b4/0f/ff98dbc44382fe3ef129d23e93f6c5abb680.udd" 5389
"C:/Users/Husky Cal/AppData/Local/UnrealEngine/Common/DerivedDataCache/Buckets/LegacySTREAMEDAUDIO/b9/1e/705a6fe5deec0a2444dd25bcb1e2ce22600a.udd" 5390
"C:/Users/Husky Cal/AppData/Local/UnrealEngine/Common/DerivedDataCache/Buckets/LegacySTREAMEDAUDIO/a7/13/4fd58fc92a053ced637dfaa585dcd9eb71ae.udd" 5391
"C:/Users/Husky Cal/AppData/Local/UnrealEngine/Common/DerivedDataCache/Buckets/LegacySTREAMEDAUDIO/8c/6f/0b6add80c51db0940f1b50fd4c27a8c1776c.udd" 5392
"C:/Users/Husky Cal/AppData/Local/UnrealEngine/Common/DerivedDataCache/Buckets/LegacySTREAMEDAUDIO/09/1c/fdfef46e725bebbf5fd403ae235714470c2f.udd" 5393
"C:/Users/Husky Cal/AppData/Local/UnrealEngine/Common/DerivedDataCache/Buckets/LegacySTREAMEDAUDIO/fa/fa/bff507474e3fa594ab28b6dae27e2f6bb999.udd" 5394
"C:/Users/Husky Cal/AppData/Local/UnrealEngine/Common/DerivedDataCache/Buckets/LegacySTREAMEDAUDIO/76/f0/1dda3dd3b8f7cdb099adc40515d56731e578.udd" 5395
"C:/Users/Husky Cal/AppData/Local/UnrealEngine/Common/DerivedDataCache/Buckets/LegacySTREAMEDAUDIO/cf/8a/81f566a7e1fe412ff02ab71ebc27d4db336e.udd" 5396
"C:/Users/Husky Cal/AppData/Local/UnrealEngine/Common/DerivedDataCache/Buckets/LegacySTREAMEDAUDIO/39/d2/c506639a27500ac7f7818add9bfc5b22fc06.udd" 5397
"C:/Users/Husky Cal/AppData/Local/UnrealEngine/Common/DerivedDataCache/Buckets/LegacySTREAMEDAUDIO/9c/76/b0288baa113d6c57994e2aee7a39db194962.udd" 5398
"C:/Users/Husky Cal/AppData/Local/UnrealEngine/Common/DerivedDataCache/Buckets/LegacySTREAMEDAUDIO/c7/7f/38cdec33110b5ae913c850de6ecbba10ff21.udd" 5399
"C:/Users/Husky Cal/AppData/Local/UnrealEngine/Common/DerivedDataCache/Buckets/LegacySTREAMEDAUDIO/66/a2/1bb64462a25bd784f8b8a6448087bb65bf85.udd" 5400
"C:/Users/Husky Cal/AppData/Local/UnrealEngine/Common/DerivedDataCache/Buckets/LegacySTREAMEDAUDIO/38/27/43089fba96ba6600145faf0dd6334b4da6d3.udd" 5401
"C:/Users/Husky Cal/AppData/Local/UnrealEngine/Common/DerivedDataCache/Buckets/LegacySTREAMEDAUDIO/dc/4f/8b46ea57b52ae93e19a3044867a5162a7ef3.udd" 5402
"C:/Users/Husky Cal/AppData/Local/UnrealEngine/Common/DerivedDataCache/Buckets/LegacySTREAMEDAUDIO/46/29/163f5bb44d9a3c0818dc5eabc46c6f14add6.udd" 5403
"C:/Users/Husky Cal/AppData/Local/UnrealEngine/Common/DerivedDataCache/Buckets/LegacySTREAMEDAUDIO/26/67/374a936401454997369d1efdf34b4debdd19.udd" 5404
"C:/Users/Husky Cal/AppData/Local/UnrealEngine/Common/DerivedDataCache/Buckets/LegacySTREAMEDAUDIO/ef/26/41d794d520735cfe39ce7dfa86b5265bd086.udd" 5405
"C:/Users/Husky Cal/AppData/Local/UnrealEngine/Common/DerivedDataCache/Buckets/LegacySTREAMEDAUDIO/77/40/64f61ca1ba5b1ab95d89d91756dccd4c3207.udd" 5406
"C:/Users/Husky Cal/AppData/Local/UnrealEngine/Common/DerivedDataCache/Buckets/LegacySTREAMEDAUDIO/f6/9e/89e6eb01bf740f6d775092fd59afdb7a7a09.udd" 5407
"C:/Users/Husky Cal/AppData/Local/UnrealEngine/Common/DerivedDataCache/Buckets/LegacySTREAMEDAUDIO/c3/13/dbd6a1e3166872d54cc023731c197c27be58.udd" 5408
"C:/Users/Husky Cal/AppData/Local/UnrealEngine/Common/DerivedDataCache/Buckets/LegacySTREAMEDAUDIO/09/18/adb9ec77641f3a5deee4dd39fa0b51e9d7ca.udd" 5409
"C:/Users/Husky Cal/AppData/Local/UnrealEngine/Common/DerivedDataCache/Buckets/LegacySTREAMEDAUDIO/9a/89/5f1d74cfca33d3de2a9311ea67759aa0c86f.udd" 5410
"C:/Users/Husky Cal/AppData/Local/UnrealEngine/Common/DerivedDataCache/Buckets/LegacySTREAMEDAUDIO/76/11/2863b97e1d2029fb3e603ce4dd4592c10e14.udd" 5411
"C:/Users/Husky Cal/AppData/Local/UnrealEngine/Common/DerivedDataCache/Buckets/LegacySTREAMEDAUDIO/ea/7f/3445376af0a8f9cd515815d6ec1d8f57a0d1.udd" 5412
"F:/Pro/FPSRogueLikePrj/FPSRogueLike/Content/MilitaryWeapSilver/FX/Textures/T_RockSmall_01.uasset" 5413
"F:/Pro/FPSRogueLikePrj/FPSRogueLike/Content/MilitaryWeapSilver/FX/Textures/T_Pistol_Streaks_01.uasset" 5414
"C:/Users/Husky Cal/AppData/Local/UnrealEngine/Common/DerivedDataCache/Buckets/BulkDataList/46/94/438fedaf31eaa7026e55cb6becd45eb9cbdb.udd" 5415
"C:/Users/Husky Cal/AppData/Local/UnrealEngine/Common/DerivedDataCache/Buckets/BulkDataPayloadId/e8/cb/ee5ff55aa9b1de6ac6d080d47b666044b56b.udd" 5416
"C:/Users/Husky Cal/AppData/Local/UnrealEngine/Common/DerivedDataCache/Buckets/BulkDataList/1a/48/93049404c8a03f6c0e05f4e801044304c5dd.udd" 5417
"F:/Pro/FPSRogueLikePrj/FPSRogueLike/Content/MilitaryWeapSilver/FX/Textures/T_Pistol_Smoke_2x2_A.uasset" 5418
"C:/Users/Husky Cal/AppData/Local/UnrealEngine/Common/DerivedDataCache/Buckets/BulkDataPayloadId/47/9c/9d23090a5149cc80078218628231e4219e72.udd" 5419
"F:/Pro/FPSRogueLikePrj/FPSRogueLike/Content/MilitaryWeapSilver/FX/Textures/T_Pistol_MuzzleFlashes_4x1_B.uasset" 5420
"C:/Users/Husky Cal/AppData/Local/UnrealEngine/Common/DerivedDataCache/Buckets/BulkDataList/2c/e4/6be3bcc5eecb6659dd3f862b6ccfe9d0edc6.udd" 5421
"C:/Users/Husky Cal/AppData/Local/UnrealEngine/Common/DerivedDataCache/Buckets/BulkDataPayloadId/dd/0c/23f70eba2d044322d0cb0a2e5d766e37cd2d.udd" 5422
"C:/Users/Husky Cal/AppData/Local/UnrealEngine/Common/DerivedDataCache/Buckets/BulkDataList/bb/cb/946017cee5096d6b8f8991dd0c87414a7d43.udd" 5423
"C:/Users/Husky Cal/AppData/Local/UnrealEngine/Common/DerivedDataCache/Buckets/BulkDataPayloadId/1d/bb/ffde5cd43a54a6807de0e30e42d1c01b8490.udd" 5424
"F:/Pro/FPSRogueLikePrj/FPSRogueLike/Content/MilitaryWeapSilver/FX/Textures/T_Pistol_MuzzleFlashes_4x1_A.uasset" 5425
"C:/Users/Husky Cal/AppData/Local/UnrealEngine/Common/DerivedDataCache/Buckets/BulkDataList/46/e7/974489e416a546834490c5babf7540915dd3.udd" 5426
"C:/Users/Husky Cal/AppData/Local/UnrealEngine/Common/DerivedDataCache/Buckets/BulkDataPayloadId/61/61/e8e783a8191a634d33479a1d7ed59d62e4cd.udd" 5427
"F:/Pro/FPSRogueLikePrj/FPSRogueLike/Content/MilitaryWeapSilver/FX/Textures/T_NormalNoise_01.uasset" 5428
"C:/Users/Husky Cal/AppData/Local/UnrealEngine/Common/DerivedDataCache/Buckets/BulkDataList/e9/58/bb2f3e4ca988c1f686e09cb0c62a4138acec.udd" 5429
"C:/Users/Husky Cal/AppData/Local/UnrealEngine/Common/DerivedDataCache/Buckets/BulkDataPayloadId/06/91/962995df5e0ded872ae016b2c28243af6600.udd" 5430
"F:/Pro/FPSRogueLikePrj/FPSRogueLike/Content/MilitaryWeapSilver/FX/Textures/T_LightRay_01.uasset" 5431
"F:/Pro/FPSRogueLikePrj/FPSRogueLike/Content/MilitaryWeapSilver/FX/Textures/T_Knife_RibbonTrail_Refraction_01.uasset" 5432
"C:/Users/Husky Cal/AppData/Local/UnrealEngine/Common/DerivedDataCache/Buckets/BulkDataList/4d/bc/912f7d739122720b0869dddcbc4f4fe16b90.udd" 5433
"C:/Users/Husky Cal/AppData/Local/UnrealEngine/Common/DerivedDataCache/Buckets/BulkDataList/79/ff/ea0993f5ecb4a2a7e39a3a97d3cbdc467daa.udd" 5434
"F:/Pro/FPSRogueLikePrj/FPSRogueLike/Content/MilitaryWeapSilver/FX/Textures/T_Knife_RibbonTrail_01.uasset" 5435
"C:/Users/Husky Cal/AppData/Local/UnrealEngine/Common/DerivedDataCache/Buckets/BulkDataPayloadId/de/02/c33fb4f6853c4c551eb110591af43ace7a03.udd" 5436
"C:/Users/Husky Cal/AppData/Local/UnrealEngine/Common/DerivedDataCache/Buckets/BulkDataPayloadId/14/63/9c0d11804e808f1d594c5fb680114525fa21.udd" 5437
"C:/Users/Husky Cal/AppData/Local/UnrealEngine/Common/DerivedDataCache/Buckets/BulkDataList/7c/38/12977c67988af7478d2b32e0590d7e2ba537.udd" 5438
"F:/Pro/FPSRogueLikePrj/FPSRogueLike/Content/MilitaryWeapSilver/FX/Textures/T_Grit_01.uasset" 5439
"C:/Users/Husky Cal/AppData/Local/UnrealEngine/Common/DerivedDataCache/Buckets/BulkDataList/c4/9c/3a22faf51e885a8ca22bb286d99bf790cdb9.udd" 5440
"F:/Pro/FPSRogueLikePrj/FPSRogueLike/Content/MilitaryWeapSilver/FX/Textures/T_FrameClamp.uasset" 5441
"C:/Users/Husky Cal/AppData/Local/UnrealEngine/Common/DerivedDataCache/Buckets/BulkDataPayloadId/ef/ef/439f21339a99457a940e5646378d10163ebc.udd" 5442
"C:/Users/Husky Cal/AppData/Local/UnrealEngine/Common/DerivedDataCache/Buckets/BulkDataPayloadId/40/24/ffbb420d98e44d81fb0e4f12f538abca58f3.udd" 5443
"F:/Pro/FPSRogueLikePrj/FPSRogueLike/Content/MilitaryWeapSilver/FX/Textures/T_FL_Detail_01.uasset" 5444
"F:/Pro/FPSRogueLikePrj/FPSRogueLike/Content/MilitaryWeapSilver/FX/Textures/T_Explosion_Macro_01.uasset" 5445
"F:/Pro/FPSRogueLikePrj/FPSRogueLike/Content/MilitaryWeapSilver/FX/Textures/T_Explosion_8x8_Temperature_01.uasset" 5446
"F:/Pro/FPSRogueLikePrj/FPSRogueLike/Content/MilitaryWeapSilver/FX/Textures/T_Explosion_8x8_Erode_01.uasset" 5447
"F:/Pro/FPSRogueLikePrj/FPSRogueLike/Content/MilitaryWeapSilver/FX/Textures/T_Explosion_8x8_Density_01.uasset" 5448
"C:/Users/Husky Cal/AppData/Local/UnrealEngine/Common/DerivedDataCache/Buckets/LegacyAudio/04/61/38116deeaef7e51a7c16f4fc4886f63017b8.udd" 5449
"C:/Users/Husky Cal/AppData/Local/UnrealEngine/Common/DerivedDataCache/Buckets/LegacyAudio/ea/89/aae63b1655715fc26e211ebe91d9dcfe047e.udd" 5450
"C:/Users/Husky Cal/AppData/Local/UnrealEngine/Common/DerivedDataCache/Buckets/LegacyAudio/c9/ca/a8a1aaa613e3f038bb6d221d3f6e9661d102.udd" 5451
"C:/Users/Husky Cal/AppData/Local/UnrealEngine/Common/DerivedDataCache/Buckets/LegacyAudio/c6/a8/85ad0c1a856f5010dbf57e97b8f84e104944.udd" 5452
"C:/Users/Husky Cal/AppData/Local/UnrealEngine/Common/DerivedDataCache/Buckets/LegacyAudio/fe/82/0e255f6a32f58b4a1d57a072653409dc386f.udd" 5453
"C:/Users/Husky Cal/AppData/Local/UnrealEngine/Common/DerivedDataCache/Buckets/LegacyAudio/16/76/843c89faf1700100bd109774771f307bcf58.udd" 5454
"C:/Users/Husky Cal/AppData/Local/UnrealEngine/Common/DerivedDataCache/Buckets/LegacyAudio/8d/ee/e7991ba0cf053e2505a6a68f8f5a6725698d.udd" 5455
"C:/Users/Husky Cal/AppData/Local/UnrealEngine/Common/DerivedDataCache/Buckets/LegacyAudio/6a/86/648bde0aa2fbe20d0b30ebf7d2c770400971.udd" 5456
"C:/Users/Husky Cal/AppData/Local/UnrealEngine/Common/DerivedDataCache/Buckets/LegacyAudio/c0/c5/829e78b09de47845de749e968d8b75a76f11.udd" 5457
"C:/Users/Husky Cal/AppData/Local/UnrealEngine/Common/DerivedDataCache/Buckets/LegacyAudio/4f/95/5d5ad55a562ef817b25653abda10823656a7.udd" 5458
"C:/Users/Husky Cal/AppData/Local/UnrealEngine/Common/DerivedDataCache/Buckets/LegacySTREAMEDAUDIO/83/ae/4b7a892d0ea0c6c66a97cba401e044f56ccd.udd" 5459
"C:/Users/Husky Cal/AppData/Local/UnrealEngine/Common/DerivedDataCache/Buckets/LegacySTREAMEDAUDIO/da/b8/7467d7b2617fe40e4a489c54589b933e8412.udd" 5460
"C:/Users/Husky Cal/AppData/Local/UnrealEngine/Common/DerivedDataCache/Buckets/LegacySTREAMEDAUDIO/73/ca/0fd07a697c49c1932c4143fd6fe084b9d248.udd" 5461
"C:/Users/Husky Cal/AppData/Local/UnrealEngine/Common/DerivedDataCache/Buckets/LegacySTREAMEDAUDIO/cc/36/07ff0a76681b421acb8d493cb10a6883ecc2.udd" 5462
"C:/Users/Husky Cal/AppData/Local/UnrealEngine/Common/DerivedDataCache/Buckets/LegacySTREAMEDAUDIO/07/84/d92655e43c51080f8481c13b0206829fe088.udd" 5463
"C:/Users/Husky Cal/AppData/Local/UnrealEngine/Common/DerivedDataCache/Buckets/LegacySTREAMEDAUDIO/f7/18/a3eb2187165311f65304cd12941e82646958.udd" 5464
"C:/Users/Husky Cal/AppData/Local/UnrealEngine/Common/DerivedDataCache/Buckets/LegacySTREAMEDAUDIO/82/33/e97378a3b5b24a3e5b32e2dc572ab72d823c.udd" 5465
"C:/Users/Husky Cal/AppData/Local/UnrealEngine/Common/DerivedDataCache/Buckets/LegacySTREAMEDAUDIO/46/00/49595cfc54138576bf84763bbf590bebf5b4.udd" 5466
"C:/Users/Husky Cal/AppData/Local/UnrealEngine/Common/DerivedDataCache/Buckets/LegacySTREAMEDAUDIO/35/82/e0229fc7faae849dcbb45ed591c73edcdfde.udd" 5467
"C:/Users/Husky Cal/AppData/Local/UnrealEngine/Common/DerivedDataCache/Buckets/LegacySTREAMEDAUDIO/32/bf/ee5321c951f86c9af27aad32e3b10c928169.udd" 5468
"C:/Users/Husky Cal/AppData/Local/UnrealEngine/Common/DerivedDataCache/Buckets/LegacySTREAMEDAUDIO/3a/f4/fe3c63c44dee95f03209dd72b422551c5027.udd" 5469
"C:/Users/Husky Cal/AppData/Local/UnrealEngine/Common/DerivedDataCache/Buckets/LegacySTREAMEDAUDIO/89/7d/433c3f2105eb3343de5501acfe691d76cd14.udd" 5470
"C:/Users/Husky Cal/AppData/Local/UnrealEngine/Common/DerivedDataCache/Buckets/LegacySTREAMEDAUDIO/2b/f6/17eb84d894b779ffc4ad88f8e891c99c8b99.udd" 5471
"C:/Users/Husky Cal/AppData/Local/UnrealEngine/Common/DerivedDataCache/Buckets/LegacySTREAMEDAUDIO/82/ed/367a69b61458a6c5f3638af13bccd98ffd4a.udd" 5472
"C:/Users/Husky Cal/AppData/Local/UnrealEngine/Common/DerivedDataCache/Buckets/LegacySTREAMEDAUDIO/76/3e/3323390b2e140a269f9f8ca8f583402fc2c7.udd" 5473
"C:/Users/Husky Cal/AppData/Local/UnrealEngine/Common/DerivedDataCache/Buckets/LegacySTREAMEDAUDIO/59/32/f667710db7744c1fa5f2c0ba121669b605cb.udd" 5474
"C:/Users/Husky Cal/AppData/Local/UnrealEngine/Common/DerivedDataCache/Buckets/LegacySTREAMEDAUDIO/a1/8c/4a6deb1d4f57a8322aa64ef410293076e1e8.udd" 5475
"C:/Users/Husky Cal/AppData/Local/UnrealEngine/Common/DerivedDataCache/Buckets/LegacySTREAMEDAUDIO/1c/30/d606907fc82d8c338bddbad0b8f83f0084df.udd" 5476
"C:/Users/Husky Cal/AppData/Local/UnrealEngine/Common/DerivedDataCache/Buckets/LegacySTREAMEDAUDIO/50/2a/cb21ae75900e7bef2ae46a845bf0aae4573a.udd" 5477
"C:/Users/Husky Cal/AppData/Local/UnrealEngine/Common/DerivedDataCache/Buckets/LegacySTREAMEDAUDIO/1f/e3/d8ab7c8ad242b0a8611de50c0766b48aed95.udd" 5478
"C:/Users/Husky Cal/AppData/Local/UnrealEngine/Common/DerivedDataCache/Buckets/LegacySTREAMEDAUDIO/ce/a5/c55d4e40451777c969dadff9c6af6eb280ba.udd" 5479
"F:/Pro/FPSRogueLikePrj/FPSRogueLike/Content/MilitaryWeapSilver/FX/Textures/T_Explosion_8x8_A_02.uasset" 5480
"C:/Users/Husky Cal/AppData/Local/UnrealEngine/Common/DerivedDataCache/Buckets/BulkDataList/cd/d8/d2cc852a9448002065c8bc09fb951494cdcd.udd" 5481
"C:/Users/Husky Cal/AppData/Local/UnrealEngine/Common/DerivedDataCache/Buckets/BulkDataPayloadId/42/a2/3300b419ab23fe1006420d272ebe1ca850b0.udd" 5482
"F:/Pro/FPSRogueLikePrj/FPSRogueLike/Content/MilitaryWeapSilver/FX/Textures/T_Explosion_8x8_A_01.uasset" 5483
"C:/Users/Husky Cal/AppData/Local/UnrealEngine/Common/DerivedDataCache/Buckets/BulkDataList/29/6a/337ab3a168512c1d2b65f45fbc790b774eae.udd" 5484
"F:/Pro/FPSRogueLikePrj/FPSRogueLike/Content/MilitaryWeapSilver/FX/Textures/T_Ember_01.uasset" 5485
"C:/Users/Husky Cal/AppData/Local/UnrealEngine/Common/DerivedDataCache/Buckets/BulkDataPayloadId/f0/6e/b814a2ce7dc40cc2cd054f361a36cd6e584e.udd" 5486
"C:/Users/Husky Cal/AppData/Local/UnrealEngine/Common/DerivedDataCache/Buckets/LegacySTREAMEDAUDIO/1d/cd/a53784e783af6b20f7e70e303e640beb6660.udd" 5487
"C:/Users/Husky Cal/AppData/Local/UnrealEngine/Common/DerivedDataCache/Buckets/BulkDataList/fd/fb/137e7c7dbac8adfbe476bf765fcce016691a.udd" 5488
"C:/Users/Husky Cal/AppData/Local/UnrealEngine/Common/DerivedDataCache/Buckets/LegacySTREAMEDAUDIO/5e/ad/103e2ac5025a1cd502680b95152edfb37efc.udd" 5489
"C:/Users/Husky Cal/AppData/Local/UnrealEngine/Common/DerivedDataCache/Buckets/LegacySTREAMEDAUDIO/be/b7/616f9582e4ea30d398d71f5df569c5e2577a.udd" 5490
"F:/Pro/FPSRogueLikePrj/FPSRogueLike/Content/MilitaryWeapSilver/FX/Textures/T_Debris_Tileable_01.uasset" 5491
"C:/Users/Husky Cal/AppData/Local/UnrealEngine/Common/DerivedDataCache/Buckets/BulkDataPayloadId/e0/e8/76134bf0d420f39ed8367d22bd7e0c7fe6d7.udd" 5492
"C:/Users/Husky Cal/AppData/Local/UnrealEngine/Common/DerivedDataCache/Buckets/LegacySTREAMEDAUDIO/23/35/1697b37bae1a8d66969e3bc6c325597ed411.udd" 5493
"C:/Users/Husky Cal/AppData/Local/UnrealEngine/Common/DerivedDataCache/Buckets/LegacySTREAMEDAUDIO/67/18/57ca04a95fca97481c47bc0952249eadfa15.udd" 5494
"F:/Pro/FPSRogueLikePrj/FPSRogueLike/Content/MilitaryWeapSilver/FX/Textures/T_AssaultRifle_MuzzleFlashes_01.uasset" 5495
"C:/Users/Husky Cal/AppData/Local/UnrealEngine/Common/DerivedDataCache/Buckets/LegacySTREAMEDAUDIO/61/fa/593efec989f3bf8e1b6b1bbe51b38555f7ac.udd" 5496
"C:/Users/Husky Cal/AppData/Local/UnrealEngine/Common/DerivedDataCache/Buckets/LegacySTREAMEDAUDIO/cd/e9/6aa2ca924acd2530d79c1a03240481ca122e.udd" 5497
"F:/Pro/FPSRogueLikePrj/FPSRogueLike/Content/MilitaryWeapSilver/FX/Materials/M_Tracer_A.uasset" 5498
"C:/Users/Husky Cal/AppData/Local/UnrealEngine/Common/DerivedDataCache/Buckets/BulkDataList/08/e6/520d60914a271c2acedfc9d41ccd3a00e31b.udd" 5499
"C:/Users/Husky Cal/AppData/Local/UnrealEngine/Common/DerivedDataCache/Buckets/LegacySTREAMEDAUDIO/71/1c/e93cd34b52f9935d0125bd888112793027e3.udd" 5500
"C:/Users/Husky Cal/AppData/Local/UnrealEngine/Common/DerivedDataCache/Buckets/LegacySTREAMEDAUDIO/e3/01/5a883272b57a27a159be5b8509814aa17e1f.udd" 5501
"C:/Users/Husky Cal/AppData/Local/UnrealEngine/Common/DerivedDataCache/Buckets/BulkDataPayloadId/32/91/63d4a1936fa49fa2def971ecd5a480555183.udd" 5502
"F:/Pro/FPSRogueLikePrj/FPSRogueLike/Content/Realistic_Starter_VFX_Pack_Vol2/Vectorfields/VectorField_D.uasset" 5503
"C:/Users/Husky Cal/AppData/Local/UnrealEngine/Common/DerivedDataCache/Buckets/BulkDataList/c3/0a/f30eae7e45fad894e18d0973a2a03bfa2ea6.udd" 5504
"C:/Users/Husky Cal/AppData/Local/UnrealEngine/Common/DerivedDataCache/Buckets/BulkDataPayloadId/1b/bc/2d114c99b54d46f8474178cb6814dc072a03.udd" 5505
"C:/Users/Husky Cal/AppData/Local/UnrealEngine/Common/DerivedDataCache/Buckets/BulkDataList/b8/2a/99114e72beba078bc993284bfdf9f3ae7d9a.udd" 5506
"F:/Pro/FPSRogueLikePrj/FPSRogueLike/Content/Realistic_Starter_VFX_Pack_Vol2/Vectorfields/VectorField_C.uasset" 5507
"C:/Users/Husky Cal/AppData/Local/UnrealEngine/Common/DerivedDataCache/Buckets/BulkDataPayloadId/70/8e/b7518933a97ccdf58199aad3cc1c5468c31f.udd" 5508
"C:/Users/Husky Cal/AppData/Local/UnrealEngine/Common/DerivedDataCache/Buckets/BulkDataList/16/a1/256ec8b7f1c75ab9a133498617decd8984f6.udd" 5509
"F:/Pro/FPSRogueLikePrj/FPSRogueLike/Content/Realistic_Starter_VFX_Pack_Vol2/Vectorfields/VectorField_B.uasset" 5510
"C:/Users/Husky Cal/AppData/Local/UnrealEngine/Common/DerivedDataCache/Buckets/BulkDataPayloadId/7a/41/ec2c0bd6c82244bfab99f492bcd945133bf3.udd" 5511
"C:/Users/Husky Cal/AppData/Local/UnrealEngine/Common/DerivedDataCache/Buckets/BulkDataList/17/04/3f6ab9592fda74c095b26eff23781cf663a7.udd" 5512
"F:/Pro/FPSRogueLikePrj/FPSRogueLike/Content/Realistic_Starter_VFX_Pack_Vol2/Vectorfields/VectorField_A.uasset" 5513
"C:/Users/Husky Cal/AppData/Local/UnrealEngine/Common/DerivedDataCache/Buckets/BulkDataPayloadId/df/22/6198696cead617c5eaeb2ac498807390b16e.udd" 5514
"C:/Users/Husky Cal/AppData/Local/UnrealEngine/Common/DerivedDataCache/Buckets/BulkDataList/32/b6/9f5bbfdaf31a443e6f55b471fc0805968bb6.udd" 5515
"F:/Pro/FPSRogueLikePrj/FPSRogueLike/Content/Realistic_Starter_VFX_Pack_Vol2/Textures/T_Wood.uasset" 5516
"C:/Users/Husky Cal/AppData/Local/UnrealEngine/Common/DerivedDataCache/Buckets/BulkDataPayloadId/43/db/c5b6967482585eb9b69986e9ea34dd4ef084.udd" 5517
"C:/Users/Husky Cal/AppData/Local/UnrealEngine/Common/DerivedDataCache/Buckets/BulkDataList/71/74/65f911ad474c2f62ed3cc11e96c180d58e88.udd" 5518
"F:/Pro/FPSRogueLikePrj/FPSRogueLike/Content/Realistic_Starter_VFX_Pack_Vol2/Textures/T_Water_D.uasset" 5519
"C:/Users/Husky Cal/AppData/Local/UnrealEngine/Common/DerivedDataCache/Buckets/BulkDataPayloadId/e3/de/081058b6f465d9e9ce9e7596dae355c08412.udd" 5520
"C:/Users/Husky Cal/AppData/Local/UnrealEngine/Common/DerivedDataCache/Buckets/BulkDataList/5d/9b/d93164b88e881a65ecb4361fd782b4f0cc15.udd" 5521
"F:/Pro/FPSRogueLikePrj/FPSRogueLike/Content/Realistic_Starter_VFX_Pack_Vol2/Textures/T_Water_C.uasset" 5522
"C:/Users/Husky Cal/AppData/Local/UnrealEngine/Common/DerivedDataCache/Buckets/BulkDataPayloadId/f3/99/fee4a08db3b9939164d7dc0e8e810d44657d.udd" 5523
"C:/Users/Husky Cal/AppData/Local/UnrealEngine/Common/DerivedDataCache/Buckets/BulkDataList/e0/7d/aa0f468da35e33b31583248f6f5ed59ffb06.udd" 5524
"F:/Pro/FPSRogueLikePrj/FPSRogueLike/Content/Realistic_Starter_VFX_Pack_Vol2/Textures/T_Water_A.uasset" 5525
"C:/Users/Husky Cal/AppData/Local/UnrealEngine/Common/DerivedDataCache/Buckets/BulkDataPayloadId/9d/f2/98de7b6ae903c3a558ff1dff04d20a84ecc1.udd" 5526
"C:/Users/Husky Cal/AppData/Local/UnrealEngine/Common/DerivedDataCache/Buckets/BulkDataList/bf/df/49e84b89c3f9c8f0134dff85dace52fd76db.udd" 5527
"F:/Pro/FPSRogueLikePrj/FPSRogueLike/Content/Realistic_Starter_VFX_Pack_Vol2/Textures/T_Steam_A.uasset" 5528
"C:/Users/Husky Cal/AppData/Local/UnrealEngine/Common/DerivedDataCache/Buckets/BulkDataPayloadId/e2/6d/852bfa304a7cb8899d6709c42bf15189cda4.udd" 5529
"F:/Pro/FPSRogueLikePrj/FPSRogueLike/Content/Realistic_Starter_VFX_Pack_Vol2/Textures/T_Splat.uasset" 5530
"C:/Users/Husky Cal/AppData/Local/UnrealEngine/Common/DerivedDataCache/Buckets/BulkDataList/cc/09/a292e1b467c993003007e3cf93745bb048e4.udd" 5531
"C:/Users/Husky Cal/AppData/Local/UnrealEngine/Common/DerivedDataCache/Buckets/BulkDataPayloadId/ca/f3/a9d9bce917043c5ab8c49ee5ad8993ff386f.udd" 5532
"C:/Users/Husky Cal/AppData/Local/UnrealEngine/Common/DerivedDataCache/Buckets/BulkDataList/e1/fc/a922d78a2823895ab39258a2e946e5c32e22.udd" 5533
"C:/Users/Husky Cal/AppData/Local/UnrealEngine/Common/DerivedDataCache/Buckets/BulkDataPayloadId/ab/03/e7af3ea5216f16fb21d649566225b6a74de4.udd" 5534
"C:/Users/Husky Cal/AppData/Local/UnrealEngine/Common/DerivedDataCache/Buckets/LegacyTEXTURE/ed/e6/9a8f38df11979fd0fd61bc6b18856081a87a.udd" 5535
"C:/Users/Husky Cal/AppData/Local/UnrealEngine/Common/DerivedDataCache/Buckets/LegacyTEXTURE/31/fe/0b27c35f4e0405e48a297889ecbd4e5080f3.udd" 5536
"C:/Users/Husky Cal/AppData/Local/UnrealEngine/Common/DerivedDataCache/Buckets/LegacyTEXTURE/1e/d4/38f3bc7ba95cbde8c8e2302f6e537f3d49e9.udd" 5537
"C:/Users/Husky Cal/AppData/Local/UnrealEngine/Common/DerivedDataCache/Buckets/LegacyTEXTURE/74/23/09a446ed0d59fcc4af9caa8c145bae5932a0.udd" 5538
"C:/Users/Husky Cal/AppData/Local/UnrealEngine/Common/DerivedDataCache/Buckets/LegacyTEXTURE/b6/e2/411362a74d3cc25aaa59bcb529f64ec3df45.udd" 5539
"C:/Users/Husky Cal/AppData/Local/UnrealEngine/Common/DerivedDataCache/Buckets/LegacyTEXTURE/89/a8/b1d6c29faf2224f7d228479c20aacfd414af.udd" 5540
"C:/Users/Husky Cal/AppData/Local/UnrealEngine/Common/DerivedDataCache/Buckets/LegacyTEXTURE/e9/35/0cb3bc4df614c1ced21ba6e0887cf2e9c323.udd" 5541
"C:/Users/Husky Cal/AppData/Local/UnrealEngine/Common/DerivedDataCache/Buckets/LegacyTEXTURE/42/f7/e3b54c095bf1c84533fb26083f707447410e.udd" 5542
"C:/Users/Husky Cal/AppData/Local/UnrealEngine/Common/DerivedDataCache/Buckets/LegacyTEXTURE/4c/fc/a799abb9e0bd7bb1becfd643c3bacd35c25c.udd" 5543
"C:/Users/Husky Cal/AppData/Local/UnrealEngine/Common/DerivedDataCache/Buckets/LegacyTEXTURE/bc/30/13865d94c3e5eff7f64c2b9eb38223e33c53.udd" 5544
"C:/Users/Husky Cal/AppData/Local/UnrealEngine/Common/DerivedDataCache/Buckets/LegacyTEXTURE/e0/c5/bb50a079e767e96017fc680d432f4edb2fa4.udd" 5545
"C:/Users/Husky Cal/AppData/Local/UnrealEngine/Common/DerivedDataCache/Buckets/LegacyTEXTURE/df/fb/64b2ba5ca3638e073b388fb3f6bde39a0cf1.udd" 5546
"C:/Users/Husky Cal/AppData/Local/UnrealEngine/Common/DerivedDataCache/Buckets/LegacyTEXTURE/0e/e1/071ec1e1aaf17f7d7d5112598e8fe92e131c.udd" 5547
"C:/Users/Husky Cal/AppData/Local/UnrealEngine/Common/DerivedDataCache/Buckets/LegacyTEXTURE/b3/75/8d9b4aaffade6dde41ccb543345d0aa363f2.udd" 5548
"C:/Users/Husky Cal/AppData/Local/UnrealEngine/Common/DerivedDataCache/Content/1d/10/09b9ea1c199248d743750e3736513c56d001.udd" 5549
"C:/Users/Husky Cal/AppData/Local/UnrealEngine/Common/DerivedDataCache/Content/38/39/9579d178666cb67faf45b5859ae1e9010e26.udd" 5550
"C:/Users/Husky Cal/AppData/Local/UnrealEngine/Common/DerivedDataCache/Buckets/LegacyTEXTURE/52/17/cea9ccd9d512073847bfd971d779c0291077.udd" 5551
"C:/Users/Husky Cal/AppData/Local/UnrealEngine/Common/DerivedDataCache/Content/09/8a/ece7892be7b89589c44bef27664654d110e6.udd" 5552
"C:/Users/Husky Cal/AppData/Local/UnrealEngine/Common/DerivedDataCache/Buckets/LegacyTEXTURE/9c/e4/c1b3cf19e92b3c978ef0fbf95a65c50359ea.udd" 5553
"C:/Users/Husky Cal/AppData/Local/UnrealEngine/Common/DerivedDataCache/Buckets/LegacyTEXTURE/7a/6e/515e9677792a6dd9468ca5bd92a547e20a12.udd" 5554
"C:/Users/Husky Cal/AppData/Local/UnrealEngine/Common/DerivedDataCache/Buckets/LegacyTEXTURE/48/28/9a50f8c651bc2020d007bf649495994992c7.udd" 5555
"C:/Users/Husky Cal/AppData/Local/UnrealEngine/Common/DerivedDataCache/Buckets/LegacyTEXTURE/ad/fb/15fa39e5acc9816564251ee9ccf2ac729215.udd" 5556
"C:/Users/Husky Cal/AppData/Local/UnrealEngine/Common/DerivedDataCache/Buckets/LegacyTEXTURE/32/16/403fa3ad2362a02575adb8068b727c89954f.udd" 5557
"C:/Users/Husky Cal/AppData/Local/UnrealEngine/Common/DerivedDataCache/Buckets/LegacyTEXTURE/e8/bf/eed45341c763ff387660cc579f7d19366512.udd" 5558
"C:/Users/Husky Cal/AppData/Local/UnrealEngine/Common/DerivedDataCache/Buckets/LegacyTEXTURE/9f/54/476373e5a0c2e8c784bc8a9e60b250117a09.udd" 5559
"C:/Users/Husky Cal/AppData/Local/UnrealEngine/Common/DerivedDataCache/Buckets/LegacyTEXTURE/67/b0/9aa96eeccb5a2f1653cbc59db6376b398d24.udd" 5560
"C:/Users/Husky Cal/AppData/Local/UnrealEngine/Common/DerivedDataCache/Buckets/LegacyTEXTURE/8c/92/0b2316d6fb775c744a77df0ba714233b976f.udd" 5561
"C:/Users/Husky Cal/AppData/Local/UnrealEngine/Common/DerivedDataCache/Buckets/LegacyTEXTURE/64/0e/9c2232b992da46f7d0e4d23272e997409c0a.udd" 5562
"C:/Users/Husky Cal/AppData/Local/UnrealEngine/Common/DerivedDataCache/Buckets/LegacyTEXTURE/6a/b8/9fb0ded72fc3f7f5d4db553436cf55b7ce1e.udd" 5563
"C:/Users/Husky Cal/AppData/Local/UnrealEngine/Common/DerivedDataCache/Buckets/LegacyTEXTURE/37/37/7355c86557ba0dcea71706051d0e9815ff39.udd" 5564
"C:/Users/Husky Cal/AppData/Local/UnrealEngine/Common/DerivedDataCache/Buckets/LegacyTEXTURE/56/0f/dd9ee4476d04674cb644e0583092416e6ab9.udd" 5565
"C:/Users/Husky Cal/AppData/Local/UnrealEngine/Common/DerivedDataCache/Buckets/LegacyTEXTURE/6c/59/4ed87283b8bfea41999342739153f73fa647.udd" 5566
"C:/Users/Husky Cal/AppData/Local/UnrealEngine/Common/DerivedDataCache/Buckets/LegacyTEXTURE/61/25/3105672482d122ebadc7826553707b78f6f1.udd" 5567
"C:/Users/Husky Cal/AppData/Local/UnrealEngine/Common/DerivedDataCache/Buckets/LegacyTEXTURE/10/99/600dc719eb16e00b7317b19e2a2106410f44.udd" 5568
"C:/Users/Husky Cal/AppData/Local/UnrealEngine/Common/DerivedDataCache/Buckets/LegacyTEXTURE/1e/6e/a2aba17e6f8a44bd063e43ba41adb7c9a124.udd" 5569
"C:/Users/Husky Cal/AppData/Local/UnrealEngine/Common/DerivedDataCache/Buckets/LegacyTEXTURE/bc/8d/c099d3b85c577e1d59c5a50f10642e8fd53a.udd" 5570
"C:/Users/Husky Cal/AppData/Local/UnrealEngine/Common/DerivedDataCache/Buckets/LegacyTEXTURE/25/51/90ec9cf1542564762e1450cfc3d534064e72.udd" 5571
"C:/Users/Husky Cal/AppData/Local/UnrealEngine/Common/DerivedDataCache/Buckets/LegacyTEXTURE/22/71/e939eee4a17e27b4cb738aa02e4b094df56a.udd" 5572
"C:/Users/Husky Cal/AppData/Local/UnrealEngine/Common/DerivedDataCache/Buckets/LegacyTEXTURE/c0/76/693af9010c733c2acb6031c53c58d6d1608b.udd" 5573
"C:/Users/Husky Cal/AppData/Local/UnrealEngine/Common/DerivedDataCache/Buckets/LegacyTEXTURE/aa/65/ff5cecb03bfd81d3efe1e67b7e1234cbcb5c.udd" 5574
"C:/Users/Husky Cal/AppData/Local/UnrealEngine/Common/DerivedDataCache/Buckets/LegacyTEXTURE/e9/d6/37344572ae4fdb86d2f375ddb711a4e73f45.udd" 5575
"C:/Users/Husky Cal/AppData/Local/UnrealEngine/Common/DerivedDataCache/Buckets/LegacyTEXTURE/24/9d/490f3130b7b2dfe5c51612649fd0defa2d0a.udd" 5576
"C:/Users/Husky Cal/AppData/Local/UnrealEngine/Common/DerivedDataCache/Buckets/LegacyTEXTURE/e1/0c/db14107671c1de5e7ecb6044b65f622e3b15.udd" 5577
"C:/Users/Husky Cal/AppData/Local/UnrealEngine/Common/DerivedDataCache/Buckets/LegacyTEXTURE/48/cf/1124610b6f587d3fa9ec53bd54561990a3f8.udd" 5578
"C:/Users/Husky Cal/AppData/Local/UnrealEngine/Common/DerivedDataCache/Buckets/LegacyTEXTURE/71/91/94d4b58cd07e9d9b861a0879143aa1726d9c.udd" 5579
"C:/Users/Husky Cal/AppData/Local/UnrealEngine/Common/DerivedDataCache/Buckets/LegacyTEXTURE/9b/8b/d27da7c79cc475da461082fa8f28bb9addb8.udd" 5580
"C:/Users/Husky Cal/AppData/Local/UnrealEngine/Common/DerivedDataCache/Buckets/LegacyTEXTURE/ba/e4/6537ef34ca3bea57b37270c8d921d9646416.udd" 5581
"C:/Users/Husky Cal/AppData/Local/UnrealEngine/Common/DerivedDataCache/Buckets/LegacyTEXTURE/82/9c/d9fb57642d6818501e52d605d267b088bc4e.udd" 5582
"C:/Users/Husky Cal/AppData/Local/UnrealEngine/Common/DerivedDataCache/Buckets/LegacyTEXTURE/34/61/bd0734325037d48b30b9a6bc934960c18f1b.udd" 5583
"C:/Users/Husky Cal/AppData/Local/UnrealEngine/Common/DerivedDataCache/Buckets/LegacyTEXTURE/d0/69/6ebcadf6eeaa519cc6b8cee183ecfab4336d.udd" 5584
"C:/Users/Husky Cal/AppData/Local/UnrealEngine/Common/DerivedDataCache/Buckets/LegacyTEXTURE/9c/f9/5dcb5227113a798d8e893d894f01d4ed200d.udd" 5585
"C:/Users/Husky Cal/AppData/Local/UnrealEngine/Common/DerivedDataCache/Buckets/LegacyTEXTURE/ad/b7/8b6760121af8d5fadcaae56def2858a3a867.udd" 5586
"C:/Users/Husky Cal/AppData/Local/UnrealEngine/Common/DerivedDataCache/Buckets/LegacyTEXTURE/8c/e2/a26cc66e965e6c7403c55ea7689db0ea1052.udd" 5587
"C:/Users/Husky Cal/AppData/Local/UnrealEngine/Common/DerivedDataCache/Buckets/LegacyTEXTURE/07/5d/e19ed8f6c3094e203adc0e8710d9f9c43354.udd" 5588
"C:/Users/Husky Cal/AppData/Local/UnrealEngine/Common/DerivedDataCache/Buckets/LegacyTEXTURE/7d/16/96f31148677210be04e0258ddd7ac069926b.udd" 5589
"C:/Users/Husky Cal/AppData/Local/UnrealEngine/Common/DerivedDataCache/Buckets/LegacyTEXTURE/df/2b/22dc196225d29ad47c461d5afc729d00cf45.udd" 5590
"C:/Users/Husky Cal/AppData/Local/UnrealEngine/Common/DerivedDataCache/Buckets/LegacyTEXTURE/8d/73/3250676b07165d0e2a5c2a4c0e12dfecd744.udd" 5591
"C:/Users/Husky Cal/AppData/Local/UnrealEngine/Common/DerivedDataCache/Buckets/LegacyTEXTURE/33/20/acd0fce4bff483034eda0a167d266dcc569c.udd" 5592
"C:/Users/Husky Cal/AppData/Local/UnrealEngine/Common/DerivedDataCache/Buckets/LegacyTEXTURE/ad/99/16888cdac67447dc8665905bf2ff8ac3867c.udd" 5593
"C:/Users/Husky Cal/AppData/Local/UnrealEngine/Common/DerivedDataCache/Buckets/LegacyTEXTURE/37/d2/74804bc8b548e288851c961330bcdbc6de63.udd" 5594
"C:/Users/Husky Cal/AppData/Local/UnrealEngine/Common/DerivedDataCache/Buckets/LegacyTEXTURE/1c/79/ffe99e523bffed844d4c8ea8288dad7f55b8.udd" 5595
"C:/Users/Husky Cal/AppData/Local/UnrealEngine/Common/DerivedDataCache/Buckets/LegacyTEXTURE/28/3b/887e4e145739b5b69306a7a3141b7cd346be.udd" 5596
"C:/Users/Husky Cal/AppData/Local/UnrealEngine/Common/DerivedDataCache/Buckets/LegacyTEXTURE/a6/8c/ba1817a4e63094127e125636bde11cd483d7.udd" 5597
"C:/Users/Husky Cal/AppData/Local/UnrealEngine/Common/DerivedDataCache/Buckets/LegacyTEXTURE/7c/73/e15b865c9bdfdcad36956ed3cc108efb1a33.udd" 5598
"C:/Users/Husky Cal/AppData/Local/UnrealEngine/Common/DerivedDataCache/Content/31/a8/52215179afcbfaea8f021282ce9471942b2f.udd" 5599
"C:/Users/Husky Cal/AppData/Local/UnrealEngine/Common/DerivedDataCache/Buckets/LegacyTEXTURE/8e/14/3dc90ee5a6d484ed48875e3c9f9ab19ae392.udd" 5600
"C:/Users/Husky Cal/AppData/Local/UnrealEngine/Common/DerivedDataCache/Buckets/LegacyTEXTURE/e6/f4/c0a4ae69ee5cdd53d2ac34516cfbe27d508f.udd" 5601
"C:/Users/Husky Cal/AppData/Local/UnrealEngine/Common/DerivedDataCache/Buckets/LegacyTEXTURE/e0/0c/68f00fc2b3e133f20817d1b114f58ec6ac8a.udd" 5602
"C:/Users/Husky Cal/AppData/Local/UnrealEngine/Common/DerivedDataCache/Buckets/LegacyTEXTURE/d0/2e/bc95e5787bdd58023f0588cdb39709e2fbe5.udd" 5603
"C:/Users/Husky Cal/AppData/Local/UnrealEngine/Common/DerivedDataCache/Buckets/LegacyTEXTURE/c1/1f/e66b56f88837a852cf9311b8f385467ced68.udd" 5604
"C:/Users/Husky Cal/AppData/Local/UnrealEngine/Common/DerivedDataCache/Buckets/LegacyTEXTURE/28/73/6062659fde6c109d74b247dc6a89ed26f9dd.udd" 5605
"C:/Users/Husky Cal/AppData/Local/UnrealEngine/Common/DerivedDataCache/Buckets/LegacyTEXTURE/43/91/a7158819725c92d775101297c85e082bb9a0.udd" 5606
"C:/Users/Husky Cal/AppData/Local/UnrealEngine/Common/DerivedDataCache/Buckets/LegacyTEXTURE/b7/0d/600be5eaefa2f66d109226c1d7e9b78c0c59.udd" 5607
"C:/Users/Husky Cal/AppData/Local/UnrealEngine/Common/DerivedDataCache/Buckets/LegacyTEXTURE/c0/e0/765c1b7d9e65efdec5816f1c17c7b2706a6f.udd" 5608
"C:/Users/Husky Cal/AppData/Local/UnrealEngine/Common/DerivedDataCache/Buckets/LegacyTEXTURE/56/07/76ab1dbd8b0b5d3cd21d369df83059c6620b.udd" 5609
"C:/Users/Husky Cal/AppData/Local/UnrealEngine/Common/DerivedDataCache/Buckets/LegacyTEXTURE/5f/0e/96b106ff80a45fe91428e76c211ab316df41.udd" 5610
"C:/Users/Husky Cal/AppData/Local/UnrealEngine/Common/DerivedDataCache/Buckets/LegacyTEXTURE/73/38/cdc14e04ae2ec60904b82637fb6790f7db14.udd" 5611
"C:/Users/Husky Cal/AppData/Local/UnrealEngine/Common/DerivedDataCache/Buckets/LegacyTEXTURE/4b/ca/bb6eec09fe33b66117f53f00c3f3c3a25ea1.udd" 5612
"C:/Users/Husky Cal/AppData/Local/UnrealEngine/Common/DerivedDataCache/Buckets/LegacyTEXTURE/e3/47/3300485fa8624716bb5f49434da756c403c4.udd" 5613
"C:/Users/Husky Cal/AppData/Local/UnrealEngine/Common/DerivedDataCache/Content/e6/b4/815f15029d6022c57e4db21d11d39847322e.udd" 5614
"C:/Users/Husky Cal/AppData/Local/UnrealEngine/Common/DerivedDataCache/Buckets/LegacyTEXTURE/fb/bc/1b3d977211baf3e4e751b9e10c4bf42d1d35.udd" 5615
"C:/Users/Husky Cal/AppData/Local/UnrealEngine/Common/DerivedDataCache/Buckets/LegacyTEXTURE/67/ce/64b39cf4160b493470d56d07c3f9c5935374.udd" 5616
"C:/Users/Husky Cal/AppData/Local/UnrealEngine/Common/DerivedDataCache/Buckets/LegacyTEXTURE/ef/4f/7f66b986292000d17ca60ec85829843db5bc.udd" 5617
"C:/Users/Husky Cal/AppData/Local/UnrealEngine/Common/DerivedDataCache/Buckets/LegacyTEXTURE/bd/8c/ddf3e189f22dc117f5baa96d1934805a4535.udd" 5618
"F:/Pro/FPSRogueLikePrj/FPSRogueLike/Content/Realistic_Starter_VFX_Pack_Vol2/Textures/T_Splash_A.uasset" 5619
"F:/Pro/FPSRogueLikePrj/FPSRogueLike/Content/Realistic_Starter_VFX_Pack_Vol2/Textures/T_Spark_B.uasset" 5620
"C:/Users/Husky Cal/AppData/Local/UnrealEngine/Common/DerivedDataCache/Buckets/BulkDataList/56/3d/8e21b9fdde477edac2291c6aeed1b5531fd5.udd" 5621
"C:/Users/Husky Cal/AppData/Local/UnrealEngine/Common/DerivedDataCache/Buckets/BulkDataPayloadId/6e/c5/c63cf9c10a92ba0b6fe00b1a58b4edde116c.udd" 5622
"C:/Users/Husky Cal/AppData/Local/UnrealEngine/Common/DerivedDataCache/Buckets/BulkDataList/f9/93/2119cf168455a2d69d0bcefe4ab24be8d2d8.udd" 5623
"C:/Users/Husky Cal/AppData/Local/UnrealEngine/Common/DerivedDataCache/Buckets/BulkDataPayloadId/4d/24/86701417da58a8edc126af69c28f727a780a.udd" 5624
"F:/Pro/FPSRogueLikePrj/FPSRogueLike/Content/Realistic_Starter_VFX_Pack_Vol2/Textures/T_Spark_A.uasset" 5625
"C:/Users/Husky Cal/AppData/Local/UnrealEngine/Common/DerivedDataCache/Buckets/BulkDataList/96/43/dfb983e8ed7779046f19d711a28b809fe289.udd" 5626
"F:/Pro/FPSRogueLikePrj/FPSRogueLike/Content/Realistic_Starter_VFX_Pack_Vol2/Textures/T_Smoke_Wisp.uasset" 5627
"C:/Users/Husky Cal/AppData/Local/UnrealEngine/Common/DerivedDataCache/Buckets/BulkDataPayloadId/92/fd/70267c82a99fa4842e5b8a421d5938a6c236.udd" 5628
"C:/Users/Husky Cal/AppData/Local/UnrealEngine/Common/DerivedDataCache/Buckets/BulkDataList/aa/c4/fd0ccdd3c82871198fded5ec3fe0efe1e03e.udd" 5629
"F:/Pro/FPSRogueLikePrj/FPSRogueLike/Content/Realistic_Starter_VFX_Pack_Vol2/Textures/T_Smoke_Puff_color.uasset" 5630
"C:/Users/Husky Cal/AppData/Local/UnrealEngine/Common/DerivedDataCache/Buckets/BulkDataPayloadId/04/4b/275805cf8996cad40204f0771bf3fdac7608.udd" 5631
"C:/Users/Husky Cal/AppData/Local/UnrealEngine/Common/DerivedDataCache/Buckets/BulkDataList/2e/af/576be7bfd049e7c81afcf33bc4d330f5ec03.udd" 5632
"F:/Pro/FPSRogueLikePrj/FPSRogueLike/Content/Realistic_Starter_VFX_Pack_Vol2/Textures/T_Smoke_Ground.uasset" 5633
"C:/Users/Husky Cal/AppData/Local/UnrealEngine/Common/DerivedDataCache/Buckets/BulkDataPayloadId/ea/bc/ed68c40651e705c1eaf1155bc020f61eb87e.udd" 5634
"C:/Users/Husky Cal/AppData/Local/UnrealEngine/Common/DerivedDataCache/Buckets/BulkDataList/91/4a/e7437280cd858bdd12ba228ca3e5a09ebf70.udd" 5635
"F:/Pro/FPSRogueLikePrj/FPSRogueLike/Content/Realistic_Starter_VFX_Pack_Vol2/Textures/T_Smoke_G.uasset" 5636
"C:/Users/Husky Cal/AppData/Local/UnrealEngine/Common/DerivedDataCache/Buckets/BulkDataPayloadId/65/f3/78b4b25b1b22594086985be57cebe2fddd36.udd" 5637
"C:/Users/Husky Cal/AppData/Local/UnrealEngine/Common/DerivedDataCache/Buckets/BulkDataList/5e/25/034a8beab5ddb26324e4312d8a74a467d12e.udd" 5638
"F:/Pro/FPSRogueLikePrj/FPSRogueLike/Content/Realistic_Starter_VFX_Pack_Vol2/Textures/T_Smoke_B.uasset" 5639
"C:/Users/Husky Cal/AppData/Local/UnrealEngine/Common/DerivedDataCache/Buckets/BulkDataPayloadId/42/c5/c2b20889fcc7c659b4da9999591e8eb20134.udd" 5640
"C:/Users/Husky Cal/AppData/Local/UnrealEngine/Common/DerivedDataCache/Buckets/BulkDataList/d3/6d/4032ea7508e429f2c4bf6b8c44fce43fe5ec.udd" 5641
"F:/Pro/FPSRogueLikePrj/FPSRogueLike/Content/Realistic_Starter_VFX_Pack_Vol2/Textures/T_Smoke_A.uasset" 5642
"C:/Users/Husky Cal/AppData/Local/UnrealEngine/Common/DerivedDataCache/Buckets/BulkDataPayloadId/50/4b/8eeee4d371fcb22f1e55964baad27f6966c2.udd" 5643
"C:/Users/Husky Cal/AppData/Local/UnrealEngine/Common/DerivedDataCache/Buckets/BulkDataList/57/87/2496a7cfb25e6039eb62a005f9b0b7b1a449.udd" 5644
"F:/Pro/FPSRogueLikePrj/FPSRogueLike/Content/Realistic_Starter_VFX_Pack_Vol2/Textures/T_Rocks_NM.uasset" 5645
"C:/Users/Husky Cal/AppData/Local/UnrealEngine/Common/DerivedDataCache/Buckets/BulkDataPayloadId/9a/7a/daf2c3bcb77d8028336b6944a407b2b2b2f1.udd" 5646
"C:/Users/Husky Cal/AppData/Local/UnrealEngine/Common/DerivedDataCache/Buckets/BulkDataList/78/32/fe8ae35b2a228c745405d0b44f863a7b3184.udd" 5647
"F:/Pro/FPSRogueLikePrj/FPSRogueLike/Content/Realistic_Starter_VFX_Pack_Vol2/Textures/T_Rocks.uasset" 5648
"C:/Users/Husky Cal/AppData/Local/UnrealEngine/Common/DerivedDataCache/Buckets/BulkDataPayloadId/4e/f2/459d4ab17a1a29d4a5b9e3afa83b78652e1a.udd" 5649
"C:/Users/Husky Cal/AppData/Local/UnrealEngine/Common/DerivedDataCache/Buckets/BulkDataList/ec/33/b19a813b27daa8cc0a9e477123bf88318761.udd" 5650
"F:/Pro/FPSRogueLikePrj/FPSRogueLike/Content/Realistic_Starter_VFX_Pack_Vol2/Textures/T_Paper.uasset" 5651
"C:/Users/Husky Cal/AppData/Local/UnrealEngine/Common/DerivedDataCache/Buckets/BulkDataPayloadId/b5/b7/a8e1ac4ec257f55a17db95ba393b6c859e70.udd" 5652
"C:/Users/Husky Cal/AppData/Local/UnrealEngine/Common/DerivedDataCache/Buckets/BulkDataList/7e/61/586668ab0108f2142e762bfbe806536be5d2.udd" 5653
"F:/Pro/FPSRogueLikePrj/FPSRogueLike/Content/Realistic_Starter_VFX_Pack_Vol2/Textures/T_NoiseNormal_B.uasset" 5654
"C:/Users/Husky Cal/AppData/Local/UnrealEngine/Common/DerivedDataCache/Buckets/BulkDataPayloadId/e7/cc/96dbf82f5dfab65636f5a50c18103b714218.udd" 5655
"C:/Users/Husky Cal/AppData/Local/UnrealEngine/Common/DerivedDataCache/Buckets/BulkDataList/21/a0/ff49645473f9958df2180db48b3610d4d5b4.udd" 5656
"F:/Pro/FPSRogueLikePrj/FPSRogueLike/Content/Realistic_Starter_VFX_Pack_Vol2/Textures/T_NoiseNormal_A.uasset" 5657
"C:/Users/Husky Cal/AppData/Local/UnrealEngine/Common/DerivedDataCache/Buckets/BulkDataPayloadId/5c/77/d2b03b75bced4dd54b18933ed7dd098decad.udd" 5658
"C:/Users/Husky Cal/AppData/Local/UnrealEngine/Common/DerivedDataCache/Buckets/BulkDataList/f5/1c/1d555e615968529733c7db7f28c01ab0c143.udd" 5659
"F:/Pro/FPSRogueLikePrj/FPSRogueLike/Content/Realistic_Starter_VFX_Pack_Vol2/Textures/T_Lightning_A.uasset" 5660
"C:/Users/Husky Cal/AppData/Local/UnrealEngine/Common/DerivedDataCache/Buckets/BulkDataPayloadId/7e/0b/942605685db3ea2e91e584589cb345e8e8f1.udd" 5661
"C:/Users/Husky Cal/AppData/Local/UnrealEngine/Common/DerivedDataCache/Buckets/BulkDataList/03/87/95372502fc0cc9bc39b65248b6412a0893e4.udd" 5662
"F:/Pro/FPSRogueLikePrj/FPSRogueLike/Content/Realistic_Starter_VFX_Pack_Vol2/Textures/T_Leaves.uasset" 5663
"C:/Users/Husky Cal/AppData/Local/UnrealEngine/Common/DerivedDataCache/Buckets/BulkDataPayloadId/1a/dd/fa0f8f1ed66a253ee6070daf3128a38e13c3.udd" 5664
"C:/Users/Husky Cal/AppData/Local/UnrealEngine/Common/DerivedDataCache/Buckets/BulkDataList/2c/a1/5f884cff8b93d792aa757422c9d32523d776.udd" 5665
"C:/Users/Husky Cal/AppData/Local/UnrealEngine/Common/DerivedDataCache/Buckets/BulkDataPayloadId/26/1a/44ba9c4f966a84a4ba47972f9477d1a349cd.udd" 5666
"F:/Pro/FPSRogueLikePrj/FPSRogueLike/Content/Realistic_Starter_VFX_Pack_Vol2/Textures/T_Impact_Flare.uasset" 5667
"C:/Users/Husky Cal/AppData/Local/UnrealEngine/Common/DerivedDataCache/Buckets/LegacyTEXTURE/42/b6/c4486b13cfa8ce64a3c3eb6049195f5d4349.udd" 5668
"C:/Users/Husky Cal/AppData/Local/UnrealEngine/Common/DerivedDataCache/Buckets/LegacyTEXTURE/60/e4/ec53902dd7fdf65f11bec62e6437ee4f487e.udd" 5669
"C:/Users/Husky Cal/AppData/Local/UnrealEngine/Common/DerivedDataCache/Buckets/LegacyTEXTURE/cc/ef/182fae6deaa49d2d541e3269465427d7c2a4.udd" 5670
"C:/Users/Husky Cal/AppData/Local/UnrealEngine/Common/DerivedDataCache/Buckets/LegacyTEXTURE/c3/ee/31146921e5837e4899ac4d8e8a631cb182b0.udd" 5671
"C:/Users/Husky Cal/AppData/Local/UnrealEngine/Common/DerivedDataCache/Buckets/LegacyTEXTURE/bf/b9/d06a6bae7e7f041962764fe588c320a63fa9.udd" 5672
"C:/Users/Husky Cal/AppData/Local/UnrealEngine/Common/DerivedDataCache/Buckets/LegacyTEXTURE/4f/6d/8c857366e3fe81c20ab5c530925af42fda93.udd" 5673
"C:/Users/Husky Cal/AppData/Local/UnrealEngine/Common/DerivedDataCache/Buckets/LegacyTEXTURE/da/75/7e7f6a65e9a018d761b579f30d48c1cc4b1a.udd" 5674
"C:/Users/Husky Cal/AppData/Local/UnrealEngine/Common/DerivedDataCache/Buckets/LegacyTEXTURE/f0/e6/720b2d0d370cf656d23e009a35d049e97a8f.udd" 5675
"C:/Users/Husky Cal/AppData/Local/UnrealEngine/Common/DerivedDataCache/Buckets/LegacyTEXTURE/be/cc/9cbd2d045833b26a26a20fe94573431a645c.udd" 5676
"C:/Users/Husky Cal/AppData/Local/UnrealEngine/Common/DerivedDataCache/Buckets/LegacyTEXTURE/e9/14/bf3aa6841d0491ea7ff652570b393cb4032f.udd" 5677
"C:/Users/Husky Cal/AppData/Local/UnrealEngine/Common/DerivedDataCache/Buckets/LegacyTEXTURE/0d/5d/e10cb4ce87dbf59d43882fc79684b72e91d3.udd" 5678
"C:/Users/Husky Cal/AppData/Local/UnrealEngine/Common/DerivedDataCache/Buckets/LegacyTEXTURE/c2/9b/b57ed079df31dd687960388ba74505d0ef9b.udd" 5679
"C:/Users/Husky Cal/AppData/Local/UnrealEngine/Common/DerivedDataCache/Buckets/LegacyTEXTURE/63/43/3d7926f566102cf31178abc0045b3b3d91ef.udd" 5680
"C:/Users/Husky Cal/AppData/Local/UnrealEngine/Common/DerivedDataCache/Buckets/LegacyTEXTURE/53/c6/e093fbaeb5395ce409c0a6bbdfcc870f05d1.udd" 5681
"C:/Users/Husky Cal/AppData/Local/UnrealEngine/Common/DerivedDataCache/Buckets/LegacyTEXTURE/91/46/a920e74aff1928e7d6c586e844f1283143b4.udd" 5682
"C:/Users/Husky Cal/AppData/Local/UnrealEngine/Common/DerivedDataCache/Buckets/LegacyTEXTURE/df/69/0aac66b705f6d8ccde65969b737f9608e224.udd" 5683
"C:/Users/Husky Cal/AppData/Local/UnrealEngine/Common/DerivedDataCache/Buckets/LegacyTEXTURE/d9/7a/90f7cf8f69c1cbbf32bb0fbc3b20a5d2252b.udd" 5684
"C:/Users/Husky Cal/AppData/Local/UnrealEngine/Common/DerivedDataCache/Buckets/LegacyTEXTURE/92/09/543a33834c4b160474fa0ce5658da1958e06.udd" 5685
"C:/Users/Husky Cal/AppData/Local/UnrealEngine/Common/DerivedDataCache/Buckets/LegacyTEXTURE/f8/c0/6abd2d5d7359e8ff33b83958f13dfc16b15c.udd" 5686
"C:/Users/Husky Cal/AppData/Local/UnrealEngine/Common/DerivedDataCache/Buckets/LegacyTEXTURE/2a/a9/4354e80e9f15e696c8b74cf29a82b5761d09.udd" 5687
"C:/Users/Husky Cal/AppData/Local/UnrealEngine/Common/DerivedDataCache/Buckets/LegacyTEXTURE/fb/0e/149eac0f6ca674bc38f7df54a5c53df65eec.udd" 5688
"C:/Users/Husky Cal/AppData/Local/UnrealEngine/Common/DerivedDataCache/Buckets/LegacyTEXTURE/76/c4/405c524e1f65526c866d4bb4ff797a1700b0.udd" 5689
"C:/Users/Husky Cal/AppData/Local/UnrealEngine/Common/DerivedDataCache/Buckets/LegacyTEXTURE/7a/d1/4c828751b13df8ba4cb3bf890a6c5e3ce0f3.udd" 5690
"C:/Users/Husky Cal/AppData/Local/UnrealEngine/Common/DerivedDataCache/Buckets/LegacyTEXTURE/be/95/c6686e57a24aedf59e939d8ac7167f68e26b.udd" 5691
"C:/Users/Husky Cal/AppData/Local/UnrealEngine/Common/DerivedDataCache/Buckets/LegacyTEXTURE/57/df/2e39a728cbc1f9d5c97212847a52d7c3046b.udd" 5692
"C:/Users/Husky Cal/AppData/Local/UnrealEngine/Common/DerivedDataCache/Buckets/LegacyTEXTURE/7b/73/d922d9c4dca16faf4ba504a5ea3857d6a48d.udd" 5693
"C:/Users/Husky Cal/AppData/Local/UnrealEngine/Common/DerivedDataCache/Buckets/LegacyTEXTURE/79/2a/962e95967b3f2b0aadfdc92de28f0392d443.udd" 5694
"C:/Users/Husky Cal/AppData/Local/UnrealEngine/Common/DerivedDataCache/Buckets/LegacyTEXTURE/d1/83/3ca69162feb249033e56d819c2108080303d.udd" 5695
"C:/Users/Husky Cal/AppData/Local/UnrealEngine/Common/DerivedDataCache/Buckets/LegacyTEXTURE/db/80/42ba3bd93cf740534c729b2709bd99750715.udd" 5696
"C:/Users/Husky Cal/AppData/Local/UnrealEngine/Common/DerivedDataCache/Buckets/LegacyTEXTURE/97/ff/7c3b9feeea7ee573974fb5fe0d635eb11b23.udd" 5697
"C:/Users/Husky Cal/AppData/Local/UnrealEngine/Common/DerivedDataCache/Buckets/LegacyTEXTURE/9f/b0/b3f86321857c6750978bea5aa1856e42b836.udd" 5698
"C:/Users/Husky Cal/AppData/Local/UnrealEngine/Common/DerivedDataCache/Buckets/LegacyTEXTURE/31/70/6b9472015dbc162fa02d17cb56097a7e255e.udd" 5699
"C:/Users/Husky Cal/AppData/Local/UnrealEngine/Common/DerivedDataCache/Buckets/LegacyTEXTURE/bf/84/c464ef9f5c10dd064462354fffc15fe2d02b.udd" 5700
"C:/Users/Husky Cal/AppData/Local/UnrealEngine/Common/DerivedDataCache/Buckets/LegacyTEXTURE/41/d1/96b9d11b62e9a9d21711f35f18d9097d1434.udd" 5701
"C:/Users/Husky Cal/AppData/Local/UnrealEngine/Common/DerivedDataCache/Buckets/LegacyTEXTURE/03/98/54df2cf10c4fe5cdf156d7d9dfdb189e9e53.udd" 5702
"C:/Users/Husky Cal/AppData/Local/UnrealEngine/Common/DerivedDataCache/Buckets/LegacyTEXTURE/a0/96/59c884b287de196b62ed581c42b96fecfab1.udd" 5703
"C:/Users/Husky Cal/AppData/Local/UnrealEngine/Common/DerivedDataCache/Buckets/LegacyTEXTURE/8a/bf/8aee885466990650f613e0c949383043fcbd.udd" 5704
"C:/Users/Husky Cal/AppData/Local/UnrealEngine/Common/DerivedDataCache/Buckets/LegacyTEXTURE/5c/fa/295f076e760edee56c5c51a7c018e1850620.udd" 5705
"C:/Users/Husky Cal/AppData/Local/UnrealEngine/Common/DerivedDataCache/Buckets/LegacyTEXTURE/09/c4/a4ce2ad0e84c76c75f97520e501a71e79bf6.udd" 5706
"C:/Users/Husky Cal/AppData/Local/UnrealEngine/Common/DerivedDataCache/Buckets/LegacyTEXTURE/a0/3f/6d3920303bf9e88819123c9051ad24e7ba45.udd" 5707
"C:/Users/Husky Cal/AppData/Local/UnrealEngine/Common/DerivedDataCache/Buckets/LegacyTEXTURE/74/d1/d61dfc966c9667fde946c91f1b5247707467.udd" 5708
"C:/Users/Husky Cal/AppData/Local/UnrealEngine/Common/DerivedDataCache/Buckets/LegacyTEXTURE/79/80/758bdad254d7e025646893c12dea4ca0c0ef.udd" 5709
"C:/Users/Husky Cal/AppData/Local/UnrealEngine/Common/DerivedDataCache/Buckets/LegacyTEXTURE/26/d9/3aeccb3d3af2980322c386c7e2b939d2b45a.udd" 5710
"C:/Users/Husky Cal/AppData/Local/UnrealEngine/Common/DerivedDataCache/Buckets/LegacyTEXTURE/a0/6a/e71da4eceb484315dc9aa160e6070b7b671c.udd" 5711
"C:/Users/Husky Cal/AppData/Local/UnrealEngine/Common/DerivedDataCache/Buckets/LegacyTEXTURE/fe/82/6c9612c5966bf4e2891b71c3da9503daf4e1.udd" 5712
"C:/Users/Husky Cal/AppData/Local/UnrealEngine/Common/DerivedDataCache/Buckets/LegacyTEXTURE/19/00/ee1b3aa7a69fff62356ee96ccd819f29235f.udd" 5713
"C:/Users/Husky Cal/AppData/Local/UnrealEngine/Common/DerivedDataCache/Buckets/LegacyTEXTURE/28/8e/16c2c715b625ec1e19d1b63fadf39b99b270.udd" 5714
"C:/Users/Husky Cal/AppData/Local/UnrealEngine/Common/DerivedDataCache/Buckets/LegacyTEXTURE/0f/08/d5c75dac59386df9ae048a82007c7c65b390.udd" 5715
"C:/Users/Husky Cal/AppData/Local/UnrealEngine/Common/DerivedDataCache/Buckets/LegacyTEXTURE/f8/56/597b140923baba6b8b875a7c50449d17ecb3.udd" 5716
"C:/Users/Husky Cal/AppData/Local/UnrealEngine/Common/DerivedDataCache/Buckets/LegacyTEXTURE/b5/a4/2ef47b1834ca16b2668928f0fd47d75ce366.udd" 5717
"C:/Users/Husky Cal/AppData/Local/UnrealEngine/Common/DerivedDataCache/Buckets/LegacyTEXTURE/12/a6/acb26864bd01652715f16d04c0e10268e0b3.udd" 5718
"C:/Users/Husky Cal/AppData/Local/UnrealEngine/Common/DerivedDataCache/Buckets/LegacyTEXTURE/fb/4f/65d3d5dff131d3b02a021aecad067068de70.udd" 5719
"C:/Users/Husky Cal/AppData/Local/UnrealEngine/Common/DerivedDataCache/Buckets/LegacyTEXTURE/45/f9/24f8e545be1c149c22b106a381af18cb45ca.udd" 5720
"C:/Users/Husky Cal/AppData/Local/UnrealEngine/Common/DerivedDataCache/Buckets/LegacyTEXTURE/41/be/4a8aaf8e1e9c4d8b63252266584c898dde03.udd" 5721
"C:/Users/Husky Cal/AppData/Local/UnrealEngine/Common/DerivedDataCache/Buckets/LegacyTEXTURE/8a/c4/35b155e754b65aa980b54b7ecbe1a5c0e7a1.udd" 5722
"C:/Users/Husky Cal/AppData/Local/UnrealEngine/Common/DerivedDataCache/Buckets/LegacyTEXTURE/ba/49/3e0c6c169b739556ea5f067ecaf2bfe177fb.udd" 5723
"C:/Users/Husky Cal/AppData/Local/UnrealEngine/Common/DerivedDataCache/Buckets/LegacyTEXTURE/75/4b/5e3a2cfcb05dde67b47fb0637094d4798990.udd" 5724
"C:/Users/Husky Cal/AppData/Local/UnrealEngine/Common/DerivedDataCache/Buckets/LegacyTEXTURE/f1/02/24377dacde9612ac4a9543063b55025a4b34.udd" 5725
"C:/Users/Husky Cal/AppData/Local/UnrealEngine/Common/DerivedDataCache/Buckets/LegacyTEXTURE/17/d0/e87fbf5dc2c30c8fc96b74b618290ac876b7.udd" 5726
"C:/Users/Husky Cal/AppData/Local/UnrealEngine/Common/DerivedDataCache/Buckets/LegacyTEXTURE/88/bd/00e192b225e9a1de9a6009a57f924f6b6d2c.udd" 5727
"C:/Users/Husky Cal/AppData/Local/UnrealEngine/Common/DerivedDataCache/Buckets/LegacyTEXTURE/bb/78/afd439614ab3ae88104cadb2c4094595af9d.udd" 5728
"C:/Users/Husky Cal/AppData/Local/UnrealEngine/Common/DerivedDataCache/Content/b8/28/5332fea7c6c6a71ff6e0da2564ee7596a7e7.udd" 5729
"C:/Users/Husky Cal/AppData/Local/UnrealEngine/Common/DerivedDataCache/Buckets/BulkDataList/2d/60/4084c859a5d83f111a2113c668d1b0c7921e.udd" 5730
"C:/Users/Husky Cal/AppData/Local/UnrealEngine/Common/DerivedDataCache/Buckets/BulkDataPayloadId/57/9c/c964d7bbbec5e102754ffe4d3a6d03b937d7.udd" 5731
"C:/Users/Husky Cal/AppData/Local/UnrealEngine/Common/DerivedDataCache/Buckets/LegacyTEXTURE/59/76/3d972fd48cb13de1580608b228b478426f78.udd" 5732
"C:/Users/Husky Cal/AppData/Local/UnrealEngine/Common/DerivedDataCache/Buckets/LegacyTEXTURE/20/9b/5df80531922a3eeb61f362d82021fc7f1c8b.udd" 5733
"F:/Pro/FPSRogueLikePrj/FPSRogueLike/Content/Realistic_Starter_VFX_Pack_Vol2/Textures/T_Impact.uasset" 5734
"C:/Users/Husky Cal/AppData/Local/UnrealEngine/Common/DerivedDataCache/Buckets/LegacyTEXTURE/ad/30/5c56dae27976e2506539771c86855ddfe41c.udd" 5735
"C:/Users/Husky Cal/AppData/Local/UnrealEngine/Common/DerivedDataCache/Buckets/BulkDataList/3c/4a/31c36faa8a68ba735602b70d180fa57e8c5e.udd" 5736
"C:/Users/Husky Cal/AppData/Local/UnrealEngine/Common/DerivedDataCache/Buckets/LegacyTEXTURE/43/ba/9ff5f0cd0bf3aeff3af5d2b52903b221a0c2.udd" 5737
"F:/Pro/FPSRogueLikePrj/FPSRogueLike/Content/Realistic_Starter_VFX_Pack_Vol2/Textures/T_Glass.uasset" 5738
"C:/Users/Husky Cal/AppData/Local/UnrealEngine/Common/DerivedDataCache/Buckets/BulkDataPayloadId/95/dd/45144bce403bdbf7307b83584bbafd11566b.udd" 5739
"C:/Users/Husky Cal/AppData/Local/UnrealEngine/Common/DerivedDataCache/Content/74/bc/bf9a234fbb8e86ae8231d056550c01bd8011.udd" 5740
"F:/Pro/FPSRogueLikePrj/FPSRogueLike/Content/Realistic_Starter_VFX_Pack_Vol2/Textures/T_Flies.uasset" 5741
"C:/Users/Husky Cal/AppData/Local/UnrealEngine/Common/DerivedDataCache/Buckets/BulkDataList/46/eb/1ab1f4c5554f471ac60a0c51220a2d5cf39b.udd" 5742
"C:/Users/Husky Cal/AppData/Local/UnrealEngine/Common/DerivedDataCache/Buckets/BulkDataPayloadId/f5/60/435c82a0e444a8e9a15a83cae922dde4246c.udd" 5743
"C:/Users/Husky Cal/AppData/Local/UnrealEngine/Common/DerivedDataCache/Buckets/LegacyTEXTURE/99/16/be338ece200dda546415e1ba0a8e7bd5ad5b.udd" 5744
"C:/Users/Husky Cal/AppData/Local/UnrealEngine/Common/DerivedDataCache/Buckets/BulkDataList/7e/92/7ee4aed5b87b2035686aa08075fe674df337.udd" 5745
"C:/Users/Husky Cal/AppData/Local/UnrealEngine/Common/DerivedDataCache/Buckets/BulkDataPayloadId/12/29/2a022d8f118a695089f3f6112dd13cd0cfb9.udd" 5746
"C:/Users/Husky Cal/AppData/Local/UnrealEngine/Common/DerivedDataCache/Buckets/LegacyTEXTURE/d5/6b/9ba11cb0be706c4d44c7218de9a6a7e7bc3f.udd" 5747
"C:/Users/Husky Cal/AppData/Local/UnrealEngine/Common/DerivedDataCache/Buckets/LegacyTEXTURE/bb/45/cbb40f4f601176a0f6154f4d470d1400c6a9.udd" 5748
"C:/Users/Husky Cal/AppData/Local/UnrealEngine/Common/DerivedDataCache/Buckets/LegacyTEXTURE/78/f7/6cc42e22d96dbdbfc4ea3d7f1f69382aebec.udd" 5749
"C:/Users/Husky Cal/AppData/Local/UnrealEngine/Common/DerivedDataCache/Buckets/LegacyTEXTURE/3e/14/4c2e80619d41c97296d7b7d8b76cc0447a8a.udd" 5750
"C:/Users/Husky Cal/AppData/Local/UnrealEngine/Common/DerivedDataCache/Content/5d/f5/52a051f51293872f965837b136463ece623c.udd" 5751
"F:/Pro/FPSRogueLikePrj/FPSRogueLike/Content/Realistic_Starter_VFX_Pack_Vol2/Textures/T_Flare_D.uasset" 5752
"C:/Users/Husky Cal/AppData/Local/UnrealEngine/Common/DerivedDataCache/Buckets/LegacyTEXTURE/00/08/5cc8be3c9f69fce08be8a25f14b05939cd5f.udd" 5753
"C:/Users/Husky Cal/AppData/Local/UnrealEngine/Common/DerivedDataCache/Buckets/LegacyTEXTURE/97/b4/7bae93568eb7f7b1f101f00eebd0721e53f7.udd" 5754
"C:/Users/Husky Cal/AppData/Local/UnrealEngine/Common/DerivedDataCache/Buckets/LegacyTEXTURE/80/ed/7c328c04c126e6acf50e4ecb0330a8082ae6.udd" 5755
"C:/Users/Husky Cal/AppData/Local/UnrealEngine/Common/DerivedDataCache/Buckets/LegacyTEXTURE/54/63/082198038e5972f90558b126d716ec46f615.udd" 5756
"F:/Pro/FPSRogueLikePrj/FPSRogueLike/Content/Realistic_Starter_VFX_Pack_Vol2/Textures/T_Flare_A.uasset" 5757
"F:/Pro/FPSRogueLikePrj/FPSRogueLike/Content/Realistic_Starter_VFX_Pack_Vol2/Textures/T_Fish_NM.uasset" 5758
"F:/Pro/FPSRogueLikePrj/FPSRogueLike/Content/Realistic_Starter_VFX_Pack_Vol2/Textures/T_Fish.uasset" 5759
"F:/Pro/FPSRogueLikePrj/FPSRogueLike/Content/Realistic_Starter_VFX_Pack_Vol2/Textures/T_Fire_F.uasset" 5760
"F:/Pro/FPSRogueLikePrj/FPSRogueLike/Content/Realistic_Starter_VFX_Pack_Vol2/Textures/T_Fire_E.uasset" 5761
"F:/Pro/FPSRogueLikePrj/FPSRogueLike/Content/Realistic_Starter_VFX_Pack_Vol2/Textures/T_Fire_D.uasset" 5762
"F:/Pro/FPSRogueLikePrj/FPSRogueLike/Content/Realistic_Starter_VFX_Pack_Vol2/Textures/T_Fire_B.uasset" 5763
"C:/Users/Husky Cal/AppData/Local/UnrealEngine/Common/DerivedDataCache/Buckets/BulkDataList/a8/e8/43e9cab12f104e4cc6da5167526bfbabb3c6.udd" 5764
"C:/Users/Husky Cal/AppData/Local/UnrealEngine/Common/DerivedDataCache/Buckets/BulkDataPayloadId/9d/db/1b5ed7b8471b4cf57c172080868b7143e03b.udd" 5765
"F:/Pro/FPSRogueLikePrj/FPSRogueLike/Content/Realistic_Starter_VFX_Pack_Vol2/Textures/T_Fire_A.uasset" 5766
"C:/Users/Husky Cal/AppData/Local/UnrealEngine/Common/DerivedDataCache/Buckets/BulkDataList/1b/1b/7f1832439ad2e75e1c120f606223517bd62f.udd" 5767
"C:/Users/Husky Cal/AppData/Local/UnrealEngine/Common/DerivedDataCache/Buckets/BulkDataPayloadId/ed/72/b34f5edc149d5c6f5b775e6cb9760b65796a.udd" 5768
"C:/Users/Husky Cal/AppData/Local/UnrealEngine/Common/DerivedDataCache/Buckets/BulkDataList/b8/54/e3662cbb62f9ff0f0ddd2801b34d86eb09f9.udd" 5769
"C:/Users/Husky Cal/AppData/Local/UnrealEngine/Common/DerivedDataCache/Buckets/BulkDataPayloadId/ad/3e/fd43813b26e19999271da93a2979d78aef3c.udd" 5770
"F:/Pro/FPSRogueLikePrj/FPSRogueLike/Content/Realistic_Starter_VFX_Pack_Vol2/Textures/T_Fireflies_Emms.uasset" 5771
"C:/Users/Husky Cal/AppData/Local/UnrealEngine/Common/DerivedDataCache/Buckets/BulkDataList/6a/b1/a83db5533ae30674e30c663c191d1a7a275d.udd" 5772
"F:/Pro/FPSRogueLikePrj/FPSRogueLike/Content/Realistic_Starter_VFX_Pack_Vol2/Textures/T_Explosion_E.uasset" 5773
"C:/Users/Husky Cal/AppData/Local/UnrealEngine/Common/DerivedDataCache/Buckets/BulkDataPayloadId/8d/27/36035addc5b3572b352bb8b683879bcd0013.udd" 5774
"C:/Users/Husky Cal/AppData/Local/UnrealEngine/Common/DerivedDataCache/Buckets/BulkDataList/57/32/19e7794c2c4196146115f8d43594d181fbb7.udd" 5775
"F:/Pro/FPSRogueLikePrj/FPSRogueLike/Content/Realistic_Starter_VFX_Pack_Vol2/Textures/T_Explosion_Air.uasset" 5776
"C:/Users/Husky Cal/AppData/Local/UnrealEngine/Common/DerivedDataCache/Buckets/BulkDataList/18/a9/56538b1bfc4a26447eaf7c014f5b096ff1fb.udd" 5777
"C:/Users/Husky Cal/AppData/Local/UnrealEngine/Common/DerivedDataCache/Buckets/BulkDataList/d6/4f/7c30f63b6d2d01a320c7f127970a52cbafca.udd" 5778
"C:/Users/Husky Cal/AppData/Local/UnrealEngine/Common/DerivedDataCache/Buckets/BulkDataPayloadId/18/98/8fb493812f1dd591524a117bc9cb34ad3cf1.udd" 5779
"C:/Users/Husky Cal/AppData/Local/UnrealEngine/Common/DerivedDataCache/Buckets/BulkDataPayloadId/68/f2/f9128bbb7e870cd21a57c6b72bc33e9d800a.udd" 5780
"C:/Users/Husky Cal/AppData/Local/UnrealEngine/Common/DerivedDataCache/Buckets/BulkDataPayloadId/91/19/9f0a4e5d7d05139f1393509c042e389bf5fa.udd" 5781
"C:/Users/Husky Cal/AppData/Local/UnrealEngine/Common/DerivedDataCache/Buckets/MaterialShaderMap/72/b2/901f09d4273b84bf2fc428bf3dd263356c63.udd" 5782
"C:/Users/Husky Cal/AppData/Local/UnrealEngine/Common/DerivedDataCache/Buckets/MaterialShaderMap/c9/07/a3a0251637621610825ff28e1c27c3b72eb0.udd" 5783
"C:/Users/Husky Cal/AppData/Local/UnrealEngine/Common/DerivedDataCache/Buckets/LegacyTEXTURE/d6/aa/6e29d8c31d166741b3ea4f7fb677ef9552dc.udd" 5784
"C:/Users/Husky Cal/AppData/Local/UnrealEngine/Common/DerivedDataCache/Content/ea/a5/7fcc839501b7a2eed6337336b90697f5ac82.udd" 5785
"C:/Users/Husky Cal/AppData/Local/UnrealEngine/Common/DerivedDataCache/Buckets/LegacyTEXTURE/9b/3e/48f752fdb41c3c9be5a303ffd613c9b73955.udd" 5786
"C:/Users/Husky Cal/AppData/Local/UnrealEngine/Common/DerivedDataCache/Buckets/LegacyTEXTURE/36/fd/5c047d433725d1f9944823ad6dd9ca6c9d8c.udd" 5787
"C:/Users/Husky Cal/AppData/Local/UnrealEngine/Common/DerivedDataCache/Buckets/LegacyTEXTURE/38/d5/cce8837d1da253d7fa874bf3cbe0cd36589b.udd" 5788
"C:/Users/Husky Cal/AppData/Local/UnrealEngine/Common/DerivedDataCache/Buckets/LegacyTEXTURE/49/ba/3faa63338eb34f79426d5b1daf9e898c9e9d.udd" 5789
"C:/Users/Husky Cal/AppData/Local/UnrealEngine/Common/DerivedDataCache/Buckets/LegacyTEXTURE/87/f7/8d3fa34801a575127059630e6fd9467cf191.udd" 5790
"C:/Users/Husky Cal/AppData/Local/UnrealEngine/Common/DerivedDataCache/Buckets/LegacyTEXTURE/f2/6f/c07d217cd6e30bf88c9707b1574eabc52ca4.udd" 5791
"C:/Users/Husky Cal/AppData/Local/UnrealEngine/Common/DerivedDataCache/Buckets/LegacyTEXTURE/8c/34/b25b7d38a14802a8ef54b9e5d29547f0456d.udd" 5792
"C:/Users/Husky Cal/AppData/Local/UnrealEngine/Common/DerivedDataCache/Content/73/89/f8a85e19fa366a204dc869c8bac30cf7d9de.udd" 5793
"C:/Users/Husky Cal/AppData/Local/UnrealEngine/Common/DerivedDataCache/Buckets/LegacyTEXTURE/dc/36/0fb324dbcf6ca217ef90566e17fc3cefda6e.udd" 5794
"C:/Users/Husky Cal/AppData/Local/UnrealEngine/Common/DerivedDataCache/Content/3a/8c/481be97a5cf8fb7c026f560e2feb8efd0762.udd" 5795
"C:/Users/Husky Cal/AppData/Local/UnrealEngine/Common/DerivedDataCache/Buckets/LegacyTEXTURE/c2/46/25d27588aa5eb0ff9ae3aca69ac58fd3f987.udd" 5796
"C:/Users/Husky Cal/AppData/Local/UnrealEngine/Common/DerivedDataCache/Buckets/LegacyTEXTURE/1b/15/adb994fb85e195ef250f64f67be0d95b5da8.udd" 5797
"C:/Users/Husky Cal/AppData/Local/UnrealEngine/Common/DerivedDataCache/Buckets/LegacyTEXTURE/02/3b/827b05c22f9931f11f3957d50c5bb820ce66.udd" 5798
"C:/Users/Husky Cal/AppData/Local/UnrealEngine/Common/DerivedDataCache/Buckets/LegacyTEXTURE/bd/ee/ed6735ab954d3d4f4b98d2abe592b044d5ae.udd" 5799
"C:/Users/Husky Cal/AppData/Local/UnrealEngine/Common/DerivedDataCache/Buckets/LegacyTEXTURE/90/d9/27189a8f7b0c6a2fb36feeb3b4289f4550cc.udd" 5800
"C:/Users/Husky Cal/AppData/Local/UnrealEngine/Common/DerivedDataCache/Buckets/LegacyTEXTURE/e1/59/01ec3c6122f370cdb2ae031cb16e78c265e6.udd" 5801
"C:/Users/Husky Cal/AppData/Local/UnrealEngine/Common/DerivedDataCache/Buckets/LegacyTEXTURE/23/c7/d0f860b493b123af0c8d02e3e134801ad43b.udd" 5802
"C:/Users/Husky Cal/AppData/Local/UnrealEngine/Common/DerivedDataCache/Buckets/LegacyTEXTURE/9b/05/59f803be3c9e00e4b98db6af3afb3e71de7c.udd" 5803
"C:/Users/Husky Cal/AppData/Local/UnrealEngine/Common/DerivedDataCache/Buckets/LegacyTEXTURE/27/b1/a5cf7795ebfd58db0018ffaa44c2379ccfb1.udd" 5804
"C:/Users/Husky Cal/AppData/Local/UnrealEngine/Common/DerivedDataCache/Buckets/LegacyTEXTURE/7b/8d/7a61fb330f6e100394c831b5ab1da0a0f953.udd" 5805
"C:/Users/Husky Cal/AppData/Local/UnrealEngine/Common/DerivedDataCache/Buckets/LegacyTEXTURE/dc/4e/bc1fa3b1378b392245ee9acac5c08d212845.udd" 5806
"C:/Users/Husky Cal/AppData/Local/UnrealEngine/Common/DerivedDataCache/Buckets/LegacyTEXTURE/e2/ac/ba1141967b2e6a75a6b966ed78e09cbe6785.udd" 5807
"C:/Users/Husky Cal/AppData/Local/UnrealEngine/Common/DerivedDataCache/Buckets/LegacyTEXTURE/7a/12/78f15e1e1cbd103e310c9442d29f227012c2.udd" 5808
"C:/Users/Husky Cal/AppData/Local/UnrealEngine/Common/DerivedDataCache/Buckets/LegacyTEXTURE/9b/d5/35d709bd3402c80e90dc0eae1b63beb04070.udd" 5809
"C:/Users/Husky Cal/AppData/Local/UnrealEngine/Common/DerivedDataCache/Buckets/LegacyTEXTURE/b2/57/427d0bd24ee6138d8b106cce2df4c2be744e.udd" 5810
"C:/Users/Husky Cal/AppData/Local/UnrealEngine/Common/DerivedDataCache/Buckets/LegacyTEXTURE/4d/ef/463671a4db84560896fc4b1cc99d449f6a2e.udd" 5811
"C:/Users/Husky Cal/AppData/Local/UnrealEngine/Common/DerivedDataCache/Buckets/LegacyTEXTURE/80/05/a9c0580a9a3aadf1617f3b9bf189912456c0.udd" 5812
"C:/Users/Husky Cal/AppData/Local/UnrealEngine/Common/DerivedDataCache/Buckets/LegacyTEXTURE/1a/87/540e8052e4045e455c2fbfe0ee1c168baccf.udd" 5813
"C:/Users/Husky Cal/AppData/Local/UnrealEngine/Common/DerivedDataCache/Buckets/LegacyTEXTURE/4e/ff/87fa6fa42235c9a3b6fce94f84dae80f207d.udd" 5814
"C:/Users/Husky Cal/AppData/Local/UnrealEngine/Common/DerivedDataCache/Content/e9/8f/961d80fd71644f74676a877e9f5dc4894346.udd" 5815
"C:/Users/Husky Cal/AppData/Local/UnrealEngine/Common/DerivedDataCache/Buckets/LegacyTEXTURE/f8/b3/c1f30116924c2a6fc03e0a390d41a0c73377.udd" 5816
"C:/Users/Husky Cal/AppData/Local/UnrealEngine/Common/DerivedDataCache/Buckets/LegacyTEXTURE/d4/f3/e4dd09e58bdf7ad52413182e1757c7539e85.udd" 5817
"C:/Users/Husky Cal/AppData/Local/UnrealEngine/Common/DerivedDataCache/Buckets/LegacyTEXTURE/57/d5/109e3a861fc47925d62104fb774f5d1e1b84.udd" 5818
"C:/Users/Husky Cal/AppData/Local/UnrealEngine/Common/DerivedDataCache/Content/69/87/80e6960f2112356c4ee5e74d34125cae8e06.udd" 5819
"C:/Users/Husky Cal/AppData/Local/UnrealEngine/Common/DerivedDataCache/Buckets/LegacyTEXTURE/c6/16/0dcf8be8b183f1f5ec41eca93dce801ddcb7.udd" 5820
"C:/Users/Husky Cal/AppData/Local/UnrealEngine/Common/DerivedDataCache/Buckets/LegacyTEXTURE/e7/42/e6dddda92623c294b259cdec5078b633c8f4.udd" 5821
"C:/Users/Husky Cal/AppData/Local/UnrealEngine/Common/DerivedDataCache/Buckets/LegacyTEXTURE/70/ea/4591b7da1b0c655b891a9e38748a8c30e412.udd" 5822
"C:/Users/Husky Cal/AppData/Local/UnrealEngine/Common/DerivedDataCache/Buckets/LegacyTEXTURE/6a/82/edb2f789a91a887d7fede41f59051527b318.udd" 5823
"C:/Users/Husky Cal/AppData/Local/UnrealEngine/Common/DerivedDataCache/Buckets/LegacyTEXTURE/c6/11/8424d8ab5c18f95f1200ee4a5c6b5831b620.udd" 5824
"C:/Users/Husky Cal/AppData/Local/UnrealEngine/Common/DerivedDataCache/Content/18/4e/06a011c59525412995b42be62a9b0d0e2755.udd" 5825
"C:/Users/Husky Cal/AppData/Local/UnrealEngine/Common/DerivedDataCache/Buckets/LegacyTEXTURE/84/fb/8906b1b0e0a8d96fe43121ffea684513e5f7.udd" 5826
"C:/Users/Husky Cal/AppData/Local/UnrealEngine/Common/DerivedDataCache/Buckets/LegacyTEXTURE/57/fc/0a5fd58b54f9ba91a5014503150927487027.udd" 5827
"C:/Users/Husky Cal/AppData/Local/UnrealEngine/Common/DerivedDataCache/Buckets/LegacyTEXTURE/fa/3f/611720ee8ee09acd63a65759222eaa59c70b.udd" 5828
"C:/Users/Husky Cal/AppData/Local/UnrealEngine/Common/DerivedDataCache/Buckets/LegacyTEXTURE/49/a7/ac0801526f243eb9d14486a0c7b128ccac8d.udd" 5829
"C:/Users/Husky Cal/AppData/Local/UnrealEngine/Common/DerivedDataCache/Buckets/LegacyTEXTURE/c2/44/3526a2ac3b0f19b4e53c314a386c349240d4.udd" 5830
"C:/Users/Husky Cal/AppData/Local/UnrealEngine/Common/DerivedDataCache/Buckets/LegacyTEXTURE/7d/c0/0df42c49908e8e09c3a3c7e545a8d0c20a2d.udd" 5831
"C:/Users/Husky Cal/AppData/Local/UnrealEngine/Common/DerivedDataCache/Buckets/LegacyTEXTURE/a1/ed/d667a508609a34404e643146b61c1abfe68c.udd" 5832
"C:/Users/Husky Cal/AppData/Local/UnrealEngine/Common/DerivedDataCache/Buckets/LegacyTEXTURE/40/96/3826a134c683768fb8005e98486c16739fc9.udd" 5833
"C:/Users/Husky Cal/AppData/Local/UnrealEngine/Common/DerivedDataCache/Buckets/LegacyTEXTURE/ef/0a/427860c863d85e50bc7640add60239a6ad1c.udd" 5834
"C:/Users/Husky Cal/AppData/Local/UnrealEngine/Common/DerivedDataCache/Buckets/LegacyTEXTURE/55/e2/e19261f2b64dff57e7bff37e17c4193ee38e.udd" 5835
"C:/Users/Husky Cal/AppData/Local/UnrealEngine/Common/DerivedDataCache/Buckets/LegacyTEXTURE/a9/57/c260c8a969c487689b7321378f117f445928.udd" 5836
"C:/Users/Husky Cal/AppData/Local/UnrealEngine/Common/DerivedDataCache/Buckets/LegacyTEXTURE/89/e7/7ed32e669e78a949beebacd38c2b120c2934.udd" 5837
"C:/Users/Husky Cal/AppData/Local/UnrealEngine/Common/DerivedDataCache/Buckets/LegacyTEXTURE/ef/89/0015a2974088e6522b897c5373e837f68eb6.udd" 5838
"C:/Users/Husky Cal/AppData/Local/UnrealEngine/Common/DerivedDataCache/Buckets/LegacyTEXTURE/f8/95/6ce92a4fd4d0ce95549a3ee37d9d137d95b2.udd" 5839
"C:/Users/Husky Cal/AppData/Local/UnrealEngine/Common/DerivedDataCache/Buckets/LegacyTEXTURE/9f/5f/b9cc849ec071772050d2918127db255ecb3f.udd" 5840
"C:/Users/Husky Cal/AppData/Local/UnrealEngine/Common/DerivedDataCache/Buckets/LegacyTEXTURE/eb/86/b3147884e7f00315e4e46f03e9b003b29264.udd" 5841
"C:/Users/Husky Cal/AppData/Local/UnrealEngine/Common/DerivedDataCache/Buckets/LegacyTEXTURE/f1/53/72f9fde2bbee0469017d821f551271aed044.udd" 5842
"C:/Users/Husky Cal/AppData/Local/UnrealEngine/Common/DerivedDataCache/Buckets/LegacyTEXTURE/7b/99/e5b028e27b8ee6542147cad1ccb2dd3320e8.udd" 5843
"C:/Users/Husky Cal/AppData/Local/UnrealEngine/Common/DerivedDataCache/Buckets/LegacyTEXTURE/6b/ef/776c51c9a8064eed4a753175da750f658b7c.udd" 5844
"C:/Users/Husky Cal/AppData/Local/UnrealEngine/Common/DerivedDataCache/Buckets/LegacyTEXTURE/14/57/41e81e0a9b7f809859e28c4c9e93461a5006.udd" 5845
"C:/Users/Husky Cal/AppData/Local/UnrealEngine/Common/DerivedDataCache/Buckets/LegacyTEXTURE/c6/0b/8c2a7b43fd37cc21ea6a58785dc30834bd1a.udd" 5846
"C:/Users/Husky Cal/AppData/Local/UnrealEngine/Common/DerivedDataCache/Buckets/LegacyTEXTURE/d3/6a/1f037dc5a3498aa7ec8d4d23082fe7fcaf82.udd" 5847
"C:/Users/Husky Cal/AppData/Local/UnrealEngine/Common/DerivedDataCache/Buckets/LegacyTEXTURE/28/cf/0f443db20de25d8c67f0c09f614bb36ccfb9.udd" 5848
"C:/Users/Husky Cal/AppData/Local/UnrealEngine/Common/DerivedDataCache/Buckets/LegacyTEXTURE/a8/57/e7300a38dec97f3fa6fda46045dc108181c0.udd" 5849
"C:/Users/Husky Cal/AppData/Local/UnrealEngine/Common/DerivedDataCache/Buckets/LegacyTEXTURE/f9/f2/93c018d47cf00a3a3049156e8d85a6cb96a2.udd" 5850
"C:/Users/Husky Cal/AppData/Local/UnrealEngine/Common/DerivedDataCache/Content/6d/64/77934b76c62daac0f7f49b634912192181e2.udd" 5851
"C:/Users/Husky Cal/AppData/Local/UnrealEngine/Common/DerivedDataCache/Buckets/LegacyTEXTURE/b3/cb/753604cef568b229ef05c6d25533717dba53.udd" 5852
"C:/Users/Husky Cal/AppData/Local/UnrealEngine/Common/DerivedDataCache/Buckets/LegacyTEXTURE/3b/00/f4fcc1422794bd41efe0c35137524d88d7b1.udd" 5853
"C:/Users/Husky Cal/AppData/Local/UnrealEngine/Common/DerivedDataCache/Buckets/LegacyTEXTURE/85/c4/b6af27024070dea03a602d5fb04075d76d8c.udd" 5854
"C:/Users/Husky Cal/AppData/Local/UnrealEngine/Common/DerivedDataCache/Buckets/LegacyTEXTURE/b1/c1/afee0338dedd2dd39ec9fdf7c8be4db63319.udd" 5855
"C:/Users/Husky Cal/AppData/Local/UnrealEngine/Common/DerivedDataCache/Buckets/LegacyTEXTURE/7b/9c/f0d79beca6f14d02c72b4da18a7d4f34d775.udd" 5856
"C:/Users/Husky Cal/AppData/Local/UnrealEngine/Common/DerivedDataCache/Buckets/LegacyTEXTURE/7e/24/32ba42d418f6875070bcbd0cb7c4ed6294a4.udd" 5857
"C:/Users/Husky Cal/AppData/Local/UnrealEngine/Common/DerivedDataCache/Buckets/LegacyTEXTURE/f5/ff/076d5d5a56e22ba94b49d3f8578d581a35fe.udd" 5858
"C:/Users/Husky Cal/AppData/Local/UnrealEngine/Common/DerivedDataCache/Buckets/LegacyTEXTURE/c6/7f/b5db1d2c6aeb47f6b39ef94d7205f3e60a11.udd" 5859
"C:/Users/Husky Cal/AppData/Local/UnrealEngine/Common/DerivedDataCache/Buckets/LegacyTEXTURE/65/ea/9fed127b41a7edc9a7521791d76d342396e0.udd" 5860
"F:/Pro/FPSRogueLikePrj/FPSRogueLike/Content/Realistic_Starter_VFX_Pack_Vol2/Textures/T_Epxlosion_G.uasset" 5861
"C:/Users/Husky Cal/AppData/Local/UnrealEngine/Common/DerivedDataCache/Buckets/BulkDataList/62/00/1b4fd55739c169dd8e892e8eaf138d8cc9ff.udd" 5862
"F:/Pro/FPSRogueLikePrj/FPSRogueLike/Content/Realistic_Starter_VFX_Pack_Vol2/Textures/T_Epxlosion_F.uasset" 5863
"C:/Users/Husky Cal/AppData/Local/UnrealEngine/Common/DerivedDataCache/Buckets/BulkDataPayloadId/b7/4a/c821288652a3867ed450157180f1b636ab39.udd" 5864
"C:/Users/Husky Cal/AppData/Local/UnrealEngine/Common/DerivedDataCache/Buckets/BulkDataList/67/55/a04d88ba4e207fb3fbefd554b90326b6f883.udd" 5865
"F:/Pro/FPSRogueLikePrj/FPSRogueLike/Content/Realistic_Starter_VFX_Pack_Vol2/Textures/T_Epxlosion_B_packed.uasset" 5866
"C:/Users/Husky Cal/AppData/Local/UnrealEngine/Common/DerivedDataCache/Buckets/BulkDataPayloadId/ae/f8/827d4f4583688b9df577b3630d49138971fb.udd" 5867
"F:/Pro/FPSRogueLikePrj/FPSRogueLike/Content/Realistic_Starter_VFX_Pack_Vol2/Textures/T_Epxlosion_B_color.uasset" 5868
"C:/Users/Husky Cal/AppData/Local/UnrealEngine/Common/DerivedDataCache/Buckets/BulkDataList/7e/be/4f3bd3fc5b5313af3df5b130ddbc57836dfd.udd" 5869
"C:/Users/Husky Cal/AppData/Local/UnrealEngine/Common/DerivedDataCache/Buckets/BulkDataPayloadId/8e/bf/0f9119d78de5fce655c3e6ae5e2f99601ca5.udd" 5870
"C:/Users/Husky Cal/AppData/Local/UnrealEngine/Common/DerivedDataCache/Buckets/BulkDataList/0d/eb/bed0c389b8b1891b8a0d78a5d941c0255534.udd" 5871
"F:/Pro/FPSRogueLikePrj/FPSRogueLike/Content/Realistic_Starter_VFX_Pack_Vol2/Textures/T_Droplets_A_N.uasset" 5872
"C:/Users/Husky Cal/AppData/Local/UnrealEngine/Common/DerivedDataCache/Buckets/BulkDataPayloadId/43/df/e670a226f79c748728d75b9fcf06a74f5829.udd" 5873
"F:/Pro/FPSRogueLikePrj/FPSRogueLike/Content/Realistic_Starter_VFX_Pack_Vol2/Textures/T_Droplets_A.uasset" 5874
"C:/Users/Husky Cal/AppData/Local/UnrealEngine/Common/DerivedDataCache/Buckets/BulkDataList/1d/91/793b3fc7f6370799566830ba83d71294edd8.udd" 5875
"C:/Users/Husky Cal/AppData/Local/UnrealEngine/Common/DerivedDataCache/Buckets/BulkDataPayloadId/3b/6b/bea44900997a4a7146d3b76f02e03858cff5.udd" 5876
"C:/Users/Husky Cal/AppData/Local/UnrealEngine/Common/DerivedDataCache/Buckets/BulkDataList/80/bc/47917961113418e82bee0c801faf410e1a13.udd" 5877
"F:/Pro/FPSRogueLikePrj/FPSRogueLike/Content/Realistic_Starter_VFX_Pack_Vol2/Textures/T_Dirt_C.uasset" 5878
"C:/Users/Husky Cal/AppData/Local/UnrealEngine/Common/DerivedDataCache/Buckets/BulkDataPayloadId/6d/c3/89901532a4d859f9e451d8e6c708ef03c09f.udd" 5879
"C:/Users/Husky Cal/AppData/Local/UnrealEngine/Common/DerivedDataCache/Buckets/BulkDataList/3d/67/0aa3d25605861a953484ab285ccbf0f49478.udd" 5880
"F:/Pro/FPSRogueLikePrj/FPSRogueLike/Content/Realistic_Starter_VFX_Pack_Vol2/Textures/T_Dirt_B.uasset" 5881
"C:/Users/Husky Cal/AppData/Local/UnrealEngine/Common/DerivedDataCache/Buckets/BulkDataPayloadId/a2/22/316b0a79552cd607039c673da7f29df3efcf.udd" 5882
"C:/Users/Husky Cal/AppData/Local/UnrealEngine/Common/DerivedDataCache/Buckets/BulkDataList/65/d5/f1e0a685bf7c7756fdf92540128018dea268.udd" 5883
"F:/Pro/FPSRogueLikePrj/FPSRogueLike/Content/Realistic_Starter_VFX_Pack_Vol2/Textures/T_Dirt_A.uasset" 5884
"C:/Users/Husky Cal/AppData/Local/UnrealEngine/Common/DerivedDataCache/Buckets/BulkDataPayloadId/c7/cb/c9da46e29e4d99a7bba6273854a331e3542f.udd" 5885
"F:/Pro/FPSRogueLikePrj/FPSRogueLike/Content/Realistic_Starter_VFX_Pack_Vol2/Textures/T_Dandelion.uasset" 5886
"C:/Users/Husky Cal/AppData/Local/UnrealEngine/Common/DerivedDataCache/Buckets/BulkDataList/22/21/fc837d6f0011833c2677b0515a77e73fc102.udd" 5887
"C:/Users/Husky Cal/AppData/Local/UnrealEngine/Common/DerivedDataCache/Buckets/BulkDataPayloadId/92/d1/321a3a181906dd3e3426ee27dacee77aa297.udd" 5888
"F:/Pro/FPSRogueLikePrj/FPSRogueLike/Content/Realistic_Starter_VFX_Pack_Vol2/Textures/T_Butterfly.uasset" 5889
"C:/Users/Husky Cal/AppData/Local/UnrealEngine/Common/DerivedDataCache/Buckets/BulkDataList/f7/54/b188ba4c377c1fe78d6d4aa160482fc5ed70.udd" 5890
"C:/Users/Husky Cal/AppData/Local/UnrealEngine/Common/DerivedDataCache/Buckets/BulkDataPayloadId/0f/35/20232cf681695227ce00c5b71614008e2ec9.udd" 5891
"F:/Pro/FPSRogueLikePrj/FPSRogueLike/Content/Realistic_Starter_VFX_Pack_Vol2/Textures/T_Bubblepop.uasset" 5892
"C:/Users/Husky Cal/AppData/Local/UnrealEngine/Common/DerivedDataCache/Buckets/BulkDataList/8d/c4/b99cb10fd30bd15f6f08e182ea75428b3e44.udd" 5893
"C:/Users/Husky Cal/AppData/Local/UnrealEngine/Common/DerivedDataCache/Buckets/BulkDataPayloadId/bc/03/f5dd95075d654c4d22eb2f35a80035aa70f1.udd" 5894
"C:/Users/Husky Cal/AppData/Local/UnrealEngine/Common/DerivedDataCache/Buckets/BulkDataList/de/74/7dd7af48ea761b39f581a1b9a2cf5b17789f.udd" 5895
"F:/Pro/FPSRogueLikePrj/FPSRogueLike/Content/Realistic_Starter_VFX_Pack_Vol2/Textures/T_Bubble.uasset" 5896
"C:/Users/Husky Cal/AppData/Local/UnrealEngine/Common/DerivedDataCache/Buckets/BulkDataPayloadId/08/01/d842b6c81dd109dced64cad01c503784b8b2.udd" 5897
"C:/Users/Husky Cal/AppData/Local/UnrealEngine/Common/DerivedDataCache/Buckets/BulkDataList/e6/5c/3429ee11e76a95b925de45e7e97c57b045e2.udd" 5898
"F:/Pro/FPSRogueLikePrj/FPSRogueLike/Content/Realistic_Starter_VFX_Pack_Vol2/Materials/M_Mud.uasset" 5899
"C:/Users/Husky Cal/AppData/Local/UnrealEngine/Common/DerivedDataCache/Buckets/BulkDataPayloadId/ad/dd/98c38dda083ad15bb24cd242290b96cbfcb1.udd" 5900
"C:/Users/Husky Cal/AppData/Local/UnrealEngine/Common/DerivedDataCache/Buckets/BulkDataList/9b/ef/6425c2f3b53913b54b8305b0fd06765919b2.udd" 5901
"F:/Pro/FPSRogueLikePrj/FPSRogueLike/Content/Realistic_Starter_VFX_Pack_Vol2/Materials/M_Derbis.uasset" 5902
"C:/Users/Husky Cal/AppData/Local/UnrealEngine/Common/DerivedDataCache/Buckets/BulkDataPayloadId/4a/fe/33119b2a7ca576585369c98ca9a30ea636e1.udd" 5903
"C:/Users/Husky Cal/AppData/Local/UnrealEngine/Common/DerivedDataCache/Buckets/BulkDataList/37/7d/8c53d19f66e0fae9b10af745bbd9e6fe18c8.udd" 5904
"F:/Pro/FPSRogueLikePrj/FPSRogueLike/Content/Realistic_Starter_VFX_Pack_Vol2/Materials/M_Basic_Shape.uasset" 5905
"C:/Users/Husky Cal/AppData/Local/UnrealEngine/Common/DerivedDataCache/Buckets/BulkDataPayloadId/2c/b0/ba4f8cac4c2d35ee1c8b039c8ce63fb5b126.udd" 5906
"C:/Users/Husky Cal/AppData/Local/UnrealEngine/Common/DerivedDataCache/Buckets/BulkDataList/03/7d/910f5a34e94c7fd67f06e4ae16da217d07ff.udd" 5907
"C:/Users/Husky Cal/AppData/Local/UnrealEngine/Common/DerivedDataCache/Buckets/BulkDataPayloadId/4f/30/3d6ece13a555e36aae7a752febbce89abb62.udd" 5908
"C:/Users/Husky Cal/AppData/Local/UnrealEngine/Common/DerivedDataCache/Buckets/LegacyTEXTURE/a1/e4/f604747414759a2c95469db55e70c2a1fe3f.udd" 5909
"C:/Users/Husky Cal/AppData/Local/UnrealEngine/Common/DerivedDataCache/Buckets/LegacyTEXTURE/27/fd/1c5de53cd2138fe2e73a104cd628c8b1be37.udd" 5910
"C:/Users/Husky Cal/AppData/Local/UnrealEngine/Common/DerivedDataCache/Buckets/LegacyTEXTURE/a1/c7/6d5db4d401a9f12fe1fa6fc0357d5152c019.udd" 5911
"C:/Users/Husky Cal/AppData/Local/UnrealEngine/Common/DerivedDataCache/Buckets/LegacyTEXTURE/27/e9/249e38375f55044f47d973e73c0422282a2e.udd" 5912
"F:/Pro/FPSRogueLikePrj/FPSRogueLike/Content/Realistic_Starter_VFX_Pack_Vol2/Blueprints/Spawn_Particle.uasset" 5913
"C:/Users/Husky Cal/AppData/Local/UnrealEngine/Common/DerivedDataCache/Buckets/LegacyTEXTURE/59/e4/a006f4bf489416c353c271abbd7917893321.udd" 5914
"C:/Users/Husky Cal/AppData/Local/UnrealEngine/Common/DerivedDataCache/Buckets/LegacyTEXTURE/48/62/55113ccc4d4834c269fbbfb349da3a74f1cf.udd" 5915
"C:/Users/Husky Cal/AppData/Local/UnrealEngine/Common/DerivedDataCache/Buckets/BulkDataList/d0/ad/6030a6c9d0e1f6c995d850d5d7dc03874368.udd" 5916
"C:/Users/Husky Cal/AppData/Local/UnrealEngine/Common/DerivedDataCache/Buckets/LegacyTEXTURE/10/2e/1b9bef7572355efaed5dcc1e5acdb8888197.udd" 5917
"C:/Users/Husky Cal/AppData/Local/UnrealEngine/Common/DerivedDataCache/Buckets/BulkDataPayloadId/d8/f5/d339b79114b67d73b8dc7ded0cdf87edbd2f.udd" 5918
"C:/Users/Husky Cal/AppData/Local/UnrealEngine/Common/DerivedDataCache/Buckets/LegacyTEXTURE/60/60/2fc6a75393ea5b7626160afdd3208312309c.udd" 5919
"C:/Users/Husky Cal/AppData/Local/UnrealEngine/Common/DerivedDataCache/Buckets/LegacyTEXTURE/c4/ca/84dc96315e661a5dfc9a615e7987cfbecf5f.udd" 5920
"C:/Users/Husky Cal/AppData/Local/UnrealEngine/Common/DerivedDataCache/Buckets/LegacyTEXTURE/31/92/b3de160bba63b8a1c238c433d609ead9a3b8.udd" 5921
"C:/Users/Husky Cal/AppData/Local/UnrealEngine/Common/DerivedDataCache/Buckets/LegacyTEXTURE/c3/2f/684595ddf3979f007c037fd1ad87438745d0.udd" 5922
"C:/Users/Husky Cal/AppData/Local/UnrealEngine/Common/DerivedDataCache/Buckets/LegacyTEXTURE/f8/c2/7b109b13f25664fd2aa753e064ce621f44ca.udd" 5923
"C:/Users/Husky Cal/AppData/Local/UnrealEngine/Common/DerivedDataCache/Buckets/LegacyTEXTURE/83/35/a3054ab0bc06d3ab3fef62f3bea6a48879aa.udd" 5924
"C:/Users/Husky Cal/AppData/Local/UnrealEngine/Common/DerivedDataCache/Buckets/LegacyTEXTURE/17/da/060f5ec618ad4bd5d4c85b47fea734a37f55.udd" 5925
"C:/Users/Husky Cal/AppData/Local/UnrealEngine/Common/DerivedDataCache/Buckets/LegacyTEXTURE/72/55/be67cb6d3a34f2dc39e4718c2926337dbd90.udd" 5926
"C:/Users/Husky Cal/AppData/Local/UnrealEngine/Common/DerivedDataCache/Buckets/LegacyTEXTURE/fd/92/b386aa25e46eb8788d796b984240b30ff474.udd" 5927
"C:/Users/Husky Cal/AppData/Local/UnrealEngine/Common/DerivedDataCache/Content/43/cf/c39a72ab1c16e3abdfa69d537bd309e2db56.udd" 5928
"C:/Users/Husky Cal/AppData/Local/UnrealEngine/Common/DerivedDataCache/Buckets/LegacyTEXTURE/d7/1d/35906afcba3bd803530557c616206743b6d6.udd" 5929
"C:/Users/Husky Cal/AppData/Local/UnrealEngine/Common/DerivedDataCache/Buckets/LegacyTEXTURE/2a/77/9472a13a7ee18317596d2e1ec68febe6a133.udd" 5930
"C:/Users/Husky Cal/AppData/Local/UnrealEngine/Common/DerivedDataCache/Buckets/LegacyTEXTURE/4f/a6/75216330b61726330eb195b9e13b5bae51f3.udd" 5931
"C:/Users/Husky Cal/AppData/Local/UnrealEngine/Common/DerivedDataCache/Content/aa/f7/d4807c36266658750198d4af66568d62e71d.udd" 5932
"F:/Pro/FPSRogueLikePrj/FPSRogueLike/Content/Materials/MatRedDark.uasset" 5933
"C:/Users/Husky Cal/AppData/Local/UnrealEngine/Common/DerivedDataCache/Buckets/BulkDataList/93/c9/a06ae6b4db8d721ff09f92186f1d291cfd54.udd" 5934
"C:/Users/Husky Cal/AppData/Local/UnrealEngine/Common/DerivedDataCache/Buckets/LegacyTEXTURE/05/96/6f68c032fa7095f16971746d338755890391.udd" 5935
"C:/Users/Husky Cal/AppData/Local/UnrealEngine/Common/DerivedDataCache/Buckets/BulkDataPayloadId/62/23/af24bb245f7d950cd881a62f4f9219d0d7fb.udd" 5936
"C:/Users/Husky Cal/AppData/Local/UnrealEngine/Common/DerivedDataCache/Buckets/LegacyTEXTURE/04/f4/96915aca9ad2cd9aa9021faaa0b0f0edddf1.udd" 5937
"C:/Users/Husky Cal/AppData/Local/UnrealEngine/Common/DerivedDataCache/Buckets/LegacyTEXTURE/67/c1/2c5447d6ec3e19077368c7a11af02b2c48f0.udd" 5938
"C:/Users/Husky Cal/AppData/Local/UnrealEngine/Common/DerivedDataCache/Buckets/LegacyTEXTURE/91/d2/8fd2646b48c969dfee3a7c60610d570f3e4c.udd" 5939
"C:/Users/Husky Cal/AppData/Local/UnrealEngine/Common/DerivedDataCache/Buckets/LegacyTEXTURE/12/77/eb415f67743833bed1cac27882f4eedcdd14.udd" 5940
"C:/Users/Husky Cal/AppData/Local/UnrealEngine/Common/DerivedDataCache/Buckets/LegacyTEXTURE/46/0c/6bace2f6a46636cd892eb128d51172f5db9a.udd" 5941
"C:/Users/Husky Cal/AppData/Local/UnrealEngine/Common/DerivedDataCache/Buckets/LegacyTEXTURE/99/f1/50fbd76814ff85bbfaf9068feee2e749b139.udd" 5942
"C:/Users/Husky Cal/AppData/Local/UnrealEngine/Common/DerivedDataCache/Buckets/LegacyTEXTURE/dd/dd/5ea73f0e88015c76c607e6ecd5eef8222324.udd" 5943
"C:/Users/Husky Cal/AppData/Local/UnrealEngine/Common/DerivedDataCache/Buckets/LegacyTEXTURE/93/2f/69b0fd5910f44f12278d3614a50a569f2f3d.udd" 5944
"C:/Users/Husky Cal/AppData/Local/UnrealEngine/Common/DerivedDataCache/Buckets/LegacyTEXTURE/37/84/4e41e8c81721492b5c97054698bbcf9783a9.udd" 5945
"C:/Users/Husky Cal/AppData/Local/UnrealEngine/Common/DerivedDataCache/Buckets/LegacyTEXTURE/ee/5a/b527fcb1aab6905070e13b807534445e9f1d.udd" 5946
"F:/Pro/FPSRogueLikePrj/FPSRogueLike/Content/Materials/M_BrownRed.uasset" 5947
"C:/Users/Husky Cal/AppData/Local/UnrealEngine/Common/DerivedDataCache/Content/cd/83/845f35148bb5abbb32c3556786aff3389df1.udd" 5948
"C:/Users/Husky Cal/AppData/Local/UnrealEngine/Common/DerivedDataCache/Buckets/BulkDataList/b8/b6/e8a949358836d49bcd0c6d9f745b5500567e.udd" 5949
"C:/Users/Husky Cal/AppData/Local/UnrealEngine/Common/DerivedDataCache/Buckets/BulkDataPayloadId/4e/79/910ac72e380b86a447a196de138b2474bfde.udd" 5950
"C:/Users/Husky Cal/AppData/Local/UnrealEngine/Common/DerivedDataCache/Buckets/LegacyTEXTURE/e0/60/102948ea92113d1d8651f071d34a492d5af2.udd" 5951
"C:/Users/Husky Cal/AppData/Local/UnrealEngine/Common/DerivedDataCache/Buckets/LegacyTEXTURE/c3/33/eec37977f0903fcf3ae40e99a370cc320aeb.udd" 5952
"F:/Pro/FPSRogueLikePrj/FPSRogueLike/Content/Materials/M_Laser.uasset" 5953
"C:/Users/Husky Cal/AppData/Local/UnrealEngine/Common/DerivedDataCache/Buckets/LegacyTEXTURE/a2/59/0790700073548e4030c05ee153a9732c58cc.udd" 5954
"C:/Users/Husky Cal/AppData/Local/UnrealEngine/Common/DerivedDataCache/Buckets/LegacyTEXTURE/94/68/2f8d7d5ea7aaf0d67e72001af7e89555abb0.udd" 5955
"C:/Users/Husky Cal/AppData/Local/UnrealEngine/Common/DerivedDataCache/Buckets/LegacyTEXTURE/ec/86/8f00df60d29d0a27eba21cee8808fc382767.udd" 5956
"C:/Users/Husky Cal/AppData/Local/UnrealEngine/Common/DerivedDataCache/Buckets/LegacyTEXTURE/fb/55/c0f3c1a3bd64bb6261db325600e3502a8ea6.udd" 5957
"C:/Users/Husky Cal/AppData/Local/UnrealEngine/Common/DerivedDataCache/Buckets/LegacyTEXTURE/00/4a/a66090056e56c937fe1087bdebc891b617bf.udd" 5958
"C:/Users/Husky Cal/AppData/Local/UnrealEngine/Common/DerivedDataCache/Buckets/LegacyTEXTURE/3d/6a/fae9b7f96cbf8c217e4d2667a6da2b03fa3b.udd" 5959
"C:/Users/Husky Cal/AppData/Local/UnrealEngine/Common/DerivedDataCache/Buckets/LegacyTEXTURE/d9/e4/3b392737a63025b66bdf5e3dd329806b1f18.udd" 5960
"F:/Pro/FPSRogueLikePrj/FPSRogueLike/Content/Materials/MatRed.uasset" 5961
"C:/Users/Husky Cal/AppData/Local/UnrealEngine/Common/DerivedDataCache/Buckets/BulkDataList/19/e4/f9b8a99c7f26a30033267ca227296486c0cb.udd" 5962
"C:/Users/Husky Cal/AppData/Local/UnrealEngine/Common/DerivedDataCache/Buckets/LegacyTEXTURE/62/45/f3269926306eb72fe2164bc5d53b80eff14f.udd" 5963
"C:/Users/Husky Cal/AppData/Local/UnrealEngine/Common/DerivedDataCache/Buckets/LegacyTEXTURE/f4/9e/074158785849d21cf4411c56b0b253a0295a.udd" 5964
"C:/Users/Husky Cal/AppData/Local/UnrealEngine/Common/DerivedDataCache/Buckets/BulkDataPayloadId/99/29/f9cee898283474fbbfb69a0afcc506db6fca.udd" 5965
"F:/Pro/FPSRogueLikePrj/FPSRogueLike/Content/UI/WB_MainMenu.uasset" 5966
"C:/Users/Husky Cal/AppData/Local/UnrealEngine/Common/DerivedDataCache/Buckets/BulkDataList/17/22/bc319a38a739ee87f4bd8055ffc3659aa253.udd" 5967
"C:/Users/Husky Cal/AppData/Local/UnrealEngine/Common/DerivedDataCache/Buckets/LegacyTEXTURE/76/40/9371801287346a53c9440855479637228dc9.udd" 5968
"C:/Users/Husky Cal/AppData/Local/UnrealEngine/Common/DerivedDataCache/Buckets/BulkDataPayloadId/c7/f3/479dfc167c32d208b670e20bf99307158c0f.udd" 5969
"C:/Users/Husky Cal/AppData/Local/UnrealEngine/Common/DerivedDataCache/Content/34/93/94c7c2d64db8b0123d4a270375985aa22940.udd" 5970
"C:/Users/Husky Cal/AppData/Local/UnrealEngine/Common/DerivedDataCache/Buckets/BulkDataList/90/2b/21d0dd3a51f1d5821c30dc11c04576a21149.udd" 5971
"F:/Pro/FPSRogueLikePrj/FPSRogueLike/Content/UI/WP_EnemyHealthBar.uasset" 5972
"C:/Users/Husky Cal/AppData/Local/UnrealEngine/Common/DerivedDataCache/Buckets/BulkDataList/2b/c3/754576b14f421dc31ab16f34a2af640a38ff.udd" 5973
"F:/Pro/FPSRogueLikePrj/FPSRogueLike/Content/UI/Crosshair.uasset" 5974
"C:/Users/Husky Cal/AppData/Local/UnrealEngine/Common/DerivedDataCache/Buckets/BulkDataPayloadId/ed/82/65eab91d085e5afafd3ef118c1d57ffdedd1.udd" 5975
"F:/Pro/FPSRogueLikePrj/FPSRogueLike/Content/UI/WP_GameOver.uasset" 5976
"C:/Users/Husky Cal/AppData/Local/UnrealEngine/Common/DerivedDataCache/Buckets/BulkDataPayloadId/95/15/c56d3b1163c430559bdf77dc01de9114e2b9.udd" 5977
"C:/Users/Husky Cal/AppData/Local/UnrealEngine/Common/DerivedDataCache/Buckets/LegacyTEXTURE/f4/bb/8d9b4724d254d7be54af3bb3b2a02b72588f.udd" 5978
"C:/Users/Husky Cal/AppData/Local/UnrealEngine/Common/DerivedDataCache/Buckets/BulkDataList/a6/ab/359192df6c5d7d17decc7ef42dd24c8e137c.udd" 5979
"C:/Users/Husky Cal/AppData/Local/UnrealEngine/Common/DerivedDataCache/Buckets/BulkDataPayloadId/37/59/144c8ba8114e04e552828b5c904d2fc5350e.udd" 5980
"C:/Users/Husky Cal/AppData/Local/UnrealEngine/Common/DerivedDataCache/Buckets/LegacyTEXTURE/ab/d8/19f6b69dfce36e99cf26bc28d659e8e138d5.udd" 5981
"C:/Users/Husky Cal/AppData/Local/UnrealEngine/Common/DerivedDataCache/Buckets/BulkDataList/0f/e4/608fedb9ff1ea92fbc5fcf9a062401246114.udd" 5982
"F:/Pro/FPSRogueLikePrj/FPSRogueLike/Content/UI/DMGEffect.uasset" 5983
"C:/Users/Husky Cal/AppData/Local/UnrealEngine/Common/DerivedDataCache/Buckets/LegacyTEXTURE/a3/5a/60e6392a50a4ae5a4e16b3bf3d0363a788b4.udd" 5984
"C:/Users/Husky Cal/AppData/Local/UnrealEngine/Common/DerivedDataCache/Buckets/BulkDataPayloadId/fe/f1/f900617620d8760ff5360d600ab7e33897f0.udd" 5985
"C:/Users/Husky Cal/AppData/Local/UnrealEngine/Common/DerivedDataCache/Buckets/LegacyTEXTURE/99/25/0ca2ef23cf9eb0cd4b4701849a085308682f.udd" 5986
"C:/Users/Husky Cal/AppData/Local/UnrealEngine/Common/DerivedDataCache/Buckets/BulkDataList/bc/0c/c17cd600cfd1d9b476e194afd23b64ae1629.udd" 5987
"F:/Pro/FPSRogueLikePrj/FPSRogueLike/Content/Sword_Animation/Demo/Characters/Mannequins/Textures/Shared/T_UE_Logo_M.uasset" 5988
"C:/Users/Husky Cal/AppData/Local/UnrealEngine/Common/DerivedDataCache/Buckets/LegacyTEXTURE/5c/b9/fe5d997ce526f1741de35fed8e815017b39b.udd" 5989
"C:/Users/Husky Cal/AppData/Local/UnrealEngine/Common/DerivedDataCache/Buckets/LegacyTEXTURE/b5/ad/0168aed5daf37da533d8bc02c161bfe5b818.udd" 5990
"C:/Users/Husky Cal/AppData/Local/UnrealEngine/Common/DerivedDataCache/Buckets/LegacyTEXTURE/21/33/1a2973452d9b27907a8a3cada05d783002b8.udd" 5991
"C:/Users/Husky Cal/AppData/Local/UnrealEngine/Common/DerivedDataCache/Buckets/BulkDataPayloadId/4b/c1/47bc1392d44264236bc93a88eef7a3a49c08.udd" 5992
"C:/Users/Husky Cal/AppData/Local/UnrealEngine/Common/DerivedDataCache/Buckets/LegacyTEXTURE/b4/09/d54e73f00cc9b828337d461604f3680d934c.udd" 5993
"C:/Users/Husky Cal/AppData/Local/UnrealEngine/Common/DerivedDataCache/Buckets/LegacyTEXTURE/a6/b8/b883478b38cb86053170ddc9cab49f52164c.udd" 5994
"C:/Users/Husky Cal/AppData/Local/UnrealEngine/Common/DerivedDataCache/Buckets/BulkDataList/66/00/7e78a320fc2eb18896b9c6bd2492b77916f4.udd" 5995
"F:/Pro/FPSRogueLikePrj/FPSRogueLike/Content/Sword_Animation/Demo/Characters/Mannequins/Textures/Manny/T_Manny_02_Tan.uasset" 5996
"C:/Users/Husky Cal/AppData/Local/UnrealEngine/Common/DerivedDataCache/Buckets/LegacyTEXTURE/25/29/24cb1b2a3cea05f5cdf4324cfd24b0dabacb.udd" 5997
"C:/Users/Husky Cal/AppData/Local/UnrealEngine/Common/DerivedDataCache/Buckets/LegacyTEXTURE/d3/26/d7c07d170055f7c6e5980770b384da81ef92.udd" 5998
"C:/Users/Husky Cal/AppData/Local/UnrealEngine/Common/DerivedDataCache/Buckets/BulkDataPayloadId/b3/ba/5a98e60eab50de493591a8b6723b00e9157a.udd" 5999
"C:/Users/Husky Cal/AppData/Local/UnrealEngine/Common/DerivedDataCache/Buckets/BulkDataList/31/86/90e46b676e413d269dc921a99970d16be025.udd" 6000
"C:/Users/Husky Cal/AppData/Local/UnrealEngine/Common/DerivedDataCache/Buckets/LegacyTEXTURE/3d/5a/96b24165e8cae14175e5e245b9ad851745d5.udd" 6001
"C:/Users/Husky Cal/AppData/Local/UnrealEngine/Common/DerivedDataCache/Buckets/LegacyTEXTURE/c3/cf/1a7072dce1defd1fd48535f435e279edc4c9.udd" 6002
"C:/Users/Husky Cal/AppData/Local/UnrealEngine/Common/DerivedDataCache/Buckets/LegacyTEXTURE/1d/ce/89343dc0ba4e8850f0feec3997e19a20efc3.udd" 6003
"F:/Pro/FPSRogueLikePrj/FPSRogueLike/Content/Sword_Animation/Demo/Characters/Mannequins/Textures/Manny/T_Manny_02_N.uasset" 6004
"C:/Users/Husky Cal/AppData/Local/UnrealEngine/Common/DerivedDataCache/Buckets/LegacyTEXTURE/35/94/4dce3c36d91078e165b721f70c19a0aee6cc.udd" 6005
"C:/Users/Husky Cal/AppData/Local/UnrealEngine/Common/DerivedDataCache/Buckets/BulkDataPayloadId/25/70/3651f7a68f9294ab83c4d3742fe0c6388829.udd" 6006
"C:/Users/Husky Cal/AppData/Local/UnrealEngine/Common/DerivedDataCache/Buckets/LegacyTEXTURE/f1/03/9250593f28ebae255d51e85e59d30dd8303f.udd" 6007
"C:/Users/Husky Cal/AppData/Local/UnrealEngine/Common/DerivedDataCache/Buckets/LegacyTEXTURE/86/d7/cf7574ba3c54429b4b47b0a337f5f702e879.udd" 6008
"C:/Users/Husky Cal/AppData/Local/UnrealEngine/Common/DerivedDataCache/Buckets/BulkDataList/f7/db/120651531ab2e8861a36cd6d18891e910249.udd" 6009
"F:/Pro/FPSRogueLikePrj/FPSRogueLike/Content/Sword_Animation/Demo/Characters/Mannequins/Textures/Manny/T_Manny_02_MSR_MSK.uasset" 6010
"C:/Users/Husky Cal/AppData/Local/UnrealEngine/Common/DerivedDataCache/Buckets/LegacyTEXTURE/67/be/146e38c24210e1b2f1ce598e64a4c1108cf7.udd" 6011
"C:/Users/Husky Cal/AppData/Local/UnrealEngine/Common/DerivedDataCache/Buckets/LegacyTEXTURE/76/b1/aef36138a2e442406c1498f889a73328c07e.udd" 6012
"C:/Users/Husky Cal/AppData/Local/UnrealEngine/Common/DerivedDataCache/Buckets/BulkDataPayloadId/bb/db/17b236e9e3411c9f1e3e74712c51a389e503.udd" 6013
"C:/Users/Husky Cal/AppData/Local/UnrealEngine/Common/DerivedDataCache/Buckets/LegacyTEXTURE/43/e4/cf2a5daf75c50bba7d66f82f28e97505584f.udd" 6014
"C:/Users/Husky Cal/AppData/Local/UnrealEngine/Common/DerivedDataCache/Buckets/LegacyTEXTURE/50/6f/5b9dbe5d56a76eb4f1781600b9cdb9387b0a.udd" 6015
"C:/Users/Husky Cal/AppData/Local/UnrealEngine/Common/DerivedDataCache/Buckets/LegacyTEXTURE/35/4a/bfab280765a9bd675aef5b9a557fcfac3576.udd" 6016
"C:/Users/Husky Cal/AppData/Local/UnrealEngine/Common/DerivedDataCache/Buckets/BulkDataList/18/41/13f3490dfb8fc4032e64f7d9ce6eab4750cc.udd" 6017
"F:/Pro/FPSRogueLikePrj/FPSRogueLike/Content/Sword_Animation/Demo/Characters/Mannequins/Textures/Manny/T_Manny_02_D.uasset" 6018
"C:/Users/Husky Cal/AppData/Local/UnrealEngine/Common/DerivedDataCache/Buckets/LegacyTEXTURE/48/c5/1c6d8ee93a7a777cc241aecf878c83e824f5.udd" 6019
"C:/Users/Husky Cal/AppData/Local/UnrealEngine/Common/DerivedDataCache/Buckets/BulkDataPayloadId/6c/a4/e4d523470388c7933d94c8c419e66203fc74.udd" 6020
"C:/Users/Husky Cal/AppData/Local/UnrealEngine/Common/DerivedDataCache/Buckets/LegacyTEXTURE/2b/a8/e56e5fade1535175336e81f5e4648815dda9.udd" 6021
"C:/Users/Husky Cal/AppData/Local/UnrealEngine/Common/DerivedDataCache/Buckets/BulkDataList/3b/ac/b0c9498fcad015ef880cbaa6f99a98f7afa3.udd" 6022
"F:/Pro/FPSRogueLikePrj/FPSRogueLike/Content/Sword_Animation/Demo/Characters/Mannequins/Textures/Manny/T_Manny_02_CCRCCPlastic_MSK.uasset" 6023
"C:/Users/Husky Cal/AppData/Local/UnrealEngine/Common/DerivedDataCache/Buckets/BulkDataPayloadId/ad/0e/022d195ff60a6e6f38dfe41e95d23c0016f6.udd" 6024
"C:/Users/Husky Cal/AppData/Local/UnrealEngine/Common/DerivedDataCache/Buckets/LegacyTEXTURE/c1/3c/7bc3a558d2acd5e965d0b630f749005b4e0d.udd" 6025
"C:/Users/Husky Cal/AppData/Local/UnrealEngine/Common/DerivedDataCache/Buckets/BulkDataList/db/4d/62799b700688b3d53d106dacf602cb40dfb0.udd" 6026
"C:/Users/Husky Cal/AppData/Local/UnrealEngine/Common/DerivedDataCache/Buckets/BulkDataPayloadId/cc/0f/201e12150d4edd2c736cbbba353dd7dc601d.udd" 6027
"C:/Users/Husky Cal/AppData/Local/UnrealEngine/Common/DerivedDataCache/Buckets/LegacyTEXTURE/38/ac/b2a81bbe75fa873ba71af64667b352891162.udd" 6028
"C:/Users/Husky Cal/AppData/Local/UnrealEngine/Common/DerivedDataCache/Content/bf/54/cc3cb5b01fbbfd512ff7935d4716a99e2c33.udd" 6029
"C:/Users/Husky Cal/AppData/Local/UnrealEngine/Common/DerivedDataCache/Buckets/LegacyTEXTURE/87/1f/91475f2c3c9255fcd006e3ed3b754deeddef.udd" 6030
"C:/Users/Husky Cal/AppData/Local/UnrealEngine/Common/DerivedDataCache/Buckets/LegacyTEXTURE/53/23/7c2d45bbbed06ec060c47ece28826b9c8293.udd" 6031
"C:/Users/Husky Cal/AppData/Local/UnrealEngine/Common/DerivedDataCache/Buckets/LegacyTEXTURE/60/18/76f5e5098d2d7a888e7455a622ea5432c120.udd" 6032
"C:/Users/Husky Cal/AppData/Local/UnrealEngine/Common/DerivedDataCache/Buckets/LegacyTEXTURE/bd/30/b4068d50f7d6a902a51a07eda8d3c1289a78.udd" 6033
"C:/Users/Husky Cal/AppData/Local/UnrealEngine/Common/DerivedDataCache/Buckets/LegacyTEXTURE/1b/bb/ed3be155b654e2b8c47a567fe4897c94cf4d.udd" 6034
"C:/Users/Husky Cal/AppData/Local/UnrealEngine/Common/DerivedDataCache/Buckets/LegacyTEXTURE/d7/c8/0249ba0652a78a6dac16457d7d62cb065cc7.udd" 6035
"C:/Users/Husky Cal/AppData/Local/UnrealEngine/Common/DerivedDataCache/Buckets/LegacyTEXTURE/12/6f/4108fa3d79fc92ff975c1f7c5b478c6b873e.udd" 6036
"C:/Users/Husky Cal/AppData/Local/UnrealEngine/Common/DerivedDataCache/Buckets/LegacyTEXTURE/15/35/6279dca52df461d0a3f291c1896ab3204f97.udd" 6037
"C:/Users/Husky Cal/AppData/Local/UnrealEngine/Common/DerivedDataCache/Buckets/LegacyTEXTURE/19/00/be73506313b16e879748a35dc98adeec6e8e.udd" 6038
"C:/Users/Husky Cal/AppData/Local/UnrealEngine/Common/DerivedDataCache/Buckets/LegacyTEXTURE/01/c7/cfff2802ec9dee877586a6ed17dfede1410b.udd" 6039
"C:/Users/Husky Cal/AppData/Local/UnrealEngine/Common/DerivedDataCache/Buckets/LegacyTEXTURE/ae/fa/fd6814fd098e27573cccb45a508e408873fb.udd" 6040
"C:/Users/Husky Cal/AppData/Local/UnrealEngine/Common/DerivedDataCache/Buckets/LegacyTEXTURE/f0/ee/d4d7a846314dd95d1f03325bf64b97102b3f.udd" 6041
"C:/Users/Husky Cal/AppData/Local/UnrealEngine/Common/DerivedDataCache/Buckets/LegacyTEXTURE/45/fd/c7bde7391085e6460aca6a63422fbec20435.udd" 6042
"C:/Users/Husky Cal/AppData/Local/UnrealEngine/Common/DerivedDataCache/Buckets/LegacyTEXTURE/e9/26/c5b0f8fd9f69bcd2ddd84ed4b8c05eefc5d3.udd" 6043
"C:/Users/Husky Cal/AppData/Local/UnrealEngine/Common/DerivedDataCache/Buckets/LegacyTEXTURE/1c/3b/96172acf24024b3dba5b2df18509e191d04d.udd" 6044
"C:/Users/Husky Cal/AppData/Local/UnrealEngine/Common/DerivedDataCache/Buckets/LegacyTEXTURE/d2/94/b5fe4d1a228d0a5ea21392cdf58bf9a54573.udd" 6045
"C:/Users/Husky Cal/AppData/Local/UnrealEngine/Common/DerivedDataCache/Buckets/LegacyTEXTURE/ee/8c/93a6b6f90736a3d449217f094929b41a3d57.udd" 6046
"C:/Users/Husky Cal/AppData/Local/UnrealEngine/Common/DerivedDataCache/Buckets/LegacyTEXTURE/1c/c8/821ad8de14e3b71eb625534fcae4546f510d.udd" 6047
"C:/Users/Husky Cal/AppData/Local/UnrealEngine/Common/DerivedDataCache/Buckets/LegacyTEXTURE/72/3c/de3121180dff576136ebc1d8759cb71910f6.udd" 6048
"C:/Users/Husky Cal/AppData/Local/UnrealEngine/Common/DerivedDataCache/Buckets/LegacyTEXTURE/d3/c7/796c068f0665cf7d12446005a441fac539ff.udd" 6049
"C:/Users/Husky Cal/AppData/Local/UnrealEngine/Common/DerivedDataCache/Buckets/LegacyTEXTURE/8d/de/10111811f6d19f3953e06a2222111ab7c976.udd" 6050
"C:/Users/Husky Cal/AppData/Local/UnrealEngine/Common/DerivedDataCache/Buckets/LegacyTEXTURE/e6/a8/99ffd116cf6c34c82e6f49dbe99ce31ff38d.udd" 6051
"C:/Users/Husky Cal/AppData/Local/UnrealEngine/Common/DerivedDataCache/Buckets/LegacyTEXTURE/1b/fd/9d4b3a5c7907f29edc8dc73b830e98043dee.udd" 6052
"C:/Users/Husky Cal/AppData/Local/UnrealEngine/Common/DerivedDataCache/Buckets/LegacyTEXTURE/7f/31/5a68bbb3f9a94c3b8d669c4e9b9dcb6d0d09.udd" 6053
"C:/Users/Husky Cal/AppData/Local/UnrealEngine/Common/DerivedDataCache/Buckets/LegacyTEXTURE/13/c7/b769af8e57d63768bbc30c058d0d8afd7ffd.udd" 6054
"C:/Users/Husky Cal/AppData/Local/UnrealEngine/Common/DerivedDataCache/Buckets/LegacyTEXTURE/dc/69/164685d11b9d02e930f5acd562aca0bf7580.udd" 6055
"C:/Users/Husky Cal/AppData/Local/UnrealEngine/Common/DerivedDataCache/Buckets/LegacyTEXTURE/28/60/127c63f421d156bb09d93c369cbae2d5f100.udd" 6056
"C:/Users/Husky Cal/AppData/Local/UnrealEngine/Common/DerivedDataCache/Buckets/LegacyTEXTURE/43/a2/88fbf17d8ab7231c88435d31b86528976a60.udd" 6057
"C:/Users/Husky Cal/AppData/Local/UnrealEngine/Common/DerivedDataCache/Buckets/LegacyTEXTURE/7e/92/d320a4ee688a26802af4dc93391da3d8ec87.udd" 6058
"C:/Users/Husky Cal/AppData/Local/UnrealEngine/Common/DerivedDataCache/Buckets/LegacyTEXTURE/1e/ee/9636d07d5e6d4971074640b13942dabf5ba6.udd" 6059
"C:/Users/Husky Cal/AppData/Local/UnrealEngine/Common/DerivedDataCache/Buckets/LegacyTEXTURE/a7/41/03c7a2119a4a4838ecf3659da9027007a456.udd" 6060
"C:/Users/Husky Cal/AppData/Local/UnrealEngine/Common/DerivedDataCache/Buckets/LegacyTEXTURE/37/70/fee1b29d1b60d7aef4f11bfa21023661a5ef.udd" 6061
"C:/Users/Husky Cal/AppData/Local/UnrealEngine/Common/DerivedDataCache/Buckets/LegacyTEXTURE/0a/04/de166ee799c2976dddeca9b361bd7827d0de.udd" 6062
"C:/Users/Husky Cal/AppData/Local/UnrealEngine/Common/DerivedDataCache/Buckets/LegacyTEXTURE/43/8a/bf5ddcaad9a96b2615f87ed52f1b7ed137ef.udd" 6063
"C:/Users/Husky Cal/AppData/Local/UnrealEngine/Common/DerivedDataCache/Buckets/LegacyTEXTURE/ba/c6/87090a0ac93924786598635283b4e4e99e83.udd" 6064
"C:/Users/Husky Cal/AppData/Local/UnrealEngine/Common/DerivedDataCache/Buckets/LegacyTEXTURE/e3/47/532740a182ba8d5a9f9586e71270b829e158.udd" 6065
"C:/Users/Husky Cal/AppData/Local/UnrealEngine/Common/DerivedDataCache/Buckets/LegacyTEXTURE/da/ba/dc45559103c78e9196f957016b12a4f63c25.udd" 6066
"C:/Users/Husky Cal/AppData/Local/UnrealEngine/Common/DerivedDataCache/Buckets/LegacyTEXTURE/93/2f/f6122ab556648762553c7794902ce3f834a8.udd" 6067
"C:/Users/Husky Cal/AppData/Local/UnrealEngine/Common/DerivedDataCache/Buckets/LegacyTEXTURE/2a/bf/1b5523852f520190ba8de9ddad19dfc16386.udd" 6068
"C:/Users/Husky Cal/AppData/Local/UnrealEngine/Common/DerivedDataCache/Buckets/LegacyTEXTURE/a8/b3/2d8193135813ebb9a3555f0d39ff05790d8a.udd" 6069
"C:/Users/Husky Cal/AppData/Local/UnrealEngine/Common/DerivedDataCache/Buckets/LegacyTEXTURE/24/cf/c425c8ea6bde71ca0270ec7452d8685a8e3f.udd" 6070
"C:/Users/Husky Cal/AppData/Local/UnrealEngine/Common/DerivedDataCache/Buckets/LegacyTEXTURE/7f/70/dd845947d3758696b1bc81a3419225ee2212.udd" 6071
"C:/Users/Husky Cal/AppData/Local/UnrealEngine/Common/DerivedDataCache/Buckets/LegacyTEXTURE/cb/16/c030eebb6733d8e142ff96c81d0b041c05dc.udd" 6072
"C:/Users/Husky Cal/AppData/Local/UnrealEngine/Common/DerivedDataCache/Buckets/LegacyTEXTURE/5b/6d/64ceacbe98de32c49071623941e908748a99.udd" 6073
"C:/Users/Husky Cal/AppData/Local/UnrealEngine/Common/DerivedDataCache/Buckets/LegacyTEXTURE/45/00/72d3d6192b891c8ad4eee8cb0c4b85473c7f.udd" 6074
"C:/Users/Husky Cal/AppData/Local/UnrealEngine/Common/DerivedDataCache/Buckets/LegacyTEXTURE/75/c0/a7afc5669744fe3b2f44c96e1ff6e5ab7121.udd" 6075
"C:/Users/Husky Cal/AppData/Local/UnrealEngine/Common/DerivedDataCache/Buckets/LegacyTEXTURE/55/f5/22217ece9589f70585d47b1a683891a172b4.udd" 6076
"C:/Users/Husky Cal/AppData/Local/UnrealEngine/Common/DerivedDataCache/Buckets/LegacyTEXTURE/4a/e3/30402800fa0317a695a2cdb7b34ba9887f98.udd" 6077
"C:/Users/Husky Cal/AppData/Local/UnrealEngine/Common/DerivedDataCache/Buckets/LegacyTEXTURE/8e/85/b8838404d9be7c74743de09339d89edec025.udd" 6078
"C:/Users/Husky Cal/AppData/Local/UnrealEngine/Common/DerivedDataCache/Buckets/LegacyTEXTURE/b5/61/9397f559d6fbfc5bd0e9214685f293c68f3b.udd" 6079
"C:/Users/Husky Cal/AppData/Local/UnrealEngine/Common/DerivedDataCache/Buckets/LegacyTEXTURE/6f/fc/ef15e14a14b9f9e0cd25cc3e6d1b0daa4108.udd" 6080
"C:/Users/Husky Cal/AppData/Local/UnrealEngine/Common/DerivedDataCache/Buckets/LegacyTEXTURE/ba/a6/3b46d24743d0e552fe4f849b20b75255ec5d.udd" 6081
"C:/Users/Husky Cal/AppData/Local/UnrealEngine/Common/DerivedDataCache/Buckets/LegacyTEXTURE/9f/a5/d723c675e5f050474340d91de1598ce0f020.udd" 6082
"C:/Users/Husky Cal/AppData/Local/UnrealEngine/Common/DerivedDataCache/Buckets/LegacyTEXTURE/14/13/5e6c13211fc67b5d1b1f2541db613026894b.udd" 6083
"C:/Users/Husky Cal/AppData/Local/UnrealEngine/Common/DerivedDataCache/Buckets/LegacyTEXTURE/83/fb/e5119606b277d9e2dafef6121eddd4d5b166.udd" 6084
"C:/Users/Husky Cal/AppData/Local/UnrealEngine/Common/DerivedDataCache/Buckets/LegacyTEXTURE/35/00/470fa4962a809852a6434a6144f4d2b27518.udd" 6085
"C:/Users/Husky Cal/AppData/Local/UnrealEngine/Common/DerivedDataCache/Buckets/LegacyTEXTURE/22/41/32650ea9edc45522055d3303240f98608d3c.udd" 6086
"C:/Users/Husky Cal/AppData/Local/UnrealEngine/Common/DerivedDataCache/Content/30/0f/725f8fef4cad913988dae6ec33d314bf23f8.udd" 6087
"C:/Users/Husky Cal/AppData/Local/UnrealEngine/Common/DerivedDataCache/Buckets/LegacyTEXTURE/4e/79/4ded8c620c089f2a004b63eb8a6340eaf116.udd" 6088
"C:/Users/Husky Cal/AppData/Local/UnrealEngine/Common/DerivedDataCache/Buckets/LegacyTEXTURE/ef/d4/129cadaca92e88acde4b2ad005bcac4e9277.udd" 6089
"C:/Users/Husky Cal/AppData/Local/UnrealEngine/Common/DerivedDataCache/Buckets/LegacyTEXTURE/f2/d5/98602233fcec40b27f6d1446d988a377d383.udd" 6090
"C:/Users/Husky Cal/AppData/Local/UnrealEngine/Common/DerivedDataCache/Buckets/LegacyTEXTURE/4a/29/d36b62f3be4e32cf45f601891dea3f77b752.udd" 6091
"C:/Users/Husky Cal/AppData/Local/UnrealEngine/Common/DerivedDataCache/Buckets/LegacyTEXTURE/bc/8d/00c43ac9d02542e625dc00c8768ec4ec4193.udd" 6092
"C:/Users/Husky Cal/AppData/Local/UnrealEngine/Common/DerivedDataCache/Buckets/LegacyTEXTURE/3e/6a/ad865c717cdd324060a58d6c0b3121ac24d5.udd" 6093
"C:/Users/Husky Cal/AppData/Local/UnrealEngine/Common/DerivedDataCache/Buckets/LegacyTEXTURE/ac/8f/90799025de31a0f55a3a00bfae9a5f8ddc88.udd" 6094
"C:/Users/Husky Cal/AppData/Local/UnrealEngine/Common/DerivedDataCache/Buckets/LegacyTEXTURE/9e/20/9463afef1d9d359f517894479784f804b861.udd" 6095
"C:/Users/Husky Cal/AppData/Local/UnrealEngine/Common/DerivedDataCache/Buckets/LegacyTEXTURE/96/52/33af061484d97c9ac6696a0fdd4622344e76.udd" 6096
"C:/Users/Husky Cal/AppData/Local/UnrealEngine/Common/DerivedDataCache/Buckets/LegacyTEXTURE/08/ee/8f22591f3b6bfa086761736b44d38bdd525e.udd" 6097
"C:/Users/Husky Cal/AppData/Local/UnrealEngine/Common/DerivedDataCache/Buckets/LegacyTEXTURE/6a/cb/095432506e07871561eecbc79ddfd18ae867.udd" 6098
"C:/Users/Husky Cal/AppData/Local/UnrealEngine/Common/DerivedDataCache/Buckets/LegacyTEXTURE/ee/8d/1c9d5be79cff8d57d2143817353d69131e08.udd" 6099
"C:/Users/Husky Cal/AppData/Local/UnrealEngine/Common/DerivedDataCache/Buckets/LegacyTEXTURE/e5/23/092d284a6349862622f500783188fe28236e.udd" 6100
"C:/Users/Husky Cal/AppData/Local/UnrealEngine/Common/DerivedDataCache/Buckets/LegacyTEXTURE/dc/71/3ca61ebedd4630d26f3ff2fc9d4c69aab816.udd" 6101
"F:/Pro/FPSRogueLikePrj/FPSRogueLike/Content/Sword_Animation/Demo/Characters/Mannequins/Textures/Manny/T_Manny_02_BN.uasset" 6102
"C:/Users/Husky Cal/AppData/Local/UnrealEngine/Common/DerivedDataCache/Buckets/BulkDataList/f1/76/8e547f8377c518cce302607a6f2358c01cf0.udd" 6103
"C:/Users/Husky Cal/AppData/Local/UnrealEngine/Common/DerivedDataCache/Buckets/BulkDataPayloadId/1e/aa/ee4e021ab894b9e4c72d140c2c023b242473.udd" 6104
"F:/Pro/FPSRogueLikePrj/FPSRogueLike/Content/Sword_Animation/Demo/Characters/Mannequins/Textures/Manny/T_Manny_02_ASAOPMASK_MSK.uasset" 6105
"C:/Users/Husky Cal/AppData/Local/UnrealEngine/Common/DerivedDataCache/Buckets/BulkDataList/b4/91/6bf9beb13294984135f747fa77302f3624a6.udd" 6106
"F:/Pro/FPSRogueLikePrj/FPSRogueLike/Content/Sword_Animation/Demo/Characters/Mannequins/Textures/Manny/T_Manny_01_Tan.uasset" 6107
"C:/Users/Husky Cal/AppData/Local/UnrealEngine/Common/DerivedDataCache/Buckets/BulkDataPayloadId/f4/83/e2500c487433ae14a2c3c431013e8f09c988.udd" 6108
"C:/Users/Husky Cal/AppData/Local/UnrealEngine/Common/DerivedDataCache/Buckets/BulkDataList/e8/7d/2f47581fca858c68c9ac3181644501bbb84b.udd" 6109
"F:/Pro/FPSRogueLikePrj/FPSRogueLike/Content/Sword_Animation/Demo/Characters/Mannequins/Textures/Manny/T_Manny_01_N.uasset" 6110
"C:/Users/Husky Cal/AppData/Local/UnrealEngine/Common/DerivedDataCache/Buckets/BulkDataPayloadId/97/89/5ffa89d9b82a4eeefb99c414936d9586d4ec.udd" 6111
"C:/Users/Husky Cal/AppData/Local/UnrealEngine/Common/DerivedDataCache/Buckets/BulkDataList/02/ff/c90287f0cb9ee95f625a3789eb65ded296dd.udd" 6112
"F:/Pro/FPSRogueLikePrj/FPSRogueLike/Content/Sword_Animation/Demo/Characters/Mannequins/Textures/Manny/T_Manny_01_MSR_MSK.uasset" 6113
"C:/Users/Husky Cal/AppData/Local/UnrealEngine/Common/DerivedDataCache/Buckets/BulkDataPayloadId/b1/be/981c5f007907487477d055485a605cb87d01.udd" 6114
"C:/Users/Husky Cal/AppData/Local/UnrealEngine/Common/DerivedDataCache/Buckets/BulkDataList/9c/5b/574f6bd0b5a81881cf2ee58f8f0c6fe1f30a.udd" 6115
"C:/Users/Husky Cal/AppData/Local/UnrealEngine/Common/DerivedDataCache/Buckets/BulkDataPayloadId/48/be/a703acb72624cf0a298979f0ca5eaf043696.udd" 6116
"F:/Pro/FPSRogueLikePrj/FPSRogueLike/Content/Sword_Animation/Demo/Characters/Mannequins/Textures/Manny/T_Manny_01_D.uasset" 6117
"C:/Users/Husky Cal/AppData/Local/UnrealEngine/Common/DerivedDataCache/Buckets/BulkDataList/3b/b9/3ef068e8cce096becb7d6d745d1b1ed6e50c.udd" 6118
"C:/Users/Husky Cal/AppData/Local/UnrealEngine/Common/DerivedDataCache/Buckets/BulkDataPayloadId/9b/23/b3bed44af956f1bd2f9c8166a1ce2e8fca2a.udd" 6119
"C:/Users/Husky Cal/AppData/Local/UnrealEngine/Common/DerivedDataCache/Buckets/BulkDataList/e4/f3/b5f59f21d9f7ae3f660fbf47299ecef316d2.udd" 6120
"F:/Pro/FPSRogueLikePrj/FPSRogueLike/Content/Sword_Animation/Demo/Characters/Mannequins/Textures/Manny/T_Manny_01_CCRCCPlastic_MSK.uasset" 6121
"F:/Pro/FPSRogueLikePrj/FPSRogueLike/Content/Sword_Animation/Demo/Characters/Mannequins/Textures/Manny/T_Manny_01_BN.uasset" 6122
"C:/Users/Husky Cal/AppData/Local/UnrealEngine/Common/DerivedDataCache/Buckets/BulkDataList/41/a6/403049bcb247ccdf27a1c70e8d86dc8d9cc5.udd" 6123
"C:/Users/Husky Cal/AppData/Local/UnrealEngine/Common/DerivedDataCache/Buckets/BulkDataPayloadId/0b/bd/944aad6b360086986794d3e37c6d93db7a0d.udd" 6124
"F:/Pro/FPSRogueLikePrj/FPSRogueLike/Content/Sword_Animation/Demo/Characters/Mannequins/Textures/Manny/T_Manny_01_ASAOPMASK_MSK.uasset" 6125
"C:/Users/Husky Cal/AppData/Local/UnrealEngine/Common/DerivedDataCache/Buckets/BulkDataPayloadId/87/a9/44d79adc953b7527cdb61116956047de9da2.udd" 6126
"C:/Users/Husky Cal/AppData/Local/UnrealEngine/Common/DerivedDataCache/Buckets/BulkDataList/05/2b/2bf169dd2eeb7f878caab39e7ba4d8fbcb91.udd" 6127
"F:/Pro/FPSRogueLikePrj/FPSRogueLike/Content/Sword_Animation/Demo/Characters/Mannequins/Meshes/SK_Mannequin.uasset" 6128
"C:/Users/Husky Cal/AppData/Local/UnrealEngine/Common/DerivedDataCache/Buckets/BulkDataPayloadId/ff/82/b2f947f3370cf510713145e600766bd10ef8.udd" 6129
"F:/Pro/FPSRogueLikePrj/FPSRogueLike/Content/Sword_Animation/Demo/Characters/Mannequins/Meshes/Mannequin_LODSettings.uasset" 6130
"C:/Users/Husky Cal/AppData/Local/UnrealEngine/Common/DerivedDataCache/Buckets/BulkDataList/06/ec/fad553a85956972a0f6b8b6f9952ff9ed0dc.udd" 6131
"C:/Users/Husky Cal/AppData/Local/UnrealEngine/Common/DerivedDataCache/Buckets/BulkDataPayloadId/75/e4/0d986efca1af15174478c45e986d3ae8eb29.udd" 6132
"C:/Users/Husky Cal/AppData/Local/UnrealEngine/Common/DerivedDataCache/Buckets/BulkDataList/39/b8/1a5b9428e07886b4875c1e920806b7a7e636.udd" 6133
"F:/Pro/FPSRogueLikePrj/FPSRogueLike/Content/Sword_Animation/Demo/Characters/Mannequins/Materials/Functions/ML_BaseColorFallOff.uasset" 6134
"C:/Users/Husky Cal/AppData/Local/UnrealEngine/Common/DerivedDataCache/Buckets/BulkDataPayloadId/7d/29/d871fbaecc345a44128725612011f8e594a8.udd" 6135
"F:/Pro/FPSRogueLikePrj/FPSRogueLike/Content/Sword_Animation/Demo/Characters/Mannequins/Materials/Functions/ChromaticCurve.uasset" 6136
"C:/Users/Husky Cal/AppData/Local/UnrealEngine/Common/DerivedDataCache/Buckets/BulkDataList/df/32/d90f922bc760b072b7c201d2e0bdd839bccb.udd" 6137
"C:/Users/Husky Cal/AppData/Local/UnrealEngine/Common/DerivedDataCache/Buckets/BulkDataPayloadId/bb/10/98ef4da312812b2aebffff9963ff905750a8.udd" 6138
"C:/Users/Husky Cal/AppData/Local/UnrealEngine/Common/DerivedDataCache/Buckets/MaterialShaderMap/b4/4d/9325cf2a7eee4b4e0a63049bcd8e197de9b2.udd" 6139
"C:/Users/Husky Cal/AppData/Local/UnrealEngine/Common/DerivedDataCache/Buckets/MaterialShaderMap/bf/23/18c23043f6ad2b928b46769be2513993365c.udd" 6140
"C:/Users/Husky Cal/AppData/Local/UnrealEngine/Common/DerivedDataCache/Buckets/MaterialShaderMap/7a/f8/06e643f60e5c16304e802473aa5936ce5153.udd" 6141
"C:/Users/Husky Cal/AppData/Local/UnrealEngine/Common/DerivedDataCache/Buckets/MaterialShaderMap/0c/43/084e1c28e63e396d5e8e1990788e7d4b4e79.udd" 6142
"C:/Users/Husky Cal/AppData/Local/UnrealEngine/Common/DerivedDataCache/Buckets/LegacyTEXTURE/b9/a9/176faf7dd1cedf99f00101a6e51e35817f55.udd" 6143
"C:/Users/Husky Cal/AppData/Local/UnrealEngine/Common/DerivedDataCache/Buckets/LegacyTEXTURE/be/91/20103479e970ecd5b42edaa3d1cef5e5748c.udd" 6144
"C:/Users/Husky Cal/AppData/Local/UnrealEngine/Common/DerivedDataCache/Buckets/MaterialShaderMap/f2/68/76d72b6d095310a11501149773498dd57180.udd" 6145
"C:/Users/Husky Cal/AppData/Local/UnrealEngine/Common/DerivedDataCache/Buckets/LegacyTEXTURE/ce/25/349fdc34c0d5ff0e5d1352cc4150faa7aea5.udd" 6146
"C:/Users/Husky Cal/AppData/Local/UnrealEngine/Common/DerivedDataCache/Content/f6/d2/fda5dc35b1147255ea90f5b83106aa355b8d.udd" 6147
"C:/Users/Husky Cal/AppData/Local/UnrealEngine/Common/DerivedDataCache/Buckets/MaterialShaderMap/0e/80/635dde4c11feb4876221e1419018f4925cdf.udd" 6148
"C:/Users/Husky Cal/AppData/Local/UnrealEngine/Common/DerivedDataCache/Buckets/LegacyTEXTURE/de/ee/103860ec2b41952ddefb052e4f8f839745c3.udd" 6149
"C:/Users/Husky Cal/AppData/Local/UnrealEngine/Common/DerivedDataCache/Buckets/LegacyTEXTURE/fa/0c/c94f7682b0ec45f4852c96f9da9c7ce01570.udd" 6150
"C:/Users/Husky Cal/AppData/Local/UnrealEngine/Common/DerivedDataCache/Buckets/LegacyTEXTURE/71/31/353df5e25e808c642ada36353cad9b416bb1.udd" 6151
"C:/Users/Husky Cal/AppData/Local/UnrealEngine/Common/DerivedDataCache/Buckets/LegacyTEXTURE/66/71/7b7d5480a0edb71870918e021e4354723ecc.udd" 6152
"C:/Users/Husky Cal/AppData/Local/UnrealEngine/Common/DerivedDataCache/Buckets/LegacyTEXTURE/18/99/46a48efdd8240dfc66f64e28e16ac0394993.udd" 6153
"C:/Users/Husky Cal/AppData/Local/UnrealEngine/Common/DerivedDataCache/Buckets/LegacyTEXTURE/1f/b4/e128ebb04f25902c4c4816b1478a30ae7039.udd" 6154
"C:/Users/Husky Cal/AppData/Local/UnrealEngine/Common/DerivedDataCache/Buckets/LegacyTEXTURE/63/e6/652e94b64f04bd04a875a6b08e7ce98caea2.udd" 6155
"C:/Users/Husky Cal/AppData/Local/UnrealEngine/Common/DerivedDataCache/Content/9c/54/9a0876891ee8293a6fb972c1282649eb59e1.udd" 6156
"C:/Users/Husky Cal/AppData/Local/UnrealEngine/Common/DerivedDataCache/Buckets/LegacyTEXTURE/f2/37/cc29a74b72c714fb0af3b35e6554ff6dced1.udd" 6157
"C:/Users/Husky Cal/AppData/Local/UnrealEngine/Common/DerivedDataCache/Buckets/LegacyTEXTURE/50/8b/d96afcaaee8d79d76bae484e37e25f82331d.udd" 6158
"C:/Users/Husky Cal/AppData/Local/UnrealEngine/Common/DerivedDataCache/Buckets/LegacyTEXTURE/08/25/1f66aa19b5e240f4f8a5284c6e8791f43c3f.udd" 6159
"C:/Users/Husky Cal/AppData/Local/UnrealEngine/Common/DerivedDataCache/Buckets/LegacyTEXTURE/5f/a1/d21dd6c23632c1332f3e405c59926de4d470.udd" 6160
"C:/Users/Husky Cal/AppData/Local/UnrealEngine/Common/DerivedDataCache/Buckets/LegacyTEXTURE/3d/6a/a115d77b9a55b7937a51e2dda61203d88c88.udd" 6161
"C:/Users/Husky Cal/AppData/Local/UnrealEngine/Common/DerivedDataCache/Buckets/LegacyTEXTURE/33/bc/6a3533fb9697fbc6553ec6d712e2d3f69fd5.udd" 6162
"C:/Users/Husky Cal/AppData/Local/UnrealEngine/Common/DerivedDataCache/Buckets/LegacyTEXTURE/4a/5d/52ba16b792a87162a00df991de7eb24cbb6c.udd" 6163
"C:/Users/Husky Cal/AppData/Local/UnrealEngine/Common/DerivedDataCache/Buckets/LegacyTEXTURE/32/77/a01d2b9f396cf0a322b0baa3cd3f8e18e509.udd" 6164
"C:/Users/Husky Cal/AppData/Local/UnrealEngine/Common/DerivedDataCache/Buckets/LegacyTEXTURE/f9/7b/c51123dc0fdd17ab846d637f11a4eeebcb95.udd" 6165
"C:/Users/Husky Cal/AppData/Local/UnrealEngine/Common/DerivedDataCache/Buckets/LegacyTEXTURE/9d/f3/b0eed680c898fced587a66981eedcfb492e1.udd" 6166
"C:/Users/Husky Cal/AppData/Local/UnrealEngine/Common/DerivedDataCache/Buckets/LegacyTEXTURE/57/f6/0c788b06824e8fa2dfe2067d254bf0045294.udd" 6167
"C:/Users/Husky Cal/AppData/Local/UnrealEngine/Common/DerivedDataCache/Buckets/LegacyTEXTURE/41/23/e9cd3a0d375d8dd13335ce46017d63539efa.udd" 6168
"C:/Users/Husky Cal/AppData/Local/UnrealEngine/Common/DerivedDataCache/Buckets/LegacyTEXTURE/bf/a3/4dcd7bf474b2e328032e822eb5b35fe90879.udd" 6169
"C:/Users/Husky Cal/AppData/Local/UnrealEngine/Common/DerivedDataCache/Buckets/LegacyTEXTURE/0b/74/77ecd37ebf8d89575ecf071274e2b660067e.udd" 6170
"C:/Users/Husky Cal/AppData/Local/UnrealEngine/Common/DerivedDataCache/Buckets/LegacyTEXTURE/5c/cb/1ef54714643869690ad4a01e5b37b994da1d.udd" 6171
"C:/Users/Husky Cal/AppData/Local/UnrealEngine/Common/DerivedDataCache/Buckets/LegacyTEXTURE/42/9d/51e1e9b6abef933d208060537c5d6873f1c2.udd" 6172
"C:/Users/Husky Cal/AppData/Local/UnrealEngine/Common/DerivedDataCache/Buckets/LegacyTEXTURE/09/13/f210ddf80a987dced9f8367b4f4207c2bc69.udd" 6173
"C:/Users/Husky Cal/AppData/Local/UnrealEngine/Common/DerivedDataCache/Buckets/LegacyTEXTURE/83/f5/714aa3b5665fd59b8e336e72b38d107a9e36.udd" 6174
"C:/Users/Husky Cal/AppData/Local/UnrealEngine/Common/DerivedDataCache/Buckets/LegacyTEXTURE/16/c8/944c7322b8a5c3cf0b739ea45f2f53af640d.udd" 6175
"C:/Users/Husky Cal/AppData/Local/UnrealEngine/Common/DerivedDataCache/Buckets/LegacyTEXTURE/cd/cb/d25759cd3a4f63ea408a2f237c551bcc1a3b.udd" 6176
"C:/Users/Husky Cal/AppData/Local/UnrealEngine/Common/DerivedDataCache/Buckets/LegacyTEXTURE/6d/b9/1fdd0f64e50fc0a85259efcb9a933c48edcd.udd" 6177
"C:/Users/Husky Cal/AppData/Local/UnrealEngine/Common/DerivedDataCache/Buckets/LegacyTEXTURE/a7/66/fd75f56e1982b628dc872934164ccc652194.udd" 6178
"C:/Users/Husky Cal/AppData/Local/UnrealEngine/Common/DerivedDataCache/Buckets/LegacyTEXTURE/38/6e/75be7e5287be809dc045e1390af418324d9b.udd" 6179
"C:/Users/Husky Cal/AppData/Local/UnrealEngine/Common/DerivedDataCache/Buckets/LegacyTEXTURE/66/df/a4de2334d5408598b793ac2f649cf9de26dd.udd" 6180
"C:/Users/Husky Cal/AppData/Local/UnrealEngine/Common/DerivedDataCache/Buckets/LegacyTEXTURE/8d/58/4e49477e5576fdf28614276c484d00b2edd6.udd" 6181
"C:/Users/Husky Cal/AppData/Local/UnrealEngine/Common/DerivedDataCache/Buckets/LegacyTEXTURE/81/06/2dc9f7beff359c63f6b9a97b6eee9c4f062f.udd" 6182
"C:/Users/Husky Cal/AppData/Local/UnrealEngine/Common/DerivedDataCache/Buckets/LegacyTEXTURE/53/0b/f9572c05ce8bcaa5216a2ce6dd8d81f97a47.udd" 6183
"C:/Users/Husky Cal/AppData/Local/UnrealEngine/Common/DerivedDataCache/Buckets/LegacyTEXTURE/9b/65/f4fac1808db741a5d63dbe67034e3d55a222.udd" 6184
"C:/Users/Husky Cal/AppData/Local/UnrealEngine/Common/DerivedDataCache/Buckets/LegacyTEXTURE/3d/25/717bf4bb70283fb3ede2fb1aff889bf18d1c.udd" 6185
"C:/Users/Husky Cal/AppData/Local/UnrealEngine/Common/DerivedDataCache/Buckets/LegacyTEXTURE/59/b7/f7c6b4a08229ab641c3ac7a001317e388709.udd" 6186
"C:/Users/Husky Cal/AppData/Local/UnrealEngine/Common/DerivedDataCache/Buckets/LegacyTEXTURE/ae/f7/f8255e7470ed8cfddc41665f35a171ac6977.udd" 6187
"C:/Users/Husky Cal/AppData/Local/UnrealEngine/Common/DerivedDataCache/Buckets/LegacyTEXTURE/75/33/7d03e8924db991a4da74d7e8773337893893.udd" 6188
"C:/Users/Husky Cal/AppData/Local/UnrealEngine/Common/DerivedDataCache/Buckets/LegacyTEXTURE/1b/f2/be10e909fb6b4d1050414c782b37c1609583.udd" 6189
"C:/Users/Husky Cal/AppData/Local/UnrealEngine/Common/DerivedDataCache/Buckets/LegacyTEXTURE/1e/fb/ab0e0945f8fb45233857be570f478eedc083.udd" 6190
"C:/Users/Husky Cal/AppData/Local/UnrealEngine/Common/DerivedDataCache/Buckets/LegacyTEXTURE/0b/e1/24b9114562ac056f0f9fc3dc8976813f95b3.udd" 6191
"C:/Users/Husky Cal/AppData/Local/UnrealEngine/Common/DerivedDataCache/Buckets/LegacyTEXTURE/9d/04/811ee2452dafbf2cf0f40af4e8ddfe34c85a.udd" 6192
"C:/Users/Husky Cal/AppData/Local/UnrealEngine/Common/DerivedDataCache/Buckets/LegacyTEXTURE/89/32/ba91168685a3312496ba65946ed1edcf41b4.udd" 6193
"C:/Users/Husky Cal/AppData/Local/UnrealEngine/Common/DerivedDataCache/Buckets/LegacyTEXTURE/51/fe/9db02f810277396f67ea2503d5d8249631e4.udd" 6194
"C:/Users/Husky Cal/AppData/Local/UnrealEngine/Common/DerivedDataCache/Buckets/LegacyTEXTURE/f6/42/76a9f3cc3c0bfd81ba14330cea3f57c88fad.udd" 6195
"C:/Users/Husky Cal/AppData/Local/UnrealEngine/Common/DerivedDataCache/Buckets/LegacyTEXTURE/d7/2e/8ec444cb3f648ea78c43138834af5c491008.udd" 6196
"C:/Users/Husky Cal/AppData/Local/UnrealEngine/Common/DerivedDataCache/Buckets/LegacyTEXTURE/59/75/1be3e06a68a1c3db3031cd33237e752c4d65.udd" 6197
"C:/Users/Husky Cal/AppData/Local/UnrealEngine/Common/DerivedDataCache/Buckets/LegacyTEXTURE/30/8f/f24d68d772859a439c8d74fe36bd90de2c05.udd" 6198
"C:/Users/Husky Cal/AppData/Local/UnrealEngine/Common/DerivedDataCache/Buckets/LegacyTEXTURE/21/cb/3dafeb03fd588957e90d2ef8397ff9dea35a.udd" 6199
"C:/Users/Husky Cal/AppData/Local/UnrealEngine/Common/DerivedDataCache/Buckets/LegacyTEXTURE/89/ab/67f514ecbe1b3b9bfa9cb54b8674fb339bc9.udd" 6200
"C:/Users/Husky Cal/AppData/Local/UnrealEngine/Common/DerivedDataCache/Buckets/LegacyTEXTURE/42/3b/926d14f2c9b29582cfb7d022d4470e43f180.udd" 6201
"C:/Users/Husky Cal/AppData/Local/UnrealEngine/Common/DerivedDataCache/Buckets/LegacyTEXTURE/2b/06/2cb77a490d21b34a5cad09693c17592e0061.udd" 6202
"F:/Pro/FPSRogueLikePrj/FPSRogueLike/Content/Characters/Mannequin_UE4/Textures/T_ML_Aluminum01_N.uasset" 6203
"C:/Users/Husky Cal/AppData/Local/UnrealEngine/Common/DerivedDataCache/Buckets/LegacyTEXTURE/a3/71/e5a543d872b70e31f8e04efee2ba32b58ab6.udd" 6204
"C:/Users/Husky Cal/AppData/Local/UnrealEngine/Common/DerivedDataCache/Buckets/LegacyTEXTURE/62/c4/f21d730c6a6888439bb00267e16e4e631603.udd" 6205
"C:/Users/Husky Cal/AppData/Local/UnrealEngine/Common/DerivedDataCache/Buckets/LegacyTEXTURE/de/84/b20c205149e07d3ed29f91d6412661216fb7.udd" 6206
"F:/Pro/FPSRogueLikePrj/FPSRogueLike/Content/Characters/Mannequin_UE4/Textures/T_ML_Rubber_Blue_01_N.uasset" 6207
"F:/Pro/FPSRogueLikePrj/FPSRogueLike/Content/Characters/Mannequin_UE4/Textures/T_ML_Aluminum01.uasset" 6208
"F:/Pro/FPSRogueLikePrj/FPSRogueLike/Content/Characters/Mannequin_UE4/Textures/T_ML_Rubber_Blue_01_D.uasset" 6209
"F:/Pro/FPSRogueLikePrj/FPSRogueLike/Content/Characters/Mannequin_UE4/Textures/T_UE4_Mannequin_MAT_MASKA.uasset" 6210
"F:/Pro/FPSRogueLikePrj/FPSRogueLike/Content/Characters/Mannequin_UE4/Textures/T_UE4_Mannequin__normals.uasset" 6211
"F:/Pro/FPSRogueLikePrj/FPSRogueLike/Content/Characters/Mannequin_UE4/Textures/T_UELogo_Mask.uasset" 6212
"F:/Pro/FPSRogueLikePrj/FPSRogueLike/Content/Characters/Mannequin_UE4/Textures/T_UELogo_N_TGA.uasset" 6213
"C:/Users/Husky Cal/AppData/Local/UnrealEngine/Common/DerivedDataCache/Buckets/BulkDataList/13/59/5d2a62c2e1051614b713384df780dcf4f247.udd" 6214
"F:/Pro/FPSRogueLikePrj/FPSRogueLike/Content/Characters/Mannequin_UE4/Materials/Layers/ML_ShinyPlastic_Beige.uasset" 6215
"F:/Pro/FPSRogueLikePrj/FPSRogueLike/Content/Characters/Mannequin_UE4/Meshes/SK_Mannequin_PhysicsAsset.uasset" 6216
"C:/Users/Husky Cal/AppData/Local/UnrealEngine/Common/DerivedDataCache/Buckets/BulkDataList/7e/c9/a5e8ebd7587aa7cc65df3bd0f8d11f034fe8.udd" 6217
"C:/Users/Husky Cal/AppData/Local/UnrealEngine/Common/DerivedDataCache/Buckets/BulkDataList/6f/cf/df1eb1c577eb62c68338a66fa04435cae177.udd" 6218
"F:/Pro/FPSRogueLikePrj/FPSRogueLike/Content/Characters/Mannequin_UE4/Meshes/SK_Mannequin_Skeleton.uasset" 6219
"C:/Users/Husky Cal/AppData/Local/UnrealEngine/Common/DerivedDataCache/Buckets/BulkDataList/a5/d6/afbdc4583052b53233130d33933b57f0dc3d.udd" 6220
"F:/Pro/FPSRogueLikePrj/FPSRogueLike/Content/Characters/Mannequins/Textures/Quinn/T_Quinn_02ID_BN.uasset" 6221
"C:/Users/Husky Cal/AppData/Local/UnrealEngine/Common/DerivedDataCache/Buckets/BulkDataList/2a/c5/afbf4258623dd9f9095b0fdae6143034472e.udd" 6222
"F:/Pro/FPSRogueLikePrj/FPSRogueLike/Content/Characters/Mannequins/Textures/Quinn/T_Quinn_02ID_D.uasset" 6223
"C:/Users/Husky Cal/AppData/Local/UnrealEngine/Common/DerivedDataCache/Buckets/BulkDataList/a9/05/0cb20c93a7a417eab6d4245446d9e03b7029.udd" 6224
"F:/Pro/FPSRogueLikePrj/FPSRogueLike/Content/Characters/Mannequins/Textures/Quinn/T_Quinn_02ID_MSR_MSK.uasset" 6225
"C:/Users/Husky Cal/AppData/Local/UnrealEngine/Common/DerivedDataCache/Buckets/BulkDataList/11/75/89a6e5864d08b937dcf04f16a28ae80890e2.udd" 6226
"F:/Pro/FPSRogueLikePrj/FPSRogueLike/Content/Characters/Mannequins/Textures/Quinn/T_Quinn_02ID_N.uasset" 6227
"C:/Users/Husky Cal/AppData/Local/UnrealEngine/Common/DerivedDataCache/Buckets/BulkDataList/2b/da/87f968bf693a5883aa6b796265d4044aa9de.udd" 6228
"F:/Pro/FPSRogueLikePrj/FPSRogueLike/Content/Characters/Mannequins/Textures/Quinn/T_Quinn_02ID_Tan.uasset" 6229
"C:/Users/Husky Cal/AppData/Local/UnrealEngine/Common/DerivedDataCache/Buckets/BulkDataList/f0/95/a968dc24631c1f9e9b6274ff72968cd2f998.udd" 6230
"C:/Users/Husky Cal/AppData/Local/UnrealEngine/Common/DerivedDataCache/Buckets/MaterialShaderMap/22/a4/d0ab0eb4193d1ec241ea8204f815e56aa6a8.udd" 6231
"C:/Users/Husky Cal/AppData/Local/UnrealEngine/Common/DerivedDataCache/Buckets/MaterialShaderMap/04/69/6798eb38aaa780a9f1ac187e117fbc3f407b.udd" 6232
"C:/Users/Husky Cal/AppData/Local/UnrealEngine/Common/DerivedDataCache/Buckets/MaterialShaderMap/10/22/dc9b2ecc1a3a7e4fc012626b8eb999440650.udd" 6233
"C:/Users/Husky Cal/AppData/Local/UnrealEngine/Common/DerivedDataCache/Buckets/MaterialShaderMap/21/9e/62f25312374fc6a53328108e2ccb7d291689.udd" 6234
"C:/Users/Husky Cal/AppData/Local/UnrealEngine/Common/DerivedDataCache/Buckets/MaterialShaderMap/10/52/38268b2b515b0b6cdf942f43891fb0a9c9aa.udd" 6235
"C:/Users/Husky Cal/AppData/Local/UnrealEngine/Common/DerivedDataCache/Buckets/MaterialShaderMap/24/bc/e70f0c342cd87e7dacd527cf03aa1972f8f7.udd" 6236
"C:/Users/Husky Cal/AppData/Local/UnrealEngine/Common/DerivedDataCache/Buckets/MaterialShaderMap/ab/89/eb2dbac10a1bdcee49985acba1a27747d307.udd" 6237
"C:/Users/Husky Cal/AppData/Local/UnrealEngine/Common/DerivedDataCache/Buckets/MaterialShaderMap/da/d2/1567c8fbe5ac46a993176f5079b0248213f5.udd" 6238
"F:/Pro/FPSRogueLikePrj/FPSRogueLike/Content/Characters/Mannequins/Textures/Quinn/T_Quinn_02_ASAOMASK_MSK.uasset" 6239
"C:/Users/Husky Cal/AppData/Local/UnrealEngine/Common/DerivedDataCache/Buckets/LegacyTEXTURE/9c/d5/37a4e578aa6ede8cb84e1d358972145333b0.udd" 6240
"C:/Users/Husky Cal/AppData/Local/UnrealEngine/Common/DerivedDataCache/Buckets/LegacyTEXTURE/51/6f/658eb92bc0353889e77f3686cce1c50e02ee.udd" 6241
"C:/Users/Husky Cal/AppData/Local/UnrealEngine/Common/DerivedDataCache/Buckets/LegacyTEXTURE/78/32/25c940790e2f858b62d3de8890c5f7597c64.udd" 6242
"C:/Users/Husky Cal/AppData/Local/UnrealEngine/Common/DerivedDataCache/Buckets/BulkDataList/4c/0e/eac370c9bd3131b1a7a017c7c16b39cb7392.udd" 6243
"C:/Users/Husky Cal/AppData/Local/UnrealEngine/Common/DerivedDataCache/Buckets/LegacyTEXTURE/64/c1/b4fb5b76710b447e11cdbb6e99a8d1b4be6b.udd" 6244
"F:/Pro/FPSRogueLikePrj/FPSRogueLike/Content/Characters/Mannequins/Textures/Quinn/T_Quinn_02_CCRCCPlastic_MSK.uasset" 6245
"F:/Pro/FPSRogueLikePrj/FPSRogueLike/Content/Characters/Mannequins/Textures/Quinn/T_Quinn_01ID_BN.uasset" 6246
"C:/Users/Husky Cal/AppData/Local/UnrealEngine/Common/DerivedDataCache/Buckets/BulkDataList/4b/50/33f1c83a9d175d14915ad19cea13e975994c.udd" 6247
"F:/Pro/FPSRogueLikePrj/FPSRogueLike/Content/Characters/Mannequins/Textures/Quinn/T_Quinn_01ID_D.uasset" 6248
"C:/Users/Husky Cal/AppData/Local/UnrealEngine/Common/DerivedDataCache/Buckets/BulkDataList/59/db/932bce9fd1c5b23f24b00f20666e652c9bfc.udd" 6249
"C:/Users/Husky Cal/AppData/Local/UnrealEngine/Common/DerivedDataCache/Buckets/BulkDataList/94/48/4839d1da96ecbff142390150e7c6abd0b8f5.udd" 6250
"F:/Pro/FPSRogueLikePrj/FPSRogueLike/Content/Characters/Mannequins/Textures/Quinn/T_Quinn_01ID_MSR_MSK.uasset" 6251
"C:/Users/Husky Cal/AppData/Local/UnrealEngine/Common/DerivedDataCache/Buckets/BulkDataList/40/e9/dd9d0c0042776064453a1d7258735f611e2a.udd" 6252
"F:/Pro/FPSRogueLikePrj/FPSRogueLike/Content/Characters/Mannequins/Textures/Quinn/T_Quinn_01ID_N.uasset" 6253
"C:/Users/Husky Cal/AppData/Local/UnrealEngine/Common/DerivedDataCache/Buckets/BulkDataList/ab/cf/b9e495bf43a1070fe8cd651155473a95d4d5.udd" 6254
"F:/Pro/FPSRogueLikePrj/FPSRogueLike/Content/Characters/Mannequins/Textures/Quinn/T_Quinn_01ID_Tan.uasset" 6255
"F:/Pro/FPSRogueLikePrj/FPSRogueLike/Content/Characters/Mannequins/Textures/Quinn/T_Quinn_01_ASAOMASK_MSK.uasset" 6256
"C:/Users/Husky Cal/AppData/Local/UnrealEngine/Common/DerivedDataCache/Buckets/BulkDataList/c5/8b/84e97145873b70d6c165f0ee3135180ebf25.udd" 6257
"F:/Pro/FPSRogueLikePrj/FPSRogueLike/Content/Characters/Mannequins/Textures/Quinn/T_Quinn_01_CCRCCPlastic_MSK.uasset" 6258
"C:/Users/Husky Cal/AppData/Local/UnrealEngine/Common/DerivedDataCache/Buckets/BulkDataList/98/92/8eb31b143f196b5dfe6a5e0a2dd043aa576a.udd" 6259
"F:/Pro/FPSRogueLikePrj/FPSRogueLike/Content/Characters/Mannequins/Textures/Manny/T_Manny_02_ASAOPMASK_MSK.uasset" 6260
"F:/Pro/FPSRogueLikePrj/FPSRogueLike/Content/Characters/Mannequins/Textures/Manny/T_Manny_02_BN.uasset" 6261
"F:/Pro/FPSRogueLikePrj/FPSRogueLike/Content/Characters/Mannequins/Textures/Manny/T_Manny_02_CCRCCPlastic_MSK.uasset" 6262
"F:/Pro/FPSRogueLikePrj/FPSRogueLike/Content/Characters/Mannequins/Textures/Manny/T_Manny_02_D.uasset" 6263
"F:/Pro/FPSRogueLikePrj/FPSRogueLike/Content/Characters/Mannequin_UE4/Meshes/SK_Mannequin.uasset" 6264
"F:/Pro/FPSRogueLikePrj/FPSRogueLike/Content/Characters/Mannequin_UE4/Materials/M_MannequinUE4_Body.uasset" 6265
"../../../Engine/Content/Functions/MaterialLayerFunctions/MatLayerBlend_NormalBlend.uasset" 6266
"../../../Engine/Content/Functions/Engine_MaterialFunctions02/Utility/BlendAngleCorrectedNormals.uasset" 6267
"../../../Engine/Content/Functions/MaterialLayerFunctions/MatLayerBlend_Simple.uasset" 6268
"F:/Pro/FPSRogueLikePrj/FPSRogueLike/Content/Characters/Mannequin_UE4/Materials/Layers/ML_Latex_Black.uasset" 6269
"F:/Pro/FPSRogueLikePrj/FPSRogueLike/Content/Characters/Mannequin_UE4/Materials/Layers/ML_ShinyPlastic_Beige_Logo.uasset" 6270
"F:/Pro/FPSRogueLikePrj/FPSRogueLike/Content/Characters/Mannequin_UE4/Materials/Layers/ML_SoftMetal.uasset" 6271
"F:/Pro/FPSRogueLikePrj/FPSRogueLike/Content/Characters/Mannequin_UE4/Materials/M_MannequinUE4_ChestLogo.uasset" 6272
"F:/Pro/FPSRogueLikePrj/FPSRogueLike/Content/Characters/Mannequins/Meshes/SKM_Manny.uasset" 6273
"F:/Pro/FPSRogueLikePrj/FPSRogueLike/Content/Characters/Mannequins/Rigs/ABP_Manny_PostProcess.uasset" 6274
"../../Plugins/Animation/ControlRig/Content/Controls/DefaultGizmoLibrary.uasset" 6275
"F:/Pro/FPSRogueLikePrj/FPSRogueLike/Content/Characters/Mannequins/Meshes/SK_Mannequin.uasset" 6276
"F:/Pro/FPSRogueLikePrj/FPSRogueLike/Content/Characters/Mannequins/Rigs/Poses/Manny/Manny_calf_l_pose.uasset" 6277
"F:/Pro/FPSRogueLikePrj/FPSRogueLike/Content/Characters/Mannequins/Rigs/Poses/Manny/Manny_calf_r_pose.uasset" 6278
"F:/Pro/FPSRogueLikePrj/FPSRogueLike/Content/Characters/Mannequins/Rigs/Poses/Manny/Manny_clavicle_l_pose.uasset" 6279
"F:/Pro/FPSRogueLikePrj/FPSRogueLike/Content/Characters/Mannequins/Rigs/Poses/Manny/Manny_clavicle_r_pose.uasset" 6280
"F:/Pro/FPSRogueLikePrj/FPSRogueLike/Content/Characters/Mannequins/Rigs/Poses/Manny/Manny_foot_l_pose.uasset" 6281
"F:/Pro/FPSRogueLikePrj/FPSRogueLike/Content/Characters/Mannequins/Rigs/Poses/Manny/Manny_foot_r_pose.uasset" 6282
"F:/Pro/FPSRogueLikePrj/FPSRogueLike/Content/Characters/Mannequins/Rigs/Poses/Manny/Manny_hand_l_pose.uasset" 6283
"F:/Pro/FPSRogueLikePrj/FPSRogueLike/Content/Characters/Mannequins/Rigs/Poses/Manny/Manny_hand_r_pose.uasset" 6284
"F:/Pro/FPSRogueLikePrj/FPSRogueLike/Content/Characters/Mannequins/Rigs/Poses/Manny/Manny_lowerarm_l_pose.uasset" 6285
"F:/Pro/FPSRogueLikePrj/FPSRogueLike/Content/Characters/Mannequins/Rigs/Poses/Manny/Manny_lowerarm_r_pose.uasset" 6286
"F:/Pro/FPSRogueLikePrj/FPSRogueLike/Content/Characters/Mannequins/Rigs/Poses/Manny/Manny_thigh_l_pose.uasset" 6287
"F:/Pro/FPSRogueLikePrj/FPSRogueLike/Content/Characters/Mannequins/Rigs/Poses/Manny/Manny_thigh_r_pose.uasset" 6288
"F:/Pro/FPSRogueLikePrj/FPSRogueLike/Content/Characters/Mannequins/Rigs/Poses/Manny/Manny_upperarm_l_pose.uasset" 6289
"F:/Pro/FPSRogueLikePrj/FPSRogueLike/Content/Characters/Mannequins/Rigs/Poses/Manny/Manny_upperarm_r_pose.uasset" 6290
"F:/Pro/FPSRogueLikePrj/FPSRogueLike/Content/Characters/Mannequins/Materials/Instances/Manny/MI_Manny_01.uasset" 6291
"F:/Pro/FPSRogueLikePrj/FPSRogueLike/Content/Characters/Mannequins/Materials/M_Mannequin.uasset" 6292
"F:/Pro/FPSRogueLikePrj/FPSRogueLike/Content/Characters/Mannequins/Materials/Functions/MF_Diffraction.uasset" 6293
"F:/Pro/FPSRogueLikePrj/FPSRogueLike/Content/Characters/Mannequins/Materials/Functions/ChromaticCurve.uasset" 6294
"F:/Pro/FPSRogueLikePrj/FPSRogueLike/Content/Characters/Mannequins/Materials/Functions/CA_Mannequin.uasset" 6295
"F:/Pro/FPSRogueLikePrj/FPSRogueLike/Content/Characters/Mannequins/Materials/Functions/MF_logo3layers.uasset" 6296
"../../../Engine/Content/Functions/Engine_MaterialFunctions01/Texturing/ScaleUVsByCenter.uasset" 6297
"F:/Pro/FPSRogueLikePrj/FPSRogueLike/Content/Characters/Mannequins/Textures/Shared/T_UE_Logo_M.uasset" 6298
"F:/Pro/FPSRogueLikePrj/FPSRogueLike/Content/Characters/Mannequins/Materials/Functions/ML_BaseColorFallOff.uasset" 6299
"F:/Pro/FPSRogueLikePrj/FPSRogueLike/Content/Characters/Mannequins/Textures/Manny/T_Manny_01_ASAOPMASK_MSK.uasset" 6300
"F:/Pro/FPSRogueLikePrj/FPSRogueLike/Content/Characters/Mannequins/Textures/Manny/T_Manny_01_BN.uasset" 6301
"F:/Pro/FPSRogueLikePrj/FPSRogueLike/Content/Characters/Mannequins/Textures/Manny/T_Manny_01_CCRCCPlastic_MSK.uasset" 6302
"F:/Pro/FPSRogueLikePrj/FPSRogueLike/Content/Characters/Mannequins/Textures/Manny/T_Manny_01_D.uasset" 6303
"F:/Pro/FPSRogueLikePrj/FPSRogueLike/Content/Characters/Mannequins/Textures/Manny/T_Manny_01_MSR_MSK.uasset" 6304
"F:/Pro/FPSRogueLikePrj/FPSRogueLike/Content/Characters/Mannequins/Textures/Manny/T_Manny_01_N.uasset" 6305
"F:/Pro/FPSRogueLikePrj/FPSRogueLike/Content/Characters/Mannequins/Textures/Manny/T_Manny_01_Tan.uasset" 6306
"F:/Pro/FPSRogueLikePrj/FPSRogueLike/Content/Characters/Mannequins/Materials/Instances/Manny/MI_Manny_02.uasset" 6307
"F:/Pro/FPSRogueLikePrj/FPSRogueLike/Content/Characters/Mannequins/Textures/Manny/T_Manny_02_MSR_MSK.uasset" 6308
"F:/Pro/FPSRogueLikePrj/FPSRogueLike/Content/Characters/Mannequins/Textures/Manny/T_Manny_02_N.uasset" 6309
"F:/Pro/FPSRogueLikePrj/FPSRogueLike/Content/Characters/Mannequins/Textures/Manny/T_Manny_02_Tan.uasset" 6310
"F:/Pro/FPSRogueLikePrj/FPSRogueLike/Content/Characters/Mannequins/Rigs/PA_Mannequin.uasset" 6311
"F:/Pro/FPSRogueLikePrj/FPSRogueLike/Content/Characters/Mannequins/Meshes/SKM_Manny_Simple.uasset" 6312
"F:/Pro/FPSRogueLikePrj/FPSRogueLike/Content/Characters/Mannequins/Meshes/SKM_Quinn_Simple.uasset" 6313
"F:/Pro/FPSRogueLikePrj/FPSRogueLike/Content/Characters/Mannequins/Materials/Instances/Quinn/MI_Quinn_01.uasset" 6314
"F:/Pro/FPSRogueLikePrj/FPSRogueLike/Content/Characters/Mannequins/Materials/Instances/Quinn/MI_Quinn_02.uasset" 6315
"C:/Users/Husky Cal/AppData/Local/UnrealEngine/Common/DerivedDataCache/Buckets/BulkDataList/c9/90/0cb0faaa4051d32f65795fe97e9bebdd4799.udd" 6316
"C:/Users/Husky Cal/AppData/Local/UnrealEngine/Common/DerivedDataCache/Buckets/BulkDataList/6d/ba/fca52082f7867cca91b86e2a580ca5603f06.udd" 6317
"C:/Users/Husky Cal/AppData/Local/UnrealEngine/Common/DerivedDataCache/Buckets/BulkDataList/4f/3f/213a16dcca8f4362237166fde1a6782afe30.udd" 6318
"C:/Users/Husky Cal/AppData/Local/UnrealEngine/Common/DerivedDataCache/Buckets/BulkDataList/e6/2d/067b8ccaa251534ac5601d663734d02aebca.udd" 6319
"C:/Users/Husky Cal/AppData/Local/UnrealEngine/Common/DerivedDataCache/Buckets/BulkDataList/cc/98/4f9463e4c38cf3e2257cfdec68c46d411cc6.udd" 6320
"C:/Users/Husky Cal/AppData/Local/UnrealEngine/Common/DerivedDataCache/Buckets/BulkDataList/b9/bc/2a8f28d8c6064d057a8f2526048918aa9d1a.udd" 6321
"C:/Users/Husky Cal/AppData/Local/UnrealEngine/Common/DerivedDataCache/Buckets/BulkDataList/8f/25/2059a32e1635fb97189104d21e42c3abeb90.udd" 6322
"C:/Users/Husky Cal/AppData/Local/UnrealEngine/Common/DerivedDataCache/Buckets/BulkDataList/61/c0/d171483a1f21e5555bf452bfe5410e471396.udd" 6323
"C:/Users/Husky Cal/AppData/Local/UnrealEngine/Common/DerivedDataCache/Buckets/BulkDataList/63/14/409c0d9cc3716c6af2679d3123af5be6e7f8.udd" 6324
"C:/Users/Husky Cal/AppData/Local/UnrealEngine/Common/DerivedDataCache/Buckets/BulkDataList/f6/a8/b4c8b2e4af1c382986809451df8a97d632b8.udd" 6325
"C:/Users/Husky Cal/AppData/Local/UnrealEngine/Common/DerivedDataCache/Buckets/BulkDataList/cc/21/d617983876c6c88531470c2b89a6c78b52fb.udd" 6326
"C:/Users/Husky Cal/AppData/Local/UnrealEngine/Common/DerivedDataCache/Buckets/BulkDataList/20/8e/e104321acc885eeb87cc6c294dde6b952450.udd" 6327
"C:/Users/Husky Cal/AppData/Local/UnrealEngine/Common/DerivedDataCache/Buckets/BulkDataList/ce/70/6f11ab6b17a23fb9fabad8fa2cae504829e8.udd" 6328
"C:/Users/Husky Cal/AppData/Local/UnrealEngine/Common/DerivedDataCache/Buckets/BulkDataList/e5/3d/75d9fb61cadd143f062cb873e670771e0598.udd" 6329
"C:/Users/Husky Cal/AppData/Local/UnrealEngine/Common/DerivedDataCache/Buckets/BulkDataList/d4/ba/c94edc071eff72561dff31c2788a8fbdc593.udd" 6330
"C:/Users/Husky Cal/AppData/Local/UnrealEngine/Common/DerivedDataCache/Buckets/BulkDataList/c3/48/c2cb128ce4880c576d74fdeb06f71c19e99a.udd" 6331
"C:/Users/Husky Cal/AppData/Local/UnrealEngine/Common/DerivedDataCache/Buckets/BulkDataList/ad/dc/cd3dc8c2b8b9f393045e4ca3682178423dc0.udd" 6332
"C:/Users/Husky Cal/AppData/Local/UnrealEngine/Common/DerivedDataCache/Buckets/BulkDataList/40/19/1eced77388af3b549993a30678e9400aa631.udd" 6333
"C:/Users/Husky Cal/AppData/Local/UnrealEngine/Common/DerivedDataCache/Buckets/BulkDataList/3c/9a/f02359b752945e6abac06ced07ccf770b8c5.udd" 6334
"C:/Users/Husky Cal/AppData/Local/UnrealEngine/Common/DerivedDataCache/Buckets/BulkDataList/32/4a/978d074a57453b4038bc012cba36f4d192c9.udd" 6335
"C:/Users/Husky Cal/AppData/Local/UnrealEngine/Common/DerivedDataCache/Buckets/BulkDataList/26/86/cfa720d3a1d98ae71ca3b7c7f1439b39331c.udd" 6336
"C:/Users/Husky Cal/AppData/Local/UnrealEngine/Common/DerivedDataCache/Buckets/BulkDataList/93/ca/b8096d85457258d1975ed6124eb57e411ac5.udd" 6337
"C:/Users/Husky Cal/AppData/Local/UnrealEngine/Common/DerivedDataCache/Buckets/BulkDataList/bd/37/9441a85337ff0cc4e0b8c2f7e99addad6bd2.udd" 6338
"C:/Users/Husky Cal/AppData/Local/UnrealEngine/Common/DerivedDataCache/Buckets/BulkDataList/e6/9e/3d49c6c36e5441bd7b70f5357ba797ff76d0.udd" 6339
"C:/Users/Husky Cal/AppData/Local/UnrealEngine/Common/DerivedDataCache/Buckets/BulkDataList/91/d5/a69fb02696f1455067d55d22f1be365fa743.udd" 6340
"C:/Users/Husky Cal/AppData/Local/UnrealEngine/Common/DerivedDataCache/Buckets/BulkDataList/da/be/a27fa2767267c9aea6a9f88feb774cf67842.udd" 6341
"C:/Users/Husky Cal/AppData/Local/UnrealEngine/Common/DerivedDataCache/Buckets/BulkDataList/e2/74/73ea45869086bb6e33f6d0eed46402187911.udd" 6342
"C:/Users/Husky Cal/AppData/Local/UnrealEngine/Common/DerivedDataCache/Buckets/BulkDataList/76/b9/ca504c42192f3c1859f5cef456462b49c349.udd" 6343
"C:/Users/Husky Cal/AppData/Local/UnrealEngine/Common/DerivedDataCache/Buckets/BulkDataList/d4/c7/bab92d61806136989bf7cbc30dab50deb422.udd" 6344
"C:/Users/Husky Cal/AppData/Local/UnrealEngine/Common/DerivedDataCache/Buckets/BulkDataList/e9/47/dc5a9e26ccaa4ec7316c6d2ed439ffb83ae8.udd" 6345
"C:/Users/Husky Cal/AppData/Local/UnrealEngine/Common/DerivedDataCache/Buckets/BulkDataList/5a/0e/85d11fe6961f182ca1b52ca21e4828d7c1a9.udd" 6346
"C:/Users/Husky Cal/AppData/Local/UnrealEngine/Common/DerivedDataCache/Buckets/BulkDataList/4b/95/12d3c6d7f895713372188e370f85421c309f.udd" 6347
"C:/Users/Husky Cal/AppData/Local/UnrealEngine/Common/DerivedDataCache/Buckets/BulkDataList/1e/25/a42a719175722ea89935a2f8afdd5c197aea.udd" 6348
"C:/Users/Husky Cal/AppData/Local/UnrealEngine/Common/DerivedDataCache/Buckets/BulkDataList/a6/4f/ce80e94e71c496cfb33bec3c4934ee797bf5.udd" 6349
"C:/Users/Husky Cal/AppData/Local/UnrealEngine/Common/DerivedDataCache/Buckets/BulkDataList/49/1f/a958791a523f46c00ed86c6942ccdcf56b34.udd" 6350
"C:/Users/Husky Cal/AppData/Local/UnrealEngine/Common/DerivedDataCache/Buckets/BulkDataList/b6/02/7f2f3f4231ed06e3b4440d55d64a26bc84de.udd" 6351
"C:/Users/Husky Cal/AppData/Local/UnrealEngine/Common/DerivedDataCache/Buckets/BulkDataList/dd/a2/e90ba6da2d806a474f743ec15af972c2a14c.udd" 6352
"C:/Users/Husky Cal/AppData/Local/UnrealEngine/Common/DerivedDataCache/Buckets/BulkDataList/f9/58/86aa9be5af91105017a0fe26baec1e074828.udd" 6353
"C:/Users/Husky Cal/AppData/Local/UnrealEngine/Common/DerivedDataCache/Buckets/LegacySKELETALMESH/cc/0b/bfe9d0b328d6a161ff3cb77b7447ce869543.udd" 6354
"C:/Users/Husky Cal/AppData/Local/UnrealEngine/Common/DerivedDataCache/Content/cd/65/ad91ebef0049f85e9e03714e5d34b8062e10.udd" 6355
"C:/Users/Husky Cal/AppData/Local/UnrealEngine/Common/DerivedDataCache/Buckets/LegacySKELETALMESH/be/bf/12d3ea92f4d0dfb45fb564dfd95997cbafa4.udd" 6356
"C:/Users/Husky Cal/AppData/Local/UnrealEngine/Common/DerivedDataCache/Content/01/81/a0d6f821e9a00b5c8df54f9944355a551b70.udd" 6357
"F:/Pro/FPSRogueLikePrj/FPSRogueLike/Content/Characters/Mannequins/Meshes/Mannequin_LODSettings.uasset" 6358
"F:/Pro/FPSRogueLikePrj/FPSRogueLike/Content/Blueprints/DS_Rarity.uasset" 6359
"F:/Pro/FPSRogueLikePrj/FPSRogueLike/Content/LevelPrototyping/Textures/T_GridChecker_A.uasset" 6360
"F:/Pro/FPSRogueLikePrj/FPSRogueLike/Content/LevelPrototyping/Materials/M_Solid.uasset" 6361
"F:/Pro/FPSRogueLikePrj/FPSRogueLike/Content/FPWeapon/Textures/T_FPGun_N.uasset" 6362
"F:/Pro/FPSRogueLikePrj/FPSRogueLike/Content/FPWeapon/Textures/T_FPGun_M.uasset" 6363
"F:/Pro/FPSRogueLikePrj/FPSRogueLike/Content/FPWeapon/Materials/MaterialLayers/T_ML_Rubber_Blue_01_N.uasset" 6364
"F:/Pro/FPSRogueLikePrj/FPSRogueLike/Content/FPWeapon/Materials/MaterialLayers/T_ML_Rubber_Blue_01_D.uasset" 6365
"F:/Pro/FPSRogueLikePrj/FPSRogueLike/Content/FPWeapon/Materials/MaterialLayers/T_ML_Aluminum01_N.uasset" 6366
"F:/Pro/FPSRogueLikePrj/FPSRogueLike/Content/FPWeapon/Materials/MaterialLayers/T_ML_FineRubber.uasset" 6367
"F:/Pro/FPSRogueLikePrj/FPSRogueLike/Content/FPWeapon/Materials/MaterialLayers/ML_Screen.uasset" 6368
"F:/Pro/FPSRogueLikePrj/FPSRogueLike/Content/FPWeapon/Materials/MaterialLayers/ML_Plastic_Shiny_Beige.uasset" 6369
"F:/Pro/FPSRogueLikePrj/FPSRogueLike/Content/FPWeapon/Materials/MaterialLayers/T_ML_Aluminum01.uasset" 6370
"F:/Pro/FPSRogueLikePrj/FPSRogueLike/Content/FPWeapon/Audio/FirstPersonTemplateWeaponFire02.uasset" 6371
"F:/Pro/FPSRogueLikePrj/FPSRogueLike/Content/FPWeapon/Mesh/SK_FPGun_Skeleton.uasset" 6372
"F:/Pro/FPSRogueLikePrj/FPSRogueLike/Content/FPWeapon/Materials/BaseMaterial.uasset" 6373
"F:/Pro/FPSRogueLikePrj/FPSRogueLike/Content/FPWeapon/Mesh/SK_FPGun_PhysicsAsset.uasset" 6374
"F:/Pro/FPSRogueLikePrj/FPSRogueLike/Content/FPWeapon/Mesh/SK_FPGun_Physics.uasset" 6375
"F:/Pro/FPSRogueLikePrj/FPSRogueLike/Content/FirstPersonArms/Character/Textures/UE4_Mannequin__normals.uasset" 6376
"F:/Pro/FPSRogueLikePrj/FPSRogueLike/Content/FirstPersonArms/Character/Textures/UE4_Mannequin_MAT_MASKA.uasset" 6377
"F:/Pro/FPSRogueLikePrj/FPSRogueLike/Content/FirstPersonArms/Character/Textures/UE4_LOGO_CARD.uasset" 6378
"F:/Pro/FPSRogueLikePrj/FPSRogueLike/Content/FirstPersonArms/Character/Materials/MaterialLayers/T_ML_Rubber_Blue_01_N.uasset" 6379
"F:/Pro/FPSRogueLikePrj/FPSRogueLike/Content/FirstPersonArms/Character/Materials/MaterialLayers/T_ML_Aluminum01_N.uasset" 6380
"F:/Pro/FPSRogueLikePrj/FPSRogueLike/Content/FirstPersonArms/Character/Materials/MaterialLayers/T_ML_Rubber_Blue_01_D.uasset" 6381
"F:/Pro/FPSRogueLikePrj/FPSRogueLike/Content/FirstPersonArms/Character/Materials/MaterialLayers/T_ML_Aluminum01.uasset" 6382
"F:/Pro/FPSRogueLikePrj/FPSRogueLike/Content/FirstPersonArms/Character/Materials/MaterialLayers/ML_Plastic_Shiny_Beige.uasset" 6383
"F:/Pro/FPSRogueLikePrj/FPSRogueLike/Content/FirstPersonArms/Character/Mesh/SK_Mannequin_Arms_Skeleton.uasset" 6384
"F:/Pro/FPSRogueLikePrj/FPSRogueLike/Content/FirstPersonArms/Character/Mesh/SK_Mannequin_Arms_PhysicsAsset.uasset" 6385
"F:/Pro/FPSRogueLikePrj/FPSRogueLike/Content/__ExternalObjects__/FirstPerson/Maps/FirstPersonMap/E/ZB/64YLC9YROSMO90SC5KR0PE.uasset" 6386
"F:/Pro/FPSRogueLikePrj/FPSRogueLike/Content/__ExternalObjects__/FirstPerson/Maps/FirstPersonMap/E/2M/ESWAVQBPX1XK2OH2YGVZCM.uasset" 6387
"C:/Users/Husky Cal/AppData/Local/UnrealEngine/Common/DerivedDataCache/Buckets/LegacyTEXTURE/8a/39/df90f8e028f67a4a4d010cb077b8041eb0f5.udd" 6388
"C:/Users/Husky Cal/AppData/Local/UnrealEngine/Common/DerivedDataCache/Buckets/LegacyTEXTURE/12/44/9ebddd2174aa9d107f6aafd6dcc6a5ac0717.udd" 6389
"C:/Users/Husky Cal/AppData/Local/UnrealEngine/Common/DerivedDataCache/Buckets/LegacyTEXTURE/8a/73/afdc97984156cf6fe94729c49dc5d691e92a.udd" 6390
"C:/Users/Husky Cal/AppData/Local/UnrealEngine/Common/DerivedDataCache/Buckets/LegacyTEXTURE/d3/4c/0a59c540d4f9e2d1df4f9505d21af4926d9c.udd" 6391
"C:/Users/Husky Cal/AppData/Local/UnrealEngine/Common/DerivedDataCache/Buckets/LegacyTEXTURE/98/9d/f8582f13933701e2ae3bf1fef5eb78834559.udd" 6392
"C:/Users/Husky Cal/AppData/Local/UnrealEngine/Common/DerivedDataCache/Buckets/LegacyTEXTURE/e6/6b/9c00fe7ec03716ccaa3d809c69cfc48576f9.udd" 6393
"C:/Users/Husky Cal/AppData/Local/UnrealEngine/Common/DerivedDataCache/Buckets/LegacyTEXTURE/ee/a5/ab08f57e1bd8d987d5a888faf317215d0fb7.udd" 6394
"C:/Users/Husky Cal/AppData/Local/UnrealEngine/Common/DerivedDataCache/Buckets/LegacyTEXTURE/5e/f0/8eb087595d8c016c740424c49cd686852d90.udd" 6395
"C:/Users/Husky Cal/AppData/Local/UnrealEngine/Common/DerivedDataCache/Buckets/LegacyTEXTURE/e2/9a/9a971098ed73cc20584c1aa5bd51a137c29b.udd" 6396
"C:/Users/Husky Cal/AppData/Local/UnrealEngine/Common/DerivedDataCache/Buckets/LegacyTEXTURE/92/21/b1825410147809b7412dbf3b35e2e6cf6505.udd" 6397
"C:/Users/Husky Cal/AppData/Local/UnrealEngine/Common/DerivedDataCache/Buckets/LegacyTEXTURE/1f/5b/ea4a3d64b0be074da4ba2dde563a1238abcd.udd" 6398
"C:/Users/Husky Cal/AppData/Local/UnrealEngine/Common/DerivedDataCache/Buckets/LegacyTEXTURE/13/46/2666625151313ca0927c9b33295d4143f2e6.udd" 6399
"C:/Users/Husky Cal/AppData/Local/UnrealEngine/Common/DerivedDataCache/Buckets/LegacyTEXTURE/7d/98/df7a469ac0f7c4b7c57b49482ff4fee72256.udd" 6400
"C:/Users/Husky Cal/AppData/Local/UnrealEngine/Common/DerivedDataCache/Buckets/LegacyTEXTURE/80/4c/7e5dd78e12f2e4b20e1885af0a7fea9ca9f7.udd" 6401
"C:/Users/Husky Cal/AppData/Local/UnrealEngine/Common/DerivedDataCache/Buckets/LegacyTEXTURE/af/7f/d69a082e5adfd94aa67802a79d409cccd504.udd" 6402
"C:/Users/Husky Cal/AppData/Local/UnrealEngine/Common/DerivedDataCache/Buckets/LegacyTEXTURE/fc/0d/20e3bc90244f3791b17c4c0ae4d42256569e.udd" 6403
"C:/Users/Husky Cal/AppData/Local/UnrealEngine/Common/DerivedDataCache/Buckets/LegacyTEXTURE/92/f9/8077c2437783ec4e2910262ec0ca37174cec.udd" 6404
"C:/Users/Husky Cal/AppData/Local/UnrealEngine/Common/DerivedDataCache/Buckets/LegacyTEXTURE/22/e2/d8a2cf90074ba03f09a51ac7b45ea9e8a411.udd" 6405
"C:/Users/Husky Cal/AppData/Local/UnrealEngine/Common/DerivedDataCache/Buckets/LegacyTEXTURE/db/5d/9647ddf3dc1d357667fe1e4979757360013e.udd" 6406
"C:/Users/Husky Cal/AppData/Local/UnrealEngine/Common/DerivedDataCache/Buckets/LegacyTEXTURE/22/21/c3937949ee2609d14f9a5811ff396ed77579.udd" 6407
"C:/Users/Husky Cal/AppData/Local/UnrealEngine/Common/DerivedDataCache/Buckets/LegacyTEXTURE/63/39/2bb4b3c8fbb1c29f83bfbc2b6c4b53163346.udd" 6408
"C:/Users/Husky Cal/AppData/Local/UnrealEngine/Common/DerivedDataCache/Buckets/LegacyTEXTURE/db/ee/cad096d0459e2381fca68517ecc0b2c37708.udd" 6409
"C:/Users/Husky Cal/AppData/Local/UnrealEngine/Common/DerivedDataCache/Buckets/LegacyTEXTURE/11/d8/8bcc8211a34580f046bc847c6c1448dd07e8.udd" 6410
"C:/Users/Husky Cal/AppData/Local/UnrealEngine/Common/DerivedDataCache/Buckets/LegacyTEXTURE/16/84/749c30fdd3ac0eac7eac8a20903bd9d4eddd.udd" 6411
"C:/Users/Husky Cal/AppData/Local/UnrealEngine/Common/DerivedDataCache/Buckets/LegacyTEXTURE/1c/16/7b0db76881f4e11a2969c02af86516cf3972.udd" 6412
"C:/Users/Husky Cal/AppData/Local/UnrealEngine/Common/DerivedDataCache/Buckets/LegacyTEXTURE/38/59/3b209ce0401db92f2990efff27ef9f86decf.udd" 6413
"C:/Users/Husky Cal/AppData/Local/UnrealEngine/Common/DerivedDataCache/Buckets/LegacyTEXTURE/8f/32/0742cb5a034afe0b99c1e144b2085200a64d.udd" 6414
"C:/Users/Husky Cal/AppData/Local/UnrealEngine/Common/DerivedDataCache/Buckets/LegacyTEXTURE/56/69/ca4d65b33d37d5975f6c9169c55ffc9acfea.udd" 6415
"C:/Users/Husky Cal/AppData/Local/UnrealEngine/Common/DerivedDataCache/Buckets/LegacyTEXTURE/5a/c0/0044dc9dadc5ee2d58eaf8c413f9c6f429c8.udd" 6416
"C:/Users/Husky Cal/AppData/Local/UnrealEngine/Common/DerivedDataCache/Content/ca/f4/18a3f0ab20ed72ffc54703531187ab380c69.udd" 6417
"C:/Users/Husky Cal/AppData/Local/UnrealEngine/Common/DerivedDataCache/Buckets/LegacyTEXTURE/80/6e/adfee43acaa4a6bbf4c1e9c9df864b3612c7.udd" 6418
"C:/Users/Husky Cal/AppData/Local/UnrealEngine/Common/DerivedDataCache/Buckets/LegacyTEXTURE/b3/db/aa248d039be58db04d778008d80846dd719f.udd" 6419
"C:/Users/Husky Cal/AppData/Local/UnrealEngine/Common/DerivedDataCache/Buckets/LegacyTEXTURE/28/76/e3d292a7051bf9632e3acb5fa51c1da4a978.udd" 6420
"C:/Users/Husky Cal/AppData/Local/UnrealEngine/Common/DerivedDataCache/Buckets/LegacyTEXTURE/df/7e/0430900a033c4c39e344bf7a65442ef20b56.udd" 6421
"C:/Users/Husky Cal/AppData/Local/UnrealEngine/Common/DerivedDataCache/Buckets/LegacyTEXTURE/75/6e/f8b45f8635a1350f0647b8a27743b0c4c903.udd" 6422
"C:/Users/Husky Cal/AppData/Local/UnrealEngine/Common/DerivedDataCache/Buckets/LegacyTEXTURE/b9/73/ec88a02c61035dc34e43f337aecd60caa0d2.udd" 6423
"C:/Users/Husky Cal/AppData/Local/UnrealEngine/Common/DerivedDataCache/Buckets/LegacyTEXTURE/91/b9/bf0ae441d601f096cdaaaa4ef746cf212a6b.udd" 6424
"C:/Users/Husky Cal/AppData/Local/UnrealEngine/Common/DerivedDataCache/Buckets/LegacyTEXTURE/5f/d6/3aeb3b163abc1505bdc0bcb39a3628276ab1.udd" 6425
"C:/Users/Husky Cal/AppData/Local/UnrealEngine/Common/DerivedDataCache/Buckets/LegacyTEXTURE/bc/29/eb007a9470f69ce15e18a545f2e83e006676.udd" 6426
"C:/Users/Husky Cal/AppData/Local/UnrealEngine/Common/DerivedDataCache/Buckets/LegacyTEXTURE/5f/4c/b637ac42f1f32d4326ea5497067f1de41763.udd" 6427
"C:/Users/Husky Cal/AppData/Local/UnrealEngine/Common/DerivedDataCache/Buckets/LegacyTEXTURE/cf/ca/5cf24a07df6c64bc990e96f99eff1622ec6e.udd" 6428
"C:/Users/Husky Cal/AppData/Local/UnrealEngine/Common/DerivedDataCache/Buckets/LegacyTEXTURE/e5/ca/8614f10763e75ef1f4a1ba00e4f40ffb7b5e.udd" 6429
"C:/Users/Husky Cal/AppData/Local/UnrealEngine/Common/DerivedDataCache/Buckets/LegacyTEXTURE/d6/e4/cb46dce702426ad3f2cb8e129c407011e1a7.udd" 6430
"C:/Users/Husky Cal/AppData/Local/UnrealEngine/Common/DerivedDataCache/Buckets/LegacyTEXTURE/66/ab/2fa4c92061bd856fb19496bafe85d91d3761.udd" 6431
"F:/Pro/FPSRogueLikePrj/FPSRogueLike/Content/__ExternalObjects__/FirstPerson/Maps/FirstPersonMap/D/PH/WQFJJGR81PTWACYGUC1CP5.uasset" 6432
"F:/Pro/FPSRogueLikePrj/FPSRogueLike/Content/__ExternalObjects__/FirstPerson/Maps/FirstPersonMap/A/JH/8TTAOMHN06NOHWGDJXKH1N.uasset" 6433
"F:/Pro/FPSRogueLikePrj/FPSRogueLike/Content/__ExternalObjects__/FirstPerson/Maps/FirstPersonMap/7/ZX/JUGNISA5MV8V8FE530PDPQ.uasset" 6434
"F:/Pro/FPSRogueLikePrj/FPSRogueLike/Content/__ExternalObjects__/FirstPerson/Maps/FirstPersonMap/8/9P/KRNGZ1PU2Y3ACDDE2D2XC5.uasset" 6435
"C:/Users/Husky Cal/AppData/Local/UnrealEngine/Common/DerivedDataCache/Buckets/BulkDataList/f0/f4/333c03235763eef546e125a722691b4613cc.udd" 6436
"F:/Pro/FPSRogueLikePrj/FPSRogueLike/Content/__ExternalObjects__/FirstPerson/Maps/FirstPersonMap/3/9Y/O1HBCAIOGYKE5W89K0N3EC.uasset" 6437
"F:/Pro/FPSRogueLikePrj/FPSRogueLike/Content/__ExternalObjects__/FirstPerson/Maps/FirstPersonMap/6/2R/TKXMGQLWGTB6FEH6EYY7NK.uasset" 6438
"F:/Pro/FPSRogueLikePrj/FPSRogueLike/Content/FirstPerson/Maps/FirstPersonMap_BuiltData.uasset" 6439
"C:/Users/Husky Cal/AppData/Local/UnrealEngine/Common/DerivedDataCache/Buckets/BulkDataList/6c/95/b12534076431eb14fccef1c80fed1ddae45d.udd" 6440
"C:/Users/Husky Cal/AppData/Local/UnrealEngine/Common/DerivedDataCache/Buckets/BulkDataList/35/54/cf2f23d04bc5b9cf0071bb2e09b7ec4daf36.udd" 6441
"F:/Pro/FPSRogueLikePrj/FPSRogueLike/Content/FirstPerson/Input/Actions/IA_PauseGame.uasset" 6442
"C:/Users/Husky Cal/AppData/Local/UnrealEngine/Common/DerivedDataCache/Buckets/BulkDataPayloadId/5b/be/7dfc89ddab74d74670dc0068b7e4d59d18d2.udd" 6443
"F:/Pro/FPSRogueLikePrj/FPSRogueLike/Content/FirstPerson/Input/Actions/IA_Shoot.uasset" 6444
"C:/Users/Husky Cal/AppData/Local/UnrealEngine/Common/DerivedDataCache/Buckets/BulkDataPayloadId/24/2e/6c358adb21d23e50799329657c55c555d546.udd" 6445
"C:/Users/Husky Cal/AppData/Local/UnrealEngine/Common/DerivedDataCache/Buckets/BulkDataList/c4/13/d24502effa4abfe30b54ad1b2171489e8698.udd" 6446
"C:/Users/Husky Cal/AppData/Local/UnrealEngine/Common/DerivedDataCache/Buckets/BulkDataPayloadId/74/d0/070e724804abdae2bee699c4c08bdabeb3d2.udd" 6447
"C:/Users/Husky Cal/AppData/Local/UnrealEngine/Common/DerivedDataCache/Buckets/BulkDataList/00/1a/da2aa6096e8e702bc98145efd12daab6fbd2.udd" 6448
"C:/Users/Husky Cal/AppData/Local/UnrealEngine/Common/DerivedDataCache/Buckets/BulkDataPayloadId/55/08/9a345b836def7c14b99052ec066251d11be5.udd" 6449
"F:/Pro/FPSRogueLikePrj/FPSRogueLike/Content/FirstPerson/Input/Actions/IA_Move.uasset" 6450
"C:/Users/Husky Cal/AppData/Local/UnrealEngine/Common/DerivedDataCache/Buckets/BulkDataList/87/fd/f1f51eda8ed97d2cb63dd3aa805601bc582d.udd" 6451
"C:/Users/Husky Cal/AppData/Local/UnrealEngine/Common/DerivedDataCache/Buckets/BulkDataPayloadId/5b/de/08d5c12b06c9fda1618b592718bdd06133fd.udd" 6452
"F:/Pro/FPSRogueLikePrj/FPSRogueLike/Content/FirstPerson/Input/Actions/IA_Look.uasset" 6453
"C:/Users/Husky Cal/AppData/Local/UnrealEngine/Common/DerivedDataCache/Buckets/BulkDataList/1a/93/1d4c43884d20ae5ddb9f1858d81d3d013496.udd" 6454
"C:/Users/Husky Cal/AppData/Local/UnrealEngine/Common/DerivedDataCache/Buckets/BulkDataPayloadId/99/f3/869f3c9001f21f6c62333a846bb51973d995.udd" 6455
"F:/Pro/FPSRogueLikePrj/FPSRogueLike/Content/FirstPerson/Input/Actions/IA_Jump.uasset" 6456
"C:/Users/Husky Cal/AppData/Local/UnrealEngine/Common/DerivedDataCache/Buckets/BulkDataList/f0/75/b38aec8b18bb931cf7adc1dcd7b918abdb27.udd" 6457
"../../../Engine/Content/EngineMaterials/DefaultCalibrationGrayscale.uasset" 6458
"C:/Users/Husky Cal/AppData/Local/UnrealEngine/Common/DerivedDataCache/Buckets/BulkDataPayloadId/d0/61/58fcc1ff5f5e3c6e5e06e38ecbb9664b0a84.udd" 6459
"../../../Engine/Content/EngineMaterials/DefaultCalibrationColor.uasset" 6460
"../../../Engine/Content/MobileResources/HUD/VirtualJoystick_Background.uasset" 6461
"../../../Engine/Content/MobileResources/HUD/VirtualJoystick_Thumb.uasset" 6462
"C:/Users/Husky Cal/AppData/Local/UnrealEngine/Common/DerivedDataCache/Buckets/BulkDataList/d3/2b/0dbf661cee182a980d9f9096c61fda640b18.udd" 6463
"../../../Engine/Content/EngineSounds/Submixes/MasterEQEffectPreset.uasset" 6464
"C:/Users/Husky Cal/AppData/Local/UnrealEngine/Common/DerivedDataCache/Buckets/BulkDataPayloadId/60/0a/c89d94a758255b56e7584f0e3ead82e90f03.udd" 6465
"../../../Engine/Content/EngineSounds/Submixes/MasterReverbEffectPreset.uasset" 6466
"../../../Engine/Content/EditorMaterials/PreviewShadowIndicator.uasset" 6467
"../../../Engine/Content/Maps/Entry_BuiltData.uasset" 6468
"C:/Users/Husky Cal/AppData/Local/UnrealEngine/Common/DerivedDataCache/Buckets/BulkDataList/78/bd/58a6e93d061d028767b894fc50a8e9153f2d.udd" 6469
"C:/Users/Husky Cal/AppData/Local/UnrealEngine/Common/DerivedDataCache/Buckets/LegacyTEXTURE/14/be/f7426335607334addb89f80965e9ecf9c6dd.udd" 6470
"C:/Users/Husky Cal/AppData/Local/UnrealEngine/Common/DerivedDataCache/Buckets/LegacyTEXTURE/3e/a0/d8e14f7d3a93658857a08cc114b2b3547d3d.udd" 6471
"C:/Users/Husky Cal/AppData/Local/UnrealEngine/Common/DerivedDataCache/Buckets/LegacyTEXTURE/4c/fd/94105eb26e7e5807898e40bdead574c94e82.udd" 6472
"C:/Users/Husky Cal/AppData/Local/UnrealEngine/Common/DerivedDataCache/Content/0f/98/7fe48b8df7c16f31f998cafcfb1b5a05a807.udd" 6473
"C:/Users/Husky Cal/AppData/Local/UnrealEngine/Common/DerivedDataCache/Buckets/LegacyTEXTURE/24/43/7bbcd661568d85304f736acc4116a6f4f286.udd" 6474
"C:/Users/Husky Cal/AppData/Local/UnrealEngine/Common/DerivedDataCache/Buckets/LegacyTEXTURE/40/d3/ec1e12b7148794a149716b64022493fb2a9e.udd" 6475
"C:/Users/Husky Cal/AppData/Local/UnrealEngine/Common/DerivedDataCache/Buckets/LegacyTEXTURE/f2/b8/fd0026e483a44533ddbfbc8edbf6feb4a83f.udd" 6476
"C:/Users/Husky Cal/AppData/Local/UnrealEngine/Common/DerivedDataCache/Buckets/LegacyTEXTURE/c3/af/23409c7934cbdd87c9b422a1d58140966d88.udd" 6477
"../../../Engine/Content/EngineSky/M_SimpleSkyDome.uasset" 6478
"C:/Users/Husky Cal/AppData/Local/UnrealEngine/Common/DerivedDataCache/Buckets/BulkDataList/67/25/641a4fd3220f592c2bf29c6885e876b50752.udd" 6479
"../../../Engine/Content/Functions/Engine_MaterialFunctions01/Opacity/AlphaOffset.uasset" 6480
"C:/Users/Husky Cal/AppData/Local/UnrealEngine/Common/DerivedDataCache/Buckets/BulkDataList/99/89/a7dcb2975c592eaee4b4f09aa9d191403be5.udd" 6481
"../../../Engine/Content/EditorMeshes/ColorCalibrator/T_ColorGrid.uasset" 6482
"C:/Users/Husky Cal/AppData/Local/UnrealEngine/Common/DerivedDataCache/Buckets/BulkDataList/67/b7/483f218b9bcdf8b3e4a7b52863936c65e001.udd" 6483
"../../../Engine/Content/MapTemplates/Sky/DaylightAmbientCubemap.uasset" 6484
"C:/Users/Husky Cal/AppData/Local/UnrealEngine/Common/DerivedDataCache/Buckets/BulkDataList/37/46/3054e713d2c9925adb7a4b2e054995d49f60.udd" 6485
"../../../Engine/Content/Functions/Engine_MaterialFunctions01/Gradient/RadialGradient.uasset" 6486
"C:/Users/Husky Cal/AppData/Local/UnrealEngine/Common/DerivedDataCache/Buckets/BulkDataList/81/e0/fa8e752c81689504b317340e6db094414f85.udd" 6487
"../../../Engine/Content/Functions/Engine_MaterialFunctions01/Density/ExponentialDensity.uasset" 6488
"C:/Users/Husky Cal/AppData/Local/UnrealEngine/Common/DerivedDataCache/Buckets/BulkDataList/0b/f9/7322149278d77fb46fbc2a4dfbd93b3d3ab3.udd" 6489
"../../../Engine/Content/Functions/Engine_MaterialFunctions01/WorldPositionOffset/SimpleGrassWind.uasset" 6490
"../../../Engine/Content/Functions/Engine_MaterialFunctions02/Texturing/CustomRotator.uasset" 6491
"../../../Engine/Content/Functions/Engine_MaterialFunctions02/WorldPositionOffset/ObjectPivotPoint.uasset" 6492
"../../../Engine/Content/Functions/Engine_MaterialFunctions01/Gradient/SphereGradient-2D.uasset" 6493
"F:/Pro/FPSRogueLikePrj/FPSRogueLike/Content/FirstPerson/Maps/FirstPersonMap.umap" 6494
"F:/Pro/FPSRogueLikePrj/FPSRogueLike/Content/FirstPerson/Blueprints/BP_FirstPersonGameMode.uasset" 6495
"F:/Pro/FPSRogueLikePrj/FPSRogueLike/Content/FirstPerson/Blueprints/BP_FirstPersonCharacter.uasset" 6496
"F:/Pro/FPSRogueLikePrj/FPSRogueLike/Content/FirstPersonArms/Animations/FirstPerson_AnimBP.uasset" 6497
"F:/Pro/FPSRogueLikePrj/FPSRogueLike/Content/FirstPersonArms/Animations/FP_Falling.uasset" 6498
"F:/Pro/FPSRogueLikePrj/FPSRogueLike/Content/FirstPersonArms/Animations/FP_Idle.uasset" 6499
"F:/Pro/FPSRogueLikePrj/FPSRogueLike/Content/FirstPersonArms/Animations/FP_Jump.uasset" 6500
"F:/Pro/FPSRogueLikePrj/FPSRogueLike/Content/FirstPersonArms/Animations/FP_Land.uasset" 6501
"F:/Pro/FPSRogueLikePrj/FPSRogueLike/Content/FirstPersonArms/Animations/FP_Rifle_Falling.uasset" 6502
"F:/Pro/FPSRogueLikePrj/FPSRogueLike/Content/FirstPersonArms/Animations/FP_Rifle_Idle.uasset" 6503
"F:/Pro/FPSRogueLikePrj/FPSRogueLike/Content/FirstPersonArms/Animations/FP_Rifle_Jump.uasset" 6504
"F:/Pro/FPSRogueLikePrj/FPSRogueLike/Content/FirstPersonArms/Animations/FP_Rifle_Land.uasset" 6505
"F:/Pro/FPSRogueLikePrj/FPSRogueLike/Content/FirstPersonArms/Animations/FP_Rifle_Run.uasset" 6506
"F:/Pro/FPSRogueLikePrj/FPSRogueLike/Content/FirstPersonArms/Animations/FP_Run_Fwd.uasset" 6507
"../../../Engine/Content/EditorBlueprintResources/StandardMacros.uasset" 6508
"F:/Pro/FPSRogueLikePrj/FPSRogueLike/Content/FirstPerson/Blueprints/BP_Weapon_Component.uasset" 6509
"F:/Pro/FPSRogueLikePrj/FPSRogueLike/Content/FirstPersonArms/Animations/FP_Rifle_Shoot_Montage.uasset" 6510
"F:/Pro/FPSRogueLikePrj/FPSRogueLike/Content/FirstPersonArms/Animations/FP_Rifle_Fire.uasset" 6511
"F:/Pro/FPSRogueLikePrj/FPSRogueLike/Content/Blueprints/BP_EnemyAI.uasset" 6512
"F:/Pro/FPSRogueLikePrj/FPSRogueLike/Content/Animations/EnemyAI/AP_EnemyAI.uasset" 6513
"F:/Pro/FPSRogueLikePrj/FPSRogueLike/Content/Animations/EnemyAI/WalkBlendSpace1D.uasset" 6514
"F:/Pro/FPSRogueLikePrj/FPSRogueLike/Content/Niagara/NS_Laser.uasset" 6515
"../../Plugins/FX/Niagara/Content/DynamicInputs/Multiply/Multiply_VectorByFloat.uasset" 6516
"../../Plugins/FX/Niagara/Content/DynamicInputs/ValueFromCurve/FloatFromCurve.uasset" 6517
"../../Plugins/FX/Niagara/Content/Modules/Beams/BeamEmitterSetup.uasset" 6518
"../../Plugins/FX/Niagara/Content/DynamicInputs/Helpers/SimulationPosition.uasset" 6519
"../../Plugins/FX/Niagara/Content/Functions/DirectionAndLengthSafe.uasset" 6520
"../../Plugins/FX/Niagara/Content/Functions/Localspace/TransformPosition.uasset" 6521
"../../Plugins/FX/Niagara/Content/Functions/Localspace/TransformBase.uasset" 6522
"../../Plugins/FX/Niagara/Content/Functions/Localspace/TransformVector.uasset" 6523
"../../Plugins/FX/Niagara/Content/Modules/Beams/BeamWidth.uasset" 6524
"../../Plugins/FX/Niagara/Content/Modules/Beams/SpawnBeam.uasset" 6525
"../../Plugins/FX/Niagara/Content/Functions/NormalizedExecutionIndex.uasset" 6526
"../../Plugins/FX/Niagara/Content/Functions/Spline/FindPositionOnBezierSpline.uasset" 6527
"../../Plugins/FX/Niagara/Content/Modules/Beams/UpdateBeam.uasset" 6528
"../../Plugins/FX/Niagara/Content/Modules/Emitter/EmitterState.uasset" 6529
"../../Plugins/FX/Niagara/Content/Functions/Emitter/EmitterChangeState.uasset" 6530
"../../Plugins/FX/Niagara/Content/Enums/ENiagara_EmitterStateOptions.uasset" 6531
"../../Plugins/FX/Niagara/Content/Enums/ENiagara_InfiniteLoopDuration.uasset" 6532
"../../Plugins/FX/Niagara/Content/Enums/ENiagaraEmitterLifeCycleMode.uasset" 6533
"../../Plugins/FX/Niagara/Content/Enums/ENiagaraEmitterScalabilityMode_Limited.uasset" 6534
"../../Plugins/FX/Niagara/Content/Enums/ENiagaraExecutionStateManagement.uasset" 6535
"../../Plugins/FX/Niagara/Content/Enums/ENiagaraInactiveMode.uasset" 6536
"../../Plugins/FX/Niagara/Content/Modules/Emitter/SpawnBurst_Instantaneous.uasset" 6537
"../../Plugins/FX/Niagara/Content/Functions/V2/CalculateRandomRangeFloat.uasset" 6538
"../../Plugins/FX/Niagara/Content/Enums/ENiagaraRandomnessEvaluation.uasset" 6539
"../../Plugins/FX/Niagara/Content/Enums/ENiagaraRandomnessMode.uasset" 6540
"../../Plugins/FX/Niagara/Content/Modules/Solvers/SolveForcesAndVelocity.uasset" 6541
"../../Plugins/FX/Niagara/Content/Functions/Drag/DragVelocity.uasset" 6542
"../../Plugins/FX/Niagara/Content/Functions/Math/CentimeterMeterConversion.uasset" 6543
"../../Plugins/FX/Niagara/Content/Functions/Rotation/MultiplyVectorWithQuaternion.uasset" 6544
"../../Plugins/FX/Niagara/Content/Modules/Solvers/ApplyRotationVector.uasset" 6545
"../../Plugins/FX/Niagara/Content/Functions/Rotation/AxisAngleToQuaternion.uasset" 6546
"../../Plugins/FX/Niagara/Content/Functions/Rotation/MultiplyQuaternion.uasset" 6547
"../../Plugins/FX/Niagara/Content/Icons/Modules/T_Icon_Solver_LimitAccel.uasset" 6548
"../../Plugins/FX/Niagara/Content/Icons/Modules/T_Icon_Solver_LimitSpeed.uasset" 6549
"../../Plugins/FX/Niagara/Content/Icons/Modules/T_Icon_Solver_RotationalSolve.uasset" 6550
"../../Plugins/FX/Niagara/Content/Modules/Spawn/Initialization/V2/InitializeParticle.uasset" 6551
"../../Plugins/FX/Niagara/Content/Functions/LinearColor/HueShiftLinearColor.uasset" 6552
"../../Plugins/FX/Niagara/Content/Functions/Localspace/SimulationPosition.uasset" 6553
"../../Plugins/FX/Niagara/Content/Functions/V2/CalculateRandomBool.uasset" 6554
"../../Plugins/FX/Niagara/Content/Functions/V2/CalculateRandomRangeInteger.uasset" 6555
"../../Plugins/FX/Niagara/Content/Functions/V2/CalculateRandomRange.uasset" 6556
"../../Plugins/FX/Niagara/Content/Enums/ENiagara_ColorInitializationMode.uasset" 6557
"../../Plugins/FX/Niagara/Content/Enums/ENiagara_LifetimeMode.uasset" 6558
"../../Plugins/FX/Niagara/Content/Enums/ENiagara_MassInitializationMode.uasset" 6559
"../../Plugins/FX/Niagara/Content/Enums/ENiagara_PositionInitializationMode.uasset" 6560
"../../Plugins/FX/Niagara/Content/Enums/ENiagara_SizeScaleMode.uasset" 6561
"../../Plugins/FX/Niagara/Content/Enums/ENiagara_SpriteRotationMode.uasset" 6562
"../../Plugins/FX/Niagara/Content/Enums/ENiagara_UVFlippingMode.uasset" 6563
"../../Plugins/FX/Niagara/Content/Enums/ENiagaraChannelCorrelation.uasset" 6564
"../../Plugins/FX/Niagara/Content/Enums/Ribbons/ENiagara_UnsetDirectSet.uasset" 6565
"../../Plugins/FX/Niagara/Content/Enums/Ribbons/ENiagara_UnsetDirectSetRandom.uasset" 6566
"../../Plugins/FX/Niagara/Content/Modules/System/SystemState.uasset" 6567
"../../Plugins/FX/Niagara/Content/Functions/System/SystemChangeState.uasset" 6568
"../../Plugins/FX/Niagara/Content/Enums/ENiagaraSystemInactiveMode.uasset" 6569
"../../Plugins/FX/Niagara/Content/Modules/Update/Color/Color.uasset" 6570
"../../Plugins/FX/Niagara/Content/Modules/Update/Lifetime/ParticleState.uasset" 6571
"../../Plugins/FX/Niagara/Content/Functions/Math/SaturateFloat.uasset" 6572
"../../Plugins/FX/Niagara/Content/Icons/Modules/T_Icon_Particle_InfiniteLife.uasset" 6573
"F:/Pro/FPSRogueLikePrj/FPSRogueLike/Content/UI/WB_Crosshair.uasset" 6574
"F:/Pro/FPSRogueLikePrj/FPSRogueLike/Content/UI/WB_DamageEffectPlayer.uasset" 6575
"F:/Pro/FPSRogueLikePrj/FPSRogueLike/Content/UI/WB_PauseMenu.uasset" 6576
"F:/Pro/FPSRogueLikePrj/FPSRogueLike/Content/UI/WB_PowerupSelection.uasset" 6577
"F:/Pro/FPSRogueLikePrj/FPSRogueLike/Content/UI/WB_BuffBleed.uasset" 6578
"F:/Pro/FPSRogueLikePrj/FPSRogueLike/Content/UI/WP_HealthBar.uasset" 6579
"F:/Pro/FPSRogueLikePrj/FPSRogueLike/Content/UI/WB_Timer.uasset" 6580
"F:/Pro/FPSRogueLikePrj/FPSRogueLike/Content/UI/WP_XP.uasset" 6581
"F:/Pro/FPSRogueLikePrj/FPSRogueLike/Content/UI/WB_BuffBleedPotency10.uasset" 6582
"F:/Pro/FPSRogueLikePrj/FPSRogueLike/Content/UI/WB_BuffBleedPotency25.uasset" 6583
"F:/Pro/FPSRogueLikePrj/FPSRogueLike/Content/UI/WB_BuffBleedPotency50.uasset" 6584
"F:/Pro/FPSRogueLikePrj/FPSRogueLike/Content/UI/WB_BuffBurn.uasset" 6585
"F:/Pro/FPSRogueLikePrj/FPSRogueLike/Content/UI/WB_BuffBurnPotency10.uasset" 6586
"F:/Pro/FPSRogueLikePrj/FPSRogueLike/Content/UI/WB_BuffBurnPotency25.uasset" 6587
"F:/Pro/FPSRogueLikePrj/FPSRogueLike/Content/UI/WB_BuffCritChance.uasset" 6588
"F:/Pro/FPSRogueLikePrj/FPSRogueLike/Content/UI/WB_BuffCritChanceBig.uasset" 6589
"F:/Pro/FPSRogueLikePrj/FPSRogueLike/Content/UI/WB_BuffCritDamage.uasset" 6590
"F:/Pro/FPSRogueLikePrj/FPSRogueLike/Content/UI/WB_BuffCritDamageBig.uasset" 6591
"F:/Pro/FPSRogueLikePrj/FPSRogueLike/Content/UI/WB_BuffDamageReduction.uasset" 6592
"F:/Pro/FPSRogueLikePrj/FPSRogueLike/Content/UI/WB_BuffDamageWeapon.uasset" 6593
"F:/Pro/FPSRogueLikePrj/FPSRogueLike/Content/UI/WB_BuffDash.uasset" 6594
"F:/Pro/FPSRogueLikePrj/FPSRogueLike/Content/UI/WB_BuffDoubleJump.uasset" 6595
"F:/Pro/FPSRogueLikePrj/FPSRogueLike/Content/UI/WB_BuffEvasion.uasset" 6596
"F:/Pro/FPSRogueLikePrj/FPSRogueLike/Content/UI/WB_BuffHealth.uasset" 6597
"F:/Pro/FPSRogueLikePrj/FPSRogueLike/Content/UI/WB_BuffHealthBig.uasset" 6598
"F:/Pro/FPSRogueLikePrj/FPSRogueLike/Content/UI/WB_BuffHealthSpawnTime.uasset" 6599
"F:/Pro/FPSRogueLikePrj/FPSRogueLike/Content/Blueprints/BP_HealthSpawner.uasset" 6600
"F:/Pro/FPSRogueLikePrj/FPSRogueLike/Content/Blueprints/BP_HealthPickUp.uasset" 6601
"F:/Pro/FPSRogueLikePrj/FPSRogueLike/Content/Models/HealthPickUp.uasset" 6602
"F:/Pro/FPSRogueLikePrj/FPSRogueLike/Content/UI/WB_BuffMultiShot.uasset" 6603
"F:/Pro/FPSRogueLikePrj/FPSRogueLike/Content/UI/WB_BuffShatter.uasset" 6604
"F:/Pro/FPSRogueLikePrj/FPSRogueLike/Content/UI/WB_BuffShatterBig.uasset" 6605
"F:/Pro/FPSRogueLikePrj/FPSRogueLike/Content/UI/WB_BuffShatterSmall.uasset" 6606
"F:/Pro/FPSRogueLikePrj/FPSRogueLike/Content/UI/WB_BuffSlow.uasset" 6607
"F:/Pro/FPSRogueLikePrj/FPSRogueLike/Content/UI/WB_BuffSlowPotency10.uasset" 6608
"F:/Pro/FPSRogueLikePrj/FPSRogueLike/Content/UI/WB_BuffSlowPotency25.uasset" 6609
"F:/Pro/FPSRogueLikePrj/FPSRogueLike/Content/UI/WB_BuffSlowPotency50.uasset" 6610
"F:/Pro/FPSRogueLikePrj/FPSRogueLike/Content/UI/WB_BuffSlowStacks.uasset" 6611
"F:/Pro/FPSRogueLikePrj/FPSRogueLike/Content/UI/WB_BuffXP.uasset" 6612
"F:/Pro/FPSRogueLikePrj/FPSRogueLike/Content/Blueprints/BP_RandomSpawner.uasset" 6613
"F:/Pro/FPSRogueLikePrj/FPSRogueLike/Content/UI/WB_BuffXPBig.uasset" 6614
"F:/Pro/FPSRogueLikePrj/FPSRogueLike/Content/UI/WB_BuffXPLarge.uasset" 6615
"F:/Pro/FPSRogueLikePrj/FPSRogueLike/Content/FirstPersonArms/Character/Mesh/SK_Mannequin_Arms.uasset" 6616
"F:/Pro/FPSRogueLikePrj/FPSRogueLike/Content/FirstPersonArms/Character/Materials/M_UE4Man_Body.uasset" 6617
"F:/Pro/FPSRogueLikePrj/FPSRogueLike/Content/FirstPersonArms/Character/Materials/MaterialLayers/ML_GlossyBlack_Latex_UE4.uasset" 6618
"F:/Pro/FPSRogueLikePrj/FPSRogueLike/Content/FirstPersonArms/Character/Materials/MaterialLayers/ML_Plastic_Shiny_Beige_LOGO.uasset" 6619
"F:/Pro/FPSRogueLikePrj/FPSRogueLike/Content/FirstPersonArms/Character/Materials/MaterialLayers/ML_SoftMetal_UE4.uasset" 6620
"F:/Pro/FPSRogueLikePrj/FPSRogueLike/Content/Characters/Mannequins/Meshes/SKM_Quinn.uasset" 6621
"F:/Pro/FPSRogueLikePrj/FPSRogueLike/Content/Characters/Mannequins/Rigs/ABP_Quinn_PostProcess.uasset" 6622
"F:/Pro/FPSRogueLikePrj/FPSRogueLike/Content/Characters/Mannequins/Rigs/Poses/Quinn/Quinn_calf_l_pose.uasset" 6623
"F:/Pro/FPSRogueLikePrj/FPSRogueLike/Content/Characters/Mannequins/Rigs/Poses/Quinn/Quinn_calf_r_pose.uasset" 6624
"F:/Pro/FPSRogueLikePrj/FPSRogueLike/Content/Characters/Mannequins/Rigs/Poses/Quinn/Quinn_clavicle_l_pose.uasset" 6625
"F:/Pro/FPSRogueLikePrj/FPSRogueLike/Content/Characters/Mannequins/Rigs/Poses/Quinn/Quinn_clavicle_r_pose.uasset" 6626
"F:/Pro/FPSRogueLikePrj/FPSRogueLike/Content/Characters/Mannequins/Rigs/Poses/Quinn/Quinn_foot_l_pose.uasset" 6627
"F:/Pro/FPSRogueLikePrj/FPSRogueLike/Content/Characters/Mannequins/Rigs/Poses/Quinn/Quinn_foot_r_pose.uasset" 6628
"F:/Pro/FPSRogueLikePrj/FPSRogueLike/Content/Characters/Mannequins/Rigs/Poses/Quinn/Quinn_hand_l_pose.uasset" 6629
"F:/Pro/FPSRogueLikePrj/FPSRogueLike/Content/Characters/Mannequins/Rigs/Poses/Quinn/Quinn_hand_r_pose.uasset" 6630
"F:/Pro/FPSRogueLikePrj/FPSRogueLike/Content/Characters/Mannequins/Rigs/Poses/Quinn/Quinn_lowerarm_l_pose.uasset" 6631
"F:/Pro/FPSRogueLikePrj/FPSRogueLike/Content/Characters/Mannequins/Rigs/Poses/Quinn/Quinn_lowerarm_r_pose.uasset" 6632
"F:/Pro/FPSRogueLikePrj/FPSRogueLike/Content/Characters/Mannequins/Rigs/Poses/Quinn/Quinn_thigh_l_pose.uasset" 6633
"F:/Pro/FPSRogueLikePrj/FPSRogueLike/Content/Characters/Mannequins/Rigs/Poses/Quinn/Quinn_thigh_r_pose.uasset" 6634
"F:/Pro/FPSRogueLikePrj/FPSRogueLike/Content/Characters/Mannequins/Rigs/Poses/Quinn/Quinn_upperarm_l_pose.uasset" 6635
"F:/Pro/FPSRogueLikePrj/FPSRogueLike/Content/Characters/Mannequins/Rigs/Poses/Quinn/Quinn_upperarm_r_pose.uasset" 6636
"F:/Pro/FPSRogueLikePrj/FPSRogueLike/Content/FirstPerson/Blueprints/BP_FirstPersonProjectile.uasset" 6637
"F:/Pro/FPSRogueLikePrj/FPSRogueLike/Content/FPWeapon/Mesh/FirstPersonProjectileMesh.uasset" 6638
"F:/Pro/FPSRogueLikePrj/FPSRogueLike/Content/FPWeapon/Materials/FirstPersonProjectileMaterial.uasset" 6639
"F:/Pro/FPSRogueLikePrj/FPSRogueLike/Content/FirstPerson/Input/IMC_Weapons.uasset" 6640
"F:/Pro/FPSRogueLikePrj/FPSRogueLike/Content/FPWeapon/Mesh/SK_FPGun.uasset" 6641
"F:/Pro/FPSRogueLikePrj/FPSRogueLike/Content/FPWeapon/Materials/M_FPGun.uasset" 6642
"F:/Pro/FPSRogueLikePrj/FPSRogueLike/Content/FPWeapon/Materials/MaterialLayers/ML_GlossyBlack_Latex_UE4.uasset" 6643
"F:/Pro/FPSRogueLikePrj/FPSRogueLike/Content/FPWeapon/Materials/MaterialLayers/ML_SoftMetal_UE4.uasset" 6644
"F:/Pro/FPSRogueLikePrj/FPSRogueLike/Content/MilitaryWeapSilver/FX/P_AssaultRifle_MuzzleFlash.uasset" 6645
"F:/Pro/FPSRogueLikePrj/FPSRogueLike/Content/MilitaryWeapSilver/FX/Materials/M_AssaultRifle_MuzzleFlash_4x1.uasset" 6646
"F:/Pro/FPSRogueLikePrj/FPSRogueLike/Content/MilitaryWeapSilver/FX/Materials/M_GlowSphere_01.uasset" 6647
"../../../Engine/Content/Functions/Engine_MaterialFunctions02/Fresnel.uasset" 6648
"../../../Engine/Content/Functions/Engine_MaterialFunctions02/Fresnel_Function.uasset" 6649
"F:/Pro/FPSRogueLikePrj/FPSRogueLike/Content/MilitaryWeapSilver/FX/Materials/M_Pistol_Smoke_2x2_A.uasset" 6650
"F:/Pro/FPSRogueLikePrj/FPSRogueLike/Content/MilitaryWeapSilver/FX/Materials/M_Smoke_8x8_B_01.uasset" 6651
"F:/Pro/FPSRogueLikePrj/FPSRogueLike/Content/MilitaryWeapSilver/FX/Meshes/St_Sphere_01.uasset" 6652
"F:/Pro/FPSRogueLikePrj/FPSRogueLike/Content/Realistic_Starter_VFX_Pack_Vol2/Particles/Hit/P_Asphalt.uasset" 6653
"F:/Pro/FPSRogueLikePrj/FPSRogueLike/Content/Realistic_Starter_VFX_Pack_Vol2/Materials/M_Dirt_B.uasset" 6654
"F:/Pro/FPSRogueLikePrj/FPSRogueLike/Content/Realistic_Starter_VFX_Pack_Vol2/Materials/M_Glow_C.uasset" 6655
"F:/Pro/FPSRogueLikePrj/FPSRogueLike/Content/Realistic_Starter_VFX_Pack_Vol2/Materials/M_Rock_B.uasset" 6656
"F:/Pro/FPSRogueLikePrj/FPSRogueLike/Content/Realistic_Starter_VFX_Pack_Vol2/Materials/M_Smoke_Wisp.uasset" 6657
"F:/Pro/FPSRogueLikePrj/FPSRogueLike/Content/Realistic_Starter_VFX_Pack_Vol2/Materials/M_Glow_C_Inst.uasset" 6658
"F:/Pro/FPSRogueLikePrj/FPSRogueLike/Content/Realistic_Starter_VFX_Pack_Vol2/Mesh/SM_Derbis_A.uasset" 6659
"F:/Pro/FPSRogueLikePrj/FPSRogueLike/Content/Animations/EnemyAI/AM_EnemyAttack.uasset" 6660
"F:/Pro/FPSRogueLikePrj/FPSRogueLike/Content/Sword_Animation/Animations/anim_attack_light_01.uasset" 6661
"F:/Pro/FPSRogueLikePrj/FPSRogueLike/Content/FirstPerson/Input/IMC_Default.uasset" 6662
"../../../Engine/Content/Maps/Templates/HLODs/HLODLayer_Instanced.uasset" 6663
"F:/Pro/FPSRogueLikePrj/FPSRogueLike/Content/__ExternalActors__/FirstPerson/Maps/FirstPersonMap/D/0W/E1FKEGVKGOLM7HGLQPCIPO.uasset" 6664
"C:/Users/Husky Cal/AppData/Local/UnrealEngine/Common/DerivedDataCache/Buckets/BulkDataList/87/d5/e81010e28d2ec3504e175cfd57776003af2f.udd" 6665
"C:/Users/Husky Cal/AppData/Local/UnrealEngine/Common/DerivedDataCache/Buckets/BulkDataList/db/69/877219d574b01a9fae796c5e241d2d39f8e8.udd" 6666
"C:/Users/Husky Cal/AppData/Local/UnrealEngine/Common/DerivedDataCache/Buckets/BulkDataList/92/75/5f1693cf623b91c49de2f5116b7f0a172113.udd" 6667
"C:/Users/Husky Cal/AppData/Local/UnrealEngine/Common/DerivedDataCache/Buckets/BulkDataList/6e/8f/fd0fdcc55783ca01851e59ac9e0759adadf4.udd" 6668
"C:/Users/Husky Cal/AppData/Local/UnrealEngine/Common/DerivedDataCache/Buckets/BulkDataList/a2/b1/155cb9faed47bddaaf62099f04ed947cb826.udd" 6669
"C:/Users/Husky Cal/AppData/Local/UnrealEngine/Common/DerivedDataCache/Buckets/BulkDataPayloadId/9d/d9/1629982d73a84679055a787076223ec1d010.udd" 6670
"../../../Engine/Plugins/FX/Niagara/Shaders/Private/NiagaraDataInterfaceCurveTemplate.ush" 6671
"../../../Engine/Plugins/FX/Niagara/Shaders/Private/NiagaraDataInterfaceMeshRendererInfoTemplate.ush" 6672
"C:/Users/Husky Cal/AppData/Local/UnrealEngine/Common/DerivedDataCache/Buckets/StaticMesh/ee/c8/28ff86a54c58605f5443b9a17bf836626e59.udd" 6673
"C:/Users/Husky Cal/AppData/Local/UnrealEngine/Common/DerivedDataCache/Buckets/LegacyDIST/d3/7b/7fc0a0357234fa22ebf890ee1b4791b1b5ac.udd" 6674
"C:/Users/Husky Cal/AppData/Local/UnrealEngine/Common/DerivedDataCache/Buckets/LegacyCARD/26/ff/3d628a050bfaba30e76f0b80e3d3bc54bcc3.udd" 6675
"C:/Users/Husky Cal/AppData/Local/UnrealEngine/Common/DerivedDataCache/Buckets/StaticMesh/d6/9d/1c62e445a31702392e094549df73623603d2.udd" 6676
"C:/Users/Husky Cal/AppData/Local/UnrealEngine/Common/DerivedDataCache/Buckets/LegacyDIST/53/03/35061607135a6a4eeb7e3085271a94570a8d.udd" 6677
"C:/Users/Husky Cal/AppData/Local/UnrealEngine/Common/DerivedDataCache/Buckets/LegacyCARD/ec/12/3dd774a5f6a4edd71001b80a7ef5d74d0c83.udd" 6678
"C:/Users/Husky Cal/AppData/Local/UnrealEngine/Common/DerivedDataCache/Buckets/LegacyNavCollision/07/77/523a3f95d79a71c1073c565ba0612267c48a.udd" 6679
"C:/Users/Husky Cal/AppData/Local/UnrealEngine/Common/DerivedDataCache/Buckets/LegacySKELETALMESH/57/89/a4df0fa796b35c572bcf78f8c9f43b445615.udd" 6680
"C:/Users/Husky Cal/AppData/Local/UnrealEngine/Common/DerivedDataCache/Content/44/d7/405080739a6d4c5296b74eaea093e0529c70.udd" 6681
"C:/Users/Husky Cal/AppData/Local/UnrealEngine/Common/DerivedDataCache/Buckets/LegacyMESHDATAKEY/f9/53/e876dd4f14e78ffa9d5a26bf752aad8984bb.udd" 6682
"C:/Users/Husky Cal/AppData/Local/UnrealEngine/Common/DerivedDataCache/Buckets/StaticMesh/56/e5/544c7591fe41e09c37c2ba0e93a4a58e7166.udd" 6683
"C:/Users/Husky Cal/AppData/Local/UnrealEngine/Common/DerivedDataCache/Buckets/LegacyDIST/08/54/e0ae1b81796db370336a71b32e8e529ce2a3.udd" 6684
"C:/Users/Husky Cal/AppData/Local/UnrealEngine/Common/DerivedDataCache/Buckets/LegacyCARD/98/a4/81a5786ff7853daf131b73ca90217b9e3a1c.udd" 6685
"C:/Users/Husky Cal/AppData/Local/UnrealEngine/Common/DerivedDataCache/Buckets/LegacyNavCollision/f1/33/ba1f9e32fc85fbb7e3f9db349808859b9e19.udd" 6686
"C:/Users/Husky Cal/AppData/Local/UnrealEngine/Common/DerivedDataCache/Buckets/LegacyMESHDATAKEY/70/28/345a5cbb7bd4a4aecf51f23d73472e0e8994.udd" 6687
"C:/Users/Husky Cal/AppData/Local/UnrealEngine/Common/DerivedDataCache/Buckets/StaticMesh/de/b3/4f692b8efd1bf49a5aeaf8bf06049a75cbbf.udd" 6688
"C:/Users/Husky Cal/AppData/Local/UnrealEngine/Common/DerivedDataCache/Buckets/LegacyDIST/6a/43/237fbefac6dbc7a2c97aeffd3b0c7e9b93dd.udd" 6689
"C:/Users/Husky Cal/AppData/Local/UnrealEngine/Common/DerivedDataCache/Buckets/LegacyCARD/e8/4d/daac50a11662008a5989c9f490d7f83dc28f.udd" 6690
"C:/Users/Husky Cal/AppData/Local/UnrealEngine/Common/DerivedDataCache/Buckets/LegacyNavCollision/5c/e7/55bf38507ce89a74cc6f2d179ba1f09ae1fc.udd" 6691
"C:/Users/Husky Cal/AppData/Local/UnrealEngine/Common/DerivedDataCache/Buckets/AnimationSequence/2e/a3/7078af1baa12b04fb16cc980cbd37d6caf2a.udd" 6692
"../../../Engine/Plugins/FX/Niagara/Shaders/Private/NiagaraDataInterfaceTexture2DArrayTemplate.ush" 6693
"../../../Engine/Plugins/FX/Niagara/Shaders/Private/NiagaraDataInterfaceActorComponentTemplate.ush" 6694
"../../../Engine/Plugins/FX/Niagara/Shaders/Private/NiagaraDataInterfaceArrayTemplate.ush" 6695
"../../../Engine/Plugins/FX/Niagara/Shaders/Private/NiagaraDataInterfaceArrayRWTemplate.ush" 6696
"../../../Engine/Plugins/FX/Niagara/Shaders/Private/NiagaraDataInterfaceAsyncGpuTrace.ush" 6697
"../../../Engine/Plugins/FX/Niagara/Shaders/Private/NiagaraDataInterfaceAsyncGpuTraceTemplate.ush" 6698
"../../../Engine/Plugins/FX/Niagara/Shaders/Private/NiagaraDataInterfaceCamera.ush" 6699
"../../../Engine/Plugins/Experimental/ChaosNiagara/Shaders/NiagaraDataInterfaceChaosDestruction.ush" 6700
"../../../Engine/Plugins/FX/Niagara/Shaders/Private/NiagaraDataInterfaceCollisionQuery.ush" 6701
"../../../Engine/Shaders/Public/StrataPublic.ush" 6702
"../../../Engine/Plugins/FX/Niagara/Shaders/Private/NiagaraDataInterfaceCollisionQueryTemplate.ush" 6703
"../../../Engine/Plugins/FX/Niagara/Shaders/Private/NiagaraDataInterfaceCubeTextureTemplate.ush" 6704
"../../../Engine/Plugins/FX/Niagara/Shaders/Private/DataChannel/NiagaraDataInterfaceDataChannelCommon.ush" 6705
"../../../Engine/Plugins/FX/Niagara/Shaders/Private/DataChannel/NiagaraDataInterfaceDataChannelTemplateCommon.ush" 6706
"../../../Engine/Plugins/FX/Niagara/Shaders/Private/DataChannel/NiagaraDataInterfaceDataChannelTemplate_Read.ush" 6707
"../../../Engine/Plugins/FX/Niagara/Shaders/Private/DataChannel/NiagaraDataInterfaceDataChannelTemplate_Consume.ush" 6708
"../../../Engine/Plugins/FX/Niagara/Shaders/Private/NiagaraDataInterfaceDebugDraw.ush" 6709
"../../../Engine/Plugins/FX/Niagara/Shaders/Private/NiagaraDataInterfaceDebugDrawTemplate.ush" 6710
"../../../Engine/Plugins/FX/Niagara/Shaders/Private/NiagaraDataInterfaceDynamicMeshTemplate.ush" 6711
"../../../Engine/Plugins/FX/Niagara/Shaders/Private/NiagaraDataInterfaceEmitterPropertiesTemplate.ush" 6712
"../../../Engine/Plugins/FX/Niagara/Shaders/Private/NiagaraDataInterfaceExportTemplate.ush" 6713
"../../../Engine/Plugins/FX/Niagara/Shaders/Private/NiagaraDataInterfaceGBufferTemplate.ush" 6714
"../../../Engine/Plugins/Experimental/ChaosNiagara/Shaders/NiagaraDataInterfaceGeometryCollection.ush" 6715
"../../../Engine/Plugins/FX/Niagara/Shaders/Private/NiagaraDataInterfaceIntRenderTarget2D.ush" 6716
"../../../Engine/Plugins/FX/Niagara/Shaders/Private/NiagaraDataInterfaceLandscape.ush" 6717
"../../../Engine/Plugins/FX/Niagara/Shaders/Private/NiagaraDataInterfaceOcclusion.ush" 6718
"../../../Engine/Plugins/FX/Niagara/Shaders/Private/NiagaraDataInterfacePhysicsAsset.ush" 6719
"../../../Engine/Plugins/Experimental/ChaosNiagara/Shaders/NiagaraDataInterfacePhysicsField.ush" 6720
"../../../Engine/Plugins/FX/Niagara/Shaders/Private/NiagaraDataInterfaceRenderTarget2DTemplate.ush" 6721
"../../../Engine/Plugins/FX/Niagara/Shaders/Private/NiagaraDataInterfaceRenderTarget2DArrayTemplate.ush" 6722
"../../../Engine/Plugins/FX/Niagara/Shaders/Private/NiagaraDataInterfaceRenderTargetCubeTemplate.ush" 6723
"../../../Engine/Plugins/FX/Niagara/Shaders/Private/NiagaraDataInterfaceRenderTargetVolumeTemplate.ush" 6724
"../../../Engine/Plugins/FX/Niagara/Shaders/Private/NiagaraDataInterfaceRigidMeshCollisionQuery.ush" 6725
"../../../Engine/Plugins/FX/Niagara/Shaders/Private/NiagaraDataInterfaceSimCacheReaderTemplate.ush" 6726
"../../../Engine/Plugins/FX/Niagara/Shaders/Private/NiagaraDataInterfaceSimpleCounterTemplate.ush" 6727
"../../../Engine/Plugins/FX/Niagara/Shaders/Private/NiagaraDataInterfaceSkeletalMesh.ush" 6728
"../../../Engine/Plugins/FX/Niagara/Shaders/Private/NiagaraBaryCentricUtils.ush" 6729
"../../../Engine/Plugins/FX/Niagara/Shaders/Private/NiagaraDataInterfaceSkeletalMeshTemplate.ush" 6730
"../../../Engine/Plugins/FX/Niagara/Shaders/Private/NiagaraDataInterfaceSplineTemplate.ush" 6731
"../../../Engine/Plugins/FX/Niagara/Shaders/Private/NiagaraDataInterfaceSpriteRendererInfoTemplate.ush" 6732
"../../../Engine/Plugins/FX/Niagara/Shaders/Private/NiagaraDataInterfaceStaticMeshTemplate.ush" 6733
"../../../Engine/Plugins/FX/Niagara/Shaders/Private/NiagaraQuaternionUtils.ush" 6734
"../../../Engine/Plugins/FX/Niagara/Shaders/Private/NiagaraDataInterfaceTextureTemplate.ush" 6735
"../../../Engine/Plugins/FX/Niagara/Shaders/Private/NiagaraDataInterfaceVirtualTexture.ush" 6736
"../../../Engine/Plugins/FX/Niagara/Shaders/Private/NiagaraDataInterfaceVirtualTextureTemplate.ush" 6737
"../../../Engine/Plugins/FX/Niagara/Shaders/Private/NiagaraDataInterfaceVolumeCache.ush" 6738
"../../../Engine/Plugins/FX/Niagara/Shaders/Private/NiagaraDataInterfaceVolumeTextureTemplate.ush" 6739
"../../../Engine/Plugins/FX/Niagara/Content/VectorFields/Assets/TilingCurl16.uasset" 6740
"../../../Engine/Content/Functions/Engine_MaterialFunctions02/Utility/MakeFloat4.uasset" 6741
"../../../Engine/Content/Functions/Engine_MaterialFunctions02/Utility/MakeFloat3.uasset" 6742
"../../../Engine/Content/Functions/Engine_MaterialFunctions01/Gradient/LinearGradient.uasset" 6743
"../../../Engine/Content/EngineSky/T_Sky_Blue.uasset" 6744
"../../../Engine/Content/EngineSky/T_Sky_Clouds_M.uasset" 6745
"../../../Engine/Content/OpenWorldTemplate/LandscapeMaterial/T_GridChecker_A.uasset" 6746
"../../../Engine/Content/EngineSky/T_Sky_Stars.uasset" 6747
"../../../Engine/Content/EngineMaterials/BlendFunc_DefBase.uasset" 6748
"../../../Engine/Content/EngineMaterials/BlendFunc_DefBlend.uasset" 6749
"../../../Engine/Content/Functions/Engine_MaterialFunctions02/ScreenResolution.uasset" 6750
"F:/Pro/FPSRogueLikePrj/FPSRogueLike/Content/Materials/M_RayMarch.uasset" 6751
"C:/Users/Husky Cal/AppData/Local/UnrealEngine/Common/DerivedDataCache/Buckets/BulkDataList/85/e5/79777e59d27709b5a64c8e8bc60e68db09f6.udd" 6752
"../../../Engine/Content/ArtTools/RenderToTexture/MaterialFunctions/CheckerPattern.uasset" 6753
"F:/Pro/FPSRogueLikePrj/FPSRogueLike/Content/Boss/BT_Boss.uasset" 6754
"C:/Users/Husky Cal/AppData/Local/UnrealEngine/Common/DerivedDataCache/Buckets/BulkDataList/79/00/60b129ae66d97dd61f5d8c52ee2e4c27b4e8.udd" 6755
"C:/Users/Husky Cal/AppData/Local/UnrealEngine/Common/DerivedDataCache/Buckets/BulkDataList/b6/cc/47d687b666e93a568d1ce2033d3b75baf384.udd" 6756
"F:/Pro/FPSRogueLikePrj/FPSRogueLike/Content/StarterContent/Particles/Materials/M_Heat_Distortion.uasset" 6757
"F:/Pro/FPSRogueLikePrj/FPSRogueLike/Content/StarterContent/Particles/Materials/M_Spark.uasset" 6758
"F:/Pro/FPSRogueLikePrj/FPSRogueLike/Content/StarterContent/Particles/Materials/M_smoke_subUV.uasset" 6759
"F:/Pro/FPSRogueLikePrj/FPSRogueLike/Content/StarterContent/Materials/M_Wood_Floor_Walnut_Polished.uasset" 6760
"C:/Users/Husky Cal/AppData/Local/UnrealEngine/Common/DerivedDataCache/Buckets/BulkDataList/ad/fd/52cf37e8548c0d194e097997d18b2b64e590.udd" 6761
"C:/Users/Husky Cal/AppData/Local/UnrealEngine/Common/DerivedDataCache/Buckets/BulkDataList/19/94/983cfd65556d2f96ec0e78a4d66d99172e26.udd" 6762
"F:/Pro/FPSRogueLikePrj/FPSRogueLike/Content/StarterContent/Materials/M_Water_Lake.uasset" 6763
"C:/Users/Husky Cal/AppData/Local/UnrealEngine/Common/DerivedDataCache/Buckets/BulkDataList/3e/63/441425e92c5024320a6d140c50943ccde99b.udd" 6764
"F:/Pro/FPSRogueLikePrj/FPSRogueLike/Content/StarterContent/Materials/M_Rock_Marble_Polished.uasset" 6765
"F:/Pro/FPSRogueLikePrj/FPSRogueLike/Content/StarterContent/Materials/M_Rock_SandstoneTest.uasset" 6766
"F:/Pro/FPSRogueLikePrj/FPSRogueLike/Content/StarterContent/Materials/M_Wood_Walnut.uasset" 6767
"F:/Pro/FPSRogueLikePrj/FPSRogueLike/Content/StarterContent/Materials/M_Wood_Pine.uasset" 6768
"C:/Users/Husky Cal/AppData/Local/UnrealEngine/Common/DerivedDataCache/Buckets/BulkDataList/76/b8/e20a8e12c4168f9247a7c7eac2fecc3c63e4.udd" 6769
"C:/Users/Husky Cal/AppData/Local/UnrealEngine/Common/DerivedDataCache/Buckets/BulkDataList/c4/6c/e95b8c748acbcdd433178e9000a8b3629d83.udd" 6770
"F:/Pro/FPSRogueLikePrj/FPSRogueLike/Content/StarterContent/Materials/M_Wood_Oak.uasset" 6771
"F:/Pro/FPSRogueLikePrj/FPSRogueLike/Content/StarterContent/Materials/M_Tech_Panel.uasset" 6772
"F:/Pro/FPSRogueLikePrj/FPSRogueLike/Content/StarterContent/Materials/M_Tech_Hex_Tile_Pulse.uasset" 6773
"F:/Pro/FPSRogueLikePrj/FPSRogueLike/Content/StarterContent/Materials/M_Rock_Basalt.uasset" 6774
"F:/Pro/FPSRogueLikePrj/FPSRogueLike/Content/StarterContent/Materials/M_Rock_Sandstone.uasset" 6775
"F:/Pro/FPSRogueLikePrj/FPSRogueLike/Content/StarterContent/Materials/M_Metal_Gold.uasset" 6776
"F:/Pro/FPSRogueLikePrj/FPSRogueLike/Content/StarterContent/Materials/M_Metal_Copper.uasset" 6777
"F:/Pro/FPSRogueLikePrj/FPSRogueLike/Content/StarterContent/Materials/M_Metal_Chrome.uasset" 6778
"F:/Pro/FPSRogueLikePrj/FPSRogueLike/Content/StarterContent/Materials/M_Metal_Steel.uasset" 6779
"F:/Pro/FPSRogueLikePrj/FPSRogueLike/Content/StarterContent/Materials/M_Rock_Slate.uasset" 6780
"C:/Users/Husky Cal/AppData/Local/UnrealEngine/Common/DerivedDataCache/Buckets/BulkDataList/07/76/7b7afde467679963a5fc8fdcd0962d6d4c15.udd" 6781
"C:/Users/Husky Cal/AppData/Local/UnrealEngine/Common/DerivedDataCache/Buckets/BulkDataList/5f/77/91ac830546042d982dcd09781adba17aaa14.udd" 6782
"C:/Users/Husky Cal/AppData/Local/UnrealEngine/Common/DerivedDataCache/Buckets/BulkDataList/a3/26/39a770a7e4bfc622b822c0886d7919b5672b.udd" 6783
"C:/Users/Husky Cal/AppData/Local/UnrealEngine/Common/DerivedDataCache/Buckets/BulkDataList/65/2e/6adfe6668c9fad58830300dfaeb446d08064.udd" 6784
"C:/Users/Husky Cal/AppData/Local/UnrealEngine/Common/DerivedDataCache/Buckets/BulkDataList/17/ed/3bb36ba40a40bf1fa65a47b81016f81beea2.udd" 6785
"C:/Users/Husky Cal/AppData/Local/UnrealEngine/Common/DerivedDataCache/Buckets/BulkDataList/bb/89/19c9476e6ad014c72bbdae85a074057b58c3.udd" 6786
"F:/Pro/FPSRogueLikePrj/FPSRogueLike/Content/StarterContent/Materials/M_Metal_Burnished_Steel.uasset" 6787
"F:/Pro/FPSRogueLikePrj/FPSRogueLike/Content/StarterContent/Materials/M_Metal_Brushed_Nickel.uasset" 6788
"F:/Pro/FPSRogueLikePrj/FPSRogueLike/Content/StarterContent/Materials/M_Ground_Moss.uasset" 6789
"F:/Pro/FPSRogueLikePrj/FPSRogueLike/Content/StarterContent/Materials/M_Ground_Gravel.uasset" 6790
"F:/Pro/FPSRogueLikePrj/FPSRogueLike/Content/StarterContent/Materials/M_Ground_Grass.uasset" 6791
"F:/Pro/FPSRogueLikePrj/FPSRogueLike/Content/StarterContent/Particles/Materials/M_Fire_SubUV.uasset" 6792
"F:/Pro/FPSRogueLikePrj/FPSRogueLike/Content/StarterContent/Particles/Materials/M_explosion_subUV.uasset" 6793
"F:/Pro/FPSRogueLikePrj/FPSRogueLike/Content/StarterContent/Particles/Materials/M_Dust_Particle.uasset" 6794
"F:/Pro/FPSRogueLikePrj/FPSRogueLike/Content/StarterContent/Materials/M_Concrete_Tiles.uasset" 6795
"F:/Pro/FPSRogueLikePrj/FPSRogueLike/Content/StarterContent/Materials/M_Concrete_Poured.uasset" 6796
"C:/Users/Husky Cal/AppData/Local/UnrealEngine/Common/DerivedDataCache/Buckets/MaterialShaderMap/fb/d8/1b2f2b3f69404962bb2e80440bcad333362e.udd" 6797
"C:/Users/Husky Cal/AppData/Local/UnrealEngine/Common/DerivedDataCache/Buckets/MaterialShaderMap/58/19/ac0b7349d56fe78a4197a0ea0849f21de459.udd" 6798
"F:/Pro/FPSRogueLikePrj/FPSRogueLike/Content/StarterContent/Materials/M_Concrete_Panels.uasset" 6799
"F:/Pro/FPSRogueLikePrj/FPSRogueLike/Content/StarterContent/Materials/M_Concrete_Grime.uasset" 6800
"F:/Pro/FPSRogueLikePrj/FPSRogueLike/Content/StarterContent/Materials/M_CobbleStone_Smooth.uasset" 6801
"F:/Pro/FPSRogueLikePrj/FPSRogueLike/Content/StarterContent/Materials/M_CobbleStone_Rough.uasset" 6802
"F:/Pro/FPSRogueLikePrj/FPSRogueLike/Content/StarterContent/Materials/M_CobbleStone_Pebble.uasset" 6803
"F:/Pro/FPSRogueLikePrj/FPSRogueLike/Content/StarterContent/Materials/M_Tech_Checker_Dot.uasset" 6804
"F:/Pro/FPSRogueLikePrj/FPSRogueLike/Content/StarterContent/Materials/M_Ceramic_Tile_Checker.uasset" 6805
"F:/Pro/FPSRogueLikePrj/FPSRogueLike/Content/StarterContent/Particles/Materials/M_Burst.uasset" 6806
"F:/Pro/FPSRogueLikePrj/FPSRogueLike/Content/StarterContent/Materials/M_Brick_Hewn_Stone.uasset" 6807
"F:/Pro/FPSRogueLikePrj/FPSRogueLike/Content/StarterContent/Materials/M_Brick_Cut_Stone.uasset" 6808
"F:/Pro/FPSRogueLikePrj/FPSRogueLike/Content/StarterContent/Materials/M_Brick_Clay_Old.uasset" 6809
"F:/Pro/FPSRogueLikePrj/FPSRogueLike/Content/StarterContent/Materials/M_Brick_Clay_New.uasset" 6810
"C:/Users/Husky Cal/AppData/Local/UnrealEngine/Common/DerivedDataCache/Buckets/MaterialShaderMap/f5/a1/8508bc999d91c3af7e118ea368e720dba6cb.udd" 6811
"C:/Users/Husky Cal/AppData/Local/UnrealEngine/Common/DerivedDataCache/Buckets/MaterialShaderMap/2b/70/cd02f196e369f21978741a0fa051cb099a04.udd" 6812
"C:/Users/Husky Cal/AppData/Local/UnrealEngine/Common/DerivedDataCache/Buckets/MaterialShaderMap/46/7f/8a78ab52a316e4520fd8787682c752cf8857.udd" 6813
"C:/Users/Husky Cal/AppData/Local/UnrealEngine/Common/DerivedDataCache/Content/ee/5d/dc264055a0e54a9fb84266cbeea3fbb569c7.udd" 6814
"C:/Users/Husky Cal/AppData/Local/UnrealEngine/Common/DerivedDataCache/Buckets/MaterialShaderMap/49/20/a936ff12d8a049fdcb9456a568e39c3f199a.udd" 6815
"C:/Users/Husky Cal/AppData/Local/UnrealEngine/Common/DerivedDataCache/Buckets/MaterialShaderMap/65/75/7af237c8021ef4cbe1cdf4b8d9c79de540b7.udd" 6816
"C:/Users/Husky Cal/AppData/Local/UnrealEngine/Common/DerivedDataCache/Buckets/MaterialShaderMap/62/0f/c9787eeca6e1dd80d043ee1043de3ba1a658.udd" 6817
"F:/Pro/FPSRogueLikePrj/FPSRogueLike/Content/StarterContent/Materials/M_Brick_Clay_Beveled.uasset" 6818
"F:/Pro/FPSRogueLikePrj/FPSRogueLike/Content/StarterContent/Shapes/Shape_WideCapsule.uasset" 6819
"F:/Pro/FPSRogueLikePrj/FPSRogueLike/Content/StarterContent/Shapes/Shape_Wedge_B.uasset" 6820
"F:/Pro/FPSRogueLikePrj/FPSRogueLike/Content/StarterContent/Shapes/Shape_Wedge_A.uasset" 6821
"F:/Pro/FPSRogueLikePrj/FPSRogueLike/Content/StarterContent/Shapes/Shape_Tube.uasset" 6822
"F:/Pro/FPSRogueLikePrj/FPSRogueLike/Content/StarterContent/Shapes/Shape_TriPyramid.uasset" 6823
"F:/Pro/FPSRogueLikePrj/FPSRogueLike/Content/StarterContent/Shapes/Shape_Trim_90_Out.uasset" 6824
"F:/Pro/FPSRogueLikePrj/FPSRogueLike/Content/StarterContent/Shapes/Shape_Trim_90_In.uasset" 6825
"F:/Pro/FPSRogueLikePrj/FPSRogueLike/Content/StarterContent/Shapes/Shape_Trim.uasset" 6826
"F:/Pro/FPSRogueLikePrj/FPSRogueLike/Content/StarterContent/Shapes/Shape_Torus.uasset" 6827
"F:/Pro/FPSRogueLikePrj/FPSRogueLike/Content/StarterContent/Shapes/Shape_Sphere.uasset" 6828
"F:/Pro/FPSRogueLikePrj/FPSRogueLike/Content/StarterContent/Shapes/Shape_QuadPyramid.uasset" 6829
"F:/Pro/FPSRogueLikePrj/FPSRogueLike/Content/StarterContent/Shapes/Shape_Plane.uasset" 6830
"F:/Pro/FPSRogueLikePrj/FPSRogueLike/Content/StarterContent/Shapes/Shape_Pipe_90.uasset" 6831
"F:/Pro/FPSRogueLikePrj/FPSRogueLike/Content/StarterContent/Shapes/Shape_Pipe_180.uasset" 6832
"F:/Pro/FPSRogueLikePrj/FPSRogueLike/Content/StarterContent/Shapes/Shape_Pipe.uasset" 6833
"F:/Pro/FPSRogueLikePrj/FPSRogueLike/Content/StarterContent/Shapes/Shape_NarrowCapsule.uasset" 6834
"F:/Pro/FPSRogueLikePrj/FPSRogueLike/Content/StarterContent/Shapes/Shape_Cylinder.uasset" 6835
"F:/Pro/FPSRogueLikePrj/FPSRogueLike/Content/StarterContent/Shapes/Shape_Cube.uasset" 6836
"F:/Pro/FPSRogueLikePrj/FPSRogueLike/Content/StarterContent/Shapes/Shape_Cone.uasset" 6837
"F:/Pro/FPSRogueLikePrj/FPSRogueLike/Content/MilitaryWeapSilver/Weapons/Materials/M_WeaponMaster_01.uasset" 6838
"C:/Users/Husky Cal/AppData/Local/UnrealEngine/Common/DerivedDataCache/Buckets/MaterialShaderMap/55/40/5df08d07867fa745fb4a5b5f50ff6ebc73ea.udd" 6839
"C:/Users/Husky Cal/AppData/Local/UnrealEngine/Common/DerivedDataCache/Buckets/MaterialShaderMap/fc/e9/067298b955d3b916582e5f5ebb53a4cfbb97.udd" 6840
"F:/Pro/FPSRogueLikePrj/FPSRogueLike/Content/MilitaryWeapSilver/Sound/SniperRifle/Cues/SniperRifleA_Fire_Cue.uasset" 6841
"F:/Pro/FPSRogueLikePrj/FPSRogueLike/Content/MilitaryWeapSilver/Sound/Shotgun/Cues/ShotgunA_Fire_Cue.uasset" 6842
"F:/Pro/FPSRogueLikePrj/FPSRogueLike/Content/MilitaryWeapSilver/Sound/RocketLauncher/Cues/RocketLauncherA_Fire_Cue.uasset" 6843
"F:/Pro/FPSRogueLikePrj/FPSRogueLike/Content/MilitaryWeapSilver/Sound/Rifle/Cues/RifleA_Fire_Cue.uasset" 6844
"F:/Pro/FPSRogueLikePrj/FPSRogueLike/Content/MilitaryWeapSilver/Sound/Rifle/Cues/RifleA_FireLoop_Cue.uasset" 6845
"F:/Pro/FPSRogueLikePrj/FPSRogueLike/Content/MilitaryWeapSilver/Sound/Rifle/Cues/RifleA_FireEnd_Cue.uasset" 6846
"F:/Pro/FPSRogueLikePrj/FPSRogueLike/Content/MilitaryWeapSilver/Sound/Pistol/Cues/PistolA_Fire_Cue.uasset" 6847
"F:/Pro/FPSRogueLikePrj/FPSRogueLike/Content/MilitaryWeapSilver/Sound/GrenadeLauncher/Cues/GrenadeLauncherA_Fire_Cue.uasset" 6848
"F:/Pro/FPSRogueLikePrj/FPSRogueLike/Content/MilitaryWeapSilver/Sound/SniperRifle/Cues/SniperRifle_ZoomOut_Cue.uasset" 6849
"F:/Pro/FPSRogueLikePrj/FPSRogueLike/Content/MilitaryWeapSilver/Sound/SniperRifle/Cues/SniperRifle_ZoomIn_Cue.uasset" 6850
"F:/Pro/FPSRogueLikePrj/FPSRogueLike/Content/MilitaryWeapSilver/Sound/SniperRifle/Cues/SniperRifle_Reload_Cue.uasset" 6851
"F:/Pro/FPSRogueLikePrj/FPSRogueLike/Content/MilitaryWeapSilver/Sound/SniperRifle/Cues/SniperRifle_ReloadInsert_Cue.uasset" 6852
"F:/Pro/FPSRogueLikePrj/FPSRogueLike/Content/MilitaryWeapSilver/Sound/SniperRifle/Cues/SniperRifle_Raise_Cue.uasset" 6853
"F:/Pro/FPSRogueLikePrj/FPSRogueLike/Content/MilitaryWeapSilver/Sound/SniperRifle/Cues/SniperRifle_Lower_Cue.uasset" 6854
"F:/Pro/FPSRogueLikePrj/FPSRogueLike/Content/MilitaryWeapSilver/Sound/SniperRifle/Cues/SniperRifle_AmmoPickup_Cue.uasset" 6855
"F:/Pro/FPSRogueLikePrj/FPSRogueLike/Content/MilitaryWeapSilver/Sound/Shotgun/Cues/Shotgun_Reload_Out_Cue.uasset" 6856
"F:/Pro/FPSRogueLikePrj/FPSRogueLike/Content/MilitaryWeapSilver/Sound/Shotgun/Cues/Shotgun_Reload_In_Cue.uasset" 6857
"F:/Pro/FPSRogueLikePrj/FPSRogueLike/Content/MilitaryWeapSilver/Sound/Shotgun/Cues/Shotgun_Reload_Cue.uasset" 6858
"F:/Pro/FPSRogueLikePrj/FPSRogueLike/Content/MilitaryWeapSilver/Sound/Shotgun/Cues/Shotgun_Raise_Cue.uasset" 6859
"F:/Pro/FPSRogueLikePrj/FPSRogueLike/Content/MilitaryWeapSilver/Sound/Shotgun/Cues/Shotgun_Lower_Cue.uasset" 6860
"F:/Pro/FPSRogueLikePrj/FPSRogueLike/Content/MilitaryWeapSilver/Sound/Shotgun/Cues/Shotgun_AmmoPickup_Cue.uasset" 6861
"F:/Pro/FPSRogueLikePrj/FPSRogueLike/Content/MilitaryWeapSilver/Sound/RocketLauncher/Cues/RocketLauncher_Reload_Cue.uasset" 6862
"F:/Pro/FPSRogueLikePrj/FPSRogueLike/Content/MilitaryWeapSilver/Sound/RocketLauncher/Cues/RocketLauncher_ReloadDetach_Cue.uasset" 6863
"F:/Pro/FPSRogueLikePrj/FPSRogueLike/Content/MilitaryWeapSilver/Sound/RocketLauncher/Cues/RocketLauncher_Raise_Cue.uasset" 6864
"F:/Pro/FPSRogueLikePrj/FPSRogueLike/Content/MilitaryWeapSilver/Sound/RocketLauncher/Cues/RocketLauncher_Lower_Cue.uasset" 6865
"F:/Pro/FPSRogueLikePrj/FPSRogueLike/Content/MilitaryWeapSilver/Sound/RocketLauncher/Cues/RocketLauncher_AmmoPickup_Cue.uasset" 6866
"F:/Pro/FPSRogueLikePrj/FPSRogueLike/Content/MilitaryWeapSilver/Sound/Rifle/Cues/Rifle_Reload_Cue.uasset" 6867
"F:/Pro/FPSRogueLikePrj/FPSRogueLike/Content/MilitaryWeapSilver/Sound/Rifle/Cues/Rifle_ReloadInsert_Cue.uasset" 6868
"F:/Pro/FPSRogueLikePrj/FPSRogueLike/Content/MilitaryWeapSilver/Sound/Rifle/Cues/Rifle_Raise_Cue.uasset" 6869
"F:/Pro/FPSRogueLikePrj/FPSRogueLike/Content/MilitaryWeapSilver/Sound/Rifle/Cues/Rifle_Lower_Cue.uasset" 6870
"F:/Pro/FPSRogueLikePrj/FPSRogueLike/Content/MilitaryWeapSilver/Sound/Rifle/Cues/Rifle_AmmoPickup_Cue.uasset" 6871
"F:/Pro/FPSRogueLikePrj/FPSRogueLike/Content/MilitaryWeapSilver/Sound/Pistol/Cues/Pistol_ReloadInsert_Cue.uasset" 6872
"F:/Pro/FPSRogueLikePrj/FPSRogueLike/Content/MilitaryWeapSilver/Sound/Pistol/Cues/Pistol_ReloadEject_Cue.uasset" 6873
"F:/Pro/FPSRogueLikePrj/FPSRogueLike/Content/MilitaryWeapSilver/Sound/Pistol/Cues/Pistol_Raise_Cue.uasset" 6874
"F:/Pro/FPSRogueLikePrj/FPSRogueLike/Content/MilitaryWeapSilver/Sound/Pistol/Cues/Pistol_Lower_Cue.uasset" 6875
"F:/Pro/FPSRogueLikePrj/FPSRogueLike/Content/MilitaryWeapSilver/Sound/Pistol/Cues/Pistol_AmmoPickup_Cue.uasset" 6876
"F:/Pro/FPSRogueLikePrj/FPSRogueLike/Content/MilitaryWeapSilver/Sound/Knife/Cues/Knife_Raise_Cue.uasset" 6877
"F:/Pro/FPSRogueLikePrj/FPSRogueLike/Content/MilitaryWeapSilver/Sound/Knife/Cues/Knife_Lower_Cue.uasset" 6878
"F:/Pro/FPSRogueLikePrj/FPSRogueLike/Content/MilitaryWeapSilver/Sound/Knife/Cues/KnifeA_Swing_Cue.uasset" 6879
"F:/Pro/FPSRogueLikePrj/FPSRogueLike/Content/MilitaryWeapSilver/Sound/GrenadeLauncher/Cues/GrenadeLauncher_Warning_Cue.uasset" 6880
"F:/Pro/FPSRogueLikePrj/FPSRogueLike/Content/MilitaryWeapSilver/Sound/GrenadeLauncher/Cues/GrenadeLauncher_Reload_Cue.uasset" 6881
"F:/Pro/FPSRogueLikePrj/FPSRogueLike/Content/MilitaryWeapSilver/Sound/GrenadeLauncher/Cues/GrenadeLauncher_Raise_Cue.uasset" 6882
"F:/Pro/FPSRogueLikePrj/FPSRogueLike/Content/MilitaryWeapSilver/Sound/GrenadeLauncher/Cues/GrenadeLauncher_Lower_Cue.uasset" 6883
"C:/Users/Husky Cal/AppData/Local/UnrealEngine/Common/DerivedDataCache/Buckets/MaterialShaderMap/40/2b/f1e231c9ce3865a95838ab34ab1850656392.udd" 6884
"C:/Users/Husky Cal/AppData/Local/UnrealEngine/Common/DerivedDataCache/Buckets/MaterialShaderMap/3a/f8/80db88711440c616d32f24b4bfab6c35ca3c.udd" 6885
"F:/Pro/FPSRogueLikePrj/FPSRogueLike/Content/MilitaryWeapSilver/Sound/GrenadeLauncher/Cues/GrenadeLauncher_AmmoPickup_Cue.uasset" 6886
"F:/Pro/FPSRogueLikePrj/FPSRogueLike/Content/MilitaryWeapSilver/Sound/RocketLauncher/Cues/RocketLauncher_InAirLoop_Cue.uasset" 6887
"F:/Pro/FPSRogueLikePrj/FPSRogueLike/Content/MilitaryWeapSilver/Sound/SniperRifle/Cues/SniperRifle_ImpactSurface_Cue.uasset" 6888
"F:/Pro/FPSRogueLikePrj/FPSRogueLike/Content/MilitaryWeapSilver/Sound/SniperRifle/Cues/SniperRifle_ImpactBody_Cue.uasset" 6889
"F:/Pro/FPSRogueLikePrj/FPSRogueLike/Content/MilitaryWeapSilver/Sound/Shotgun/Cues/Shotgun_ImpactSurface_Cue.uasset" 6890
"F:/Pro/FPSRogueLikePrj/FPSRogueLike/Content/MilitaryWeapSilver/Sound/Shotgun/Cues/Shotgun_ImpactBody_Cue.uasset" 6891
"F:/Pro/FPSRogueLikePrj/FPSRogueLike/Content/MilitaryWeapSilver/Sound/Rifle/Cues/Rifle_Whip_Cue.uasset" 6892
"F:/Pro/FPSRogueLikePrj/FPSRogueLike/Content/MilitaryWeapSilver/Sound/Rifle/Cues/Rifle_ImpactSurface_Cue.uasset" 6893
"F:/Pro/FPSRogueLikePrj/FPSRogueLike/Content/MilitaryWeapSilver/Sound/Rifle/Cues/Rifle_ImpactBody_Cue.uasset" 6894
"F:/Pro/FPSRogueLikePrj/FPSRogueLike/Content/MilitaryWeapSilver/Sound/Pistol/Cues/Pistol_Whip_Cue.uasset" 6895
"F:/Pro/FPSRogueLikePrj/FPSRogueLike/Content/MilitaryWeapSilver/Sound/Knife/Cues/Knife_ImpactSurface_Cue.uasset" 6896
"F:/Pro/FPSRogueLikePrj/FPSRogueLike/Content/MilitaryWeapSilver/Sound/Knife/Cues/Knife_ImpactBody_Cue.uasset" 6897
"F:/Pro/FPSRogueLikePrj/FPSRogueLike/Content/MilitaryWeapSilver/Sound/GrenadeLauncher/Cues/GrenadeLauncher_Bounce_Cue.uasset" 6898
"F:/Pro/FPSRogueLikePrj/FPSRogueLike/Content/MilitaryWeapSilver/Sound/RocketLauncher/Cues/RocketLauncher_Explosion_Cue.uasset" 6899
"F:/Pro/FPSRogueLikePrj/FPSRogueLike/Content/MilitaryWeapSilver/Sound/GrenadeLauncher/Cues/GrenadeLauncher_Explosion_Cue.uasset" 6900
"F:/Pro/FPSRogueLikePrj/FPSRogueLike/Content/MilitaryWeapSilver/FX/Materials/M_Woodchips_8x1_01.uasset" 6901
"F:/Pro/FPSRogueLikePrj/FPSRogueLike/Content/MilitaryWeapSilver/FX/Materials/M_SparksImpact_2x2_01.uasset" 6902
"F:/Pro/FPSRogueLikePrj/FPSRogueLike/Content/MilitaryWeapSilver/FX/Materials/M_SmokeSimple_01.uasset" 6903
"F:/Pro/FPSRogueLikePrj/FPSRogueLike/Content/MilitaryWeapSilver/FX/Materials/M_SmokeRibbon_01.uasset" 6904
"F:/Pro/FPSRogueLikePrj/FPSRogueLike/Content/MilitaryWeapSilver/FX/Materials/M_Shockwave_Refraction_01.uasset" 6905
"F:/Pro/FPSRogueLikePrj/FPSRogueLike/Content/MilitaryWeapSilver/FX/Materials/M_RockMesh_01.uasset" 6906
"F:/Pro/FPSRogueLikePrj/FPSRogueLike/Content/MilitaryWeapSilver/FX/Materials/M_RockSmall_01.uasset" 6907
"F:/Pro/FPSRogueLikePrj/FPSRogueLike/Content/MilitaryWeapSilver/FX/Materials/M_Pistol_Streaks_01.uasset" 6908
"F:/Pro/FPSRogueLikePrj/FPSRogueLike/Content/MilitaryWeapSilver/FX/Materials/M_Pistol_MuzzleFlash_4x1_A.uasset" 6909
"F:/Pro/FPSRogueLikePrj/FPSRogueLike/Content/MilitaryWeapSilver/FX/Materials/M_LightRay_01.uasset" 6910
"F:/Pro/FPSRogueLikePrj/FPSRogueLike/Content/MilitaryWeapSilver/FX/Materials/M_Knife_RibbonTrail_01.uasset" 6911
"F:/Pro/FPSRogueLikePrj/FPSRogueLike/Content/MilitaryWeapSilver/FX/Materials/M_Explosion_8x8_A_01.uasset" 6912
"F:/Pro/FPSRogueLikePrj/FPSRogueLike/Content/MilitaryWeapSilver/FX/Materials/M_Ember_Speed_01.uasset" 6913
"F:/Pro/FPSRogueLikePrj/FPSRogueLike/Content/MilitaryWeapSilver/FX/Materials/M_Debris_Tileable_01.uasset" 6914
"F:/Pro/FPSRogueLikePrj/FPSRogueLike/Content/MilitaryWeapSilver/FX/Meshes/St_Tracer_A.uasset" 6915
"F:/Pro/FPSRogueLikePrj/FPSRogueLike/Content/Realistic_Starter_VFX_Pack_Vol2/Materials/M_Bubble_B.uasset" 6916
"F:/Pro/FPSRogueLikePrj/FPSRogueLike/Content/Realistic_Starter_VFX_Pack_Vol2/Materials/M_Water_Splat.uasset" 6917
"F:/Pro/FPSRogueLikePrj/FPSRogueLike/Content/Realistic_Starter_VFX_Pack_Vol2/Materials/M_Slash.uasset" 6918
"F:/Pro/FPSRogueLikePrj/FPSRogueLike/Content/Realistic_Starter_VFX_Pack_Vol2/Materials/M_Smoke_Ground_C.uasset" 6919
"F:/Pro/FPSRogueLikePrj/FPSRogueLike/Content/Realistic_Starter_VFX_Pack_Vol2/Materials/M_Splat_A.uasset" 6920
"F:/Pro/FPSRogueLikePrj/FPSRogueLike/Content/Realistic_Starter_VFX_Pack_Vol2/Materials/M_Blood_C.uasset" 6921
"F:/Pro/FPSRogueLikePrj/FPSRogueLike/Content/Realistic_Starter_VFX_Pack_Vol2/Materials/M_Smoke_Puff_A.uasset" 6922
"F:/Pro/FPSRogueLikePrj/FPSRogueLike/Content/Realistic_Starter_VFX_Pack_Vol2/Materials/M_Smoke_Ground.uasset" 6923
"F:/Pro/FPSRogueLikePrj/FPSRogueLike/Content/Realistic_Starter_VFX_Pack_Vol2/Materials/M_Smoke_Ground_B.uasset" 6924
"F:/Pro/FPSRogueLikePrj/FPSRogueLike/Content/Realistic_Starter_VFX_Pack_Vol2/Materials/M_Smoke_A.uasset" 6925
"F:/Pro/FPSRogueLikePrj/FPSRogueLike/Content/Realistic_Starter_VFX_Pack_Vol2/Materials/M_Smoke_C.uasset" 6926
"F:/Pro/FPSRogueLikePrj/FPSRogueLike/Content/Realistic_Starter_VFX_Pack_Vol2/Materials/M_Paper.uasset" 6927
"F:/Pro/FPSRogueLikePrj/FPSRogueLike/Content/Realistic_Starter_VFX_Pack_Vol2/Materials/M_WaterDrop_B.uasset" 6928
"F:/Pro/FPSRogueLikePrj/FPSRogueLike/Content/Realistic_Starter_VFX_Pack_Vol2/Materials/M_Heat_Distortion.uasset" 6929
"F:/Pro/FPSRogueLikePrj/FPSRogueLike/Content/Realistic_Starter_VFX_Pack_Vol2/Materials/M_Wood.uasset" 6930
"F:/Pro/FPSRogueLikePrj/FPSRogueLike/Content/Realistic_Starter_VFX_Pack_Vol2/Materials/M_Lightning_small.uasset" 6931
"F:/Pro/FPSRogueLikePrj/FPSRogueLike/Content/Realistic_Starter_VFX_Pack_Vol2/Materials/M_Impact_B.uasset" 6932
"F:/Pro/FPSRogueLikePrj/FPSRogueLike/Content/Realistic_Starter_VFX_Pack_Vol2/Materials/M_Impact_C.uasset" 6933
"F:/Pro/FPSRogueLikePrj/FPSRogueLike/Content/Realistic_Starter_VFX_Pack_Vol2/Materials/M_Glass.uasset" 6934
"F:/Pro/FPSRogueLikePrj/FPSRogueLike/Content/Realistic_Starter_VFX_Pack_Vol2/Materials/M_Glow_D.uasset" 6935
"F:/Pro/FPSRogueLikePrj/FPSRogueLike/Content/Realistic_Starter_VFX_Pack_Vol2/Materials/M_spark_C.uasset" 6936
"F:/Pro/FPSRogueLikePrj/FPSRogueLike/Content/Realistic_Starter_VFX_Pack_Vol2/Materials/M_Spark_A.uasset" 6937
"F:/Pro/FPSRogueLikePrj/FPSRogueLike/Content/Realistic_Starter_VFX_Pack_Vol2/Materials/M_Fire_B.uasset" 6938
"F:/Pro/FPSRogueLikePrj/FPSRogueLike/Content/Realistic_Starter_VFX_Pack_Vol2/Materials/M_Fire_C.uasset" 6939
"F:/Pro/FPSRogueLikePrj/FPSRogueLike/Content/Realistic_Starter_VFX_Pack_Vol2/Materials/M_Flies.uasset" 6940
"F:/Pro/FPSRogueLikePrj/FPSRogueLike/Content/Realistic_Starter_VFX_Pack_Vol2/Materials/M_Explosion_E.uasset" 6941
"F:/Pro/FPSRogueLikePrj/FPSRogueLike/Content/Realistic_Starter_VFX_Pack_Vol2/Materials/M_Explosion_i.uasset" 6942
"F:/Pro/FPSRogueLikePrj/FPSRogueLike/Content/Realistic_Starter_VFX_Pack_Vol2/Materials/M_Explosion_G.uasset" 6943
"F:/Pro/FPSRogueLikePrj/FPSRogueLike/Content/Realistic_Starter_VFX_Pack_Vol2/Materials/M_Explosion_D.uasset" 6944
"F:/Pro/FPSRogueLikePrj/FPSRogueLike/Content/Realistic_Starter_VFX_Pack_Vol2/Materials/M_Explosion_B.uasset" 6945
"F:/Pro/FPSRogueLikePrj/FPSRogueLike/Content/Realistic_Starter_VFX_Pack_Vol2/Materials/M_WaterDrop_A.uasset" 6946
"C:/Users/Husky Cal/AppData/Local/UnrealEngine/Common/DerivedDataCache/Buckets/LegacyMESHDATAKEY/d8/85/e24c80e2e33c99c6bc1fc3db0d731205bfb8.udd" 6947
"C:/Users/Husky Cal/AppData/Local/UnrealEngine/Common/DerivedDataCache/Buckets/StaticMesh/46/0e/bbb00650e9003a02e1a3361b7a03840ac6c2.udd" 6948
"C:/Users/Husky Cal/AppData/Local/UnrealEngine/Common/DerivedDataCache/Buckets/LegacyDIST/dd/2a/5476477829c53b5d39ac6490e7d8d9595239.udd" 6949
"C:/Users/Husky Cal/AppData/Local/UnrealEngine/Common/DerivedDataCache/Buckets/LegacyCARD/b9/f9/a8595cb0b05c7e66e48905cfacc2924a84cf.udd" 6950
"C:/Users/Husky Cal/AppData/Local/UnrealEngine/Common/DerivedDataCache/Buckets/LegacyNavCollision/7c/0e/7d72b8e81820156d825f9650abfd365fe729.udd" 6951
"C:/Users/Husky Cal/AppData/Local/UnrealEngine/Common/DerivedDataCache/Buckets/MaterialShaderMap/15/20/6b1b999406188f695ee8eddf1d2ef34ee5b5.udd" 6952
"C:/Users/Husky Cal/AppData/Local/UnrealEngine/Common/DerivedDataCache/Buckets/MaterialShaderMap/6b/af/99cb88c61169893a223cbef9ddab747da924.udd" 6953
"C:/Users/Husky Cal/AppData/Local/UnrealEngine/Common/DerivedDataCache/Content/9c/03/f97515b111ae8ef8484480a269be8ac15698.udd" 6954
"C:/Users/Husky Cal/AppData/Local/UnrealEngine/Common/DerivedDataCache/Buckets/MaterialShaderMap/df/7b/0f170de58ee26dd7f3a213f13adb21b47236.udd" 6955
"C:/Users/Husky Cal/AppData/Local/UnrealEngine/Common/DerivedDataCache/Buckets/MaterialShaderMap/c2/08/2aead48a595607452a216ba1fa0db6bcaa22.udd" 6956
"C:/Users/Husky Cal/AppData/Local/UnrealEngine/Common/DerivedDataCache/Buckets/MaterialShaderMap/e2/75/bf0337d53aa7b957d2506afedc129051113a.udd" 6957
"C:/Users/Husky Cal/AppData/Local/UnrealEngine/Common/DerivedDataCache/Content/7e/3b/8d6e8243a2f36e931db4811d6121b45ec994.udd" 6958
"C:/Users/Husky Cal/AppData/Local/UnrealEngine/Common/DerivedDataCache/Buckets/MaterialShaderMap/35/92/db37603f391acfc82683e2bcb4e5d0ecc85f.udd" 6959
"C:/Users/Husky Cal/AppData/Local/UnrealEngine/Common/DerivedDataCache/Buckets/MaterialShaderMap/71/fd/ea8d7047ae3ce9f55f5dca73668f44439263.udd" 6960
"C:/Users/Husky Cal/AppData/Local/UnrealEngine/Common/DerivedDataCache/Content/00/61/7582a29810461174a08cf117340ebba0983b.udd" 6961
"C:/Users/Husky Cal/AppData/Local/UnrealEngine/Common/DerivedDataCache/Buckets/MaterialShaderMap/a6/2a/a4feb6629a56f044fe9311e1e3468e6bd6a8.udd" 6962
"C:/Users/Husky Cal/AppData/Local/UnrealEngine/Common/DerivedDataCache/Buckets/MaterialShaderMap/aa/ba/76460bf08329463720c79af112fcd312d7bb.udd" 6963
"C:/Users/Husky Cal/AppData/Local/UnrealEngine/Common/DerivedDataCache/Buckets/MaterialShaderMap/e4/29/1ec758c473f0460495dbe2727f5c64567881.udd" 6964
"C:/Users/Husky Cal/AppData/Local/UnrealEngine/Common/DerivedDataCache/Buckets/MaterialShaderMap/a9/2f/606b3f834764b1109e04c0b98960155371f7.udd" 6965
"C:/Users/Husky Cal/AppData/Local/UnrealEngine/Common/DerivedDataCache/Buckets/MaterialShaderMap/a6/6b/80f7ebe3d76f4633877b9c9d201e68d39549.udd" 6966
"F:/Pro/FPSRogueLikePrj/FPSRogueLike/Content/Realistic_Starter_VFX_Pack_Vol2/Materials/M_Impact_A.uasset" 6967
"C:/Users/Husky Cal/AppData/Local/UnrealEngine/Common/DerivedDataCache/Buckets/MaterialShaderMap/0a/40/a6a38eeefecda1f4e70040d08e377e17a477.udd" 6968
"C:/Users/Husky Cal/AppData/Local/UnrealEngine/Common/DerivedDataCache/Buckets/MaterialShaderMap/e4/a4/10f0f78ffd768e13b1ac3276fc20d11d11be.udd" 6969
"C:/Users/Husky Cal/AppData/Local/UnrealEngine/Common/DerivedDataCache/Buckets/MaterialShaderMap/ad/a9/1c68d6916cfad955d32036b5d3c8b9c6a2d6.udd" 6970
"C:/Users/Husky Cal/AppData/Local/UnrealEngine/Common/DerivedDataCache/Buckets/MaterialShaderMap/94/52/20d8d2b9fe7512b7a00f92978091017bb933.udd" 6971
"C:/Users/Husky Cal/AppData/Local/UnrealEngine/Common/DerivedDataCache/Buckets/MaterialShaderMap/d2/d3/dc5a213c0e3553d230c5a1ad08e1f79e46f3.udd" 6972
"C:/Users/Husky Cal/AppData/Local/UnrealEngine/Common/DerivedDataCache/Buckets/MaterialShaderMap/c9/91/eb2da80b684c2980b034789c11b7d29cb036.udd" 6973
"C:/Users/Husky Cal/AppData/Local/UnrealEngine/Common/DerivedDataCache/Buckets/MaterialShaderMap/e0/f5/a5a7297a2626466ab0e4767ace4b4970ec74.udd" 6974
"C:/Users/Husky Cal/AppData/Local/UnrealEngine/Common/DerivedDataCache/Buckets/MaterialShaderMap/40/cb/ca4e09cd39634c05e40ccb5009a354fc5367.udd" 6975
"C:/Users/Husky Cal/AppData/Local/UnrealEngine/Common/DerivedDataCache/Buckets/MaterialShaderMap/d8/d4/5ac8d4b16dd6ab844ff290c7fe660199f50a.udd" 6976
"C:/Users/Husky Cal/AppData/Local/UnrealEngine/Common/DerivedDataCache/Buckets/MaterialShaderMap/85/63/5955325cc0982384418a1d9e887853a98ec8.udd" 6977
"C:/Users/Husky Cal/AppData/Local/UnrealEngine/Common/DerivedDataCache/Buckets/MaterialShaderMap/8b/98/4d5f06da93be780879d14c0cab519a79061b.udd" 6978
"C:/Users/Husky Cal/AppData/Local/UnrealEngine/Common/DerivedDataCache/Buckets/MaterialShaderMap/2c/f2/b6de725350ac536c4a1b369478e71785a651.udd" 6979
"C:/Users/Husky Cal/AppData/Local/UnrealEngine/Common/DerivedDataCache/Buckets/MaterialShaderMap/ce/7d/b7f6bee9a510ec7aeb375b4ba2f6bea1bbcf.udd" 6980
"C:/Users/Husky Cal/AppData/Local/UnrealEngine/Common/DerivedDataCache/Content/76/4f/a2a57fd831c7df00711fae670aa063e6557c.udd" 6981
"C:/Users/Husky Cal/AppData/Local/UnrealEngine/Common/DerivedDataCache/Buckets/MaterialShaderMap/52/a6/930ed4f0f89fb5146289b7eceb2aa5b44a7b.udd" 6982
"C:/Users/Husky Cal/AppData/Local/UnrealEngine/Common/DerivedDataCache/Buckets/MaterialShaderMap/8a/ec/6787bda36d126a079d3581764d707ff1068f.udd" 6983
"C:/Users/Husky Cal/AppData/Local/UnrealEngine/Common/DerivedDataCache/Content/51/0b/04da6dc234df9992d54fd966a96e832b24c6.udd" 6984
"C:/Users/Husky Cal/AppData/Local/UnrealEngine/Common/DerivedDataCache/Buckets/MaterialShaderMap/29/52/4dd0965f647afcbe4ee6e6263f3384bd112a.udd" 6985
"C:/Users/Husky Cal/AppData/Local/UnrealEngine/Common/DerivedDataCache/Buckets/MaterialShaderMap/d9/3f/d3aae995e8ca516c9d7acb480813681c16af.udd" 6986
"C:/Users/Husky Cal/AppData/Local/UnrealEngine/Common/DerivedDataCache/Buckets/MaterialShaderMap/48/e5/216887e69d484eddb3caab098720b336a273.udd" 6987
"C:/Users/Husky Cal/AppData/Local/UnrealEngine/Common/DerivedDataCache/Buckets/MaterialShaderMap/c2/e6/15af044276fc04156caa9d34b9d4065e831d.udd" 6988
"C:/Users/Husky Cal/AppData/Local/UnrealEngine/Common/DerivedDataCache/Content/c6/36/6577637430f63bce6f0a8269cf00ae1141c4.udd" 6989
"C:/Users/Husky Cal/AppData/Local/UnrealEngine/Common/DerivedDataCache/Buckets/MaterialShaderMap/ee/d0/903e53facd929229c4d8b67cccb5833ac49a.udd" 6990
"C:/Users/Husky Cal/AppData/Local/UnrealEngine/Common/DerivedDataCache/Buckets/MaterialShaderMap/e0/5d/cd8f0022ba24e8d7d8be54a6911d04530a90.udd" 6991
"C:/Users/Husky Cal/AppData/Local/UnrealEngine/Common/DerivedDataCache/Buckets/MaterialShaderMap/0e/05/378eca3855c3946871618f140f7a4e5a457e.udd" 6992
"F:/Pro/FPSRogueLikePrj/FPSRogueLike/Content/Realistic_Starter_VFX_Pack_Vol2/Materials/M_Dandelion.uasset" 6993
"F:/Pro/FPSRogueLikePrj/FPSRogueLike/Content/Realistic_Starter_VFX_Pack_Vol2/Materials/M_Butterfly.uasset" 6994
"F:/Pro/FPSRogueLikePrj/FPSRogueLike/Content/Realistic_Starter_VFX_Pack_Vol2/Materials/M_Bubble_pop.uasset" 6995
"F:/Pro/FPSRogueLikePrj/FPSRogueLike/Content/Realistic_Starter_VFX_Pack_Vol2/Materials/M_WaterDrop.uasset" 6996
"F:/Pro/FPSRogueLikePrj/FPSRogueLike/Content/Realistic_Starter_VFX_Pack_Vol2/Materials/M_Bubble.uasset" 6997
"F:/Pro/FPSRogueLikePrj/FPSRogueLike/Content/Realistic_Starter_VFX_Pack_Vol2/Mesh/SM_Splash_B.uasset" 6998
"F:/Pro/FPSRogueLikePrj/FPSRogueLike/Content/Realistic_Starter_VFX_Pack_Vol2/Mesh/SM_Splash_A.uasset" 6999
"F:/Pro/FPSRogueLikePrj/FPSRogueLike/Content/Realistic_Starter_VFX_Pack_Vol2/Mesh/SM_Derbis_C.uasset" 7000
"F:/Pro/FPSRogueLikePrj/FPSRogueLike/Content/Realistic_Starter_VFX_Pack_Vol2/Mesh/SM_Derbis_B.uasset" 7001
"F:/Pro/FPSRogueLikePrj/FPSRogueLike/Content/Materials/M_Laser_Inst.uasset" 7002
"F:/Pro/FPSRogueLikePrj/FPSRogueLike/Content/Sword_Animation/Animations/anim_special.uasset" 7003
"F:/Pro/FPSRogueLikePrj/FPSRogueLike/Content/Sword_Animation/Animations/anim_idle.uasset" 7004
"C:/Users/Husky Cal/AppData/Local/UnrealEngine/Common/DerivedDataCache/Buckets/MaterialShaderMap/50/6f/cb12af03617e7cfbe6916661567027cead18.udd" 7005
"C:/Users/Husky Cal/AppData/Local/UnrealEngine/Common/DerivedDataCache/Buckets/MaterialShaderMap/1c/1b/d12724726bf0935bfc77bfdc10fdb8e71509.udd" 7006
"C:/Users/Husky Cal/AppData/Local/UnrealEngine/Common/DerivedDataCache/Buckets/MaterialShaderMap/5d/b8/8f200eeaa69dc429fc089fdef4d35deda1a2.udd" 7007
"C:/Users/Husky Cal/AppData/Local/UnrealEngine/Common/DerivedDataCache/Buckets/MaterialShaderMap/c3/2e/67e23c25030863cb5476518a60c3efc33fbc.udd" 7008
"C:/Users/Husky Cal/AppData/Local/UnrealEngine/Common/DerivedDataCache/Buckets/MaterialShaderMap/17/0e/b1e9b598f061c506ef0efee5baad1c153e4b.udd" 7009
"C:/Users/Husky Cal/AppData/Local/UnrealEngine/Common/DerivedDataCache/Buckets/MaterialShaderMap/ba/cd/980bd2dd1badc2bbe51ae1c1fd1f6add167f.udd" 7010
"C:/Users/Husky Cal/AppData/Local/UnrealEngine/Common/DerivedDataCache/Buckets/MaterialShaderMap/9e/0a/76f4ab117bb83e9b87485a8b71335a539007.udd" 7011
"C:/Users/Husky Cal/AppData/Local/UnrealEngine/Common/DerivedDataCache/Content/54/d6/bc171fcd9a07018650209e19d6d3b2bf360e.udd" 7012
"C:/Users/Husky Cal/AppData/Local/UnrealEngine/Common/DerivedDataCache/Buckets/MaterialShaderMap/16/fb/e02595e2b6a9aba9452c2e2831d743280247.udd" 7013
"C:/Users/Husky Cal/AppData/Local/UnrealEngine/Common/DerivedDataCache/Buckets/MaterialShaderMap/0b/3d/05be54ea04b550bd85edf00331b99c60237f.udd" 7014
"C:/Users/Husky Cal/AppData/Local/UnrealEngine/Common/DerivedDataCache/Buckets/MaterialShaderMap/b1/ad/c9639d9e2c335c618f29bbfbdde0a45d45bf.udd" 7015
"C:/Users/Husky Cal/AppData/Local/UnrealEngine/Common/DerivedDataCache/Buckets/MaterialShaderMap/be/45/0aa294d63ef8ccbcda34ae068c9006b794ca.udd" 7016
"C:/Users/Husky Cal/AppData/Local/UnrealEngine/Common/DerivedDataCache/Buckets/MaterialShaderMap/b6/bd/bf20ad4ff62b7e4c2c10503400ad963719c6.udd" 7017
"C:/Users/Husky Cal/AppData/Local/UnrealEngine/Common/DerivedDataCache/Buckets/MaterialShaderMap/5d/7d/68ecba505f2af78564451fe7e1dfaf09cb09.udd" 7018
"C:/Users/Husky Cal/AppData/Local/UnrealEngine/Common/DerivedDataCache/Buckets/MaterialShaderMap/d2/e1/31328f4a6965d0da277315f0efa2aa86fa5b.udd" 7019
"C:/Users/Husky Cal/AppData/Local/UnrealEngine/Common/DerivedDataCache/Buckets/MaterialShaderMap/90/07/09292187115c38e3f52def1bcf81fb28f2b5.udd" 7020
"C:/Users/Husky Cal/AppData/Local/UnrealEngine/Common/DerivedDataCache/Content/20/30/95e586b7dbf07838f4011296fe04828fdca1.udd" 7021
"C:/Users/Husky Cal/AppData/Local/UnrealEngine/Common/DerivedDataCache/Buckets/MaterialShaderMap/fc/09/caa864d87ad7cb5a6a65e8859aa2bd178ad9.udd" 7022
"C:/Users/Husky Cal/AppData/Local/UnrealEngine/Common/DerivedDataCache/Buckets/MaterialShaderMap/42/e6/5599095e8a98fdd7a61f6e73d94259873a46.udd" 7023
"C:/Users/Husky Cal/AppData/Local/UnrealEngine/Common/DerivedDataCache/Content/f1/43/5b20665b4c8440cb45c1f025b8e59cef65e5.udd" 7024
"C:/Users/Husky Cal/AppData/Local/UnrealEngine/Common/DerivedDataCache/Buckets/MaterialShaderMap/80/ef/d5cc65552b53ee0da3e9c8a698b636dd67bb.udd" 7025
"C:/Users/Husky Cal/AppData/Local/UnrealEngine/Common/DerivedDataCache/Buckets/MaterialShaderMap/da/50/1ad9aeff39ff92eb05f57ea5620852285720.udd" 7026
"C:/Users/Husky Cal/AppData/Local/UnrealEngine/Common/DerivedDataCache/Content/94/d7/064dd69a9df9b797ba43d13fcd84a5708ce9.udd" 7027
"F:/Pro/FPSRogueLikePrj/FPSRogueLike/Content/Sword_Animation/Animations/anim_f2_run.uasset" 7028
"C:/Users/Husky Cal/AppData/Local/UnrealEngine/Common/DerivedDataCache/Buckets/MaterialShaderMap/4e/7a/adf6bff08419903c357b29699e580c6bc70e.udd" 7029
"F:/Pro/FPSRogueLikePrj/FPSRogueLike/Content/Sword_Animation/Animations/anim_block_react.uasset" 7030
"C:/Users/Husky Cal/AppData/Local/UnrealEngine/Common/DerivedDataCache/Buckets/MaterialShaderMap/98/aa/e0defb58683d90c26455fc7a799dd34707a7.udd" 7031
"C:/Users/Husky Cal/AppData/Local/UnrealEngine/Common/DerivedDataCache/Content/ba/a4/7b44dd665b0b19fa8ea23c388ea6a32a28f8.udd" 7032
"F:/Pro/FPSRogueLikePrj/FPSRogueLike/Content/Sword_Animation/Animations/anim_block_idle.uasset" 7033
"C:/Users/Husky Cal/AppData/Local/UnrealEngine/Common/DerivedDataCache/Buckets/MaterialShaderMap/7d/6f/a775eb439af243f01680893135f620001f59.udd" 7034
"F:/Pro/FPSRogueLikePrj/FPSRogueLike/Content/Sword_Animation/Animations/anim_attack_med_02.uasset" 7035
"F:/Pro/FPSRogueLikePrj/FPSRogueLike/Content/Sword_Animation/Animations/anim_attack_med_01.uasset" 7036
"F:/Pro/FPSRogueLikePrj/FPSRogueLike/Content/Sword_Animation/Animations/anim_attack_light_04.uasset" 7037
"F:/Pro/FPSRogueLikePrj/FPSRogueLike/Content/Sword_Animation/Animations/anim_attack_light_03.uasset" 7038
"C:/Users/Husky Cal/AppData/Local/UnrealEngine/Common/DerivedDataCache/Buckets/MaterialShaderMap/ee/05/d2a63f795bc04f0396acacca802decdc8c38.udd" 7039
"F:/Pro/FPSRogueLikePrj/FPSRogueLike/Content/Sword_Animation/Animations/anim_attack_light_02.uasset" 7040
"C:/Users/Husky Cal/AppData/Local/UnrealEngine/Common/DerivedDataCache/Content/18/98/be4648418a7701bb26b1b546ba625a30e61c.udd" 7041
"C:/Users/Husky Cal/AppData/Local/UnrealEngine/Common/DerivedDataCache/Buckets/MaterialShaderMap/aa/03/ba1162ad68a1126d0311af84465dd2bc8983.udd" 7042
"F:/Pro/FPSRogueLikePrj/FPSRogueLike/Content/Sword_Animation/Animations/anim_attack_heavy_startup.uasset" 7043
"C:/Users/Husky Cal/AppData/Local/UnrealEngine/Common/DerivedDataCache/Buckets/MaterialShaderMap/c3/b7/d095dfd469ff163d9381a25c31d07937c691.udd" 7044
"F:/Pro/FPSRogueLikePrj/FPSRogueLike/Content/Sword_Animation/Animations/anim_attack_heavy_release.uasset" 7045
"C:/Users/Husky Cal/AppData/Local/UnrealEngine/Common/DerivedDataCache/Content/10/54/725dcf32a60e020d37615c4b130a647a694b.udd" 7046
"F:/Pro/FPSRogueLikePrj/FPSRogueLike/Content/Sword_Animation/Animations/anim_attack_heavy_idle.uasset" 7047
"C:/Users/Husky Cal/AppData/Local/UnrealEngine/Common/DerivedDataCache/Buckets/MaterialShaderMap/3f/e4/6eb06408f489aaed1c31acbb65ec638673ca.udd" 7048
"F:/Pro/FPSRogueLikePrj/FPSRogueLike/Content/Sword_Animation/Demo/Characters/Mannequins/Materials/Functions/CA_Mannequin.uasset" 7049
"C:/Users/Husky Cal/AppData/Local/UnrealEngine/Common/DerivedDataCache/Buckets/MaterialShaderMap/74/18/1ac6a4e72892911bbfe12b39743947296afe.udd" 7050
"C:/Users/Husky Cal/AppData/Local/UnrealEngine/Common/DerivedDataCache/Buckets/MaterialShaderMap/a5/28/61c93b5b60eba9e84b8872b5d8228972d3a8.udd" 7051
"C:/Users/Husky Cal/AppData/Local/UnrealEngine/Common/DerivedDataCache/Content/0a/18/3e268f6c32a80f47ba0aaca4d1ca6ff97069.udd" 7052
"C:/Users/Husky Cal/AppData/Local/UnrealEngine/Common/DerivedDataCache/Buckets/MaterialShaderMap/16/bf/e438881f164c81928e78c55d26a448634fbb.udd" 7053
"C:/Users/Husky Cal/AppData/Local/UnrealEngine/Common/DerivedDataCache/Content/66/24/a82cf7dd6364d7820c25b799ff47ee6c016e.udd" 7054
"C:/Users/Husky Cal/AppData/Local/UnrealEngine/Common/DerivedDataCache/Buckets/MaterialShaderMap/31/1b/cbc4350f11d0f5693a00427c31bf646a552d.udd" 7055
"C:/Users/Husky Cal/AppData/Local/UnrealEngine/Common/DerivedDataCache/Buckets/MaterialShaderMap/39/7a/bfcdc3f66715230f55bfa1b25dec9762f446.udd" 7056
"C:/Users/Husky Cal/AppData/Local/UnrealEngine/Common/DerivedDataCache/Content/08/da/f85b10cb3d512310e87140c29b512c1c10c9.udd" 7057
"C:/Users/Husky Cal/AppData/Local/UnrealEngine/Common/DerivedDataCache/Buckets/MaterialShaderMap/31/df/ecf21e7f0f548df40f9c6baa2f570db2187c.udd" 7058
"C:/Users/Husky Cal/AppData/Local/UnrealEngine/Common/DerivedDataCache/Buckets/MaterialShaderMap/55/f1/9917a69d1108b2c69ba8330fe1b6e4da957c.udd" 7059
"C:/Users/Husky Cal/AppData/Local/UnrealEngine/Common/DerivedDataCache/Buckets/MaterialShaderMap/22/ba/8d5f6532e4ef7d2a7f4ced45e409ee0ceee0.udd" 7060
"C:/Users/Husky Cal/AppData/Local/UnrealEngine/Common/DerivedDataCache/Buckets/MaterialShaderMap/eb/6a/4a53a9b4df018acc3af02db138598324bd18.udd" 7061
"C:/Users/Husky Cal/AppData/Local/UnrealEngine/Common/DerivedDataCache/Content/93/e8/fd00730e3801ddb1f9312db8d36a75b51f0f.udd" 7062
"C:/Users/Husky Cal/AppData/Local/UnrealEngine/Common/DerivedDataCache/Buckets/MaterialShaderMap/41/83/54826831abd2427384369945083419403e99.udd" 7063
"C:/Users/Husky Cal/AppData/Local/UnrealEngine/Common/DerivedDataCache/Buckets/MaterialShaderMap/c3/96/6e1902d8044ef98a071f66ba27bc34fe5d4e.udd" 7064
"C:/Users/Husky Cal/AppData/Local/UnrealEngine/Common/DerivedDataCache/Buckets/MaterialShaderMap/4b/56/fb53dbccba4a4dc8f78ec19bdc1e3dae4c98.udd" 7065
"C:/Users/Husky Cal/AppData/Local/UnrealEngine/Common/DerivedDataCache/Buckets/MaterialShaderMap/4c/1f/f4f1c78fffe6e0c34759bee962a4c35eb9bf.udd" 7066
"C:/Users/Husky Cal/AppData/Local/UnrealEngine/Common/DerivedDataCache/Buckets/MaterialShaderMap/33/cd/a91512aa17de449c3e55f032554cc3593f6f.udd" 7067
"C:/Users/Husky Cal/AppData/Local/UnrealEngine/Common/DerivedDataCache/Buckets/MaterialShaderMap/ad/83/0090ade9b33147869be7796b67beeedd8da2.udd" 7068
"C:/Users/Husky Cal/AppData/Local/UnrealEngine/Common/DerivedDataCache/Buckets/MaterialShaderMap/94/31/052fe516ab922988a35318f85d69d1335fc7.udd" 7069
"C:/Users/Husky Cal/AppData/Local/UnrealEngine/Common/DerivedDataCache/Buckets/MaterialShaderMap/4e/b9/393e3c9d010c3fef2b03901dc974175d3bc2.udd" 7070
"C:/Users/Husky Cal/AppData/Local/UnrealEngine/Common/DerivedDataCache/Content/9f/38/d3cd85dcb455fb8455c3e2cbecee707be840.udd" 7071
"C:/Users/Husky Cal/AppData/Local/UnrealEngine/Common/DerivedDataCache/Buckets/MaterialShaderMap/60/95/9a71d428dd425a25233414ff282388615db2.udd" 7072
"C:/Users/Husky Cal/AppData/Local/UnrealEngine/Common/DerivedDataCache/Buckets/MaterialShaderMap/f2/01/1d1dac8cf1bb50e6caf711ad7d1f4eb02aa9.udd" 7073
"C:/Users/Husky Cal/AppData/Local/UnrealEngine/Common/DerivedDataCache/Buckets/MaterialShaderMap/84/fd/46bec41faccd7490760983aca875d61f29bd.udd" 7074
"C:/Users/Husky Cal/AppData/Local/UnrealEngine/Common/DerivedDataCache/Buckets/MaterialShaderMap/c4/d5/d9cd22c2c42eff47aa9d67087408a2952bdc.udd" 7075
"C:/Users/Husky Cal/AppData/Local/UnrealEngine/Common/DerivedDataCache/Buckets/MaterialShaderMap/8a/22/72ea3ba4209ec320ea83427abbf8f35e7eba.udd" 7076
"C:/Users/Husky Cal/AppData/Local/UnrealEngine/Common/DerivedDataCache/Buckets/MaterialShaderMap/e2/60/338b0b47cbe1ac584d8787d961550945dd9f.udd" 7077
"C:/Users/Husky Cal/AppData/Local/UnrealEngine/Common/DerivedDataCache/Buckets/MaterialShaderMap/9a/7f/958cbd5427eebded8aae4d0f79128ee397f7.udd" 7078
"C:/Users/Husky Cal/AppData/Local/UnrealEngine/Common/DerivedDataCache/Buckets/MaterialShaderMap/bc/74/c6009cc68747bd3df47c284f78e90dc42be0.udd" 7079
"C:/Users/Husky Cal/AppData/Local/UnrealEngine/Common/DerivedDataCache/Buckets/MaterialShaderMap/36/8f/9ba84bfee87171629ef420eb2061bc3556dc.udd" 7080
"C:/Users/Husky Cal/AppData/Local/UnrealEngine/Common/DerivedDataCache/Buckets/MaterialShaderMap/a5/36/a62c5c86fb791ecc8148fa2060f667849ab5.udd" 7081
"C:/Users/Husky Cal/AppData/Local/UnrealEngine/Common/DerivedDataCache/Buckets/MaterialShaderMap/6e/b3/f31a24cc5ca822bc9d6378ec274e7b42d154.udd" 7082
"C:/Users/Husky Cal/AppData/Local/UnrealEngine/Common/DerivedDataCache/Buckets/MaterialShaderMap/72/85/8db18bf2384789822e0a77c8e1c290633e59.udd" 7083
"C:/Users/Husky Cal/AppData/Local/UnrealEngine/Common/DerivedDataCache/Content/41/89/81bc18045a525b0a63cce3fc13be4fa26f2f.udd" 7084
"C:/Users/Husky Cal/AppData/Local/UnrealEngine/Common/DerivedDataCache/Buckets/MaterialShaderMap/f9/c1/29cf1d90dd4b7256226b8d51b4a57d6dcdcb.udd" 7085
"C:/Users/Husky Cal/AppData/Local/UnrealEngine/Common/DerivedDataCache/Buckets/MaterialShaderMap/10/11/d4000c6ca7ef1a9625010fe4b8df3f81e1d4.udd" 7086
"C:/Users/Husky Cal/AppData/Local/UnrealEngine/Common/DerivedDataCache/Buckets/MaterialShaderMap/13/31/7deabe9a7540e1faed97e0e07561f780e93e.udd" 7087
"C:/Users/Husky Cal/AppData/Local/UnrealEngine/Common/DerivedDataCache/Buckets/MaterialShaderMap/05/b4/8207727b91be5d529457b1b94f60eaf76673.udd" 7088
"C:/Users/Husky Cal/AppData/Local/UnrealEngine/Common/DerivedDataCache/Buckets/MaterialShaderMap/97/b2/a8708da0596e02c522c3bd8e66b81b737a1c.udd" 7089
"C:/Users/Husky Cal/AppData/Local/UnrealEngine/Common/DerivedDataCache/Content/74/12/11cf18486da45a5501d3536bfd07e3b7f315.udd" 7090
"C:/Users/Husky Cal/AppData/Local/UnrealEngine/Common/DerivedDataCache/Buckets/MaterialShaderMap/38/d4/69db2b831950842965da4182de8510fd587f.udd" 7091
"C:/Users/Husky Cal/AppData/Local/UnrealEngine/Common/DerivedDataCache/Content/d8/c6/568acc4d21ced550833260254f74f410aa25.udd" 7092
"C:/Users/Husky Cal/AppData/Local/UnrealEngine/Common/DerivedDataCache/Buckets/MaterialShaderMap/23/7d/dab3c72f9aa2cd05fef0588f2ed6a28810b7.udd" 7093
"F:/Pro/FPSRogueLikePrj/FPSRogueLike/Content/Blueprints/DS_Powerup.uasset" 7094
"F:/Pro/FPSRogueLikePrj/FPSRogueLike/Content/LevelPrototyping/Materials/MI_Solid_Blue.uasset" 7095
"C:/Users/Husky Cal/AppData/Local/UnrealEngine/Common/DerivedDataCache/Buckets/MaterialShaderMap/10/6b/c654ab8937916a58ea7b980f7a0821ccd094.udd" 7096
"C:/Users/Husky Cal/AppData/Local/UnrealEngine/Common/DerivedDataCache/Buckets/MaterialShaderMap/1a/9e/0ab70e488d0c921049e0626e440fa6237582.udd" 7097
"C:/Users/Husky Cal/AppData/Local/UnrealEngine/Common/DerivedDataCache/Content/9c/92/17fdcf0f24989e63e5698965c0b8b2c28195.udd" 7098
"F:/Pro/FPSRogueLikePrj/FPSRogueLike/Content/FirstPersonArms/Animations/FP_Walk_Fwd.uasset" 7099
"C:/Users/Husky Cal/AppData/Local/UnrealEngine/Common/DerivedDataCache/Buckets/LegacyMESHDATAKEY/39/d4/82c6799dfbfaec94c0bd11839af76933fa11.udd" 7100
"../../../Engine/Content/EngineMaterials/PPM_DefaultCalibrationGrayscale.uasset" 7101
"../../../Engine/Content/EngineMaterials/PPM_DefaultCalibrationColor.uasset" 7102
"C:/Users/Husky Cal/AppData/Local/UnrealEngine/Common/DerivedDataCache/Buckets/LegacyMESHDATAKEY/06/1e/add0ad6140848e5876ab3ed533978b317994.udd" 7103
"C:/Users/Husky Cal/AppData/Local/UnrealEngine/Common/DerivedDataCache/Buckets/LegacyMESHDATAKEY/b0/57/45e0a35a778100637b7f7c248018bd6d367f.udd" 7104
"../../../Engine/Content/MobileResources/HUD/DefaultVirtualJoysticks.uasset" 7105
"C:/Users/Husky Cal/AppData/Local/UnrealEngine/Common/DerivedDataCache/Buckets/StaticMesh/25/6c/051ce884d049db92653a9b22ead52357020e.udd" 7106
"C:/Users/Husky Cal/AppData/Local/UnrealEngine/Common/DerivedDataCache/Buckets/LegacyMESHDATAKEY/76/e3/1411aab0e8de21feb1f80a1069b9a521494b.udd" 7107
"../../../Engine/Content/EditorMaterials/PreviewShadowIndicatorMaterial.uasset" 7108
"C:/Users/Husky Cal/AppData/Local/UnrealEngine/Common/DerivedDataCache/Buckets/StaticMesh/6a/2c/c55c19470ab99a879323e0941a22657ae2bd.udd" 7109
"C:/Users/Husky Cal/AppData/Local/UnrealEngine/Common/DerivedDataCache/Buckets/StaticMesh/1a/c1/12abb5288e965e093e369e60c5b5be1a19fc.udd" 7110
"C:/Users/Husky Cal/AppData/Local/UnrealEngine/Common/DerivedDataCache/Buckets/LegacyDIST/99/cd/8c82293404c0397b04e1b9c7ff485e304e1c.udd" 7111
"C:/Users/Husky Cal/AppData/Local/UnrealEngine/Common/DerivedDataCache/Buckets/StaticMesh/f4/22/7ad224f581000314446101767b355ca3d220.udd" 7112
"C:/Users/Husky Cal/AppData/Local/UnrealEngine/Common/DerivedDataCache/Buckets/LegacyCARD/a7/b9/1b0cef658737399e126d31ab61bedff1bb33.udd" 7113
"C:/Users/Husky Cal/AppData/Local/UnrealEngine/Common/DerivedDataCache/Buckets/LegacyDIST/08/13/8c02d96c3850d4f77557d7dcf54ca41e6df6.udd" 7114
"C:/Users/Husky Cal/AppData/Local/UnrealEngine/Common/DerivedDataCache/Buckets/LegacyDIST/d0/b4/180998beaa22a8df194b3b1d29aa6515904a.udd" 7115
"C:/Users/Husky Cal/AppData/Local/UnrealEngine/Common/DerivedDataCache/Buckets/LegacyCARD/55/c2/e0defa494083a98aa05e48d325ad32f47d97.udd" 7116
"C:/Users/Husky Cal/AppData/Local/UnrealEngine/Common/DerivedDataCache/Buckets/LegacyNavCollision/da/2f/9417706b8acf2841749a4fe406a5160197e6.udd" 7117
"C:/Users/Husky Cal/AppData/Local/UnrealEngine/Common/DerivedDataCache/Buckets/LegacyDIST/2a/07/659b17341b1a170f739cec21cc51d678813d.udd" 7118
"C:/Users/Husky Cal/AppData/Local/UnrealEngine/Common/DerivedDataCache/Buckets/LegacyNavCollision/9e/a1/bbdbeeb8b5c71df367a610b3cb3436a8c7a4.udd" 7119
"C:/Users/Husky Cal/AppData/Local/UnrealEngine/Common/DerivedDataCache/Buckets/LegacyCARD/32/ab/c63c4df4a77e9e385523c7b290f327c00ebc.udd" 7120
"C:/Users/Husky Cal/AppData/Local/UnrealEngine/Common/DerivedDataCache/Buckets/LegacyCARD/27/62/99ce32e000d9d985c026b417b1271a88784a.udd" 7121
"C:/Users/Husky Cal/AppData/Local/UnrealEngine/Common/DerivedDataCache/Buckets/LegacyNavCollision/4f/c4/4f9be29edf94ab3c396879863ac333dd9f70.udd" 7122
"C:/Users/Husky Cal/AppData/Local/UnrealEngine/Common/DerivedDataCache/Buckets/LegacyNavCollision/38/79/635ebfef53e30762750dff171f1943b3ed1b.udd" 7123
"C:/Users/Husky Cal/AppData/Local/UnrealEngine/Common/DerivedDataCache/Buckets/MaterialShaderMap/27/14/cb268ce5f0115a8c18373bee7cce0a066ae1.udd" 7124
"C:/Users/Husky Cal/AppData/Local/UnrealEngine/Common/DerivedDataCache/Content/f5/a6/d9bdf725f7c31f79c6904cf733a6b9783e08.udd" 7125
"C:/Users/Husky Cal/AppData/Local/UnrealEngine/Common/DerivedDataCache/Buckets/MaterialShaderMap/c6/d2/0a2c627e912d2cd3797463e0afa56457b166.udd" 7126
"C:/Users/Husky Cal/AppData/Local/UnrealEngine/Common/DerivedDataCache/Buckets/MaterialShaderMap/74/ba/85128ba36ee2d775846c3b9960095a46a356.udd" 7127
"C:/Users/Husky Cal/AppData/Local/UnrealEngine/Common/DerivedDataCache/Content/32/51/d670c32e0fd9495aaf13cf52a228a7bbad67.udd" 7128
"C:/Users/Husky Cal/AppData/Local/UnrealEngine/Common/DerivedDataCache/Buckets/MaterialShaderMap/b4/6b/c611f6093e1c68508c1a813ac829e1350b92.udd" 7129
"C:/Users/Husky Cal/AppData/Local/UnrealEngine/Common/DerivedDataCache/Buckets/MaterialShaderMap/8c/eb/f584060fea180d1888e9afe6de6a77cb4401.udd" 7130
"C:/Users/Husky Cal/AppData/Local/UnrealEngine/Common/DerivedDataCache/Buckets/MaterialShaderMap/bb/95/a452f18534498776a0103e355707960d8e39.udd" 7131
"C:/Users/Husky Cal/AppData/Local/UnrealEngine/Common/DerivedDataCache/Buckets/MaterialShaderMap/6e/01/f9a0dfcfd6b0399306f93bc90690c3542d5c.udd" 7132
"C:/Users/Husky Cal/AppData/Local/UnrealEngine/Common/DerivedDataCache/Content/0a/bc/379a49a2c3597040567175b4924b33caf7a7.udd" 7133
"C:/Users/Husky Cal/AppData/Local/UnrealEngine/Common/DerivedDataCache/Buckets/MaterialShaderMap/93/c0/975d9378df207231c3e5c2940268e4d46a00.udd" 7134
"C:/Users/Husky Cal/AppData/Local/UnrealEngine/Common/DerivedDataCache/Buckets/MaterialShaderMap/71/87/50e1092a42be98913a82803a88646d438141.udd" 7135
"C:/Users/Husky Cal/AppData/Local/UnrealEngine/Common/DerivedDataCache/Buckets/MaterialShaderMap/fd/63/4de20817d2e6676a96ebc95e09caaaa40ae2.udd" 7136
"C:/Users/Husky Cal/AppData/Local/UnrealEngine/Common/DerivedDataCache/Buckets/MaterialShaderMap/12/7c/e8adb4fef5ed4f62b142902231a489564076.udd" 7137
"C:/Users/Husky Cal/AppData/Local/UnrealEngine/Common/DerivedDataCache/Buckets/MaterialShaderMap/05/eb/43635e6620283fc477fadbb6fce05e20343e.udd" 7138
"C:/Users/Husky Cal/AppData/Local/UnrealEngine/Common/DerivedDataCache/Buckets/MaterialShaderMap/be/8d/a1dbd0a42397c13207343a8612e50c2208fd.udd" 7139
"C:/Users/Husky Cal/AppData/Local/UnrealEngine/Common/DerivedDataCache/Buckets/MaterialShaderMap/b3/a7/978da9114fb63f82b29c949b5d2fdf12e629.udd" 7140
"C:/Users/Husky Cal/AppData/Local/UnrealEngine/Common/DerivedDataCache/Buckets/MaterialShaderMap/ef/08/651e452e8e955fc1b7fdee921df1c1949ffb.udd" 7141
"C:/Users/Husky Cal/AppData/Local/UnrealEngine/Common/DerivedDataCache/Buckets/MaterialShaderMap/d7/dc/2b5137bf6254b7eec02e285a8d2a2c9780f6.udd" 7142
"C:/Users/Husky Cal/AppData/Local/UnrealEngine/Common/DerivedDataCache/Content/b3/30/06e554b8d2181c0ca2d6a350e107c9af3197.udd" 7143
"C:/Users/Husky Cal/AppData/Local/UnrealEngine/Common/DerivedDataCache/Buckets/MaterialShaderMap/fa/e6/da433b4cfbc5822e88691013e0702c8465b9.udd" 7144
"C:/Users/Husky Cal/AppData/Local/UnrealEngine/Common/DerivedDataCache/Buckets/MaterialShaderMap/93/7b/bd8b4e719ddfda00e7112d8e38c0e53320c1.udd" 7145
"C:/Users/Husky Cal/AppData/Local/UnrealEngine/Common/DerivedDataCache/Buckets/LegacyNiagaraScriptDerivedData/ba/f6/064b63fd28b67ea58ccd097ecfd25417493c.udd" 7146
"C:/Users/Husky Cal/AppData/Local/UnrealEngine/Common/DerivedDataCache/Buckets/LegacyNiagaraScriptDerivedData/22/06/eea6b67d1b749d9c7813bb4af51ceeb6a038.udd" 7147
"C:/Users/Husky Cal/AppData/Local/UnrealEngine/Common/DerivedDataCache/Buckets/LegacyNiagaraScriptDerivedData/87/42/4872ab596efe95aa1f88931d7520ab755038.udd" 7148
"C:/Users/Husky Cal/AppData/Local/UnrealEngine/Common/DerivedDataCache/Buckets/LegacyNiagaraScriptDerivedData/8a/3a/4fbdefd5fe4e41367d3468b3e27c815f77a9.udd" 7149
"F:/Pro/FPSRogueLikePrj/FPSRogueLike/Content/StarterContent/Materials/M_Wood_Floor_Walnut_Worn.uasset" 7150
"C:/Users/Husky Cal/AppData/Local/UnrealEngine/Common/DerivedDataCache/Buckets/AnimationSequence/7c/96/ae1c8a370bd1f9747c0629f0502bafffc725.udd" 7151
"F:/Pro/FPSRogueLikePrj/FPSRogueLike/Content/StarterContent/Materials/M_Water_Ocean.uasset" 7152
"C:/Users/Husky Cal/AppData/Local/UnrealEngine/Common/DerivedDataCache/Buckets/AnimationSequence/7e/81/9f6517f0fa76af31508dafd6d9f9deba24d4.udd" 7153
"F:/Pro/FPSRogueLikePrj/FPSRogueLike/Content/StarterContent/Materials/M_Tech_Hex_Tile.uasset" 7154
"C:/Users/Husky Cal/AppData/Local/UnrealEngine/Common/DerivedDataCache/Buckets/AnimationSequence/28/6d/5e77bb2588be68f336025583850585f3d903.udd" 7155
"F:/Pro/FPSRogueLikePrj/FPSRogueLike/Content/StarterContent/Materials/M_Metal_Rust.uasset" 7156
"C:/Users/Husky Cal/AppData/Local/UnrealEngine/Common/DerivedDataCache/Buckets/AnimationSequence/89/bd/c3eaeec0766dc2be648ac0a1337b94255acc.udd" 7157
"F:/Pro/FPSRogueLikePrj/FPSRogueLike/Content/StarterContent/Materials/M_ColorGrid_LowSpec.uasset" 7158
"C:/Users/Husky Cal/AppData/Local/UnrealEngine/Common/DerivedDataCache/Buckets/AnimationSequence/f7/1b/c638484704b9573492c89f97fc8c13030f4e.udd" 7159
"F:/Pro/FPSRogueLikePrj/FPSRogueLike/Content/StarterContent/Blueprints/Assets/M_LightStage_Skybox_Master.uasset" 7160
"C:/Users/Husky Cal/AppData/Local/UnrealEngine/Common/DerivedDataCache/Buckets/AnimationSequence/d0/a5/5dd0302623c4c5451b62527c9df251e2b02d.udd" 7161
"F:/Pro/FPSRogueLikePrj/FPSRogueLike/Content/StarterContent/Particles/Materials/M_Radial_Gradient.uasset" 7162
"C:/Users/Husky Cal/AppData/Local/UnrealEngine/Common/DerivedDataCache/Buckets/AnimationSequence/d1/a4/fc1ac2926d7ce947b4d42962fe21fb1d969a.udd" 7163
"F:/Pro/FPSRogueLikePrj/FPSRogueLike/Content/StarterContent/Particles/Materials/M_radial_ramp.uasset" 7164
"C:/Users/Husky Cal/AppData/Local/UnrealEngine/Common/DerivedDataCache/Buckets/AnimationSequence/d7/85/ccedb97b168e1d54eccc3c3a22df3250a379.udd" 7165
"../../../Engine/Content/Functions/Engine_MaterialFunctions01/Gradient/RadialGradientExponential.uasset" 7166
"C:/Users/Husky Cal/AppData/Local/UnrealEngine/Common/DerivedDataCache/Buckets/AnimationSequence/37/a1/5b7f59c9482f6fd80660741aa0214301ad95.udd" 7167
"F:/Pro/FPSRogueLikePrj/FPSRogueLike/Content/Realistic_Starter_VFX_Pack_Vol2/Materials/M_Leaves_A.uasset" 7168
"C:/Users/Husky Cal/AppData/Local/UnrealEngine/Common/DerivedDataCache/Buckets/AnimationSequence/ed/70/6b8a23ebbe28e3f3e6217ce31f0680337042.udd" 7169
"F:/Pro/FPSRogueLikePrj/FPSRogueLike/Content/Realistic_Starter_VFX_Pack_Vol2/Materials/M_Fire_Splat.uasset" 7170
"C:/Users/Husky Cal/AppData/Local/UnrealEngine/Common/DerivedDataCache/Buckets/AnimationSequence/4a/58/b8d4ac1497eb6d058fd68301221c88ee3be3.udd" 7171
"F:/Pro/FPSRogueLikePrj/FPSRogueLike/Content/Realistic_Starter_VFX_Pack_Vol2/Materials/M_Dirt_A.uasset" 7172
"C:/Users/Husky Cal/AppData/Local/UnrealEngine/Common/DerivedDataCache/Buckets/AnimationSequence/e0/00/0102ec5fd400ba039761641ea32b42d22303.udd" 7173
"../../../Engine/Content/Functions/Engine_MaterialFunctions02/WorldPositionOffset/RotateAboutWorldAxis_cheap.uasset" 7174
"C:/Users/Husky Cal/AppData/Local/UnrealEngine/Common/DerivedDataCache/Buckets/AnimationSequence/fb/06/eac4a4763639e9690784ea0bc3b9e8b73de1.udd" 7175
"F:/Pro/FPSRogueLikePrj/FPSRogueLike/Content/Realistic_Starter_VFX_Pack_Vol2/Materials/M_Distortion.uasset" 7176
"C:/Users/Husky Cal/AppData/Local/UnrealEngine/Common/DerivedDataCache/Buckets/BulkDataList/dd/95/b2b429f243b34d385392b7dc4169f5c62f31.udd" 7177
"F:/Pro/FPSRogueLikePrj/FPSRogueLike/Content/Materials/M_Outline.uasset" 7178
"../../../Engine/Content/Functions/Engine_MaterialFunctions01/ImageAdjustment/CheapContrast.uasset" 7179
"C:/Users/Husky Cal/AppData/Local/UnrealEngine/Common/DerivedDataCache/Buckets/AnimationSequence/63/97/b759c4ed29fa0d83c7bc2e85148ab5ca665b.udd" 7180
"C:/Users/Husky Cal/AppData/Local/UnrealEngine/Common/DerivedDataCache/Buckets/AnimationSequence/74/ef/695b4800f57a781cada756310c40311bb208.udd" 7181
"C:/Users/Husky Cal/AppData/Local/UnrealEngine/Common/DerivedDataCache/Buckets/AnimationSequence/42/83/f06e56393c842a247f4b2c1a9f3b3793a640.udd" 7182
"C:/Users/Husky Cal/AppData/Local/UnrealEngine/Common/DerivedDataCache/Buckets/AnimationSequence/74/72/1fe373f65e1f8ffd21c3aecba87684bb1e55.udd" 7183
"C:/Users/Husky Cal/AppData/Local/UnrealEngine/Common/DerivedDataCache/Buckets/AnimationSequence/ec/18/3f401a2a19df6f2cbab72b34e63de907112a.udd" 7184
"C:/Users/Husky Cal/AppData/Local/UnrealEngine/Common/DerivedDataCache/Buckets/AnimationSequence/62/0e/f01e52fe4eafae76367f3a803b08144b00e1.udd" 7185
"C:/Users/Husky Cal/AppData/Local/UnrealEngine/Common/DerivedDataCache/Buckets/AnimationSequence/68/c9/a9b2343ec0900794e006f2262ecbdb0d371b.udd" 7186
"C:/Users/Husky Cal/AppData/Local/UnrealEngine/Common/DerivedDataCache/Buckets/AnimationSequence/43/c2/38dc870f7f53b605a59ea01c6994f2f775fe.udd" 7187
"C:/Users/Husky Cal/AppData/Local/UnrealEngine/Common/DerivedDataCache/Buckets/AnimationSequence/37/bc/d61fe97a228f7737b022af152fc0e20a5325.udd" 7188
"C:/Users/Husky Cal/AppData/Local/UnrealEngine/Common/DerivedDataCache/Buckets/AnimationSequence/37/8d/eef46292213f523ffa8cd8a1d298458b16b5.udd" 7189
"C:/Users/Husky Cal/AppData/Local/UnrealEngine/Common/DerivedDataCache/Buckets/AnimationSequence/65/3b/856c9d2fb541d29c0ca2337d35c96933de3c.udd" 7190
"C:/Users/Husky Cal/AppData/Local/UnrealEngine/Common/DerivedDataCache/Buckets/AnimationSequence/11/6d/f72c263c59708cca243e560e715e6fa8d61c.udd" 7191
"C:/Users/Husky Cal/AppData/Local/UnrealEngine/Common/DerivedDataCache/Buckets/AnimationSequence/69/f5/33216c799034c56f76d741a856a4751dc401.udd" 7192
"C:/Users/Husky Cal/AppData/Local/UnrealEngine/Common/DerivedDataCache/Buckets/AnimationSequence/6d/92/842d916a8e0b073ceb543038eb1a3946f3aa.udd" 7193
"C:/Users/Husky Cal/AppData/Local/UnrealEngine/Common/DerivedDataCache/Buckets/AnimationSequence/97/2b/fa737190a90fbd7ebb2102462562b3b20884.udd" 7194
"C:/Users/Husky Cal/AppData/Local/UnrealEngine/Common/DerivedDataCache/Buckets/AnimationSequence/c8/5d/aec79af7fd972371cec5c880fb9bb31050de.udd" 7195
"C:/Users/Husky Cal/AppData/Local/UnrealEngine/Common/DerivedDataCache/Buckets/AnimationSequence/e9/bf/31c5452158b11d1e0a7ec9c8c617544be3cd.udd" 7196
"C:/Users/Husky Cal/AppData/Local/UnrealEngine/Common/DerivedDataCache/Buckets/AnimationSequence/65/45/441536b046992f869be45fece3847a3e2b1a.udd" 7197
"C:/Users/Husky Cal/AppData/Local/UnrealEngine/Common/DerivedDataCache/Buckets/AnimationSequence/64/ea/8f8d8e3b20e1a02adb773abe4a004d73cf5b.udd" 7198
"C:/Users/Husky Cal/AppData/Local/UnrealEngine/Common/DerivedDataCache/Buckets/AnimationSequence/d1/62/71646c429a9694dab26efe09a85cffaaf59e.udd" 7199
"C:/Users/Husky Cal/AppData/Local/UnrealEngine/Common/DerivedDataCache/Buckets/AnimationSequence/6d/4d/8093b4429072732740d675654b60de546987.udd" 7200
"C:/Users/Husky Cal/AppData/Local/UnrealEngine/Common/DerivedDataCache/Buckets/AnimationSequence/ba/22/1aca0d764103a8fdaf48efdd86933482234d.udd" 7201
"C:/Users/Husky Cal/AppData/Local/UnrealEngine/Common/DerivedDataCache/Buckets/AnimationSequence/15/fd/372acafc635ff9f02460bb21cc53e712bf18.udd" 7202
"C:/Users/Husky Cal/AppData/Local/UnrealEngine/Common/DerivedDataCache/Buckets/AnimationSequence/b8/ea/12eb4d230b60a08eb66444e4068a8a2bd047.udd" 7203
"C:/Users/Husky Cal/AppData/Local/UnrealEngine/Common/DerivedDataCache/Buckets/AnimationSequence/94/e4/11095429ac4de18c932704f1f12d16a96b05.udd" 7204
"C:/Users/Husky Cal/AppData/Local/UnrealEngine/Common/DerivedDataCache/Buckets/AnimationSequence/47/8f/690121f2115645de295843dccee57695aae9.udd" 7205
"C:/Users/Husky Cal/AppData/Local/UnrealEngine/Common/DerivedDataCache/Buckets/AnimationSequence/a2/4c/1fec55eccdd085e98ae8220b30ef89da05a7.udd" 7206
"C:/Users/Husky Cal/AppData/Local/UnrealEngine/Common/DerivedDataCache/Buckets/AnimationSequence/c7/39/508666c0fe74354d1e80e5f18c3be3ae300c.udd" 7207
"C:/Users/Husky Cal/AppData/Local/UnrealEngine/Common/DerivedDataCache/Buckets/AnimationSequence/56/d4/20363021c533005940ff2f689d02cd5002b6.udd" 7208
"C:/Users/Husky Cal/AppData/Local/UnrealEngine/Common/DerivedDataCache/Buckets/AnimationSequence/f4/53/be5aeb4d416e7c7c8b83e720888ec97298b7.udd" 7209
"../../../Engine/Content/EngineSky/M_Sky_Panning_Clouds2.uasset" 7210
"../../../Engine/Content/Functions/Engine_MaterialFunctions03/Blends/Blend_Overlay.uasset" 7211
"F:/Pro/FPSRogueLikePrj/FPSRogueLike/Content/Sword_Animation/Demo/Characters/Mannequins/Materials/Functions/MF_logo3layers.uasset" 7212
"../../../Engine/Content/Functions/Engine_MaterialFunctions02/Texturing/ScreenAlignedUVs.uasset" 7213
"../../../Engine/Content/Maps/Entry.umap" 7214
"../../../Engine/Content/MapTemplates/SM_Template_Map_Floor.uasset" 7215
"../../../Engine/Plugins/Animation/ControlRig/Content/Controls/ControlRig_Wedge_solid.uasset" 7216
"../../../Engine/Plugins/Animation/ControlRig/Content/Controls/ControlRig_Wedge_3mm.uasset" 7217
"../../../Engine/Plugins/Animation/ControlRig/Content/Controls/ControlRig_Wedge_1mm.uasset" 7218
"../../../Engine/Plugins/Animation/ControlRig/Content/Controls/ControlRig_Triangle_solid.uasset" 7219
"C:/Users/Husky Cal/AppData/Local/UnrealEngine/Common/DerivedDataCache/Buckets/AnimationSequence/c5/61/52faec67bd438fc3c4ee8d1044824227c086.udd" 7220
"C:/Users/Husky Cal/AppData/Local/UnrealEngine/Common/DerivedDataCache/Buckets/AnimationSequence/d9/ef/5ef2b3bb8a89f2630b0af79d08965aa10b6b.udd" 7221
"C:/Users/Husky Cal/AppData/Local/UnrealEngine/Common/DerivedDataCache/Buckets/AnimationSequence/93/35/f13b0ff2c2b71ca69dfe7ed11520585f4d9a.udd" 7222
"C:/Users/Husky Cal/AppData/Local/UnrealEngine/Common/DerivedDataCache/Buckets/AnimationSequence/f8/4c/2ba88f4f7c152a049ef46bd674b0dabaa80c.udd" 7223
"C:/Users/Husky Cal/AppData/Local/UnrealEngine/Common/DerivedDataCache/Buckets/AnimationSequence/54/30/3812b1cbbe7854d1f23cd8f6daa8eef6fb78.udd" 7224
"C:/Users/Husky Cal/AppData/Local/UnrealEngine/Common/DerivedDataCache/Buckets/AnimationSequence/11/71/3f187b698bcafc1e0c94ac832bde7e65b569.udd" 7225
"C:/Users/Husky Cal/AppData/Local/UnrealEngine/Common/DerivedDataCache/Buckets/AnimationSequence/60/16/f5586bfb03670eb8bd4f7f18d2b0845aa70c.udd" 7226
"C:/Users/Husky Cal/AppData/Local/UnrealEngine/Common/DerivedDataCache/Buckets/AnimationSequence/80/fd/66e897778008d180cb936c283bc7a9eda5fe.udd" 7227
"C:/Users/Husky Cal/AppData/Local/UnrealEngine/Common/DerivedDataCache/Buckets/AnimationSequence/09/59/d1f7231cc156933b4c63f4fe4498a985ff3b.udd" 7228
"C:/Users/Husky Cal/AppData/Local/UnrealEngine/Common/DerivedDataCache/Buckets/AnimationSequence/30/26/4bf62e319c5bfde9ca7e50b846e735ae9fbb.udd" 7229
"C:/Users/Husky Cal/AppData/Local/UnrealEngine/Common/DerivedDataCache/Buckets/AnimationSequence/e3/71/18fab118aca34976ca60a22d0d391b65c430.udd" 7230
"C:/Users/Husky Cal/AppData/Local/UnrealEngine/Common/DerivedDataCache/Buckets/AnimationSequence/91/3f/739e5ddbb1d010d2f2e5f18555693fc15c6e.udd" 7231
"../../../Engine/Plugins/Animation/ControlRig/Content/Controls/ControlRig_Triangle_3mm.uasset" 7232
"../../../Engine/Plugins/Animation/ControlRig/Content/Controls/ControlRig_Triangle_1mm.uasset" 7233
"../../../Engine/Plugins/Animation/ControlRig/Content/Controls/ControlRig_Star4_solid.uasset" 7234
"../../../Engine/Plugins/Animation/ControlRig/Content/Controls/ControlRig_Star4_3mm.uasset" 7235
"../../../Engine/Plugins/Animation/ControlRig/Content/Controls/ControlRig_Star4_1mm.uasset" 7236
"../../../Engine/Plugins/Animation/ControlRig/Content/Controls/ControlRig_Square_solid.uasset" 7237
"../../../Engine/Plugins/Animation/ControlRig/Content/Controls/ControlRig_Square_3mm.uasset" 7238
"../../../Engine/Plugins/Animation/ControlRig/Content/Controls/ControlRig_Square_1mm.uasset" 7239
"../../../Engine/Plugins/Animation/ControlRig/Content/Controls/ControlRig_Sphere_3mm.uasset" 7240
"../../../Engine/Plugins/Animation/ControlRig/Content/Controls/ControlRig_Sphere_1mm.uasset" 7241
"../../../Engine/Plugins/Animation/ControlRig/Content/Controls/ControlRig_RoundedTriangle_solid.uasset" 7242
"../../../Engine/Plugins/Animation/ControlRig/Content/Controls/ControlRig_RoundedTriangle_3mm.uasset" 7243
"../../../Engine/Plugins/Animation/ControlRig/Content/Controls/ControlRig_RoundedTriangle_1mm.uasset" 7244
"../../../Engine/Plugins/Animation/ControlRig/Content/Controls/ControlRig_RoundedSquare_solid.uasset" 7245
"../../../Engine/Plugins/Animation/ControlRig/Content/Controls/ControlRig_RoundedSquare_3mm.uasset" 7246
"../../../Engine/Plugins/Animation/ControlRig/Content/Controls/ControlRig_RoundedSquare_1mm.uasset" 7247
"../../../Engine/Plugins/Animation/ControlRig/Content/Controls/ControlRig_QuarterCircle_solid.uasset" 7248
"C:/Users/Husky Cal/AppData/Local/UnrealEngine/Common/DerivedDataCache/Buckets/MaterialShaderMap/a8/64/696d4810d7953af2f498ce939e453e976f43.udd" 7249
"C:/Users/Husky Cal/AppData/Local/UnrealEngine/Common/DerivedDataCache/Buckets/MaterialShaderMap/b7/c1/40c6b1a5b152c4e618fa56eb81408cc38df0.udd" 7250
"../../../Engine/Plugins/Animation/ControlRig/Content/Controls/ControlRig_QuarterCircle_3mm.uasset" 7251
"C:/Users/Husky Cal/AppData/Local/UnrealEngine/Common/DerivedDataCache/Buckets/MaterialShaderMap/af/90/647b907a4fc880949ecf7ad9f55e6437ba7f.udd" 7252
"C:/Users/Husky Cal/AppData/Local/UnrealEngine/Common/DerivedDataCache/Content/71/c6/721f2644c12a0b60203317e8ac500dd9ead4.udd" 7253
"C:/Users/Husky Cal/AppData/Local/UnrealEngine/Common/DerivedDataCache/Buckets/MaterialShaderMap/8a/ce/2bd0485cf3915ea37cf4fdd8f84f5e966d71.udd" 7254
"../../../Engine/Plugins/Animation/ControlRig/Content/Controls/ControlRig_QuarterCircle_1mm.uasset" 7255
"../../../Engine/Plugins/Animation/ControlRig/Content/Controls/ControlRig_Pyramid_solid.uasset" 7256
"../../../Engine/Plugins/Animation/ControlRig/Content/Controls/ControlRig_Pyramid_3mm.uasset" 7257
"../../../Engine/Plugins/Animation/ControlRig/Content/Controls/ControlRig_Pyramid_1mm.uasset" 7258
"../../../Engine/Plugins/Animation/ControlRig/Content/Controls/ControlRig_Octagon_solid.uasset" 7259
"../../../Engine/Plugins/Animation/ControlRig/Content/Controls/ControlRig_Octagon_3mm.uasset" 7260
"C:/Users/Husky Cal/AppData/Local/UnrealEngine/Common/DerivedDataCache/Buckets/MaterialShaderMap/75/71/2c558bf21154a8b472dedd5d78a9d7eaeb63.udd" 7261
"C:/Users/Husky Cal/AppData/Local/UnrealEngine/Common/DerivedDataCache/Buckets/MaterialShaderMap/06/f8/ec1282c2c5fe129e6b3a27644244bb17bd74.udd" 7262
"C:/Users/Husky Cal/AppData/Local/UnrealEngine/Common/DerivedDataCache/Buckets/MaterialShaderMap/ba/dc/f9b25d4afe1c8d91d77e1e2bfd80e5294aca.udd" 7263
"C:/Users/Husky Cal/AppData/Local/UnrealEngine/Common/DerivedDataCache/Buckets/MaterialShaderMap/d0/66/5d11ff7ba126c1fe750c7a966fd65c321c3d.udd" 7264
"C:/Users/Husky Cal/AppData/Local/UnrealEngine/Common/DerivedDataCache/Content/71/b6/fef507b0d35f3883167eff079bee1d22b40d.udd" 7265
"C:/Users/Husky Cal/AppData/Local/UnrealEngine/Common/DerivedDataCache/Buckets/MaterialShaderMap/52/ad/2e1f769977390c155b8a129179c4125d7370.udd" 7266
"C:/Users/Husky Cal/AppData/Local/UnrealEngine/Common/DerivedDataCache/Content/89/a6/c63bce6ccfc19dda724d14258cd726f9644b.udd" 7267
"C:/Users/Husky Cal/AppData/Local/UnrealEngine/Common/DerivedDataCache/Buckets/MaterialShaderMap/0c/49/17d197dd58e70f207486931d9b84cdfab8a9.udd" 7268
"../../../Engine/Plugins/Animation/ControlRig/Content/Controls/ControlRig_Octagon_1mm.uasset" 7269
"../../../Engine/Plugins/Animation/ControlRig/Content/Controls/ControlRig_Hexagon_solid.uasset" 7270
"../../../Engine/Plugins/Animation/ControlRig/Content/Controls/ControlRig_Hexagon_3mm.uasset" 7271
"../../../Engine/Plugins/Animation/ControlRig/Content/Controls/ControlRig_Hexagon_1mm.uasset" 7272
"../../../Engine/Plugins/Animation/ControlRig/Content/Controls/ControlRig_HalfCircle_solid.uasset" 7273
"../../../Engine/Plugins/Animation/ControlRig/Content/Controls/ControlRig_HalfCircle_3mm.uasset" 7274
"../../../Engine/Plugins/Animation/ControlRig/Content/Controls/ControlRig_HalfCircle_1mm.uasset" 7275
"../../../Engine/Plugins/Animation/ControlRig/Content/Controls/ControlRig_Diamond_solid.uasset" 7276
"../../../Engine/Plugins/Animation/ControlRig/Content/Controls/ControlRig_Diamond_3mm.uasset" 7277
"../../../Engine/Plugins/Animation/ControlRig/Content/Controls/ControlRig_Diamond_1mm.uasset" 7278
"../../../Engine/Plugins/Animation/ControlRig/Content/Controls/ControlRig_Circle_solid.uasset" 7279
"../../../Engine/Plugins/Animation/ControlRig/Content/Controls/ControlRig_Circle_3mm.uasset" 7280
"../../../Engine/Plugins/Animation/ControlRig/Content/Controls/ControlRig_Circle_1mm.uasset" 7281
"../../../Engine/Plugins/Animation/ControlRig/Content/Controls/ControlRig_Box_solid.uasset" 7282
"../../../Engine/Plugins/Animation/ControlRig/Content/Controls/ControlRig_Box_3mm.uasset" 7283
"../../../Engine/Plugins/Animation/ControlRig/Content/Controls/ControlRig_Box_1mm.uasset" 7284
"../../../Engine/Plugins/Animation/ControlRig/Content/Controls/ControlRig_Arrow_solid.uasset" 7285
"../../../Engine/Plugins/Animation/ControlRig/Content/Controls/ControlRig_Arrow_3mm.uasset" 7286
"../../../Engine/Plugins/Animation/ControlRig/Content/Controls/ControlRig_Arrow_1mm.uasset" 7287
"../../../Engine/Plugins/Animation/ControlRig/Content/Controls/ControlRig_Arrow4_solid.uasset" 7288
"../../../Engine/Plugins/Animation/ControlRig/Content/Controls/ControlRig_Arrow4_3mm.uasset" 7289
"../../../Engine/Plugins/Animation/ControlRig/Content/Controls/ControlRig_Arrow4_1mm.uasset" 7290
"../../../Engine/Plugins/Animation/ControlRig/Content/Controls/ControlRig_Arrow2_solid.uasset" 7291
"../../../Engine/Plugins/Animation/ControlRig/Content/Controls/ControlRig_Arrow2_3mm.uasset" 7292
"../../../Engine/Plugins/Animation/ControlRig/Content/Controls/ControlRig_Arrow2_1mm.uasset" 7293
"../../../Engine/Plugins/Animation/ControlRig/Content/Controls/ControlRig_Sphere_solid.uasset" 7294
"F:/Pro/FPSRogueLikePrj/FPSRogueLike/Content/Boss/BP_BossAI.uasset" 7295
"F:/Pro/FPSRogueLikePrj/FPSRogueLike/Content/StarterContent/Blueprints/Assets/SM_Arrows.uasset" 7296
"F:/Pro/FPSRogueLikePrj/FPSRogueLike/Content/Models/TorchStick.uasset" 7297
"F:/Pro/FPSRogueLikePrj/FPSRogueLike/Content/StarterContent/Particles/P_Steam_Lit.uasset" 7298
"F:/Pro/FPSRogueLikePrj/FPSRogueLike/Content/MilitaryWeapSilver/Weapons/Materials/M_SniperRifle_01.uasset" 7299
"F:/Pro/FPSRogueLikePrj/FPSRogueLike/Content/StarterContent/Particles/P_Ambient_Dust.uasset" 7300
"F:/Pro/FPSRogueLikePrj/FPSRogueLike/Content/StarterContent/Particles/P_Smoke.uasset" 7301
"F:/Pro/FPSRogueLikePrj/FPSRogueLike/Content/MilitaryWeapSilver/Weapons/Materials/M_Shotgun_01.uasset" 7302
"F:/Pro/FPSRogueLikePrj/FPSRogueLike/Content/MilitaryWeapSilver/Weapons/Materials/M_RocketLauncher_01.uasset" 7303
"F:/Pro/FPSRogueLikePrj/FPSRogueLike/Content/MilitaryWeapSilver/Weapons/Materials/M_GrenadeLauncher_01.uasset" 7304
"F:/Pro/FPSRogueLikePrj/FPSRogueLike/Content/MilitaryWeapSilver/Weapons/Materials/M_AssaultRifle_01.uasset" 7305
"F:/Pro/FPSRogueLikePrj/FPSRogueLike/Content/MilitaryWeapSilver/Weapons/Animations/Reload_SniperRifle_Ironsights_W.uasset" 7306
"F:/Pro/FPSRogueLikePrj/FPSRogueLike/Content/MilitaryWeapSilver/Weapons/Materials/M_Knife_01.uasset" 7307
"F:/Pro/FPSRogueLikePrj/FPSRogueLike/Content/MilitaryWeapSilver/Pickups/Materials/M_Pickups_Inst.uasset" 7308
"F:/Pro/FPSRogueLikePrj/FPSRogueLike/Content/MilitaryWeapSilver/Weapons/Materials/M_Pistol_01.uasset" 7309
"F:/Pro/FPSRogueLikePrj/FPSRogueLike/Content/MilitaryWeapSilver/Weapons/Animations/Reload_Shotgun_Ironsights_W.uasset" 7310
"F:/Pro/FPSRogueLikePrj/FPSRogueLike/Content/MilitaryWeapSilver/Weapons/Animations/Prone_Reload_Shotgun_W.uasset" 7311
"F:/Pro/FPSRogueLikePrj/FPSRogueLike/Content/MilitaryWeapSilver/Weapons/Animations/Reload_SniperRifle_Hip_W.uasset" 7312
"F:/Pro/FPSRogueLikePrj/FPSRogueLike/Content/MilitaryWeapSilver/Weapons/Animations/Reload_Shotgun_Hip_W.uasset" 7313
"F:/Pro/FPSRogueLikePrj/FPSRogueLike/Content/MilitaryWeapSilver/Weapons/Animations/Reload_RocketLauncher_W.uasset" 7314
"F:/Pro/FPSRogueLikePrj/FPSRogueLike/Content/MilitaryWeapSilver/Weapons/Animations/Reload_Rifle_Ironsights_W.uasset" 7315
"F:/Pro/FPSRogueLikePrj/FPSRogueLike/Content/MilitaryWeapSilver/Weapons/Animations/Prone_Reload_SniperRifle_W.uasset" 7316
"C:/Users/Husky Cal/AppData/Local/UnrealEngine/Common/DerivedDataCache/Buckets/BulkDataList/d8/a0/f423df2ee09b3c35e092849d6f5051357fe6.udd" 7317
"F:/Pro/FPSRogueLikePrj/FPSRogueLike/Content/MilitaryWeapSilver/Weapons/Animations/Prone_Reload_Rifle_W.uasset" 7318
"F:/Pro/FPSRogueLikePrj/FPSRogueLike/Content/MilitaryWeapSilver/Weapons/Animations/Reload_GrenadeLauncher_W.uasset" 7319
"F:/Pro/FPSRogueLikePrj/FPSRogueLike/Content/MilitaryWeapSilver/Weapons/Animations/Reload_Pistol_W.uasset" 7320
"F:/Pro/FPSRogueLikePrj/FPSRogueLike/Content/MilitaryWeapSilver/FX/Materials/M_Smoke_8x8_B_01_Inst.uasset" 7321
"F:/Pro/FPSRogueLikePrj/FPSRogueLike/Content/MilitaryWeapSilver/FX/P_RocketLauncher_MuzzleFlash_Rear_01.uasset" 7322
"F:/Pro/FPSRogueLikePrj/FPSRogueLike/Content/MilitaryWeapSilver/Weapons/Animations/Reload_Rifle_Hip_W.uasset" 7323
"F:/Pro/FPSRogueLikePrj/FPSRogueLike/Content/MilitaryWeapSilver/FX/P_Grenade_Trail_01.uasset" 7324
"C:/Users/Husky Cal/AppData/Local/UnrealEngine/Common/DerivedDataCache/Buckets/BulkDataList/49/a2/e07b48c8493d83236d121bf2fe7fd8ff9f47.udd" 7325
"F:/Pro/FPSRogueLikePrj/FPSRogueLike/Content/MilitaryWeapSilver/FX/Meshes/St_Rock_01.uasset" 7326
"F:/Pro/FPSRogueLikePrj/FPSRogueLike/Content/MilitaryWeapSilver/FX/P_Impact_Wood_Small_01.uasset" 7327
"F:/Pro/FPSRogueLikePrj/FPSRogueLike/Content/MilitaryWeapSilver/FX/P_Impact_Wood_Medium_01.uasset" 7328
"F:/Pro/FPSRogueLikePrj/FPSRogueLike/Content/MilitaryWeapSilver/FX/P_Impact_Wood_Large_01.uasset" 7329
"F:/Pro/FPSRogueLikePrj/FPSRogueLike/Content/MilitaryWeapSilver/FX/Materials/M_Sparks_4x1_01.uasset" 7330
"F:/Pro/FPSRogueLikePrj/FPSRogueLike/Content/MilitaryWeapSilver/FX/P_Impact_Stone_Small_01.uasset" 7331
"F:/Pro/FPSRogueLikePrj/FPSRogueLike/Content/MilitaryWeapSilver/FX/Materials/M_Sparks_02.uasset" 7332
"F:/Pro/FPSRogueLikePrj/FPSRogueLike/Content/MilitaryWeapSilver/FX/Materials/M_Ember_01.uasset" 7333
"F:/Pro/FPSRogueLikePrj/FPSRogueLike/Content/MilitaryWeapSilver/FX/P_Knife_RibbonTrail_01.uasset" 7334
"F:/Pro/FPSRogueLikePrj/FPSRogueLike/Content/MilitaryWeapSilver/FX/Materials/M_RocketLauncher_Trail_02_Inst.uasset" 7335
"F:/Pro/FPSRogueLikePrj/FPSRogueLike/Content/MilitaryWeapSilver/FX/Materials/M_RocketLauncher_Trail_01_Inst.uasset" 7336
"F:/Pro/FPSRogueLikePrj/FPSRogueLike/Content/MilitaryWeapSilver/FX/Materials/M_RocketExplosion_8x8_A_01_Inst.uasset" 7337
"C:/Users/Husky Cal/AppData/Local/UnrealEngine/Common/DerivedDataCache/Buckets/StaticMesh/e4/fe/3821f14535af4640656a73ebc7277f5b80c8.udd" 7338
"C:/Users/Husky Cal/AppData/Local/UnrealEngine/Common/DerivedDataCache/Buckets/LegacyDIST/a5/fd/8e8cc3441fe6f46f9c32edb8664ef7bb5818.udd" 7339
"C:/Users/Husky Cal/AppData/Local/UnrealEngine/Common/DerivedDataCache/Buckets/LegacyCARD/29/95/30fa3d08a1a67ba98ec51e7614e35feb79d1.udd" 7340
"C:/Users/Husky Cal/AppData/Local/UnrealEngine/Common/DerivedDataCache/Buckets/StaticMesh/0d/62/afab0201f59fc87a3c4e511d65db915672cc.udd" 7341
"C:/Users/Husky Cal/AppData/Local/UnrealEngine/Common/DerivedDataCache/Buckets/LegacyDIST/70/a5/db8a45e316ef381a6298f319500c63556312.udd" 7342
"C:/Users/Husky Cal/AppData/Local/UnrealEngine/Common/DerivedDataCache/Buckets/LegacyCARD/6b/78/cbc54e3ce418d8970ceb05918ca7e8055c37.udd" 7343
"C:/Users/Husky Cal/AppData/Local/UnrealEngine/Common/DerivedDataCache/Buckets/LegacyNavCollision/55/ad/23ee970c32cb4a941bf9ea6783b7c5b2be56.udd" 7344
"F:/Pro/FPSRogueLikePrj/FPSRogueLike/Content/MilitaryWeapSilver/FX/P_SniperRifle_Tracer_01.uasset" 7345
"F:/Pro/FPSRogueLikePrj/FPSRogueLike/Content/MilitaryWeapSilver/FX/P_Shotgun_Tracer_01.uasset" 7346
"F:/Pro/FPSRogueLikePrj/FPSRogueLike/Content/MilitaryWeapSilver/FX/P_Pistol_Tracer_01.uasset" 7347
"F:/Pro/FPSRogueLikePrj/FPSRogueLike/Content/MilitaryWeapSilver/FX/P_AssaultRifle_Tracer_01.uasset" 7348
"F:/Pro/FPSRogueLikePrj/FPSRogueLike/Content/Realistic_Starter_VFX_Pack_Vol2/Particles/Smoke/P_Steam_A.uasset" 7349
"C:/Users/Husky Cal/AppData/Local/UnrealEngine/Common/DerivedDataCache/Buckets/AnimationSequence/b6/99/574d8e9b585b2fb8948185fa77a88ae29130.udd" 7350
"F:/Pro/FPSRogueLikePrj/FPSRogueLike/Content/Realistic_Starter_VFX_Pack_Vol2/Particles/Smoke/P_Smoke_A.uasset" 7351
"C:/Users/Husky Cal/AppData/Local/UnrealEngine/Common/DerivedDataCache/Buckets/AnimationSequence/96/62/2a74ee51b4eeffda1535e16f45c68e06bae4.udd" 7352
"F:/Pro/FPSRogueLikePrj/FPSRogueLike/Content/Realistic_Starter_VFX_Pack_Vol2/Particles/Smoke/P_Smoke_D.uasset" 7353
"F:/Pro/FPSRogueLikePrj/FPSRogueLike/Content/Realistic_Starter_VFX_Pack_Vol2/Particles/Smoke/P_Smoke_F.uasset" 7354
"F:/Pro/FPSRogueLikePrj/FPSRogueLike/Content/Realistic_Starter_VFX_Pack_Vol2/Particles/Smoke/P_Smoke_C.uasset" 7355
"F:/Pro/FPSRogueLikePrj/FPSRogueLike/Content/Realistic_Starter_VFX_Pack_Vol2/Particles/Destruction/P_Destruction_Building_B.uasset" 7356
"F:/Pro/FPSRogueLikePrj/FPSRogueLike/Content/Realistic_Starter_VFX_Pack_Vol2/Particles/Destruction/P_Destruction_Wood.uasset" 7357
"F:/Pro/FPSRogueLikePrj/FPSRogueLike/Content/Realistic_Starter_VFX_Pack_Vol2/Particles/Destruction/P_Destruction_Glass.uasset" 7358
"C:/Users/Husky Cal/AppData/Local/UnrealEngine/Common/DerivedDataCache/Buckets/AnimationSequence/42/f9/6f880ddd3f09632015f1e369ce7dc6049638.udd" 7359
"C:/Users/Husky Cal/AppData/Local/UnrealEngine/Common/DerivedDataCache/Buckets/AnimationSequence/90/43/3b02a6a62701722f91ee9aff24214431d242.udd" 7360
"C:/Users/Husky Cal/AppData/Local/UnrealEngine/Common/DerivedDataCache/Buckets/AnimationSequence/e2/41/64a3d20796530ee4d423e9c8614076f8c40f.udd" 7361
"C:/Users/Husky Cal/AppData/Local/UnrealEngine/Common/DerivedDataCache/Buckets/AnimationSequence/2f/d6/dfd083cbc06ac0805435b8ebe260c03a105d.udd" 7362
"C:/Users/Husky Cal/AppData/Local/UnrealEngine/Common/DerivedDataCache/Buckets/AnimationSequence/1a/29/d703af8cced37a6220dc703efae09c72f6de.udd" 7363
"C:/Users/Husky Cal/AppData/Local/UnrealEngine/Common/DerivedDataCache/Buckets/AnimationSequence/31/7b/4401997cc0580b1db2dd60bb837ed7c3b384.udd" 7364
"F:/Pro/FPSRogueLikePrj/FPSRogueLike/Content/Realistic_Starter_VFX_Pack_Vol2/Particles/Sparks/P_Sparks_F.uasset" 7365
"F:/Pro/FPSRogueLikePrj/FPSRogueLike/Content/Realistic_Starter_VFX_Pack_Vol2/Particles/Sparks/P_Sparks_A.uasset" 7366
"C:/Users/Husky Cal/AppData/Local/UnrealEngine/Common/DerivedDataCache/Buckets/AnimationSequence/61/1a/8c3c9a8e7cad19ecc0e809f2227c30958c65.udd" 7367
"C:/Users/Husky Cal/AppData/Local/UnrealEngine/Common/DerivedDataCache/Buckets/AnimationSequence/b4/7e/0667feb7b2ed2f01d17ebefd8da86302cb73.udd" 7368
"F:/Pro/FPSRogueLikePrj/FPSRogueLike/Content/Realistic_Starter_VFX_Pack_Vol2/Particles/Fire/P_flamethrower.uasset" 7369
"C:/Users/Husky Cal/AppData/Local/UnrealEngine/Common/DerivedDataCache/Buckets/AnimationSequence/26/b0/73979e3cd7e1788e4782b1286e4707760ba1.udd" 7370
"F:/Pro/FPSRogueLikePrj/FPSRogueLike/Content/Realistic_Starter_VFX_Pack_Vol2/Particles/Fire/P_Fire_Wall.uasset" 7371
"C:/Users/Husky Cal/AppData/Local/UnrealEngine/Common/DerivedDataCache/Buckets/AnimationSequence/dd/3d/7efd5d75f8596d7ee89777106715edd2c20f.udd" 7372
"F:/Pro/FPSRogueLikePrj/FPSRogueLike/Content/Realistic_Starter_VFX_Pack_Vol2/Particles/Fire/P_Fire_Small.uasset" 7373
"F:/Pro/FPSRogueLikePrj/FPSRogueLike/Content/Realistic_Starter_VFX_Pack_Vol2/Particles/Fire/P_Fire_Big.uasset" 7374
"C:/Users/Husky Cal/AppData/Local/UnrealEngine/Common/DerivedDataCache/Buckets/BulkDataList/c6/3f/111ad3c708b44090aaebcfa0c89c6de38d63.udd" 7375
"C:/Users/Husky Cal/AppData/Local/UnrealEngine/Common/DerivedDataCache/Buckets/BulkDataPayloadId/d5/07/0d9cf072478dc075b798ec4ed6ecbed16bd5.udd" 7376
"F:/Pro/FPSRogueLikePrj/FPSRogueLike/Content/Realistic_Starter_VFX_Pack_Vol2/Particles/Environment/P_Fireflies.uasset" 7377
"C:/Users/Husky Cal/AppData/Local/UnrealEngine/Common/DerivedDataCache/Buckets/BulkDataList/a5/f4/7886f1a6a93c958c61295258b5bca6ef3761.udd" 7378
"F:/Pro/FPSRogueLikePrj/FPSRogueLike/Content/Realistic_Starter_VFX_Pack_Vol2/Particles/Smoke/P_Smoke_B.uasset" 7379
"C:/Users/Husky Cal/AppData/Local/UnrealEngine/Common/DerivedDataCache/Buckets/BulkDataPayloadId/7a/ac/314abebf1ab8bfc21288e6ca04df235f55ac.udd" 7380
"F:/Pro/FPSRogueLikePrj/FPSRogueLike/Content/Realistic_Starter_VFX_Pack_Vol2/Particles/Water/P_Water_Leak_B.uasset" 7381
"C:/Users/Husky Cal/AppData/Local/UnrealEngine/Common/DerivedDataCache/Buckets/LegacyMESHDATAKEY/99/d9/17c4d81f89257882ae689ecbc194664d3adf.udd" 7382
"C:/Users/Husky Cal/AppData/Local/UnrealEngine/Common/DerivedDataCache/Buckets/StaticMesh/82/10/2b759a31584705ff1bf42eb22dde60409bad.udd" 7383
"C:/Users/Husky Cal/AppData/Local/UnrealEngine/Common/DerivedDataCache/Buckets/LegacyDIST/06/23/dea83130aeeee7879f339fea597da4c2e58d.udd" 7384
"C:/Users/Husky Cal/AppData/Local/UnrealEngine/Common/DerivedDataCache/Buckets/LegacyCARD/80/56/c8e996d5e86132148796ddf671e646babe2a.udd" 7385
"C:/Users/Husky Cal/AppData/Local/UnrealEngine/Common/DerivedDataCache/Buckets/LegacyNavCollision/2e/92/93209416f546545fae43543471dc127898c4.udd" 7386
"C:/Users/Husky Cal/AppData/Local/UnrealEngine/Common/DerivedDataCache/Buckets/BulkDataList/4e/73/d75661f052960a76c67f2cb02668b7220ded.udd" 7387
"C:/Users/Husky Cal/AppData/Local/UnrealEngine/Common/DerivedDataCache/Buckets/BulkDataPayloadId/6a/1a/1736d26bd79f8b5a4fa045d38e95db96fb6e.udd" 7388
"F:/Pro/FPSRogueLikePrj/FPSRogueLike/Content/Realistic_Starter_VFX_Pack_Vol2/Particles/Destruction/P_Destruction_Ceramic.uasset" 7389
"C:/Users/Husky Cal/AppData/Local/UnrealEngine/Common/DerivedDataCache/Buckets/BulkDataList/fb/d2/c0e7ca33a81b1cc8a164192bed5cada09109.udd" 7390
"C:/Users/Husky Cal/AppData/Local/UnrealEngine/Common/DerivedDataCache/Buckets/BulkDataPayloadId/75/26/a063a27f9884209d5f1a3a8de489530a5aef.udd" 7391
"F:/Pro/FPSRogueLikePrj/FPSRogueLike/Content/Realistic_Starter_VFX_Pack_Vol2/Particles/Hit/P_Wood.uasset" 7392
"C:/Users/Husky Cal/AppData/Local/UnrealEngine/Common/DerivedDataCache/Buckets/BulkDataList/d5/f5/a0ed179e1625f71d2ffc8e07f0f45c3ab615.udd" 7393
"C:/Users/Husky Cal/AppData/Local/UnrealEngine/Common/DerivedDataCache/Buckets/BulkDataPayloadId/16/59/a5fdcdc514bd79514323698cf04fe6e840c4.udd" 7394
"F:/Pro/FPSRogueLikePrj/FPSRogueLike/Content/Realistic_Starter_VFX_Pack_Vol2/Particles/Hit/P_Rubber.uasset" 7395
"C:/Users/Husky Cal/AppData/Local/UnrealEngine/Common/DerivedDataCache/Buckets/BulkDataList/0f/88/0302178681cfccfa82d603f47b5b218d7ee1.udd" 7396
"C:/Users/Husky Cal/AppData/Local/UnrealEngine/Common/DerivedDataCache/Buckets/BulkDataPayloadId/fc/ec/8cdd4c76a6df7f91c1793cbd5140d5a3f7bf.udd" 7397
"F:/Pro/FPSRogueLikePrj/FPSRogueLike/Content/Realistic_Starter_VFX_Pack_Vol2/Particles/Hit/P_Paper.uasset" 7398
"F:/Pro/FPSRogueLikePrj/FPSRogueLike/Content/Realistic_Starter_VFX_Pack_Vol2/Particles/Hit/P_Leather.uasset" 7399
"F:/Pro/FPSRogueLikePrj/FPSRogueLike/Content/Realistic_Starter_VFX_Pack_Vol2/Particles/Hit/P_Ice.uasset" 7400
"F:/Pro/FPSRogueLikePrj/FPSRogueLike/Content/Realistic_Starter_VFX_Pack_Vol2/Particles/Environment/P_Dandelion.uasset" 7401
"F:/Pro/FPSRogueLikePrj/FPSRogueLike/Content/Realistic_Starter_VFX_Pack_Vol2/Particles/Environment/P_Butterfly.uasset" 7402
"F:/Pro/FPSRogueLikePrj/FPSRogueLike/Content/Realistic_Starter_VFX_Pack_Vol2/Particles/Water/P_Bubbles_B.uasset" 7403
"F:/Pro/FPSRogueLikePrj/FPSRogueLike/Content/Realistic_Starter_VFX_Pack_Vol2/Particles/Water/P_Water_Dripping_B.uasset" 7404
"F:/Pro/FPSRogueLikePrj/FPSRogueLike/Content/Realistic_Starter_VFX_Pack_Vol2/Particles/Water/P_Bubbles_A.uasset" 7405
"C:/Users/Husky Cal/AppData/Local/UnrealEngine/Common/DerivedDataCache/Buckets/BulkDataList/b7/24/8e79ee0c1e9d087346c6dc820b8f9e7a8793.udd" 7406
"F:/Pro/FPSRogueLikePrj/FPSRogueLike/Content/Realistic_Starter_VFX_Pack_Vol2/Particles/Destruction/P_Destruction_Concrete.uasset" 7407
"C:/Users/Husky Cal/AppData/Local/UnrealEngine/Common/DerivedDataCache/Buckets/BulkDataPayloadId/46/42/75a44a12f6c99f8ca2673625298251df9cbb.udd" 7408
"C:/Users/Husky Cal/AppData/Local/UnrealEngine/Common/DerivedDataCache/Buckets/BulkDataList/81/01/ee0e791a92b2e841252ccbb57bbf1bf11552.udd" 7409
"F:/Pro/FPSRogueLikePrj/FPSRogueLike/Content/Blueprints/BP_Bullet.uasset" 7410
"C:/Users/Husky Cal/AppData/Local/UnrealEngine/Common/DerivedDataCache/Buckets/BulkDataPayloadId/d5/70/d122b16960a34ce5cceac81ab04fb5af65e0.udd" 7411
"C:/Users/Husky Cal/AppData/Local/UnrealEngine/Common/DerivedDataCache/Buckets/BulkDataList/b7/70/33192c298e947d4de22cf265daecd3d84381.udd" 7412
"F:/Pro/FPSRogueLikePrj/FPSRogueLike/Content/Blueprints/Box_4DA7AD25.uasset" 7413
"C:/Users/Husky Cal/AppData/Local/UnrealEngine/Common/DerivedDataCache/Buckets/BulkDataPayloadId/14/aa/ac8e7a99b7e3078889826177389f14ed04c6.udd" 7414
"C:/Users/Husky Cal/AppData/Local/UnrealEngine/Common/DerivedDataCache/Buckets/BulkDataList/36/42/f663f26a0728e7a496562be241da14507d9b.udd" 7415
"F:/Pro/FPSRogueLikePrj/FPSRogueLike/Content/Sword_Animation/Demo/Characters/Mannequins/Materials/Functions/MF_Diffraction.uasset" 7416
"C:/Users/Husky Cal/AppData/Local/UnrealEngine/Common/DerivedDataCache/Buckets/BulkDataPayloadId/9b/1e/92ce587fcfc9c80727908298851189551afd.udd" 7417
"F:/Pro/FPSRogueLikePrj/FPSRogueLike/Content/Characters/Mannequins/Animations/Quinn/BS_MF_Unarmed_WalkRun.uasset" 7418
"C:/Users/Husky Cal/AppData/Local/UnrealEngine/Common/DerivedDataCache/Buckets/LegacyTEXTURE/aa/a9/89c2e5f4799f561eef16497f9bf701922bc9.udd" 7419
"C:/Users/Husky Cal/AppData/Local/UnrealEngine/Common/DerivedDataCache/Buckets/LegacyTEXTURE/dd/27/baf078be6e42018b8d494ff2bbb490313109.udd" 7420
"C:/Users/Husky Cal/AppData/Local/UnrealEngine/Common/DerivedDataCache/Buckets/LegacyTEXTURE/c8/ee/faf7820824b816adac20a03b02d44ea5c41f.udd" 7421
"C:/Users/Husky Cal/AppData/Local/UnrealEngine/Common/DerivedDataCache/Buckets/LegacyTEXTURE/d1/34/0c62fc14db4b89452e782ad8d14c06e2a39a.udd" 7422
"C:/Users/Husky Cal/AppData/Local/UnrealEngine/Common/DerivedDataCache/Buckets/LegacyTEXTURE/22/ba/cb52aee110329ec02e492dc7e7bd4d742c44.udd" 7423
"C:/Users/Husky Cal/AppData/Local/UnrealEngine/Common/DerivedDataCache/Buckets/LegacyTEXTURE/b8/ec/4ad915aae240389d6b59de1503710b372d3c.udd" 7424
"C:/Users/Husky Cal/AppData/Local/UnrealEngine/Common/DerivedDataCache/Buckets/LegacyTEXTURE/da/cb/fd0686f70d59c5d935866b2ec212a23d8752.udd" 7425
"C:/Users/Husky Cal/AppData/Local/UnrealEngine/Common/DerivedDataCache/Buckets/LegacyTEXTURE/a4/25/7e06dba6478c9c35587a0401bb800254b728.udd" 7426
"C:/Users/Husky Cal/AppData/Local/UnrealEngine/Common/DerivedDataCache/Buckets/LegacyTEXTURE/5b/10/769472f34628e764527fc327f0e8750d80b9.udd" 7427
"C:/Users/Husky Cal/AppData/Local/UnrealEngine/Common/DerivedDataCache/Buckets/LegacyTEXTURE/3f/a6/0e88d4c1a14a642bf0c36f6d8bd2d416541d.udd" 7428
"C:/Users/Husky Cal/AppData/Local/UnrealEngine/Common/DerivedDataCache/Buckets/LegacyTEXTURE/eb/7b/892904aadf50ae338462f1461ca949d9d885.udd" 7429
"C:/Users/Husky Cal/AppData/Local/UnrealEngine/Common/DerivedDataCache/Buckets/LegacyTEXTURE/be/0f/6dcb6ade67e0ef2c18e420fa43515fb86dd0.udd" 7430
"C:/Users/Husky Cal/AppData/Local/UnrealEngine/Common/DerivedDataCache/Buckets/LegacyTEXTURE/65/9d/eb1ce28fc879beb0a4ba8ce1530046d99f7a.udd" 7431
"C:/Users/Husky Cal/AppData/Local/UnrealEngine/Common/DerivedDataCache/Buckets/LegacyTEXTURE/c1/b6/929c6ba770512fba485ad7c994b00c3c8c5c.udd" 7432
"C:/Users/Husky Cal/AppData/Local/UnrealEngine/Common/DerivedDataCache/Buckets/LegacyTEXTURE/fe/5c/35fa7e8518172416b66ac9ceffef7778f59b.udd" 7433
"C:/Users/Husky Cal/AppData/Local/UnrealEngine/Common/DerivedDataCache/Buckets/LegacyTEXTURE/df/f5/8569557a65dea6349de63919e4f2a5277256.udd" 7434
"C:/Users/Husky Cal/AppData/Local/UnrealEngine/Common/DerivedDataCache/Buckets/LegacyTEXTURE/70/d9/6f8ac439b9a1db4fac67ef50a79137b146d8.udd" 7435
"C:/Users/Husky Cal/AppData/Local/UnrealEngine/Common/DerivedDataCache/Buckets/LegacyTEXTURE/64/38/4f34febc9a964b4a585f5b960bf2e61355e4.udd" 7436
"C:/Users/Husky Cal/AppData/Local/UnrealEngine/Common/DerivedDataCache/Buckets/LegacyTEXTURE/15/bd/d9dd580f8778ac4066d42af146e52e477605.udd" 7437
"C:/Users/Husky Cal/AppData/Local/UnrealEngine/Common/DerivedDataCache/Buckets/LegacyTEXTURE/32/b1/2bac8714ef58835776eea16e76db730f971f.udd" 7438
"C:/Users/Husky Cal/AppData/Local/UnrealEngine/Common/DerivedDataCache/Buckets/LegacyTEXTURE/2c/51/c87947d6e028ff3da2e0637c682418760e1c.udd" 7439
"C:/Users/Husky Cal/AppData/Local/UnrealEngine/Common/DerivedDataCache/Buckets/LegacyTEXTURE/72/0e/f731b30e35077e84377ea7130d44ff50771c.udd" 7440
"C:/Users/Husky Cal/AppData/Local/UnrealEngine/Common/DerivedDataCache/Buckets/LegacyTEXTURE/53/96/9e5fd248ae07bd1247374b0a5f29912e9146.udd" 7441
"C:/Users/Husky Cal/AppData/Local/UnrealEngine/Common/DerivedDataCache/Buckets/LegacyTEXTURE/5d/c4/d008daee41b657b9a889a25ad2c7b2d64d15.udd" 7442
"C:/Users/Husky Cal/AppData/Local/UnrealEngine/Common/DerivedDataCache/Buckets/LegacyTEXTURE/a4/0e/878c657c7767f299d265e6690f553d6b5f69.udd" 7443
"C:/Users/Husky Cal/AppData/Local/UnrealEngine/Common/DerivedDataCache/Buckets/LegacyTEXTURE/24/a5/604902d5c9d97df548550286ea966978241c.udd" 7444
"C:/Users/Husky Cal/AppData/Local/UnrealEngine/Common/DerivedDataCache/Buckets/LegacyTEXTURE/39/b3/1da46c19415bb8b88ad7ba63be00a5f140a0.udd" 7445
"C:/Users/Husky Cal/AppData/Local/UnrealEngine/Common/DerivedDataCache/Buckets/LegacyTEXTURE/6c/c7/58d086a721cf705575f407dda25e7ff36b4d.udd" 7446
"C:/Users/Husky Cal/AppData/Local/UnrealEngine/Common/DerivedDataCache/Buckets/LegacyTEXTURE/16/80/733b120d306180c606ec15ecc5609e5a3226.udd" 7447
"C:/Users/Husky Cal/AppData/Local/UnrealEngine/Common/DerivedDataCache/Buckets/LegacyTEXTURE/8f/4b/a3923b1cbe83cbb0974e9cd5d20d57379d2d.udd" 7448
"C:/Users/Husky Cal/AppData/Local/UnrealEngine/Common/DerivedDataCache/Buckets/LegacyTEXTURE/a3/ca/1e88af8e4261149076076b02661e754c7d6d.udd" 7449
"C:/Users/Husky Cal/AppData/Local/UnrealEngine/Common/DerivedDataCache/Buckets/LegacyTEXTURE/b7/12/621b92765d146ea937ecad7e3c22e2715715.udd" 7450
"C:/Users/Husky Cal/AppData/Local/UnrealEngine/Common/DerivedDataCache/Buckets/LegacyTEXTURE/a1/20/df518887db6113bd0f60c079429d0a8e4471.udd" 7451
"C:/Users/Husky Cal/AppData/Local/UnrealEngine/Common/DerivedDataCache/Buckets/LegacyTEXTURE/2b/70/96b615b4d816a21fbf245f4aba956c7ab405.udd" 7452
"C:/Users/Husky Cal/AppData/Local/UnrealEngine/Common/DerivedDataCache/Buckets/LegacyTEXTURE/0e/5c/260c4d681184942f434bb79a697f22bcc705.udd" 7453
"F:/Pro/FPSRogueLikePrj/FPSRogueLike/Content/Characters/Mannequins/Animations/Manny/BS_MM_WalkRun.uasset" 7454
"F:/Pro/FPSRogueLikePrj/FPSRogueLike/Content/LevelPrototyping/Meshes/SM_ChamferCube.uasset" 7455
"F:/Pro/FPSRogueLikePrj/FPSRogueLike/Content/StarterContent/Blueprints/Assets/M_LightStage_Skybox_HDRI.uasset" 7456
"F:/Pro/FPSRogueLikePrj/FPSRogueLike/Content/StarterContent/Blueprints/Assets/M_LightStage_Skybox_Black.uasset" 7457
"F:/Pro/FPSRogueLikePrj/FPSRogueLike/Content/StarterContent/Particles/P_Sparks.uasset" 7458
"F:/Pro/FPSRogueLikePrj/FPSRogueLike/Content/StarterContent/Particles/P_Fire.uasset" 7459
"F:/Pro/FPSRogueLikePrj/FPSRogueLike/Content/Niagara/NS_TorchFire.uasset" 7460
"F:/Pro/FPSRogueLikePrj/FPSRogueLike/Content/StarterContent/Particles/P_Explosion.uasset" 7461
"F:/Pro/FPSRogueLikePrj/FPSRogueLike/Content/Realistic_Starter_VFX_Pack_Vol2/Materials/M_Snow.uasset" 7462
"F:/Pro/FPSRogueLikePrj/FPSRogueLike/Content/Realistic_Starter_VFX_Pack_Vol2/Materials/M_Glow_B.uasset" 7463
"F:/Pro/FPSRogueLikePrj/FPSRogueLike/Content/Realistic_Starter_VFX_Pack_Vol2/Materials/M_Glow_A.uasset" 7464
"F:/Pro/FPSRogueLikePrj/FPSRogueLike/Content/Realistic_Starter_VFX_Pack_Vol2/Particles/Hit/P_Vegetation.uasset" 7465
"F:/Pro/FPSRogueLikePrj/FPSRogueLike/Content/Realistic_Starter_VFX_Pack_Vol2/Particles/Environment/P_Leaves_Vortex.uasset" 7466
"F:/Pro/FPSRogueLikePrj/FPSRogueLike/Content/Realistic_Starter_VFX_Pack_Vol2/Particles/Explosion/P_Molotov.uasset" 7467
"F:/Pro/FPSRogueLikePrj/FPSRogueLike/Content/Realistic_Starter_VFX_Pack_Vol2/Particles/Water/P_Water_Dripping_A.uasset" 7468
"F:/Pro/FPSRogueLikePrj/FPSRogueLike/Content/Realistic_Starter_VFX_Pack_Vol2/Materials/M_Fish_A.uasset" 7469
"F:/Pro/FPSRogueLikePrj/FPSRogueLike/Content/LevelPrototyping/Materials/MF_ProcGrid.uasset" 7470
"../../../Engine/Content/OpenWorldTemplate/LandscapeMaterial/MF_ProcGrid.uasset" 7471
"../../../Engine/Content/EngineSky/SM_SkySphere.uasset" 7472
"../../../Engine/Content/EditorMaterials/Thumbnails/SkySphereMaterial.uasset" 7473
"F:/Pro/FPSRogueLikePrj/FPSRogueLike/Content/StarterContent/Blueprints/Blueprint_Effect_Steam.uasset" 7474
"F:/Pro/FPSRogueLikePrj/FPSRogueLike/Content/StarterContent/Blueprints/Blueprint_Effect_Smoke.uasset" 7475
"F:/Pro/FPSRogueLikePrj/FPSRogueLike/Content/FirstPerson/Maps/_GENERATED/HuskyCal/Cylinder_D8CC75EF.uasset" 7476
"F:/Pro/FPSRogueLikePrj/FPSRogueLike/Content/MilitaryWeapSilver/Weapons/Sniper_Rifle_A.uasset" 7477
"F:/Pro/FPSRogueLikePrj/FPSRogueLike/Content/MilitaryWeapSilver/Weapons/SniperRifleA_Ammo.uasset" 7478
"F:/Pro/FPSRogueLikePrj/FPSRogueLike/Content/MilitaryWeapSilver/Weapons/Shotgun_A.uasset" 7479
"F:/Pro/FPSRogueLikePrj/FPSRogueLike/Content/MilitaryWeapSilver/Weapons/ShotgunA_Ammo.uasset" 7480
"F:/Pro/FPSRogueLikePrj/FPSRogueLike/Content/MilitaryWeapSilver/Weapons/Rocket_Launcher_A.uasset" 7481
"F:/Pro/FPSRogueLikePrj/FPSRogueLike/Content/MilitaryWeapSilver/Weapons/RocketLauncherA_Ammo.uasset" 7482
"F:/Pro/FPSRogueLikePrj/FPSRogueLike/Content/MilitaryWeapSilver/Weapons/Pistols_A.uasset" 7483
"F:/Pro/FPSRogueLikePrj/FPSRogueLike/Content/MilitaryWeapSilver/Weapons/PistolA_Ammo.uasset" 7484
"F:/Pro/FPSRogueLikePrj/FPSRogueLike/Content/MilitaryWeapSilver/Weapons/Knife_A.uasset" 7485
"F:/Pro/FPSRogueLikePrj/FPSRogueLike/Content/MilitaryWeapSilver/Weapons/Grenade_Launcher_A.uasset" 7486
"F:/Pro/FPSRogueLikePrj/FPSRogueLike/Content/MilitaryWeapSilver/Weapons/GrenadeLauncherA_Ammo.uasset" 7487
"F:/Pro/FPSRogueLikePrj/FPSRogueLike/Content/MilitaryWeapSilver/Weapons/Assault_Rifle_A.uasset" 7488
"F:/Pro/FPSRogueLikePrj/FPSRogueLike/Content/MilitaryWeapSilver/Weapons/AssaultRifleA_Ammo.uasset" 7489
"C:/Users/Husky Cal/AppData/Local/UnrealEngine/Common/DerivedDataCache/Buckets/BulkDataList/69/01/3d4d6c0f978d4de447eb92e493615467c097.udd" 7490
"F:/Pro/FPSRogueLikePrj/FPSRogueLike/Content/MilitaryWeapSilver/Pickups/SniperRifle_Pickup.uasset" 7491
"C:/Users/Husky Cal/AppData/Local/UnrealEngine/Common/DerivedDataCache/Buckets/BulkDataList/21/17/b1915057ae02e0e52c4f43c531dd58414c87.udd" 7492
"F:/Pro/FPSRogueLikePrj/FPSRogueLike/Content/MilitaryWeapSilver/Pickups/Shotgun_Pickup.uasset" 7493
"../../Plugins/FX/Niagara/Content/DefaultAssets/Templates/CascadeConversion/CompletelyEmpty.uasset" 7494
"../../Plugins/FX/Niagara/Content/DynamicInputs/Clamp/ClampFloat.uasset" 7495
"../../Plugins/FX/Niagara/Content/DynamicInputs/LinearColor/MakeLinearColorFromVectorAndFloat.uasset" 7496
"../../Plugins/FX/Niagara/Content/DynamicInputs/Multiply/Multiply_Vector.uasset" 7497
"../../Plugins/FX/Niagara/Content/DynamicInputs/Transforms/ConvertVectorToPosition.uasset" 7498
"../../Plugins/FX/Niagara/Content/Functions/Localspace/VectorToPosition.uasset" 7499
"../../Plugins/FX/Niagara/Content/Functions/ChannelMasks/SelectV4Channel.uasset" 7500
"../../Plugins/FX/Niagara/Content/Enums/ENiagaraVector4_Channels.uasset" 7501
"../../Plugins/FX/Niagara/Content/Enums/Transforms/ENiagara_LWCConvertVecToPos.uasset" 7502
"../../Plugins/FX/Niagara/Content/DynamicInputs/TypeConversions/Vector2DFromFloat.uasset" 7503
"../../Plugins/FX/Niagara/Content/DynamicInputs/UniformRange/V2/RandomRangeFloat.uasset" 7504
"../../Plugins/FX/Niagara/Content/DynamicInputs/UniformRange/V2/RandomRangeVector.uasset" 7505
"../../Plugins/FX/Niagara/Content/DynamicInputs/UniformRange/V2/RandomRangeVector2D.uasset" 7506
"../../Plugins/FX/Niagara/Content/DynamicInputs/ValueFromCurve/VectorFromCurve.uasset" 7507
"../../Plugins/FX/Niagara/Content/Modules/CascadeConversion/CascadeConversion_LightProperties.uasset" 7508
"../../Plugins/FX/Niagara/Content/Modules/CascadeConversion/CascadeConversion_Orbit.uasset" 7509
"../../Plugins/FX/Niagara/Content/Functions/CascadeConversion/CascadeConversion_CalculateOrbitOffset.uasset" 7510
"../../Plugins/FX/Niagara/Content/Functions/Rotation/EulerToRotationMatrix.uasset" 7511
"../../Plugins/FX/Niagara/Content/Functions/Rotation/EulerToQuaternion.uasset" 7512
"../../Plugins/FX/Niagara/Content/Functions/Rotation/QuaternionToRotationMatrix.uasset" 7513
"../../Plugins/FX/Niagara/Content/Enums/CascadeConversion/ECascadeNiagaraOrbitChainMode.uasset" 7514
"../../Plugins/FX/Niagara/Content/Modules/CascadeConversion/CascadeConversion_SolveOrbit.uasset" 7515
"../../Plugins/FX/Niagara/Content/Modules/Emitter/SpawnRate.uasset" 7516
"../../Plugins/FX/Niagara/Content/Functions/RandomRangeFloat.uasset" 7517
"../../Plugins/FX/Niagara/Content/Functions/GetRandomInfo.uasset" 7518
"../../Plugins/FX/Niagara/Content/Modules/Spawn/Location/V2/ShapeLocation.uasset" 7519
"../../Plugins/FX/Niagara/Content/Functions/Math/CalculateRandomPointInConeSphereIntersection.uasset" 7520
"../../Plugins/FX/Niagara/Content/Functions/Rotation/AngleUnitConverter.uasset" 7521
"../../Plugins/FX/Niagara/Content/Enums/Angles/ENiagara_AngleInput.uasset" 7522
"../../Plugins/FX/Niagara/Content/Functions/Rotation/FindQuatBetween.uasset" 7523
"../../Plugins/FX/Niagara/Content/Functions/ParametricTorus.uasset" 7524
"../../Plugins/FX/Niagara/Content/Functions/ParametricTorusKnot.uasset" 7525
"../../Plugins/FX/Niagara/Content/Functions/PolarToCartesianCoordinates.uasset" 7526
"../../Plugins/FX/Niagara/Content/Functions/RandomPointInBox.uasset" 7527
"../../Plugins/FX/Niagara/Content/Functions/IsolateLongestVectorComponent.uasset" 7528
"../../Plugins/FX/Niagara/Content/Functions/Rotation/RotateVector2D.uasset" 7529
"../../Plugins/FX/Niagara/Content/Functions/Rotation/TransformStack/TransformStack_Rotation.uasset" 7530
"../../Plugins/FX/Niagara/Content/Functions/Rotation/InvertQuaternion.uasset" 7531
"../../Plugins/FX/Niagara/Content/Functions/Rotation/MakeQuaternionFrom3BasisVectors.uasset" 7532
"../../Plugins/FX/Niagara/Content/Functions/Rotation/MatrixToQuaternion.uasset" 7533
"../../Plugins/FX/Niagara/Content/Functions/Rotation/XYZRotationToQuaternion.uasset" 7534
"../../Plugins/FX/Niagara/Content/Enums/Transforms/ENiagara_RotationMode.uasset" 7535
"../../Plugins/FX/Niagara/Content/Functions/SphericalToCartesianCoordinates.uasset" 7536
"../../Plugins/FX/Niagara/Content/Functions/V2/RemapRange.uasset" 7537
"../../Plugins/FX/Niagara/Content/Enums/ENiagara_AttributeSamplingApplyOutput.uasset" 7538
"../../Plugins/FX/Niagara/Content/Enums/ENiagaraExpansionMode.uasset" 7539
"../../Plugins/FX/Niagara/Content/Enums/ENiagaraShapeTorusMode.uasset" 7540
"../../Plugins/FX/Niagara/Content/Enums/ENiagaraSphereDistributionMode.uasset" 7541
"../../Plugins/FX/Niagara/Content/Enums/ENiagaraTorusDistributionMode.uasset" 7542
"../../Plugins/FX/Niagara/Content/Enums/Location/ENiagara_BoxPlaneMode.uasset" 7543
"../../Plugins/FX/Niagara/Content/Enums/Location/ENiagara_ConeMode.uasset" 7544
"../../Plugins/FX/Niagara/Content/Enums/Location/ENiagara_CylinderMode.uasset" 7545
"../../Plugins/FX/Niagara/Content/Enums/Location/ENiagara_LocationShapes.uasset" 7546
"../../Plugins/FX/Niagara/Content/Enums/Location/ENiagaraRingDiscMode.uasset" 7547
"../../Plugins/FX/Niagara/Content/Enums/Transforms/ENiagara_OffsetMode.uasset" 7548
"../../Plugins/FX/Niagara/Content/Enums/Transforms/ENiagara_ScaleMode.uasset" 7549
"../../Plugins/FX/Niagara/Content/Enums/Transforms/ENiagara_TransformOrder.uasset" 7550
"../../Plugins/FX/Niagara/Content/Enums/Transforms/ENiagara_TransformType.uasset" 7551
"../../Plugins/FX/Niagara/Content/Modules/Spawn/Velocity/AddVelocity.uasset" 7552
"../../Plugins/FX/Niagara/Content/Functions/V2/CalculateRandomUnitVector.uasset" 7553
"../../Plugins/FX/Niagara/Content/Functions/V2/DistanceBasedFalloff.uasset" 7554
"../../Plugins/FX/Niagara/Content/Functions/NormalizeDistanceRange.uasset" 7555
"../../Plugins/FX/Niagara/Content/Enums/Utility/ENiagara_VelocityMode.uasset" 7556
"../../Plugins/FX/Niagara/Content/Modules/Update/Forces/AccelerationForce.uasset" 7557
"../../Plugins/FX/Niagara/Content/Modules/Update/Forces/V2/CurlNoiseForce.uasset" 7558
"../../Plugins/FX/Niagara/Content/Functions/Localspace/PositionToVector.uasset" 7559
"../../Plugins/FX/Niagara/Content/Functions/V2/ConeMask.uasset" 7560
"../../Plugins/FX/Niagara/Content/Functions/FindAngleBetweenVectors.uasset" 7561
"../../Plugins/FX/Niagara/Content/Enums/ENiagaraCurlNoiseQuality.uasset" 7562
"../../Plugins/FX/Niagara/Content/VectorFields/Assets/TilingCurl32.uasset" 7563
"../../Plugins/FX/Niagara/Content/VectorFields/Assets/TilingCurl64.uasset" 7564
"../../Plugins/FX/Niagara/Content/Modules/Update/Forces/V2/PointAttractionForce.uasset" 7565
"../../Plugins/FX/Niagara/Content/Modules/Update/Material/DynamicMaterialParameters.uasset" 7566
"../../Plugins/FX/Niagara/Content/Modules/Update/Size/ScaleSpriteSize.uasset" 7567
"../../Plugins/FX/Niagara/Content/Enums/SpriteRenderer/ENiagara_ScaleSpriteSize.uasset" 7568
"../../Plugins/FX/Niagara/Content/Modules/Update/Size/ScaleSpriteSizeBySpeed.uasset" 7569
"../../Plugins/FX/Niagara/Content/Modules/Update/SubUV/SubUVAnimation.uasset" 7570
"../../Plugins/FX/Niagara/Content/Enums/ENiagaraSUbUVAnimationMode.uasset" 7571
"C:/Users/Husky Cal/AppData/Local/UnrealEngine/Common/DerivedDataCache/Buckets/BulkDataList/47/73/1f6445278e3134bbba023f54a2c9ab7d5697.udd" 7572
"F:/Pro/FPSRogueLikePrj/FPSRogueLike/Content/MilitaryWeapSilver/Pickups/RocketLauncher_Pickup.uasset" 7573
"C:/Users/Husky Cal/AppData/Local/UnrealEngine/Common/DerivedDataCache/Buckets/BulkDataList/27/b2/4db0101e26e04c4ab7406eb5ed1f0463ec5f.udd" 7574
"F:/Pro/FPSRogueLikePrj/FPSRogueLike/Content/MilitaryWeapSilver/Pickups/Pistol_Pickup.uasset" 7575
"C:/Users/Husky Cal/AppData/Local/UnrealEngine/Common/DerivedDataCache/Buckets/MaterialShaderMap/da/96/19aaf3217bce5f731ccad387495192ced2c1.udd" 7576
"C:/Users/Husky Cal/AppData/Local/UnrealEngine/Common/DerivedDataCache/Buckets/MaterialShaderMap/3c/a7/37b8f6615f669ac7c4ec984e2daf97050001.udd" 7577
"F:/Pro/FPSRogueLikePrj/FPSRogueLike/Content/MilitaryWeapSilver/Pickups/GrenadeLauncher_Pickup.uasset" 7578
"F:/Pro/FPSRogueLikePrj/FPSRogueLike/Content/MilitaryWeapSilver/Pickups/AssaultRifle_Pickup.uasset" 7579
"F:/Pro/FPSRogueLikePrj/FPSRogueLike/Content/MilitaryWeapSilver/FX/P_Impact_Stone_Medium_01.uasset" 7580
"F:/Pro/FPSRogueLikePrj/FPSRogueLike/Content/MilitaryWeapSilver/FX/P_Impact_Stone_Large_01.uasset" 7581
"F:/Pro/FPSRogueLikePrj/FPSRogueLike/Content/MilitaryWeapSilver/FX/P_Impact_Metal_Small_01.uasset" 7582
"F:/Pro/FPSRogueLikePrj/FPSRogueLike/Content/MilitaryWeapSilver/FX/P_Impact_Metal_Medium_01.uasset" 7583
"F:/Pro/FPSRogueLikePrj/FPSRogueLike/Content/MilitaryWeapSilver/FX/P_Impact_Metal_Large_01.uasset" 7584
"F:/Pro/FPSRogueLikePrj/FPSRogueLike/Content/MilitaryWeapSilver/FX/P_RocketLauncher_Trail_01.uasset" 7585
"F:/Pro/FPSRogueLikePrj/FPSRogueLike/Content/Realistic_Starter_VFX_Pack_Vol2/Particles/Sparks/P_Sparks_G.uasset" 7586
"F:/Pro/FPSRogueLikePrj/FPSRogueLike/Content/Realistic_Starter_VFX_Pack_Vol2/Particles/Sparks/P_Sparks_E.uasset" 7587
"F:/Pro/FPSRogueLikePrj/FPSRogueLike/Content/Realistic_Starter_VFX_Pack_Vol2/Particles/Sparks/P_Sparks_D.uasset" 7588
"C:/Users/Husky Cal/AppData/Local/UnrealEngine/Common/DerivedDataCache/Buckets/LegacyNiagaraScriptDerivedData/96/af/d28d5e388028d090f9a58205f91e65ecf6c9.udd" 7589
"C:/Users/Husky Cal/AppData/Local/UnrealEngine/Common/DerivedDataCache/Buckets/LegacyNiagaraScriptDerivedData/9c/d5/72e44922ffc56ccdaf3b56a91985cac0f889.udd" 7590
"C:/Users/Husky Cal/AppData/Local/UnrealEngine/Common/DerivedDataCache/Buckets/LegacyNiagaraScriptDerivedData/c8/f4/be15bda45e0041653ef304418ef1316865cc.udd" 7591
"C:/Users/Husky Cal/AppData/Local/UnrealEngine/Common/DerivedDataCache/Buckets/LegacyNiagaraScriptDerivedData/38/19/11ab40fa2f8e77c4e55fc96e877a7dd78f8d.udd" 7592
"C:/Users/Husky Cal/AppData/Local/UnrealEngine/Common/DerivedDataCache/Buckets/LegacyNiagaraScriptDerivedData/01/0d/433a35ba9a1f9153133d2e89277d80d9304b.udd" 7593
"C:/Users/Husky Cal/AppData/Local/UnrealEngine/Common/DerivedDataCache/Buckets/LegacyNiagaraScriptDerivedData/62/4a/0c3cb3ced8cac7c7261c98d6ec7b9cdf8440.udd" 7594
"C:/Users/Husky Cal/AppData/Local/UnrealEngine/Common/DerivedDataCache/Buckets/LegacyNIAGARASM/06/e4/971d290579666f9466350227e41997d216ab.udd" 7595
"C:/Users/Husky Cal/AppData/Local/UnrealEngine/Common/DerivedDataCache/Buckets/LegacyNIAGARASM/5c/44/af3157b4fdabd26c12cf15f0b73edbce3f9c.udd" 7596
"C:/Users/Husky Cal/AppData/Local/UnrealEngine/Common/DerivedDataCache/Buckets/LegacyNIAGARASM/78/14/3a2980e0c4d557c04115f08a389ec88df928.udd" 7597
"C:/Users/Husky Cal/AppData/Local/UnrealEngine/Common/DerivedDataCache/Buckets/LegacyNIAGARASM/01/3e/5a43c67005542cad9c7273600b7b6a0cd02b.udd" 7598
"C:/Users/Husky Cal/AppData/Local/UnrealEngine/Common/DerivedDataCache/Buckets/LegacyNIAGARASM/f3/87/39108e79792087c6af73765d8292d6f75e7f.udd" 7599
"C:/Users/Husky Cal/AppData/Local/UnrealEngine/Common/DerivedDataCache/Buckets/LegacyNIAGARASM/f1/b8/5d5a51517aea58dd719372554dd4d34eb880.udd" 7600
"C:/Users/Husky Cal/AppData/Local/UnrealEngine/Common/DerivedDataCache/Buckets/MaterialShaderMap/3b/2a/41e1395c7ec6656dd09b78d57fe2ca533650.udd" 7601
"C:/Users/Husky Cal/AppData/Local/UnrealEngine/Common/DerivedDataCache/Buckets/MaterialShaderMap/03/e9/9433aff2ce2ce668d791ec1454da23124d11.udd" 7602
"C:/Users/Husky Cal/AppData/Local/UnrealEngine/Common/DerivedDataCache/Buckets/MaterialShaderMap/9d/31/ce8866856b77a1d294e8ab5c71ec1bed9481.udd" 7603
"C:/Users/Husky Cal/AppData/Local/UnrealEngine/Common/DerivedDataCache/Buckets/MaterialShaderMap/25/32/7fc5d75e91b654041308dab59f27cdc16b14.udd" 7604
"C:/Users/Husky Cal/AppData/Local/UnrealEngine/Common/DerivedDataCache/Buckets/MaterialShaderMap/07/a8/2b65cff2ec3a977ae6efae3a49a0b4257ee7.udd" 7605
"C:/Users/Husky Cal/AppData/Local/UnrealEngine/Common/DerivedDataCache/Buckets/MaterialShaderMap/d7/d1/0d5948aa84e11d1d455f6793233a36c9e71a.udd" 7606
"C:/Users/Husky Cal/AppData/Local/UnrealEngine/Common/DerivedDataCache/Buckets/MaterialShaderMap/16/eb/fa3f0fb67da1bd4ba2f96da5a41f5ad81cbb.udd" 7607
"C:/Users/Husky Cal/AppData/Local/UnrealEngine/Common/DerivedDataCache/Content/66/4e/e74d69753042911099882b8ec8cbbc9b767e.udd" 7608
"C:/Users/Husky Cal/AppData/Local/UnrealEngine/Common/DerivedDataCache/Buckets/MaterialShaderMap/cd/04/1cd0cb4a5fbe944ed917c89f342e28f2dd57.udd" 7609
"C:/Users/Husky Cal/AppData/Local/UnrealEngine/Common/DerivedDataCache/Buckets/MaterialShaderMap/01/22/560d9d24a2974079b1cce8d3f84e81c80e30.udd" 7610
"C:/Users/Husky Cal/AppData/Local/UnrealEngine/Common/DerivedDataCache/Buckets/MaterialShaderMap/ee/a2/0ce04f032eb34dc439a1bb190c3104125fa4.udd" 7611
"F:/Pro/FPSRogueLikePrj/FPSRogueLike/Content/Realistic_Starter_VFX_Pack_Vol2/Particles/Sparks/P_Sparks_C.uasset" 7612
"F:/Pro/FPSRogueLikePrj/FPSRogueLike/Content/Realistic_Starter_VFX_Pack_Vol2/Particles/Sparks/P_Sparks_B.uasset" 7613
"F:/Pro/FPSRogueLikePrj/FPSRogueLike/Content/Realistic_Starter_VFX_Pack_Vol2/Particles/Sparks/P_Embers_A.uasset" 7614
"F:/Pro/FPSRogueLikePrj/FPSRogueLike/Content/Realistic_Starter_VFX_Pack_Vol2/Particles/Hit/P_Default.uasset" 7615
"F:/Pro/FPSRogueLikePrj/FPSRogueLike/Content/Realistic_Starter_VFX_Pack_Vol2/Particles/Hit/P_Concrete.uasset" 7616
"F:/Pro/FPSRogueLikePrj/FPSRogueLike/Content/Realistic_Starter_VFX_Pack_Vol2/Particles/Hit/P_Ceramic.uasset" 7617
"C:/Users/Husky Cal/AppData/Local/UnrealEngine/Common/DerivedDataCache/Buckets/LegacySKELETALMESH/a5/28/e4d141a10f38e1076377290946268a87722e.udd" 7618
"C:/Users/Husky Cal/AppData/Local/UnrealEngine/Common/DerivedDataCache/Buckets/LegacyMESHDATAKEY/77/d5/ad7eb37ea4448b9d83fb16a6321d2a13b4c3.udd" 7619
"C:/Users/Husky Cal/AppData/Local/UnrealEngine/Common/DerivedDataCache/Buckets/StaticMesh/45/ba/5dd9a2ab0af280b9fdef6277dca02e7fe7e4.udd" 7620
"C:/Users/Husky Cal/AppData/Local/UnrealEngine/Common/DerivedDataCache/Buckets/LegacyDIST/61/4c/5a947ee5865f4349242961aac87a28fedf44.udd" 7621
"C:/Users/Husky Cal/AppData/Local/UnrealEngine/Common/DerivedDataCache/Buckets/LegacyCARD/cb/8e/26eea4343ca2356b9488cf43d67cd95aef37.udd" 7622
"C:/Users/Husky Cal/AppData/Local/UnrealEngine/Common/DerivedDataCache/Buckets/LegacyNavCollision/64/33/c44ed09b1809357c23549634b69da7a9a84a.udd" 7623
"F:/Pro/FPSRogueLikePrj/FPSRogueLike/Content/Realistic_Starter_VFX_Pack_Vol2/Particles/Hit/P_Brick.uasset" 7624
"C:/Users/Husky Cal/AppData/Local/UnrealEngine/Common/DerivedDataCache/Buckets/LegacySKELETALMESH/f4/07/e89e113e70049a14e9737b1f7c4c4682be65.udd" 7625
"F:/Pro/FPSRogueLikePrj/FPSRogueLike/Content/Realistic_Starter_VFX_Pack_Vol2/Particles/Explosion/P_Explosion_Side.uasset" 7626
"C:/Users/Husky Cal/AppData/Local/UnrealEngine/Common/DerivedDataCache/Buckets/LegacyMESHDATAKEY/41/6b/ed68c520f042f483df4c6585a7caaa1bcb12.udd" 7627
"C:/Users/Husky Cal/AppData/Local/UnrealEngine/Common/DerivedDataCache/Buckets/StaticMesh/32/ff/0df8475ffd60aff8c074c7ff04079056dec7.udd" 7628
"C:/Users/Husky Cal/AppData/Local/UnrealEngine/Common/DerivedDataCache/Buckets/LegacyDIST/d2/0a/228d425e82dac2af81783bfe401c81f0c818.udd" 7629
"C:/Users/Husky Cal/AppData/Local/UnrealEngine/Common/DerivedDataCache/Buckets/LegacyCARD/88/26/10ff46bf34820a6b3870b37733c39589f432.udd" 7630
"C:/Users/Husky Cal/AppData/Local/UnrealEngine/Common/DerivedDataCache/Buckets/LegacyNavCollision/65/93/dda56873239fdb7ccc9b02b5868d25eba918.udd" 7631
"F:/Pro/FPSRogueLikePrj/FPSRogueLike/Content/Realistic_Starter_VFX_Pack_Vol2/Particles/Explosion/P_Explosion_Big_C.uasset" 7632
"C:/Users/Husky Cal/AppData/Local/UnrealEngine/Common/DerivedDataCache/Buckets/LegacySKELETALMESH/20/75/6ecf37c484414879b2a732cd40adcbd08eee.udd" 7633
"F:/Pro/FPSRogueLikePrj/FPSRogueLike/Content/Realistic_Starter_VFX_Pack_Vol2/Particles/Explosion/P_Explosion_Big_B.uasset" 7634
"C:/Users/Husky Cal/AppData/Local/UnrealEngine/Common/DerivedDataCache/Buckets/LegacyMESHDATAKEY/ef/db/1c4a24f3f9d702c1fca1ed35a37458629622.udd" 7635
"C:/Users/Husky Cal/AppData/Local/UnrealEngine/Common/DerivedDataCache/Buckets/StaticMesh/44/3f/eb5b3e1d09f022c7a577081badbfffaa6a31.udd" 7636
"C:/Users/Husky Cal/AppData/Local/UnrealEngine/Common/DerivedDataCache/Buckets/LegacyDIST/a8/f3/3b5a4d534d0f78475699840bae36cf57f631.udd" 7637
"C:/Users/Husky Cal/AppData/Local/UnrealEngine/Common/DerivedDataCache/Buckets/LegacyCARD/1e/67/98bdd9324e20ddbb2990f0e33f796f4af572.udd" 7638
"C:/Users/Husky Cal/AppData/Local/UnrealEngine/Common/DerivedDataCache/Buckets/LegacyNavCollision/6c/16/450d571b955eb4f49c7dd244616c190c254e.udd" 7639
"F:/Pro/FPSRogueLikePrj/FPSRogueLike/Content/Realistic_Starter_VFX_Pack_Vol2/Particles/Explosion/P_Explosion_Big_A.uasset" 7640
"C:/Users/Husky Cal/AppData/Local/UnrealEngine/Common/DerivedDataCache/Buckets/LegacySKELETALMESH/d8/d5/18b2e455758ab5abf58898de2e0c604067f0.udd" 7641
"F:/Pro/FPSRogueLikePrj/FPSRogueLike/Content/Realistic_Starter_VFX_Pack_Vol2/Particles/Destruction/P_Destruction_Metal.uasset" 7642
"C:/Users/Husky Cal/AppData/Local/UnrealEngine/Common/DerivedDataCache/Buckets/LegacyMESHDATAKEY/f7/9b/1200530014c09eaf96706e10962203d7ca17.udd" 7643
"C:/Users/Husky Cal/AppData/Local/UnrealEngine/Common/DerivedDataCache/Buckets/StaticMesh/12/23/1f34bf010704ad86507309711d9f55453780.udd" 7644
"C:/Users/Husky Cal/AppData/Local/UnrealEngine/Common/DerivedDataCache/Buckets/LegacyDIST/03/fe/5956c6d5408b6a94fab0670c69ccd2ab9ff0.udd" 7645
"C:/Users/Husky Cal/AppData/Local/UnrealEngine/Common/DerivedDataCache/Buckets/LegacyCARD/36/c8/ff11c11fb79b3ec0935a61ba4fc260a784e4.udd" 7646
"C:/Users/Husky Cal/AppData/Local/UnrealEngine/Common/DerivedDataCache/Buckets/LegacyNavCollision/9a/df/e6ce685dc30e433485e41c1db221e6d736bd.udd" 7647
"F:/Pro/FPSRogueLikePrj/FPSRogueLike/Content/Realistic_Starter_VFX_Pack_Vol2/Particles/Destruction/P_Destruction_Electric.uasset" 7648
"C:/Users/Husky Cal/AppData/Local/UnrealEngine/Common/DerivedDataCache/Buckets/LegacySKELETALMESH/f1/6b/191206fe4bf5a7725be42aac084455e22088.udd" 7649
"F:/Pro/FPSRogueLikePrj/FPSRogueLike/Content/Sword_Animation/Demo/Characters/Mannequins/Materials/M_Mannequin.uasset" 7650
"C:/Users/Husky Cal/AppData/Local/UnrealEngine/Common/DerivedDataCache/Buckets/LegacySKELETALMESH/d7/76/7526648d36c44aec9ccf271358882c928ff6.udd" 7651
"F:/Pro/FPSRogueLikePrj/FPSRogueLike/Content/Characters/Mannequins/Animations/ABP_Manny.uasset" 7652
"C:/Users/Husky Cal/AppData/Local/UnrealEngine/Common/DerivedDataCache/Buckets/LegacyMESHDATAKEY/bc/8d/ae71400a4050911ad7665e65d39569760f56.udd" 7653
"C:/Users/Husky Cal/AppData/Local/UnrealEngine/Common/DerivedDataCache/Buckets/StaticMesh/d1/b5/253ec7277a605d5c5d6b5126ca27f447bd18.udd" 7654
"C:/Users/Husky Cal/AppData/Local/UnrealEngine/Common/DerivedDataCache/Buckets/LegacyDIST/a7/b0/3d50df64864eee77d5d1849150d05e5b3700.udd" 7655
"C:/Users/Husky Cal/AppData/Local/UnrealEngine/Common/DerivedDataCache/Buckets/LegacyCARD/0e/7b/73e499722190a8e56b67b0da51d20a614fb5.udd" 7656
"C:/Users/Husky Cal/AppData/Local/UnrealEngine/Common/DerivedDataCache/Buckets/LegacyNavCollision/ba/ce/48de3578e2601fd73cca20920727d086d3a9.udd" 7657
"C:/Users/Husky Cal/AppData/Local/UnrealEngine/Common/DerivedDataCache/Buckets/LegacySKELETALMESH/a2/44/89013c2dff84f00fbce4c31729b517d8f1be.udd" 7658
"C:/Users/Husky Cal/AppData/Local/UnrealEngine/Common/DerivedDataCache/Buckets/LegacySKELETALMESH/53/ad/763b9077e7bab6c1da295ebc4761336c1058.udd" 7659
"C:/Users/Husky Cal/AppData/Local/UnrealEngine/Common/DerivedDataCache/Buckets/LegacySKELETALMESH/20/86/7e1426595ecbf610a7263c99c25b3238de22.udd" 7660
"C:/Users/Husky Cal/AppData/Local/UnrealEngine/Common/DerivedDataCache/Buckets/LegacySKELETALMESH/e7/60/be579aecc2a2ca02e0c6664b7683755f64d9.udd" 7661
"F:/Pro/FPSRogueLikePrj/FPSRogueLike/Content/StarterContent/Blueprints/Blueprint_Effect_Sparks.uasset" 7662
"C:/Users/Husky Cal/AppData/Local/UnrealEngine/Common/DerivedDataCache/Buckets/LegacyMESHDATAKEY/6a/e4/bf52aac38533ccdeaf29a2dff2ec041246e3.udd" 7663
"C:/Users/Husky Cal/AppData/Local/UnrealEngine/Common/DerivedDataCache/Buckets/StaticMesh/2b/2b/d7a9ccd7755b6f4b450d5ddfecc49f24e232.udd" 7664
"C:/Users/Husky Cal/AppData/Local/UnrealEngine/Common/DerivedDataCache/Buckets/LegacyDIST/b2/00/2c3c4636b13d6db8bc57405e2d7ead33a61a.udd" 7665
"C:/Users/Husky Cal/AppData/Local/UnrealEngine/Common/DerivedDataCache/Buckets/LegacyCARD/eb/a2/7f99f396fba04b52161a4f53137b299ae487.udd" 7666
"C:/Users/Husky Cal/AppData/Local/UnrealEngine/Common/DerivedDataCache/Buckets/LegacyNavCollision/6b/08/8fbe1322f4c5828ada7e5ea1634bbbb87a34.udd" 7667
"F:/Pro/FPSRogueLikePrj/FPSRogueLike/Content/StarterContent/Blueprints/Blueprint_Effect_Fire.uasset" 7668
"C:/Users/Husky Cal/AppData/Local/UnrealEngine/Common/DerivedDataCache/Buckets/LegacyMESHDATAKEY/9a/f7/13122525eac893c603e9fc0a3307e636bdab.udd" 7669
"F:/Pro/FPSRogueLikePrj/FPSRogueLike/Content/Blueprints/BP_TorchFire.uasset" 7670
"C:/Users/Husky Cal/AppData/Local/UnrealEngine/Common/DerivedDataCache/Buckets/LegacyMESHDATAKEY/8a/2d/f16e9cc94a5450a1ab3c434178e71a53ac04.udd" 7671
"F:/Pro/FPSRogueLikePrj/FPSRogueLike/Content/StarterContent/Blueprints/Blueprint_Effect_Explosion.uasset" 7672
"C:/Users/Husky Cal/AppData/Local/UnrealEngine/Common/DerivedDataCache/Buckets/StaticMesh/b4/89/5f82fe5c731a6aff8b4dbe76332da9acd40d.udd" 7673
"C:/Users/Husky Cal/AppData/Local/UnrealEngine/Common/DerivedDataCache/Buckets/StaticMesh/50/e6/5d7ef074059e7f906eb06c07dde69d9049df.udd" 7674
"C:/Users/Husky Cal/AppData/Local/UnrealEngine/Common/DerivedDataCache/Buckets/LegacyDIST/79/5e/1ffa28d4c8ffc4c532701ca74030d6a12322.udd" 7675
"C:/Users/Husky Cal/AppData/Local/UnrealEngine/Common/DerivedDataCache/Buckets/LegacyDIST/c0/4b/137d50d871e70b810f24ea4cb39063e68988.udd" 7676
"C:/Users/Husky Cal/AppData/Local/UnrealEngine/Common/DerivedDataCache/Buckets/LegacyCARD/e9/03/1de9aeab43c78b76142fc2dd5d2bcea7c5a6.udd" 7677
"C:/Users/Husky Cal/AppData/Local/UnrealEngine/Common/DerivedDataCache/Buckets/LegacyCARD/d6/cd/90e04c7d2d4b06a2d49012d4dddf41e1bed2.udd" 7678
"F:/Pro/FPSRogueLikePrj/FPSRogueLike/Content/Realistic_Starter_VFX_Pack_Vol2/Particles/Water/P_Water_Leak_A.uasset" 7679
"C:/Users/Husky Cal/AppData/Local/UnrealEngine/Common/DerivedDataCache/Buckets/LegacyMESHDATAKEY/14/3a/cb8376c0e83089394ae4330942acf2776c8d.udd" 7680
"C:/Users/Husky Cal/AppData/Local/UnrealEngine/Common/DerivedDataCache/Buckets/LegacyNavCollision/78/e6/c0b74a489caeb05c0c2ec689af74da49451c.udd" 7681
"F:/Pro/FPSRogueLikePrj/FPSRogueLike/Content/Realistic_Starter_VFX_Pack_Vol2/Particles/Blood/P_Blood_Splat_Cone.uasset" 7682
"C:/Users/Husky Cal/AppData/Local/UnrealEngine/Common/DerivedDataCache/Buckets/LegacyMESHDATAKEY/65/9c/a582e7388904dcc0c93e861aa8ca1810137b.udd" 7683
"C:/Users/Husky Cal/AppData/Local/UnrealEngine/Common/DerivedDataCache/Buckets/LegacyNavCollision/6e/48/6bb92d9f22995fb1ef6eb1bbc35b0dce6773.udd" 7684
"C:/Users/Husky Cal/AppData/Local/UnrealEngine/Common/DerivedDataCache/Buckets/StaticMesh/53/f0/d2be5f17c037283adb660618524b16b73cdd.udd" 7685
"C:/Users/Husky Cal/AppData/Local/UnrealEngine/Common/DerivedDataCache/Buckets/StaticMesh/f5/9f/2c5f54f7a3e43b3e366529d313dc30b384bc.udd" 7686
"C:/Users/Husky Cal/AppData/Local/UnrealEngine/Common/DerivedDataCache/Buckets/LegacyDIST/bb/b2/6f4a4848df1491944426adc7e2a08afc4e62.udd" 7687
"C:/Users/Husky Cal/AppData/Local/UnrealEngine/Common/DerivedDataCache/Buckets/LegacyDIST/4f/2c/3be7dba3bbc2470f8682f8ca605da69b71ea.udd" 7688
"C:/Users/Husky Cal/AppData/Local/UnrealEngine/Common/DerivedDataCache/Buckets/LegacyCARD/c7/1c/ed36e3522b4410460710fc517f798630529b.udd" 7689
"C:/Users/Husky Cal/AppData/Local/UnrealEngine/Common/DerivedDataCache/Buckets/LegacyCARD/02/50/19aec14defd354b45f03befafe477d6b20df.udd" 7690
"C:/Users/Husky Cal/AppData/Local/UnrealEngine/Common/DerivedDataCache/Buckets/LegacyNavCollision/85/97/9638246967bf0f0eaf948afc9971a41e5ce8.udd" 7691
"C:/Users/Husky Cal/AppData/Local/UnrealEngine/Common/DerivedDataCache/Buckets/LegacyNavCollision/b2/ac/a9230cda5bd1375c9c0eea619d6f3130cf34.udd" 7692
"C:/Users/Husky Cal/AppData/Local/UnrealEngine/Common/DerivedDataCache/Buckets/LegacyMESHDATAKEY/5a/27/84285ed4359393af7cf271d721acf1019d55.udd" 7693
"F:/Pro/FPSRogueLikePrj/FPSRogueLike/Content/Realistic_Starter_VFX_Pack_Vol2/Particles/Explosion/P_Explosion_Smoke.uasset" 7694
"C:/Users/Husky Cal/AppData/Local/UnrealEngine/Common/DerivedDataCache/Buckets/LegacyMESHDATAKEY/a5/d3/4b0006add2cb0ce4fe4bbe60111ccb9855fb.udd" 7695
"F:/Pro/FPSRogueLikePrj/FPSRogueLike/Content/Realistic_Starter_VFX_Pack_Vol2/Particles/Destruction/P_Destruction_Building_A.uasset" 7696
"C:/Users/Husky Cal/AppData/Local/UnrealEngine/Common/DerivedDataCache/Buckets/StaticMesh/7e/ab/398007dcfe1a83cecf57d8fa8fcae06fcf4e.udd" 7697
"C:/Users/Husky Cal/AppData/Local/UnrealEngine/Common/DerivedDataCache/Buckets/StaticMesh/ce/ca/aec8ac5b8bd815d337f472a5184901dcf0af.udd" 7698
"C:/Users/Husky Cal/AppData/Local/UnrealEngine/Common/DerivedDataCache/Buckets/LegacyDIST/08/d5/b4dfd1f988168448e3c05248346c477b8cc6.udd" 7699
"C:/Users/Husky Cal/AppData/Local/UnrealEngine/Common/DerivedDataCache/Buckets/LegacyCARD/c5/86/3f4b75af8554b1201b20919a5d5806fa4f49.udd" 7700
"C:/Users/Husky Cal/AppData/Local/UnrealEngine/Common/DerivedDataCache/Buckets/LegacyDIST/e0/58/a5a6fb7c1e7e1d05cc51c5440a77616d80e3.udd" 7701
"C:/Users/Husky Cal/AppData/Local/UnrealEngine/Common/DerivedDataCache/Buckets/LegacyCARD/ec/ed/99f8b9ae47422ef50f48195ce647ccbfde98.udd" 7702
"C:/Users/Husky Cal/AppData/Local/UnrealEngine/Common/DerivedDataCache/Buckets/BulkDataList/9a/e8/af5121a66e4b1b1a019ccc1ffc279211bddf.udd" 7703
"C:/Users/Husky Cal/AppData/Local/UnrealEngine/Common/DerivedDataCache/Buckets/BulkDataPayloadId/ab/b1/37cbb50dfe5fb679b42aa1cba9e60b831ec0.udd" 7704
"C:/Users/Husky Cal/AppData/Local/UnrealEngine/Common/DerivedDataCache/Buckets/LegacyNavCollision/35/6c/746909e23f8ceab20512a853914506c79b96.udd" 7705
"F:/Pro/FPSRogueLikePrj/FPSRogueLike/Content/Realistic_Starter_VFX_Pack_Vol2/Particles/Environment/P_Fish_B.uasset" 7706
"C:/Users/Husky Cal/AppData/Local/UnrealEngine/Common/DerivedDataCache/Buckets/LegacyNavCollision/cd/39/c2744a904bd610986acb8210f27bbc8a7b4b.udd" 7707
"C:/Users/Husky Cal/AppData/Local/UnrealEngine/Common/DerivedDataCache/Buckets/BulkDataList/bf/4e/b8ab2a0eac7744e84d5f2737d80668fc248a.udd" 7708
"C:/Users/Husky Cal/AppData/Local/UnrealEngine/Common/DerivedDataCache/Buckets/BulkDataPayloadId/09/37/bbd8595d59d313a4a1aabfcecc06dca46d78.udd" 7709
"F:/Pro/FPSRogueLikePrj/FPSRogueLike/Content/Realistic_Starter_VFX_Pack_Vol2/Particles/Environment/P_Fish_A.uasset" 7710
"C:/Users/Husky Cal/AppData/Local/UnrealEngine/Common/DerivedDataCache/Buckets/BulkDataList/61/41/b707301da503eba574c1ad099e2a2dd13007.udd" 7711
"C:/Users/Husky Cal/AppData/Local/UnrealEngine/Common/DerivedDataCache/Buckets/BulkDataPayloadId/05/41/fb35731f23113e716e224da1a9115054f9a4.udd" 7712
"F:/Pro/FPSRogueLikePrj/FPSRogueLike/Content/LevelPrototyping/Materials/M_PrototypeGrid.uasset" 7713
"C:/Users/Husky Cal/AppData/Local/UnrealEngine/Common/DerivedDataCache/Buckets/BulkDataList/37/ab/81b7427c09b799d669ef67ade7bb149bb385.udd" 7714
"C:/Users/Husky Cal/AppData/Local/UnrealEngine/Common/DerivedDataCache/Buckets/BulkDataPayloadId/f7/ee/e18be4da5aea2fdfed436ba7ba18d62aea05.udd" 7715
"../../../Engine/Content/OpenWorldTemplate/LandscapeMaterial/M_ProcGrid.uasset" 7716
"C:/Users/Husky Cal/AppData/Local/UnrealEngine/Common/DerivedDataCache/Buckets/BulkDataList/80/c1/7f0e1495d7d9302ae415ed06c23d3abc886e.udd" 7717
"C:/Users/Husky Cal/AppData/Local/UnrealEngine/Common/DerivedDataCache/Buckets/BulkDataPayloadId/9c/c1/abcf8589d96c7ae06967ac81872f1257d701.udd" 7718
"F:/Pro/FPSRogueLikePrj/FPSRogueLike/Content/StarterContent/Blueprints/Assets/Skybox.uasset" 7719
"C:/Users/Husky Cal/AppData/Local/UnrealEngine/Common/DerivedDataCache/Buckets/BulkDataList/eb/75/40ffc1b2c6024004e1e9155dc258782427ae.udd" 7720
"C:/Users/Husky Cal/AppData/Local/UnrealEngine/Common/DerivedDataCache/Buckets/BulkDataPayloadId/b7/53/790178e20f2482f8525146f88045c2f4dac8.udd" 7721
"F:/Pro/FPSRogueLikePrj/FPSRogueLike/Content/Sword_Animation/Demo/Characters/Mannequins/Materials/Instances/Manny/MI_Manny_01.uasset" 7722
"F:/Pro/FPSRogueLikePrj/FPSRogueLike/Content/Characters/Mannequins/Animations/ABP_Quinn.uasset" 7723
"F:/Pro/FPSRogueLikePrj/FPSRogueLike/Content/MilitaryWeapSilver/FX/P_SniperRifle_MuzzleFlash_01.uasset" 7724
"C:/Users/Husky Cal/AppData/Local/UnrealEngine/Common/DerivedDataCache/Buckets/LegacySKELETALMESH/ff/82/8acad95ee5fe2c69e4e33737369e421f28ff.udd" 7725
"C:/Users/Husky Cal/AppData/Local/UnrealEngine/Common/DerivedDataCache/Buckets/LegacySKELETALMESH/5d/e5/145ba0487ba0491597278f3eb5ef531abe65.udd" 7726
"C:/Users/Husky Cal/AppData/Local/UnrealEngine/Common/DerivedDataCache/Buckets/LegacySKELETALMESH/49/3b/55f7af0790e11ece197cbd1c4b89582b8013.udd" 7727
"C:/Users/Husky Cal/AppData/Local/UnrealEngine/Common/DerivedDataCache/Buckets/LegacySKELETALMESH/bf/96/73638c6bf4ca9d1fb1d74a8a7d230e5aa54a.udd" 7728
"C:/Users/Husky Cal/AppData/Local/UnrealEngine/Common/DerivedDataCache/Buckets/LegacyTEXTURE/f4/7c/2524872cd3dbd3a3c84acb18f9fe16ff168f.udd" 7729
"C:/Users/Husky Cal/AppData/Local/UnrealEngine/Common/DerivedDataCache/Buckets/LegacyTEXTURE/92/0b/6bbaca15260f7af38162dbf08ca88599aa36.udd" 7730
"C:/Users/Husky Cal/AppData/Local/UnrealEngine/Common/DerivedDataCache/Buckets/LegacyTEXTURE/77/78/7dddf22bc3683eb66ce3bf7a16b351ec2dcc.udd" 7731
"C:/Users/Husky Cal/AppData/Local/UnrealEngine/Common/DerivedDataCache/Buckets/LegacyTEXTURE/3b/a9/d36438e1f881c3dc8154688b373b3685c2da.udd" 7732
"C:/Users/Husky Cal/AppData/Local/UnrealEngine/Common/DerivedDataCache/Buckets/LegacyTEXTURE/e1/69/ecf68c92ce57b968919bc51ffdf39f8466c0.udd" 7733
"C:/Users/Husky Cal/AppData/Local/UnrealEngine/Common/DerivedDataCache/Buckets/LegacyTEXTURE/e3/3b/5c1acf4f900e822adadc1d3507add137f88e.udd" 7734
"C:/Users/Husky Cal/AppData/Local/UnrealEngine/Common/DerivedDataCache/Buckets/LegacyTEXTURE/c4/89/d3590e1c349afe19e6be35e48d87c7076f11.udd" 7735
"C:/Users/Husky Cal/AppData/Local/UnrealEngine/Common/DerivedDataCache/Buckets/LegacyTEXTURE/26/81/8aa80419007ce7e3b45ebac89fac2bbb995d.udd" 7736
"C:/Users/Husky Cal/AppData/Local/UnrealEngine/Common/DerivedDataCache/Buckets/LegacyTEXTURE/d0/88/08be4c8dc403b15f46953ede423ea83137c1.udd" 7737
"C:/Users/Husky Cal/AppData/Local/UnrealEngine/Common/DerivedDataCache/Buckets/LegacyTEXTURE/50/33/e46d2b2013655a9ad4fb41693fbe6f146334.udd" 7738
"C:/Users/Husky Cal/AppData/Local/UnrealEngine/Common/DerivedDataCache/Buckets/LegacyTEXTURE/ae/dd/6f10882d4f14402086117a2abf799add66e1.udd" 7739
"C:/Users/Husky Cal/AppData/Local/UnrealEngine/Common/DerivedDataCache/Buckets/LegacyTEXTURE/91/3b/83a5b2dd8c0add931b99609c0a9adcb2e25b.udd" 7740
"C:/Users/Husky Cal/AppData/Local/UnrealEngine/Common/DerivedDataCache/Buckets/LegacyTEXTURE/e1/92/ffcc0216bbb8abe9f24c7546d430fbd7108a.udd" 7741
"C:/Users/Husky Cal/AppData/Local/UnrealEngine/Common/DerivedDataCache/Buckets/LegacyTEXTURE/66/a9/d627e95308c77ce33dca2f780b96e13a8bea.udd" 7742
"C:/Users/Husky Cal/AppData/Local/UnrealEngine/Common/DerivedDataCache/Buckets/LegacyTEXTURE/7d/46/d89dafbb99a9fcb263732bcd36d23cdd854a.udd" 7743
"C:/Users/Husky Cal/AppData/Local/UnrealEngine/Common/DerivedDataCache/Buckets/LegacyTEXTURE/1d/58/2dc47a19c5b38cf36bdcbefa96955c043424.udd" 7744
"C:/Users/Husky Cal/AppData/Local/UnrealEngine/Common/DerivedDataCache/Buckets/LegacyTEXTURE/81/0c/788647907d80df949c65e67fb342ec577ef6.udd" 7745
"C:/Users/Husky Cal/AppData/Local/UnrealEngine/Common/DerivedDataCache/Buckets/LegacyTEXTURE/8a/63/4cdeb479b8b3afe8ec7dbc4942dba1514c9e.udd" 7746
"C:/Users/Husky Cal/AppData/Local/UnrealEngine/Common/DerivedDataCache/Buckets/LegacyTEXTURE/d1/d6/93eda60d3dd0300d816803fda9cd950a812a.udd" 7747
"C:/Users/Husky Cal/AppData/Local/UnrealEngine/Common/DerivedDataCache/Buckets/LegacyTEXTURE/91/88/ec1b65fdf99c28220124a62259fcb507a602.udd" 7748
"C:/Users/Husky Cal/AppData/Local/UnrealEngine/Common/DerivedDataCache/Buckets/LegacyTEXTURE/46/27/15a5009c8be9ea63a3b223d6e6f38117afc7.udd" 7749
"C:/Users/Husky Cal/AppData/Local/UnrealEngine/Common/DerivedDataCache/Buckets/LegacyTEXTURE/50/d3/89a84e728dc03e819c7a5d8537384572ceb6.udd" 7750
"C:/Users/Husky Cal/AppData/Local/UnrealEngine/Common/DerivedDataCache/Buckets/LegacyTEXTURE/12/41/55f76500aaf2f2585251ccc81fb8bd7958ab.udd" 7751
"C:/Users/Husky Cal/AppData/Local/UnrealEngine/Common/DerivedDataCache/Buckets/LegacyTEXTURE/1d/f0/dfd8aee1743b8199dbdc5a58f250cd6fa3a5.udd" 7752
"C:/Users/Husky Cal/AppData/Local/UnrealEngine/Common/DerivedDataCache/Buckets/LegacyTEXTURE/95/ac/bcb001c43355d4d772355e3803bb9305ae66.udd" 7753
"C:/Users/Husky Cal/AppData/Local/UnrealEngine/Common/DerivedDataCache/Buckets/LegacyTEXTURE/d6/7a/fb346a00e83d10257c5ef4a87ab36aaa0b07.udd" 7754
"C:/Users/Husky Cal/AppData/Local/UnrealEngine/Common/DerivedDataCache/Buckets/LegacyTEXTURE/52/04/deb12e1fe06e7332fa7e5ac950f0098288a0.udd" 7755
"C:/Users/Husky Cal/AppData/Local/UnrealEngine/Common/DerivedDataCache/Buckets/LegacyTEXTURE/61/2e/8c05ff6762cae0b93e8b1199ef8e3fcbc916.udd" 7756
"C:/Users/Husky Cal/AppData/Local/UnrealEngine/Common/DerivedDataCache/Buckets/LegacyTEXTURE/8e/83/89296fbcad08ab769e8b8d4b6b1390881db3.udd" 7757
"C:/Users/Husky Cal/AppData/Local/UnrealEngine/Common/DerivedDataCache/Buckets/LegacyTEXTURE/d9/51/9998b291d01a8e72334826597e1ce6b34a96.udd" 7758
"F:/Pro/FPSRogueLikePrj/FPSRogueLike/Content/MilitaryWeapSilver/FX/P_Shotgun_MuzzleFlash_01.uasset" 7759
"F:/Pro/FPSRogueLikePrj/FPSRogueLike/Content/MilitaryWeapSilver/FX/P_RocketLauncher_MuzzleFlash_Front_01.uasset" 7760
"F:/Pro/FPSRogueLikePrj/FPSRogueLike/Content/MilitaryWeapSilver/FX/P_RocketLauncher_Explosion_01.uasset" 7761
"F:/Pro/FPSRogueLikePrj/FPSRogueLike/Content/MilitaryWeapSilver/FX/P_Pistol_MuzzleFlash_01.uasset" 7762
"F:/Pro/FPSRogueLikePrj/FPSRogueLike/Content/MilitaryWeapSilver/FX/P_Grenade_MuzzleFlash_01.uasset" 7763
"F:/Pro/FPSRogueLikePrj/FPSRogueLike/Content/MilitaryWeapSilver/FX/P_Grenade_Explosion_01.uasset" 7764
"F:/Pro/FPSRogueLikePrj/FPSRogueLike/Content/LevelPrototyping/Materials/MI_PrototypeGrid_TopDark.uasset" 7765
"F:/Pro/FPSRogueLikePrj/FPSRogueLike/Content/LevelPrototyping/Materials/MI_PrototypeGrid_Gray_02.uasset" 7766
"F:/Pro/FPSRogueLikePrj/FPSRogueLike/Content/LevelPrototyping/Materials/MI_PrototypeGrid_Gray.uasset" 7767
"../../../Engine/Content/OpenWorldTemplate/LandscapeMaterial/MI_ProcGrid.uasset" 7768
"F:/Pro/FPSRogueLikePrj/FPSRogueLike/Content/Sword_Animation/Demo/Characters/Mannequins/Materials/Instances/Manny/MI_Manny_02.uasset" 7769
"F:/Pro/FPSRogueLikePrj/FPSRogueLike/Content/Boss/BP_Boss.uasset" 7770
"F:/Pro/FPSRogueLikePrj/FPSRogueLike/Content/MilitaryWeapSilver/Weapons/Animations/Fire_Shotgun_W.uasset" 7771
"F:/Pro/FPSRogueLikePrj/FPSRogueLike/Content/MilitaryWeapSilver/Weapons/Animations/Fire_RocketLauncher_W.uasset" 7772
"F:/Pro/FPSRogueLikePrj/FPSRogueLike/Content/MilitaryWeapSilver/Weapons/Animations/Fire_Pistol_W.uasset" 7773
"F:/Pro/FPSRogueLikePrj/FPSRogueLike/Content/MilitaryWeapSilver/Weapons/Animations/Fire_GrenadeLauncher_W.uasset" 7774
"F:/Pro/FPSRogueLikePrj/FPSRogueLike/Content/MilitaryWeapSilver/Weapons/Animations/Fire_SniperRifle_W.uasset" 7775
"F:/Pro/FPSRogueLikePrj/FPSRogueLike/Content/MilitaryWeapSilver/Weapons/Animations/Fire_Rifle_W.uasset" 7776
"F:/Pro/FPSRogueLikePrj/FPSRogueLike/Content/LevelPrototyping/Meshes/SM_Ramp.uasset" 7777
"F:/Pro/FPSRogueLikePrj/FPSRogueLike/Content/LevelPrototyping/Meshes/SM_QuarterCylinder.uasset" 7778
"F:/Pro/FPSRogueLikePrj/FPSRogueLike/Content/LevelPrototyping/Meshes/SM_Cylinder.uasset" 7779
"F:/Pro/FPSRogueLikePrj/FPSRogueLike/Content/LevelPrototyping/Meshes/SM_Cube.uasset" 7780
"F:/Pro/FPSRogueLikePrj/FPSRogueLike/Content/Maps/MainMenu.umap" 7781
"F:/Pro/FPSRogueLikePrj/FPSRogueLike/Content/Sword_Animation/Demo/Characters/Mannequins/Meshes/SKM_Manny_Simple.uasset" 7782
"F:/Pro/FPSRogueLikePrj/FPSRogueLike/Content/Sword_Animation/Demo/Map/DemoMap.umap" 7783
"../../../Engine/Content/EngineSounds/Submixes/MasterEQSubmixDefault.uasset" 7784
"C:/Users/Husky Cal/AppData/Local/UnrealEngine/Common/DerivedDataCache/Buckets/MaterialShaderMap/2c/8e/9a9e1ae54c9ace608152dfa61d914301e3f5.udd" 7785
"C:/Users/Husky Cal/AppData/Local/UnrealEngine/Common/DerivedDataCache/Buckets/MaterialShaderMap/a8/df/d401ff75d39d2adabe802af5693b95eb247c.udd" 7786
"../../../Engine/Content/EngineSounds/Submixes/MasterSubmixDefault.uasset" 7787
"../../../Engine/Content/EngineSounds/Submixes/MasterReverbSubmixDefault.uasset" 7788
"F:/Pro/FPSRogueLikePrj/FPSRogueLike/Content/Tests/FT_DamageTakenTest.uasset" 7789
"F:/Pro/FPSRogueLikePrj/FPSRogueLike/Content/UI/WB_BuffBurnPotency50.uasset" 7790
"F:/Pro/FPSRogueLikePrj/FPSRogueLike/Content/FirstPerson/Blueprints/BP_Pickup_Rifle.uasset" 7791
"C:/Users/Husky Cal/AppData/Local/UnrealEngine/Common/DerivedDataCache/Buckets/BulkDataList/d6/e9/7cc92240cdc27aa2eafd5e9fc26d012a4d63.udd" 7792
"C:/Users/Husky Cal/AppData/Local/UnrealEngine/Common/DerivedDataCache/Buckets/BulkDataPayloadId/53/57/98ed5167207560d82eccfe7f36346d8c4596.udd" 7793
"C:/Users/Husky Cal/AppData/Local/UnrealEngine/Common/DerivedDataCache/Buckets/BulkDataList/6d/a4/6ad526f35cedf8a4832a83b47f0243fa1065.udd" 7794
"C:/Users/Husky Cal/AppData/Local/UnrealEngine/Common/DerivedDataCache/Buckets/BulkDataPayloadId/5e/69/8e20d52e818d6596151152ad6d58fca9ae8c.udd" 7795
"C:/Users/Husky Cal/AppData/Local/UnrealEngine/Common/DerivedDataCache/Buckets/BulkDataList/5b/0b/3370b1971fcd20d1a8c286bb3387d9e10d64.udd" 7796
"C:/Users/Husky Cal/AppData/Local/UnrealEngine/Common/DerivedDataCache/Buckets/BulkDataPayloadId/c2/f6/bccb8052776e4ad84e146141fbc454564e43.udd" 7797
"C:/Users/Husky Cal/AppData/Local/UnrealEngine/Common/DerivedDataCache/Buckets/BulkDataList/0a/4b/315e2f418f3595883990891b8c21c9c8d115.udd" 7798
"C:/Users/Husky Cal/AppData/Local/UnrealEngine/Common/DerivedDataCache/Buckets/BulkDataPayloadId/66/e7/332d75d52391294b2d16442c08c3da18d4fa.udd" 7799
"C:/Users/Husky Cal/AppData/Local/UnrealEngine/Common/DerivedDataCache/Buckets/BulkDataList/62/36/278353f4d588313691aa1e5085692d373e4c.udd" 7800
"C:/Users/Husky Cal/AppData/Local/UnrealEngine/Common/DerivedDataCache/Buckets/BulkDataPayloadId/57/ca/c7b82054b7ecdfb8f65b3944863747847c70.udd" 7801
"C:/Users/Husky Cal/AppData/Local/UnrealEngine/Common/DerivedDataCache/Buckets/BulkDataList/f6/c6/a7bd1ef8300636de32ff87e8b9761f34f1fc.udd" 7802
"C:/Users/Husky Cal/AppData/Local/UnrealEngine/Common/DerivedDataCache/Buckets/BulkDataPayloadId/76/f5/40a340d37b541c1438daa623a998205cfccf.udd" 7803
"C:/Users/Husky Cal/AppData/Local/UnrealEngine/Common/DerivedDataCache/Buckets/BulkDataList/8c/44/6802b80b4e69d1c6398add40e2d10e5f5c91.udd" 7804
"C:/Users/Husky Cal/AppData/Local/UnrealEngine/Common/DerivedDataCache/Buckets/BulkDataPayloadId/1d/d8/39d2669d756e5eaa2b4666d44de8370525fb.udd" 7805
"C:/Users/Husky Cal/AppData/Local/UnrealEngine/Common/DerivedDataCache/Buckets/LegacyTEXTURE/2d/ed/5f689ffa0507a602f3e9a27d688875f08c2a.udd" 7806
"C:/Users/Husky Cal/AppData/Local/UnrealEngine/Common/DerivedDataCache/Buckets/LegacyTEXTURE/60/7d/d541e68e523765f0d59429f2ba77f30ae24a.udd" 7807
"C:/Users/Husky Cal/AppData/Local/UnrealEngine/Common/DerivedDataCache/Buckets/LegacyTEXTURE/f2/3a/34480cbaeb216a29df46b3a998b8b17fe521.udd" 7808
"C:/Users/Husky Cal/AppData/Local/UnrealEngine/Common/DerivedDataCache/Buckets/LegacyTEXTURE/ec/0c/0911ff2413a0d07dd9271e3777487ec4b960.udd" 7809
"C:/Users/Husky Cal/AppData/Local/UnrealEngine/Common/DerivedDataCache/Buckets/LegacyTEXTURE/44/8c/e2311259f782d2067f8747bc998556da54a8.udd" 7810
"C:/Users/Husky Cal/AppData/Local/UnrealEngine/Common/DerivedDataCache/Buckets/LegacyTEXTURE/95/a5/ba0fcfc1f1f40dfb826221c7286dd55055c7.udd" 7811
"C:/Users/Husky Cal/AppData/Local/UnrealEngine/Common/DerivedDataCache/Buckets/LegacyTEXTURE/bc/8f/8cfd2b4da4c1cc770f5dfddf3d2aa14d3567.udd" 7812
"C:/Users/Husky Cal/AppData/Local/UnrealEngine/Common/DerivedDataCache/Buckets/LegacyTEXTURE/80/e3/99810be5a9aaba45a52c33405b5523499c3c.udd" 7813
"C:/Users/Husky Cal/AppData/Local/UnrealEngine/Common/DerivedDataCache/Buckets/LegacyTEXTURE/79/07/9be02244edb15a526ac896ca6ae7755ece04.udd" 7814
"C:/Users/Husky Cal/AppData/Local/UnrealEngine/Common/DerivedDataCache/Buckets/LegacyTEXTURE/20/80/b3540b2fe479a29cbdc9628c6f247b6ee71e.udd" 7815
"C:/Users/Husky Cal/AppData/Local/UnrealEngine/Common/DerivedDataCache/Buckets/LegacyTEXTURE/5e/61/171f80423357d4fc58ef29ea68b712bf0eb6.udd" 7816
"C:/Users/Husky Cal/AppData/Local/UnrealEngine/Common/DerivedDataCache/Buckets/LegacyTEXTURE/96/34/1728519ed766e42330aeabc151c8bbd38cb5.udd" 7817
"C:/Users/Husky Cal/AppData/Local/UnrealEngine/Common/DerivedDataCache/Buckets/LegacyTEXTURE/33/44/0e81f411aba47d3bfc92b040047036ed164e.udd" 7818
"C:/Users/Husky Cal/AppData/Local/UnrealEngine/Common/DerivedDataCache/Buckets/LegacyTEXTURE/6a/7c/23e7996f77c67f7027e8843bfc1f42fcb8ff.udd" 7819
"C:/Users/Husky Cal/AppData/Local/UnrealEngine/Common/DerivedDataCache/Buckets/LegacyTEXTURE/52/36/863c1d4a90d3fac6854eb43751c3dec22051.udd" 7820
"C:/Users/Husky Cal/AppData/Local/UnrealEngine/Common/DerivedDataCache/Buckets/LegacyTEXTURE/c9/19/9e8f16ff1b1f30d73a579bd6945f70429486.udd" 7821
"C:/Users/Husky Cal/AppData/Local/UnrealEngine/Common/DerivedDataCache/Buckets/LegacyTEXTURE/d2/af/ab2e1b6d51a0a598fb809091f2c468aa1638.udd" 7822
"C:/Users/Husky Cal/AppData/Local/UnrealEngine/Common/DerivedDataCache/Buckets/LegacyTEXTURE/ed/1a/99e85e291d1691f7d6f2400cc1649afa9645.udd" 7823
"C:/Users/Husky Cal/AppData/Local/UnrealEngine/Common/DerivedDataCache/Buckets/LegacyTEXTURE/d8/79/0a13d5bd8aab282552afc0d9d19fd87e17c9.udd" 7824
"C:/Users/Husky Cal/AppData/Local/UnrealEngine/Common/DerivedDataCache/Buckets/LegacyTEXTURE/2e/6f/32a43fbb9722a1399f4e694e1ffdd6189cb4.udd" 7825
"C:/Users/Husky Cal/AppData/Local/UnrealEngine/Common/DerivedDataCache/Buckets/LegacyTEXTURE/cf/82/b38a867c73ade86e1a428f0d7d571537da2d.udd" 7826
"C:/Users/Husky Cal/AppData/Local/UnrealEngine/Common/DerivedDataCache/Buckets/LegacyTEXTURE/4f/29/a0b3db931d6d1d84de9e111c8220238e1dd9.udd" 7827
"C:/Users/Husky Cal/AppData/Local/UnrealEngine/Common/DerivedDataCache/Buckets/LegacyTEXTURE/54/77/c4b6348f170b80f2b64564509692f9d7ee5c.udd" 7828
"C:/Users/Husky Cal/AppData/Local/UnrealEngine/Common/DerivedDataCache/Buckets/LegacyTEXTURE/74/6d/bc8c383152e59de71aa1968ba59cb19f6a65.udd" 7829
"C:/Users/Husky Cal/AppData/Local/UnrealEngine/Common/DerivedDataCache/Buckets/LegacyTEXTURE/49/d7/83975df8617ec988bddfe3448106ac8c52f8.udd" 7830
"C:/Users/Husky Cal/AppData/Local/UnrealEngine/Common/DerivedDataCache/Buckets/LegacyTEXTURE/bb/5d/8ac0b32b447177b1ad1287a0ea2d12e0ea30.udd" 7831
"C:/Users/Husky Cal/AppData/Local/UnrealEngine/Common/DerivedDataCache/Buckets/LegacyTEXTURE/62/53/731af7aa73bc1852fbfa0ab8be0619ddf6c0.udd" 7832
"C:/Users/Husky Cal/AppData/Local/UnrealEngine/Common/DerivedDataCache/Buckets/LegacyTEXTURE/2e/a3/e325930b40962b49447300deac80d3261629.udd" 7833
"C:/Users/Husky Cal/AppData/Local/UnrealEngine/Common/DerivedDataCache/Buckets/LegacyTEXTURE/52/37/20beffd4998d70b2d07aa9d9cdc4192c3784.udd" 7834
"C:/Users/Husky Cal/AppData/Local/UnrealEngine/Common/DerivedDataCache/Buckets/LegacyTEXTURE/fe/2b/0e2d3eaf15a752811ea2ab53c5928f40286e.udd" 7835
"C:/Users/Husky Cal/AppData/Local/UnrealEngine/Common/DerivedDataCache/Buckets/LegacyTEXTURE/e0/e7/c1515ee329f783b34596656eb531e6b5a864.udd" 7836
"C:/Users/Husky Cal/AppData/Local/UnrealEngine/Common/DerivedDataCache/Buckets/LegacyTEXTURE/fa/b4/0c4b752d91d058e35d2d600f51c26a00dd5e.udd" 7837
"C:/Users/Husky Cal/AppData/Local/UnrealEngine/Common/DerivedDataCache/Buckets/LegacyTEXTURE/5b/09/f840ccfea8ad4b5f0c3e95fc3a0815b1382c.udd" 7838
"C:/Users/Husky Cal/AppData/Local/UnrealEngine/Common/DerivedDataCache/Buckets/LegacyTEXTURE/b2/f4/a45f36c40b431534ff3615fbe1a459fd0b82.udd" 7839
"C:/Users/Husky Cal/AppData/Local/UnrealEngine/Common/DerivedDataCache/Buckets/LegacyTEXTURE/5d/fd/f6270c6581d725453a0848e3f11a7ce86ab6.udd" 7840
"C:/Users/Husky Cal/AppData/Local/UnrealEngine/Common/DerivedDataCache/Buckets/LegacyTEXTURE/6c/ab/40f97d6f610ca8bc483533e799f7d0f10fe6.udd" 7841
"C:/Users/Husky Cal/AppData/Local/UnrealEngine/Common/DerivedDataCache/Buckets/LegacyTEXTURE/9d/6c/4d4914a95c6804751c5cfa0ba03fd2c455da.udd" 7842
"C:/Users/Husky Cal/AppData/Local/UnrealEngine/Common/DerivedDataCache/Buckets/LegacyTEXTURE/c3/11/53ac71ad668a0ab51745c763c76256590655.udd" 7843
"C:/Users/Husky Cal/AppData/Local/UnrealEngine/Common/DerivedDataCache/Buckets/LegacyTEXTURE/3a/af/e04b6e1b0a40c9dc65ce6b42cc70d74246e6.udd" 7844
"C:/Users/Husky Cal/AppData/Local/UnrealEngine/Common/DerivedDataCache/Buckets/LegacyTEXTURE/4a/73/a010ce5543593b966f1f39ea19b7b753635e.udd" 7845
"C:/Users/Husky Cal/AppData/Local/UnrealEngine/Common/DerivedDataCache/Buckets/AnimationSequence/07/36/7a11668b053d1b6ebffc8528c4ef92711c09.udd" 7846
"C:/Users/Husky Cal/AppData/Local/UnrealEngine/Common/DerivedDataCache/Buckets/AnimationSequence/73/72/585d61c357f8debf8083c07e5186d3f85bc0.udd" 7847
"C:/Users/Husky Cal/AppData/Local/UnrealEngine/Common/DerivedDataCache/Buckets/AnimationSequence/b5/d2/26711885aef46c3dea805eae3350c61ce9aa.udd" 7848
"C:/Users/Husky Cal/AppData/Local/UnrealEngine/Common/DerivedDataCache/Buckets/AnimationSequence/be/60/a6f00c6a6872faca8996ec1aff112b8af066.udd" 7849
"C:/Users/Husky Cal/AppData/Local/UnrealEngine/Common/DerivedDataCache/Buckets/AnimationSequence/fe/5a/59506f2a15ebd6a612aa2a29702d990ab002.udd" 7850
"C:/Users/Husky Cal/AppData/Local/UnrealEngine/Common/DerivedDataCache/Buckets/AnimationSequence/fb/eb/e604f0af00130d6053bd57a433ba9633936b.udd" 7851
"../../../Engine/Content/EditorResources/EmptyActor.uasset" 7852
"C:/Users/Husky Cal/AppData/Local/UnrealEngine/Common/DerivedDataCache/Buckets/BulkDataList/bf/cc/9e99a14063dc88e120debf380ead141b9f16.udd" 7853
"F:/Pro/FPSRogueLikePrj/FPSRogueLike/Content/__ExternalActors__/FirstPerson/Maps/FirstPersonMap/8/CW/6HT16P8P5RAXNJG3EVYWE9.uasset" 7854
"F:/Pro/FPSRogueLikePrj/FPSRogueLike/Content/__ExternalActors__/FirstPerson/Maps/FirstPersonMap/8/Z7/W1SXRCM1KAKBJOIZDLHZ47.uasset" 7855
"F:/Pro/FPSRogueLikePrj/FPSRogueLike/Content/__ExternalActors__/FirstPerson/Maps/FirstPersonMap/8/SZ/D1AHM62WL9TXSNPYQDXQMZ.uasset" 7856
"F:/Pro/FPSRogueLikePrj/FPSRogueLike/Content/__ExternalActors__/FirstPerson/Maps/FirstPersonMap/8/CF/ZNIOCRD90Z70MMV9NMW778.uasset" 7857
"F:/Pro/FPSRogueLikePrj/FPSRogueLike/Content/__ExternalActors__/FirstPerson/Maps/FirstPersonMap/8/80/RCXALNT3NG94XMV0V6D4XE.uasset" 7858
"F:/Pro/FPSRogueLikePrj/FPSRogueLike/Content/__ExternalActors__/FirstPerson/Maps/FirstPersonMap/8/Y4/KY9ZXT77SAVGWBRTNCFCSC.uasset" 7859
"F:/Pro/FPSRogueLikePrj/FPSRogueLike/Content/__ExternalActors__/FirstPerson/Maps/FirstPersonMap/8/3M/4ATOKH0ZGPCVBS85MPKAXK.uasset" 7860
"F:/Pro/FPSRogueLikePrj/FPSRogueLike/Content/__ExternalActors__/FirstPerson/Maps/FirstPersonMap/8/TX/IZT9XZ16JGD94PLFXNQDFE.uasset" 7861
"../../../Engine/Content/EngineDebugMaterials/BlackUnlitMaterial.uasset" 7862
"F:/Pro/FPSRogueLikePrj/FPSRogueLike/Content/__ExternalActors__/FirstPerson/Maps/FirstPersonMap/8/LJ/8Q37UCEE0JNBMQVQQSTFR5.uasset" 7863
"F:/Pro/FPSRogueLikePrj/FPSRogueLike/Content/__ExternalActors__/FirstPerson/Maps/FirstPersonMap/8/VE/65VW05VZ3GTENOCRXBUADW.uasset" 7864
"F:/Pro/FPSRogueLikePrj/FPSRogueLike/Content/__ExternalActors__/FirstPerson/Maps/FirstPersonMap/8/O9/UK3TNOMKHOK26FKO2D9H7U.uasset" 7865
"F:/Pro/FPSRogueLikePrj/FPSRogueLike/Content/__ExternalActors__/FirstPerson/Maps/FirstPersonMap/8/BO/HRSZWUR6UV0GO2CMQ1PK4V.uasset" 7866
"F:/Pro/FPSRogueLikePrj/FPSRogueLike/Content/__ExternalActors__/FirstPerson/Maps/FirstPersonMap/8/NC/1W8NND1293N2OEGMF1FYLR.uasset" 7867
"F:/Pro/FPSRogueLikePrj/FPSRogueLike/Content/__ExternalActors__/FirstPerson/Maps/FirstPersonMap/8/S3/M7DTL3UJXCD8IL1EQNFB6E.uasset" 7868
"F:/Pro/FPSRogueLikePrj/FPSRogueLike/Content/__ExternalActors__/FirstPerson/Maps/FirstPersonMap/8/A0/TEO1CYLO44MLILIKSTIRM0.uasset" 7869
"F:/Pro/FPSRogueLikePrj/FPSRogueLike/Content/__ExternalActors__/FirstPerson/Maps/FirstPersonMap/8/S6/N7LDFEGSCDCF8KP2P4FU0A.uasset" 7870
"F:/Pro/FPSRogueLikePrj/FPSRogueLike/Content/__ExternalActors__/FirstPerson/Maps/FirstPersonMap/8/AD/OA38JU3KIH0PQKS2A8X9OM.uasset" 7871
"F:/Pro/FPSRogueLikePrj/FPSRogueLike/Content/__ExternalActors__/FirstPerson/Maps/FirstPersonMap/8/V4/XD7VXOCFUHNRI0GOMFBE9P.uasset" 7872
"F:/Pro/FPSRogueLikePrj/FPSRogueLike/Content/__ExternalActors__/FirstPerson/Maps/FirstPersonMap/8/VV/7J82QKFY7IBBV15XUBK512.uasset" 7873
"F:/Pro/FPSRogueLikePrj/FPSRogueLike/Content/__ExternalActors__/FirstPerson/Maps/FirstPersonMap/8/XC/B7RUESC1CULXU00144MLQ8.uasset" 7874
"F:/Pro/FPSRogueLikePrj/FPSRogueLike/Content/__ExternalActors__/FirstPerson/Maps/FirstPersonMap/5/80/DS7H9WGV5L03UA9JCOJQMC.uasset" 7875
"F:/Pro/FPSRogueLikePrj/FPSRogueLike/Content/__ExternalActors__/FirstPerson/Maps/FirstPersonMap/5/80/QQN0UFFAA797E1UT4IMD29.uasset" 7876
"F:/Pro/FPSRogueLikePrj/FPSRogueLike/Content/__ExternalActors__/FirstPerson/Maps/FirstPersonMap/5/DI/1JZHHCOBVQ2F5XRUWSES1X.uasset" 7877
"F:/Pro/FPSRogueLikePrj/FPSRogueLike/Content/__ExternalActors__/FirstPerson/Maps/FirstPersonMap/5/OZ/LA7WW03CXIV4BB1FVJA3ER.uasset" 7878
"F:/Pro/FPSRogueLikePrj/FPSRogueLike/Content/__ExternalActors__/FirstPerson/Maps/FirstPersonMap/5/VA/YXYRLA9L8V7SZE0LAG2Q13.uasset" 7879
"F:/Pro/FPSRogueLikePrj/FPSRogueLike/Content/__ExternalActors__/FirstPerson/Maps/FirstPersonMap/5/JG/GHBJ8PYQIQSTXRUMD9VXSW.uasset" 7880
"F:/Pro/FPSRogueLikePrj/FPSRogueLike/Content/__ExternalActors__/FirstPerson/Maps/FirstPersonMap/5/4Y/ER3S5NPKKUTVLC8F6XGPYY.uasset" 7881
"F:/Pro/FPSRogueLikePrj/FPSRogueLike/Content/__ExternalActors__/FirstPerson/Maps/FirstPersonMap/5/W3/2IVKG8PR9YZ19R2Y8MC49T.uasset" 7882
"F:/Pro/FPSRogueLikePrj/FPSRogueLike/Content/__ExternalActors__/FirstPerson/Maps/FirstPersonMap/5/UK/XDC8BLKK14RBNO6DK3WZJU.uasset" 7883
"F:/Pro/FPSRogueLikePrj/FPSRogueLike/Content/__ExternalActors__/FirstPerson/Maps/FirstPersonMap/5/6P/HYSORIV7ZXUMMZ28HO8FOC.uasset" 7884
"F:/Pro/FPSRogueLikePrj/FPSRogueLike/Content/__ExternalActors__/FirstPerson/Maps/FirstPersonMap/5/EX/LP3NWAKU5VCLPMPOH7OPC1.uasset" 7885
"F:/Pro/FPSRogueLikePrj/FPSRogueLike/Content/__ExternalActors__/FirstPerson/Maps/FirstPersonMap/5/MI/SNNW221O97ER8AQKHC4MN8.uasset" 7886
"F:/Pro/FPSRogueLikePrj/FPSRogueLike/Content/__ExternalActors__/FirstPerson/Maps/FirstPersonMap/5/J6/P6XSZAZXSUBWCKDFD2FACZ.uasset" 7887
"F:/Pro/FPSRogueLikePrj/FPSRogueLike/Content/__ExternalActors__/FirstPerson/Maps/FirstPersonMap/5/OU/41KEJT9JJBSOM1P6HZKNKN.uasset" 7888
"F:/Pro/FPSRogueLikePrj/FPSRogueLike/Content/__ExternalActors__/FirstPerson/Maps/FirstPersonMap/5/QX/WQ70ZIXL8GACGHDXSJW3BR.uasset" 7889
"F:/Pro/FPSRogueLikePrj/FPSRogueLike/Content/__ExternalActors__/FirstPerson/Maps/FirstPersonMap/5/5E/YCHZYMUVEBHOTSND1BHI9I.uasset" 7890
"F:/Pro/FPSRogueLikePrj/FPSRogueLike/Content/__ExternalActors__/FirstPerson/Maps/FirstPersonMap/5/09/E93CQ9UAM54B5RSE2156MN.uasset" 7891
"F:/Pro/FPSRogueLikePrj/FPSRogueLike/Content/__ExternalActors__/FirstPerson/Maps/FirstPersonMap/5/P4/Z88Y821XOWANBQ0Z0J6S8E.uasset" 7892
"F:/Pro/FPSRogueLikePrj/FPSRogueLike/Content/__ExternalActors__/FirstPerson/Maps/FirstPersonMap/5/ND/8YV8HQ10YOGVT3Z9SIHUM9.uasset" 7893
"F:/Pro/FPSRogueLikePrj/FPSRogueLike/Content/__ExternalActors__/FirstPerson/Maps/FirstPersonMap/5/CL/N41ZW7GQFR1QTPT026CWWE.uasset" 7894
"F:/Pro/FPSRogueLikePrj/FPSRogueLike/Content/__ExternalActors__/FirstPerson/Maps/FirstPersonMap/5/G4/LGDPCM5RZGRU5C13J5BQ7G.uasset" 7895
"F:/Pro/FPSRogueLikePrj/FPSRogueLike/Content/__ExternalActors__/FirstPerson/Maps/FirstPersonMap/5/YW/TVX30A2LAYYDN95RMW33MU.uasset" 7896
"F:/Pro/FPSRogueLikePrj/FPSRogueLike/Content/__ExternalActors__/FirstPerson/Maps/FirstPersonMap/5/CS/UOWRWXI46JZRU89OJVO9O1.uasset" 7897
"F:/Pro/FPSRogueLikePrj/FPSRogueLike/Content/__ExternalActors__/FirstPerson/Maps/FirstPersonMap/5/8S/51UFMYTK2NZMI4HUFIAQMC.uasset" 7898
"F:/Pro/FPSRogueLikePrj/FPSRogueLike/Content/__ExternalActors__/FirstPerson/Maps/FirstPersonMap/6/0Z/5RQIHCZ9W3UXRGL4LTLQAK.uasset" 7899
"F:/Pro/FPSRogueLikePrj/FPSRogueLike/Content/__ExternalActors__/FirstPerson/Maps/FirstPersonMap/6/AJ/2XZ3RUK0LFB63FVNQE7P5R.uasset" 7900
"F:/Pro/FPSRogueLikePrj/FPSRogueLike/Content/__ExternalActors__/FirstPerson/Maps/FirstPersonMap/6/HC/FI3CQDKJY4J00D2B21FYQZ.uasset" 7901
"F:/Pro/FPSRogueLikePrj/FPSRogueLike/Content/__ExternalActors__/FirstPerson/Maps/FirstPersonMap/6/7Z/7EHFAZ5HVWXAWQ04QO5TH0.uasset" 7902
"F:/Pro/FPSRogueLikePrj/FPSRogueLike/Content/__ExternalActors__/FirstPerson/Maps/FirstPersonMap/6/0Q/964BI34IF8XV5PL3YOFSQI.uasset" 7903
"F:/Pro/FPSRogueLikePrj/FPSRogueLike/Content/__ExternalActors__/FirstPerson/Maps/FirstPersonMap/6/XV/KSVLBAMD84TSGSSHNTCGN5.uasset" 7904
"F:/Pro/FPSRogueLikePrj/FPSRogueLike/Content/__ExternalActors__/FirstPerson/Maps/FirstPersonMap/6/QX/ISCO9EGTKYZKE75SLQYX7S.uasset" 7905
"F:/Pro/FPSRogueLikePrj/FPSRogueLike/Content/__ExternalActors__/FirstPerson/Maps/FirstPersonMap/6/PI/JXW2MV6UEVJOS9OA84FZEL.uasset" 7906
"F:/Pro/FPSRogueLikePrj/FPSRogueLike/Content/__ExternalActors__/FirstPerson/Maps/FirstPersonMap/6/SR/5UM8LP3TVPQM80FSVAC2IG.uasset" 7907
"F:/Pro/FPSRogueLikePrj/FPSRogueLike/Content/__ExternalActors__/FirstPerson/Maps/FirstPersonMap/6/BR/2XOY5G4H1Q0AN5DSHTIFIX.uasset" 7908
"F:/Pro/FPSRogueLikePrj/FPSRogueLike/Content/__ExternalActors__/FirstPerson/Maps/FirstPersonMap/6/PB/Y7RLNLOLMPKIBIWOD1KIE6.uasset" 7909
"F:/Pro/FPSRogueLikePrj/FPSRogueLike/Content/__ExternalActors__/FirstPerson/Maps/FirstPersonMap/6/L3/6QZ5XVU5RFOE6631B04S0C.uasset" 7910
"F:/Pro/FPSRogueLikePrj/FPSRogueLike/Content/__ExternalActors__/FirstPerson/Maps/FirstPersonMap/6/8A/MJKK79LEL4S89MHYU1EOAG.uasset" 7911
"F:/Pro/FPSRogueLikePrj/FPSRogueLike/Content/__ExternalActors__/FirstPerson/Maps/FirstPersonMap/6/2K/7B6RLYNMEUKW32D69CXZ2C.uasset" 7912
"../../../Engine/Content/MapTemplates/Sky/M_BlackBackground.uasset" 7913
"F:/Pro/FPSRogueLikePrj/FPSRogueLike/Content/__ExternalActors__/FirstPerson/Maps/FirstPersonMap/6/4X/ZTL4RXWAHTO885YV9FCKA4.uasset" 7914
"F:/Pro/FPSRogueLikePrj/FPSRogueLike/Content/__ExternalActors__/FirstPerson/Maps/FirstPersonMap/6/62/OUFBBJL5ND67X74IV2BONM.uasset" 7915
"F:/Pro/FPSRogueLikePrj/FPSRogueLike/Content/__ExternalActors__/FirstPerson/Maps/FirstPersonMap/7/DF/1GID8P6B00XRWKYCXU7HT1.uasset" 7916
"F:/Pro/FPSRogueLikePrj/FPSRogueLike/Content/__ExternalActors__/FirstPerson/Maps/FirstPersonMap/7/5X/6EW8RE9VA2GGHRWK614FCI.uasset" 7917
"F:/Pro/FPSRogueLikePrj/FPSRogueLike/Content/__ExternalActors__/FirstPerson/Maps/FirstPersonMap/7/GI/GZM47KS5FPIQH5TLSYC1ME.uasset" 7918
"F:/Pro/FPSRogueLikePrj/FPSRogueLike/Content/__ExternalActors__/FirstPerson/Maps/FirstPersonMap/7/WS/X084A70TPBKFLJDCV2U5PN.uasset" 7919
"F:/Pro/FPSRogueLikePrj/FPSRogueLike/Content/__ExternalActors__/FirstPerson/Maps/FirstPersonMap/7/L5/1ZJ54FMA0DAL3I2Q8RFAIB.uasset" 7920
"F:/Pro/FPSRogueLikePrj/FPSRogueLike/Content/__ExternalActors__/FirstPerson/Maps/FirstPersonMap/7/DQ/OASHNY4XV3H4L2UMTWRYEB.uasset" 7921
"F:/Pro/FPSRogueLikePrj/FPSRogueLike/Content/__ExternalActors__/FirstPerson/Maps/FirstPersonMap/7/D3/P5EA98ZWQ56BACWSMPU7KU.uasset" 7922
"F:/Pro/FPSRogueLikePrj/FPSRogueLike/Content/__ExternalActors__/FirstPerson/Maps/FirstPersonMap/7/HA/I0SZENQ8A1EC6JA71NK6BK.uasset" 7923
"F:/Pro/FPSRogueLikePrj/FPSRogueLike/Content/__ExternalActors__/FirstPerson/Maps/FirstPersonMap/7/OM/F2RMJ7V8AMYK2N1KWL6JRL.uasset" 7924
"F:/Pro/FPSRogueLikePrj/FPSRogueLike/Content/__ExternalActors__/FirstPerson/Maps/FirstPersonMap/7/22/C7O4KJYNSPLEBFY1D33JQP.uasset" 7925
"F:/Pro/FPSRogueLikePrj/FPSRogueLike/Content/__ExternalActors__/FirstPerson/Maps/FirstPersonMap/7/T4/C2MBQWPOZ8ECXN54KBVEBQ.uasset" 7926
"F:/Pro/FPSRogueLikePrj/FPSRogueLike/Content/__ExternalActors__/FirstPerson/Maps/FirstPersonMap/7/M6/D070UR9RL73XGDALLPN1WG.uasset" 7927
"F:/Pro/FPSRogueLikePrj/FPSRogueLike/Content/__ExternalActors__/FirstPerson/Maps/FirstPersonMap/7/QJ/TDYT3KE6WN51FA3QN9ZLV5.uasset" 7928
"F:/Pro/FPSRogueLikePrj/FPSRogueLike/Content/__ExternalActors__/FirstPerson/Maps/FirstPersonMap/7/XV/2EC2GJB75DFU488UN4NYFH.uasset" 7929
"F:/Pro/FPSRogueLikePrj/FPSRogueLike/Content/__ExternalActors__/FirstPerson/Maps/FirstPersonMap/7/KB/5GVG9A4VYVBXTLY2K4PP0B.uasset" 7930
"F:/Pro/FPSRogueLikePrj/FPSRogueLike/Content/__ExternalActors__/FirstPerson/Maps/FirstPersonMap/7/I4/H2J1A38CJ9YYO05U9ECS5G.uasset" 7931
"F:/Pro/FPSRogueLikePrj/FPSRogueLike/Content/__ExternalActors__/FirstPerson/Maps/FirstPersonMap/7/WX/TYV564MTFE90XWPC8K6Y53.uasset" 7932
"F:/Pro/FPSRogueLikePrj/FPSRogueLike/Content/__ExternalActors__/FirstPerson/Maps/FirstPersonMap/7/Y9/G6V8T4M1QC7QRPAAF3R6TS.uasset" 7933
"F:/Pro/FPSRogueLikePrj/FPSRogueLike/Content/__ExternalActors__/FirstPerson/Maps/FirstPersonMap/7/W5/1T3Q19LINS0O2DDOW6AMEU.uasset" 7934
"F:/Pro/FPSRogueLikePrj/FPSRogueLike/Content/__ExternalActors__/FirstPerson/Maps/FirstPersonMap/7/HP/MGKQU4CMFWFYA6DKN8KM4S.uasset" 7935
"F:/Pro/FPSRogueLikePrj/FPSRogueLike/Content/__ExternalActors__/FirstPerson/Maps/FirstPersonMap/7/TO/Q5XXLECYPJD4LMXRONW1H9.uasset" 7936
"F:/Pro/FPSRogueLikePrj/FPSRogueLike/Content/__ExternalActors__/FirstPerson/Maps/FirstPersonMap/7/OP/XSPZXFKDA5MJJJ1KWSHPXU.uasset" 7937
"F:/Pro/FPSRogueLikePrj/FPSRogueLike/Content/__ExternalActors__/FirstPerson/Maps/FirstPersonMap/F/2F/0SPQG8P507LI9VUAFG20OA.uasset" 7938
"F:/Pro/FPSRogueLikePrj/FPSRogueLike/Content/__ExternalActors__/FirstPerson/Maps/FirstPersonMap/F/31/0Y3LJVF9FXRP4DQ1NVI1AO.uasset" 7939
"F:/Pro/FPSRogueLikePrj/FPSRogueLike/Content/__ExternalActors__/FirstPerson/Maps/FirstPersonMap/9/JW/IY5R6I5N0YWU9LYWKXFXH9.uasset" 7940
"F:/Pro/FPSRogueLikePrj/FPSRogueLike/Content/__ExternalActors__/FirstPerson/Maps/FirstPersonMap/9/Q2/TOKV0KMMZ7RIQ78R0UEDQL.uasset" 7941
"F:/Pro/FPSRogueLikePrj/FPSRogueLike/Content/__ExternalActors__/FirstPerson/Maps/FirstPersonMap/9/VP/FVTPO8KZ0WPMCSQLVJE6O9.uasset" 7942
"F:/Pro/FPSRogueLikePrj/FPSRogueLike/Content/__ExternalActors__/FirstPerson/Maps/FirstPersonMap/9/6K/53TOYTOLDEUBMS5SLUFP3V.uasset" 7943
"F:/Pro/FPSRogueLikePrj/FPSRogueLike/Content/__ExternalActors__/FirstPerson/Maps/FirstPersonMap/9/OJ/9MHHMH0XHVZ04YDZ7NPC32.uasset" 7944
"F:/Pro/FPSRogueLikePrj/FPSRogueLike/Content/__ExternalActors__/FirstPerson/Maps/FirstPersonMap/9/WC/Z9S7IHAYJMQN3XEOHCI0XJ.uasset" 7945
"F:/Pro/FPSRogueLikePrj/FPSRogueLike/Content/__ExternalActors__/FirstPerson/Maps/FirstPersonMap/9/88/5L9EE793X6GXIJH2IIV07N.uasset" 7946
"F:/Pro/FPSRogueLikePrj/FPSRogueLike/Content/__ExternalActors__/FirstPerson/Maps/FirstPersonMap/9/TC/0DUP0GEX4DGEHBX36I8EYF.uasset" 7947
"F:/Pro/FPSRogueLikePrj/FPSRogueLike/Content/__ExternalActors__/FirstPerson/Maps/FirstPersonMap/9/PE/IFOPSZX1K57G1N1NDM6JNR.uasset" 7948
"F:/Pro/FPSRogueLikePrj/FPSRogueLike/Content/__ExternalActors__/FirstPerson/Maps/FirstPersonMap/9/18/LXXSB85V2EF49LKFNCNOWS.uasset" 7949
"F:/Pro/FPSRogueLikePrj/FPSRogueLike/Content/__ExternalActors__/FirstPerson/Maps/FirstPersonMap/9/6U/X8UOZQIRNF9O9ICO7NJMCD.uasset" 7950
"F:/Pro/FPSRogueLikePrj/FPSRogueLike/Content/__ExternalActors__/FirstPerson/Maps/FirstPersonMap/9/K6/Q6L6JJ1IHWOY8S64J14LXD.uasset" 7951
"F:/Pro/FPSRogueLikePrj/FPSRogueLike/Content/__ExternalActors__/FirstPerson/Maps/FirstPersonMap/9/B9/OVDSMXTGEMIAAKUDMCWIPB.uasset" 7952
"F:/Pro/FPSRogueLikePrj/FPSRogueLike/Content/__ExternalActors__/FirstPerson/Maps/FirstPersonMap/9/XW/ONT3A58ODLR2FMK771BYPU.uasset" 7953
"F:/Pro/FPSRogueLikePrj/FPSRogueLike/Content/__ExternalActors__/FirstPerson/Maps/FirstPersonMap/9/T9/6RIVT41O418KN8GF8F6LGC.uasset" 7954
"F:/Pro/FPSRogueLikePrj/FPSRogueLike/Content/__ExternalActors__/FirstPerson/Maps/FirstPersonMap/9/TR/KOMXSIVHX7R66Z0BFLFNZP.uasset" 7955
"F:/Pro/FPSRogueLikePrj/FPSRogueLike/Content/__ExternalActors__/FirstPerson/Maps/FirstPersonMap/9/XO/LJC5WICTS6RTD9OT2YP2EH.uasset" 7956
"F:/Pro/FPSRogueLikePrj/FPSRogueLike/Content/__ExternalActors__/FirstPerson/Maps/FirstPersonMap/9/4M/96Z3R61QL3CI8KBBSOY2YF.uasset" 7957
"F:/Pro/FPSRogueLikePrj/FPSRogueLike/Content/__ExternalActors__/FirstPerson/Maps/FirstPersonMap/9/E2/1067DNXMKLAXVD6U3JY2M6.uasset" 7958
"F:/Pro/FPSRogueLikePrj/FPSRogueLike/Content/__ExternalActors__/FirstPerson/Maps/FirstPersonMap/A/2W/U0XT0R08XQA6C15NK8ILFA.uasset" 7959
"F:/Pro/FPSRogueLikePrj/FPSRogueLike/Content/__ExternalActors__/FirstPerson/Maps/FirstPersonMap/A/XJ/HL558UUAGCS9HVVOI0S7PX.uasset" 7960
"F:/Pro/FPSRogueLikePrj/FPSRogueLike/Content/__ExternalActors__/FirstPerson/Maps/FirstPersonMap/A/91/64ROQWZ22CQVFJMU4XABML.uasset" 7961
"F:/Pro/FPSRogueLikePrj/FPSRogueLike/Content/__ExternalActors__/FirstPerson/Maps/FirstPersonMap/A/RJ/Z7CLKO8GGJ7RXH5PUAF4T4.uasset" 7962
"F:/Pro/FPSRogueLikePrj/FPSRogueLike/Content/__ExternalActors__/FirstPerson/Maps/FirstPersonMap/A/OP/9Z4NIXN0MG076OGJLN7FKY.uasset" 7963
"F:/Pro/FPSRogueLikePrj/FPSRogueLike/Content/__ExternalActors__/FirstPerson/Maps/FirstPersonMap/A/R4/LXT9RA27NLMS90JDW6Y6FN.uasset" 7964
"F:/Pro/FPSRogueLikePrj/FPSRogueLike/Content/__ExternalActors__/FirstPerson/Maps/FirstPersonMap/A/SB/RRPQEUGLDPMNMKQE9ZNQDD.uasset" 7965
"F:/Pro/FPSRogueLikePrj/FPSRogueLike/Content/__ExternalActors__/FirstPerson/Maps/FirstPersonMap/A/OU/KOBZLHYAY8KZW4SLLWFQBK.uasset" 7966
"F:/Pro/FPSRogueLikePrj/FPSRogueLike/Content/__ExternalActors__/FirstPerson/Maps/FirstPersonMap/A/MC/D7JRFXZV20AN7524KTEGR3.uasset" 7967
"F:/Pro/FPSRogueLikePrj/FPSRogueLike/Content/__ExternalActors__/FirstPerson/Maps/FirstPersonMap/A/K4/YWFQUHSVGA1LOL4IKDF00C.uasset" 7968
"F:/Pro/FPSRogueLikePrj/FPSRogueLike/Content/__ExternalActors__/FirstPerson/Maps/FirstPersonMap/A/VS/74O0D9RD0GBOUWV3R6G9K0.uasset" 7969
"F:/Pro/FPSRogueLikePrj/FPSRogueLike/Content/__ExternalActors__/FirstPerson/Maps/FirstPersonMap/A/OH/HMVC3L1IU0PJ18LA0BWOF1.uasset" 7970
"F:/Pro/FPSRogueLikePrj/FPSRogueLike/Content/__ExternalActors__/FirstPerson/Maps/FirstPersonMap/A/VJ/UC7QC297PA7EHJ37J8OKNX.uasset" 7971
"F:/Pro/FPSRogueLikePrj/FPSRogueLike/Content/__ExternalActors__/FirstPerson/Maps/FirstPersonMap/A/9P/ZZ4HUKF10MJWBHU60O8PN1.uasset" 7972
"F:/Pro/FPSRogueLikePrj/FPSRogueLike/Content/__ExternalActors__/FirstPerson/Maps/FirstPersonMap/A/KY/V4RH74N4YOAJ51O2NDV6MQ.uasset" 7973
"F:/Pro/FPSRogueLikePrj/FPSRogueLike/Content/__ExternalActors__/FirstPerson/Maps/FirstPersonMap/A/YC/T9GXDEGJCEMIRH2JUC0Y94.uasset" 7974
"F:/Pro/FPSRogueLikePrj/FPSRogueLike/Content/__ExternalActors__/FirstPerson/Maps/FirstPersonMap/A/AL/VRFC4YADJOBVM8GVF7CHEG.uasset" 7975
"F:/Pro/FPSRogueLikePrj/FPSRogueLike/Content/__ExternalActors__/FirstPerson/Maps/FirstPersonMap/A/UD/GAFMDNNEHMZAEOOXEYZPT6.uasset" 7976
"F:/Pro/FPSRogueLikePrj/FPSRogueLike/Content/__ExternalActors__/FirstPerson/Maps/FirstPersonMap/A/9F/K6R38PBBL82QJ7BC9Q94VJ.uasset" 7977
"F:/Pro/FPSRogueLikePrj/FPSRogueLike/Content/__ExternalActors__/FirstPerson/Maps/FirstPersonMap/0/0M/LYKU8MRWM4BO3O1FDZBG2U.uasset" 7978
"F:/Pro/FPSRogueLikePrj/FPSRogueLike/Content/__ExternalActors__/FirstPerson/Maps/FirstPersonMap/0/7P/QZX5AESKLO855EVPT5JU20.uasset" 7979
"F:/Pro/FPSRogueLikePrj/FPSRogueLike/Content/__ExternalActors__/FirstPerson/Maps/FirstPersonMap/0/GO/I8WEFD3RY9V3NVQLSU6QM4.uasset" 7980
"F:/Pro/FPSRogueLikePrj/FPSRogueLike/Content/__ExternalActors__/FirstPerson/Maps/FirstPersonMap/0/CL/381LM03PFI8AF9NED1SEV2.uasset" 7981
"F:/Pro/FPSRogueLikePrj/FPSRogueLike/Content/__ExternalActors__/FirstPerson/Maps/FirstPersonMap/0/NB/NWWEVRQSGT6ARVZ8HQLCM9.uasset" 7982
"F:/Pro/FPSRogueLikePrj/FPSRogueLike/Content/__ExternalActors__/FirstPerson/Maps/FirstPersonMap/0/WB/V4ALNTJYOVWM8BU452CKV5.uasset" 7983
"F:/Pro/FPSRogueLikePrj/FPSRogueLike/Content/__ExternalActors__/FirstPerson/Maps/FirstPersonMap/0/LI/NBSDE9CZHTFPKYN902VRIE.uasset" 7984
"F:/Pro/FPSRogueLikePrj/FPSRogueLike/Content/__ExternalActors__/FirstPerson/Maps/FirstPersonMap/0/LI/6SKG2PKYQ5ZCB4O7U279Z6.uasset" 7985
"F:/Pro/FPSRogueLikePrj/FPSRogueLike/Content/__ExternalActors__/FirstPerson/Maps/FirstPersonMap/0/1U/FMEIFR5KQVGYJM29AE20NZ.uasset" 7986
"F:/Pro/FPSRogueLikePrj/FPSRogueLike/Content/__ExternalActors__/FirstPerson/Maps/FirstPersonMap/0/KI/7IZI5Q2Q7QZL89Q40CWM2P.uasset" 7987
"F:/Pro/FPSRogueLikePrj/FPSRogueLike/Content/__ExternalActors__/FirstPerson/Maps/FirstPersonMap/0/N8/V7AORWEY2G4TWSVS5G4AO7.uasset" 7988
"F:/Pro/FPSRogueLikePrj/FPSRogueLike/Content/__ExternalActors__/FirstPerson/Maps/FirstPersonMap/0/DE/X3IDYWH407KJS1HFY0UMRE.uasset" 7989
"F:/Pro/FPSRogueLikePrj/FPSRogueLike/Content/__ExternalActors__/FirstPerson/Maps/FirstPersonMap/0/28/BY44CSIGCSHCRGCKK38JIV.uasset" 7990
"F:/Pro/FPSRogueLikePrj/FPSRogueLike/Content/__ExternalActors__/FirstPerson/Maps/FirstPersonMap/D/HA/HOIDZ8QUOWZ2OMDYKC7QPX.uasset" 7991
"F:/Pro/FPSRogueLikePrj/FPSRogueLike/Content/__ExternalActors__/FirstPerson/Maps/FirstPersonMap/D/3R/TSOWADQ5I3YFD49BAG1W05.uasset" 7992
"F:/Pro/FPSRogueLikePrj/FPSRogueLike/Content/__ExternalActors__/FirstPerson/Maps/FirstPersonMap/D/ET/4NO9Z07RSUIKH0U8GZC21R.uasset" 7993
"F:/Pro/FPSRogueLikePrj/FPSRogueLike/Content/__ExternalActors__/FirstPerson/Maps/FirstPersonMap/D/VI/X1FX0OXF87JOANJBK4XZLB.uasset" 7994
"F:/Pro/FPSRogueLikePrj/FPSRogueLike/Content/__ExternalActors__/FirstPerson/Maps/FirstPersonMap/D/JB/TBFDSB3LT4WRM9ABSMQAJG.uasset" 7995
"F:/Pro/FPSRogueLikePrj/FPSRogueLike/Content/__ExternalActors__/FirstPerson/Maps/FirstPersonMap/D/MC/OZ2OADJJ7UEWCNS7VCXA5Y.uasset" 7996
"F:/Pro/FPSRogueLikePrj/FPSRogueLike/Content/__ExternalActors__/FirstPerson/Maps/FirstPersonMap/D/O3/M5CGQNK7O7WABFCT33L850.uasset" 7997
"F:/Pro/FPSRogueLikePrj/FPSRogueLike/Content/__ExternalActors__/FirstPerson/Maps/FirstPersonMap/D/KZ/J0CSK8J6FC31ZXS78YCZAM.uasset" 7998
"F:/Pro/FPSRogueLikePrj/FPSRogueLike/Content/__ExternalActors__/FirstPerson/Maps/FirstPersonMap/D/JX/DM3WQF6VQ49L6S6EQ2HKRQ.uasset" 7999
"F:/Pro/FPSRogueLikePrj/FPSRogueLike/Content/__ExternalActors__/FirstPerson/Maps/FirstPersonMap/D/PO/RJAALS1YG0GJX8BIB4RMJA.uasset" 8000
"F:/Pro/FPSRogueLikePrj/FPSRogueLike/Content/__ExternalActors__/FirstPerson/Maps/FirstPersonMap/D/VD/0ZZU3HOI46R6LPW0CDNG0W.uasset" 8001
"F:/Pro/FPSRogueLikePrj/FPSRogueLike/Content/__ExternalActors__/FirstPerson/Maps/FirstPersonMap/D/8S/IKGPS2XM67CE0XDTZKBCB6.uasset" 8002
"F:/Pro/FPSRogueLikePrj/FPSRogueLike/Content/__ExternalActors__/FirstPerson/Maps/FirstPersonMap/D/BW/MM061CZ0BSZTBSBZ6DOCWS.uasset" 8003
"F:/Pro/FPSRogueLikePrj/FPSRogueLike/Content/__ExternalActors__/FirstPerson/Maps/FirstPersonMap/D/8O/FR405BZVCO6OJDYFR7XWTJ.uasset" 8004
"F:/Pro/FPSRogueLikePrj/FPSRogueLike/Content/__ExternalActors__/FirstPerson/Maps/FirstPersonMap/D/CT/JFQ51P7QRVN2C4MZP12V8G.uasset" 8005
"F:/Pro/FPSRogueLikePrj/FPSRogueLike/Content/__ExternalActors__/FirstPerson/Maps/FirstPersonMap/D/2V/AT0AEWHXVMW4IKOFX21EM8.uasset" 8006
"F:/Pro/FPSRogueLikePrj/FPSRogueLike/Content/__ExternalActors__/FirstPerson/Maps/FirstPersonMap/D/DM/ZND98KSEZZ0E72D5RIKLRQ.uasset" 8007
"F:/Pro/FPSRogueLikePrj/FPSRogueLike/Content/__ExternalActors__/FirstPerson/Maps/FirstPersonMap/D/WL/FWIBQYAGLISDJX7UQVVEUQ.uasset" 8008
"F:/Pro/FPSRogueLikePrj/FPSRogueLike/Content/__ExternalActors__/FirstPerson/Maps/FirstPersonMap/D/DW/WL15CLJEZVDCCC9Z080Q42.uasset" 8009
"F:/Pro/FPSRogueLikePrj/FPSRogueLike/Content/__ExternalActors__/FirstPerson/Maps/FirstPersonMap/D/LO/SAV861Y5N05HQW1FCOWWRV.uasset" 8010
"F:/Pro/FPSRogueLikePrj/FPSRogueLike/Content/__ExternalActors__/FirstPerson/Maps/FirstPersonMap/D/QQ/P2IHIJ72DOOCKCAZEK1IQB.uasset" 8011
"F:/Pro/FPSRogueLikePrj/FPSRogueLike/Content/__ExternalActors__/FirstPerson/Maps/FirstPersonMap/3/0O/4IRR0TBO7VGKMMYSZRQTB1.uasset" 8012
"F:/Pro/FPSRogueLikePrj/FPSRogueLike/Content/__ExternalActors__/FirstPerson/Maps/FirstPersonMap/3/C8/Z38FT77DKZLKDXTQ7PZNM4.uasset" 8013
"F:/Pro/FPSRogueLikePrj/FPSRogueLike/Content/__ExternalActors__/FirstPerson/Maps/FirstPersonMap/3/AI/0XWE3RNM2XQC0ST1KXG02O.uasset" 8014
"F:/Pro/FPSRogueLikePrj/FPSRogueLike/Content/__ExternalActors__/FirstPerson/Maps/FirstPersonMap/3/CP/XRLOR3HVYVHJA3N9PKGXZH.uasset" 8015
"F:/Pro/FPSRogueLikePrj/FPSRogueLike/Content/__ExternalActors__/FirstPerson/Maps/FirstPersonMap/3/YY/ZEL6NJUQJU43LAD9X3NXTT.uasset" 8016
"F:/Pro/FPSRogueLikePrj/FPSRogueLike/Content/__ExternalActors__/FirstPerson/Maps/FirstPersonMap/3/JS/CNJDXCNV7A565U7S1BI9ZA.uasset" 8017
"F:/Pro/FPSRogueLikePrj/FPSRogueLike/Content/__ExternalActors__/FirstPerson/Maps/FirstPersonMap/3/AL/N24A8DQ3X18BF9KTXRGKEB.uasset" 8018
"F:/Pro/FPSRogueLikePrj/FPSRogueLike/Content/__ExternalActors__/FirstPerson/Maps/FirstPersonMap/3/D1/S99244329YWQIVSCJQIMQ8.uasset" 8019
"F:/Pro/FPSRogueLikePrj/FPSRogueLike/Content/__ExternalActors__/FirstPerson/Maps/FirstPersonMap/3/RA/WIMLUUUDKF0TM741U30WVC.uasset" 8020
"F:/Pro/FPSRogueLikePrj/FPSRogueLike/Content/__ExternalActors__/FirstPerson/Maps/FirstPersonMap/3/5X/RVNBKMQODAMTVACZM0Q16O.uasset" 8021
"F:/Pro/FPSRogueLikePrj/FPSRogueLike/Content/__ExternalActors__/FirstPerson/Maps/FirstPersonMap/3/7E/2PAZ8633C4ZW87A9AGKFNY.uasset" 8022
"F:/Pro/FPSRogueLikePrj/FPSRogueLike/Content/__ExternalActors__/FirstPerson/Maps/FirstPersonMap/3/10/U75AA3EZBW599RDTLJPZAZ.uasset" 8023
"F:/Pro/FPSRogueLikePrj/FPSRogueLike/Content/__ExternalActors__/FirstPerson/Maps/FirstPersonMap/3/MC/50LF9ZP5GNQPDE9DPY4PMH.uasset" 8024
"F:/Pro/FPSRogueLikePrj/FPSRogueLike/Content/__ExternalActors__/FirstPerson/Maps/FirstPersonMap/3/RP/L7RUU550MVY0MXYUUIDK0G.uasset" 8025
"F:/Pro/FPSRogueLikePrj/FPSRogueLike/Content/__ExternalActors__/FirstPerson/Maps/FirstPersonMap/3/W7/KKIQQWKVWKSUL8ZPOH2JZ2.uasset" 8026
"F:/Pro/FPSRogueLikePrj/FPSRogueLike/Content/__ExternalActors__/FirstPerson/Maps/FirstPersonMap/3/XK/EM6RA70G8IHRJ6F50G9HMH.uasset" 8027
"F:/Pro/FPSRogueLikePrj/FPSRogueLike/Content/__ExternalActors__/FirstPerson/Maps/FirstPersonMap/1/JT/XIHYQ8ZTVL6F9GCUZX1AQ2.uasset" 8028
"F:/Pro/FPSRogueLikePrj/FPSRogueLike/Content/__ExternalActors__/FirstPerson/Maps/FirstPersonMap/1/2J/R4MRTH8FEAO7ML1BCJFIZ2.uasset" 8029
"F:/Pro/FPSRogueLikePrj/FPSRogueLike/Content/__ExternalActors__/FirstPerson/Maps/FirstPersonMap/1/OD/YPSPM063O6XAJVKSDHY2JX.uasset" 8030
"F:/Pro/FPSRogueLikePrj/FPSRogueLike/Content/__ExternalActors__/FirstPerson/Maps/FirstPersonMap/1/63/MG6FOV6QQX2CAZCGF7O9MM.uasset" 8031
"F:/Pro/FPSRogueLikePrj/FPSRogueLike/Content/__ExternalActors__/FirstPerson/Maps/FirstPersonMap/1/QL/31H7DJTVWEX04CCMX5U1SN.uasset" 8032
"F:/Pro/FPSRogueLikePrj/FPSRogueLike/Content/__ExternalActors__/FirstPerson/Maps/FirstPersonMap/1/LJ/VNG57ET1E05MMCJZLOR2H7.uasset" 8033
"F:/Pro/FPSRogueLikePrj/FPSRogueLike/Content/__ExternalActors__/FirstPerson/Maps/FirstPersonMap/1/L6/X4WED2IEAXE66486UB5VDR.uasset" 8034
"F:/Pro/FPSRogueLikePrj/FPSRogueLike/Content/__ExternalActors__/FirstPerson/Maps/FirstPersonMap/1/DJ/HU4433CWF86UXODG30LJEG.uasset" 8035
"F:/Pro/FPSRogueLikePrj/FPSRogueLike/Content/__ExternalActors__/FirstPerson/Maps/FirstPersonMap/1/HZ/82E6KHG6XLZ7AD74H3JTXZ.uasset" 8036
"F:/Pro/FPSRogueLikePrj/FPSRogueLike/Content/__ExternalActors__/FirstPerson/Maps/FirstPersonMap/1/7A/1D1KHNOGEG0UD9VGZNE1FH.uasset" 8037
"F:/Pro/FPSRogueLikePrj/FPSRogueLike/Content/__ExternalActors__/FirstPerson/Maps/FirstPersonMap/1/Q2/E7NJNB3Q526IU2X256MKI7.uasset" 8038
"F:/Pro/FPSRogueLikePrj/FPSRogueLike/Content/__ExternalActors__/FirstPerson/Maps/FirstPersonMap/1/UX/QZ24VHWVIB96M0X63MB3QF.uasset" 8039
"F:/Pro/FPSRogueLikePrj/FPSRogueLike/Content/__ExternalActors__/FirstPerson/Maps/FirstPersonMap/1/IC/AKYBIRXU6X933EIU06BX1U.uasset" 8040
"F:/Pro/FPSRogueLikePrj/FPSRogueLike/Content/__ExternalActors__/FirstPerson/Maps/FirstPersonMap/1/TC/5HZ6L1HX4C61M2Q6YG0I33.uasset" 8041
"F:/Pro/FPSRogueLikePrj/FPSRogueLike/Content/__ExternalActors__/FirstPerson/Maps/FirstPersonMap/1/1W/C8H3A2V93NU95EHOL0UDGQ.uasset" 8042
"../../../Engine/Content/VREditor/UI/DiscMaterial1.uasset" 8043
"../../../Engine/Content/VREditor/UI/KeyDiskMaterial.uasset" 8044
"F:/Pro/FPSRogueLikePrj/FPSRogueLike/Content/__ExternalActors__/FirstPerson/Maps/FirstPersonMap/1/2Q/9LZBO5FU6QHBTQ5ZFQM1YL.uasset" 8045
"F:/Pro/FPSRogueLikePrj/FPSRogueLike/Content/__ExternalActors__/FirstPerson/Maps/FirstPersonMap/1/4E/5BSWOXTRWG2EBX1FSTVA87.uasset" 8046
"F:/Pro/FPSRogueLikePrj/FPSRogueLike/Content/__ExternalActors__/FirstPerson/Maps/FirstPersonMap/1/NO/254X6WO77UZETRJV7WDHAN.uasset" 8047
"F:/Pro/FPSRogueLikePrj/FPSRogueLike/Content/__ExternalActors__/FirstPerson/Maps/FirstPersonMap/1/AE/EC21UAF1MLPR85X2PH0ORT.uasset" 8048
"F:/Pro/FPSRogueLikePrj/FPSRogueLike/Content/__ExternalActors__/FirstPerson/Maps/FirstPersonMap/1/6U/TW7AAPOOGH9Y34ZGH9QMV5.uasset" 8049
"F:/Pro/FPSRogueLikePrj/FPSRogueLike/Content/__ExternalActors__/FirstPerson/Maps/FirstPersonMap/E/MX/R1GV431P5FDO08OFULRA01.uasset" 8050
"F:/Pro/FPSRogueLikePrj/FPSRogueLike/Content/__ExternalActors__/FirstPerson/Maps/FirstPersonMap/E/UE/YUZ9741T50O1SYRX90OB0S.uasset" 8051
"F:/Pro/FPSRogueLikePrj/FPSRogueLike/Content/__ExternalActors__/FirstPerson/Maps/FirstPersonMap/E/8T/JQLR1Y6DSCODC04VH1SRDT.uasset" 8052
"F:/Pro/FPSRogueLikePrj/FPSRogueLike/Content/__ExternalActors__/FirstPerson/Maps/FirstPersonMap/E/CU/TTU44MSSLUY4YWKRSQEM08.uasset" 8053
"F:/Pro/FPSRogueLikePrj/FPSRogueLike/Content/__ExternalActors__/FirstPerson/Maps/FirstPersonMap/E/QM/AVHIJYEYN2Q7XYXRN4TBGS.uasset" 8054
"F:/Pro/FPSRogueLikePrj/FPSRogueLike/Content/__ExternalActors__/FirstPerson/Maps/FirstPersonMap/E/7O/7DG80P1B4NF200PBF6VYHT.uasset" 8055
"F:/Pro/FPSRogueLikePrj/FPSRogueLike/Content/__ExternalActors__/FirstPerson/Maps/FirstPersonMap/E/KD/ZGX5P30071Y14CJ9WLGPK8.uasset" 8056
"F:/Pro/FPSRogueLikePrj/FPSRogueLike/Content/__ExternalActors__/FirstPerson/Maps/FirstPersonMap/E/GI/0JNKG2K3DD7OZIIHZ1AA4A.uasset" 8057
"F:/Pro/FPSRogueLikePrj/FPSRogueLike/Content/__ExternalActors__/FirstPerson/Maps/FirstPersonMap/E/E7/GDHVKBCV5SW9G5POLAM74C.uasset" 8058
"F:/Pro/FPSRogueLikePrj/FPSRogueLike/Content/__ExternalActors__/FirstPerson/Maps/FirstPersonMap/E/VV/87LWYPJKQST0TWWJNC4L99.uasset" 8059
"F:/Pro/FPSRogueLikePrj/FPSRogueLike/Content/__ExternalActors__/FirstPerson/Maps/FirstPersonMap/E/SO/FZNW5U5B1MBBDVLNRQY9O1.uasset" 8060
"F:/Pro/FPSRogueLikePrj/FPSRogueLike/Content/__ExternalActors__/FirstPerson/Maps/FirstPersonMap/E/M2/SWNLHSHT9O37Q4Q1CYFBLW.uasset" 8061
"F:/Pro/FPSRogueLikePrj/FPSRogueLike/Content/__ExternalActors__/FirstPerson/Maps/FirstPersonMap/E/AD/I7QN81O69R0ZP438CO2LSF.uasset" 8062
"F:/Pro/FPSRogueLikePrj/FPSRogueLike/Content/__ExternalActors__/FirstPerson/Maps/FirstPersonMap/E/HT/QLZ6IHV5DSFQ0BVQX1FGM7.uasset" 8063
"F:/Pro/FPSRogueLikePrj/FPSRogueLike/Content/__ExternalActors__/FirstPerson/Maps/FirstPersonMap/E/JT/HSX87GPPVWPHLEK57V6QIC.uasset" 8064
"F:/Pro/FPSRogueLikePrj/FPSRogueLike/Content/__ExternalActors__/FirstPerson/Maps/FirstPersonMap/4/PT/ZXUQMNLL9GZ2UNQ5D0R4A4.uasset" 8065
"F:/Pro/FPSRogueLikePrj/FPSRogueLike/Content/__ExternalActors__/FirstPerson/Maps/FirstPersonMap/4/G2/DXY1ROMU8NVTUPH999VNGV.uasset" 8066
"F:/Pro/FPSRogueLikePrj/FPSRogueLike/Content/__ExternalActors__/FirstPerson/Maps/FirstPersonMap/4/RL/CSVPF15UGXK4DHSX4JKG7H.uasset" 8067
"F:/Pro/FPSRogueLikePrj/FPSRogueLike/Content/__ExternalActors__/FirstPerson/Maps/FirstPersonMap/4/NC/RGX5LECU4UBQJIDWCRR3PQ.uasset" 8068
"F:/Pro/FPSRogueLikePrj/FPSRogueLike/Content/__ExternalActors__/FirstPerson/Maps/FirstPersonMap/4/4A/2ZCIP787YI1ZTU7K9K2J4A.uasset" 8069
"F:/Pro/FPSRogueLikePrj/FPSRogueLike/Content/__ExternalActors__/FirstPerson/Maps/FirstPersonMap/4/49/97DL5YRF5UTJXLK64O9FEI.uasset" 8070
"F:/Pro/FPSRogueLikePrj/FPSRogueLike/Content/__ExternalActors__/FirstPerson/Maps/FirstPersonMap/4/6K/A30I7BA9532L6GQ172AJ07.uasset" 8071
"F:/Pro/FPSRogueLikePrj/FPSRogueLike/Content/__ExternalActors__/FirstPerson/Maps/FirstPersonMap/4/25/ZD0F87EKWWENOLMGUA0EPX.uasset" 8072
"F:/Pro/FPSRogueLikePrj/FPSRogueLike/Content/__ExternalActors__/FirstPerson/Maps/FirstPersonMap/4/LQ/4JCIYP1EG6O6JJSQGKXY6O.uasset" 8073
"F:/Pro/FPSRogueLikePrj/FPSRogueLike/Content/__ExternalActors__/FirstPerson/Maps/FirstPersonMap/4/OE/RTA881A1047T9295MCZ17D.uasset" 8074
"F:/Pro/FPSRogueLikePrj/FPSRogueLike/Content/__ExternalActors__/FirstPerson/Maps/FirstPersonMap/4/Y1/4MFIY99B4Q5WVWW4HX5FI1.uasset" 8075
"F:/Pro/FPSRogueLikePrj/FPSRogueLike/Content/__ExternalActors__/FirstPerson/Maps/FirstPersonMap/4/L5/7BT7IM67A4ESAV4U6WAG6Z.uasset" 8076
"F:/Pro/FPSRogueLikePrj/FPSRogueLike/Content/__ExternalActors__/FirstPerson/Maps/FirstPersonMap/4/LX/HERG267J63ZFKAPDU8AAD0.uasset" 8077
"F:/Pro/FPSRogueLikePrj/FPSRogueLike/Content/__ExternalActors__/FirstPerson/Maps/FirstPersonMap/4/77/ZZN86HNJN5Z3CF0190JRFR.uasset" 8078
"F:/Pro/FPSRogueLikePrj/FPSRogueLike/Content/__ExternalActors__/FirstPerson/Maps/FirstPersonMap/4/LT/8WQ7N29P4K9JSV9DHKYKLD.uasset" 8079
"F:/Pro/FPSRogueLikePrj/FPSRogueLike/Content/__ExternalActors__/FirstPerson/Maps/FirstPersonMap/4/BR/TQD4QUXW0113CG761YHHOP.uasset" 8080
"F:/Pro/FPSRogueLikePrj/FPSRogueLike/Content/__ExternalActors__/FirstPerson/Maps/FirstPersonMap/4/S0/TTQTHG8EG1JBCLZJ0JDJP2.uasset" 8081
"F:/Pro/FPSRogueLikePrj/FPSRogueLike/Content/__ExternalActors__/FirstPerson/Maps/FirstPersonMap/C/P8/0GJ9TLQE2YKOIFZ6YHG33H.uasset" 8082
"F:/Pro/FPSRogueLikePrj/FPSRogueLike/Content/__ExternalActors__/FirstPerson/Maps/FirstPersonMap/C/VO/VMN4G7K3NKKV6F8HTPHHDB.uasset" 8083
"F:/Pro/FPSRogueLikePrj/FPSRogueLike/Content/__ExternalActors__/FirstPerson/Maps/FirstPersonMap/C/ZU/PDQ0AB8RLNMVID876FD49G.uasset" 8084
"../../../Engine/Content/EngineDebugMaterials/TerrainCollisionMaterial.uasset" 8085
"F:/Pro/FPSRogueLikePrj/FPSRogueLike/Content/__ExternalActors__/FirstPerson/Maps/FirstPersonMap/C/8P/9Y4JZLY3FDZE5YTAU93CF8.uasset" 8086
"F:/Pro/FPSRogueLikePrj/FPSRogueLike/Content/__ExternalActors__/FirstPerson/Maps/FirstPersonMap/C/07/JB2N89BK7PCQC4UOG52T1L.uasset" 8087
"F:/Pro/FPSRogueLikePrj/FPSRogueLike/Content/__ExternalActors__/FirstPerson/Maps/FirstPersonMap/C/1O/DYOU7F4AJT5O58JA3K12NW.uasset" 8088
"F:/Pro/FPSRogueLikePrj/FPSRogueLike/Content/__ExternalActors__/FirstPerson/Maps/FirstPersonMap/C/MP/2KNOEBMUXLFGGKVJ6P9JLD.uasset" 8089
"F:/Pro/FPSRogueLikePrj/FPSRogueLike/Content/__ExternalActors__/FirstPerson/Maps/FirstPersonMap/C/JL/KOJBQ4ZL6INSX0EHITQIAH.uasset" 8090
"F:/Pro/FPSRogueLikePrj/FPSRogueLike/Content/__ExternalActors__/FirstPerson/Maps/FirstPersonMap/C/I5/F8M4QW0JG56HTO9INS04Y3.uasset" 8091
"F:/Pro/FPSRogueLikePrj/FPSRogueLike/Content/__ExternalActors__/FirstPerson/Maps/FirstPersonMap/C/DJ/N1T0LH1ODN16TQINGIMKBF.uasset" 8092
"F:/Pro/FPSRogueLikePrj/FPSRogueLike/Content/__ExternalActors__/FirstPerson/Maps/FirstPersonMap/C/TM/1XNH0MMK3KWIE9CMKUNR31.uasset" 8093
"F:/Pro/FPSRogueLikePrj/FPSRogueLike/Content/__ExternalActors__/FirstPerson/Maps/FirstPersonMap/B/51/6JKB4DNGJP09QUHY23FHRV.uasset" 8094
"F:/Pro/FPSRogueLikePrj/FPSRogueLike/Content/__ExternalActors__/FirstPerson/Maps/FirstPersonMap/B/DD/654T6CAPVSXAN1LXEX71EI.uasset" 8095
"F:/Pro/FPSRogueLikePrj/FPSRogueLike/Content/__ExternalActors__/FirstPerson/Maps/FirstPersonMap/B/YQ/KT6JL4FVCNJJ9VFOCSF32J.uasset" 8096
"F:/Pro/FPSRogueLikePrj/FPSRogueLike/Content/__ExternalActors__/FirstPerson/Maps/FirstPersonMap/B/EF/2A2QYDTYAIJ3K6VQSE4TAW.uasset" 8097
"F:/Pro/FPSRogueLikePrj/FPSRogueLike/Content/__ExternalActors__/FirstPerson/Maps/FirstPersonMap/B/EF/G3O7YJR3QU51OHQGRYB635.uasset" 8098
"F:/Pro/FPSRogueLikePrj/FPSRogueLike/Content/__ExternalActors__/FirstPerson/Maps/FirstPersonMap/B/YY/HZO71QFIPQY783KBKM54KI.uasset" 8099
"F:/Pro/FPSRogueLikePrj/FPSRogueLike/Content/__ExternalActors__/FirstPerson/Maps/FirstPersonMap/B/BE/JUFVZNV0UETO7DL41X34ON.uasset" 8100
"F:/Pro/FPSRogueLikePrj/FPSRogueLike/Content/__ExternalActors__/FirstPerson/Maps/FirstPersonMap/B/1G/UKQYHC076JG7PH49N9DN62.uasset" 8101
"F:/Pro/FPSRogueLikePrj/FPSRogueLike/Content/__ExternalActors__/FirstPerson/Maps/FirstPersonMap/B/TG/SKX7ID851LX8457ROYZM0M.uasset" 8102
"F:/Pro/FPSRogueLikePrj/FPSRogueLike/Content/__ExternalActors__/FirstPerson/Maps/FirstPersonMap/B/3X/5GCYH8KUUKRMAF77SHNA2P.uasset" 8103
"F:/Pro/FPSRogueLikePrj/FPSRogueLike/Content/__ExternalActors__/FirstPerson/Maps/FirstPersonMap/B/NQ/1JQ3T2NEZ9AN63KBWF8ED1.uasset" 8104
"F:/Pro/FPSRogueLikePrj/FPSRogueLike/Content/__ExternalActors__/FirstPerson/Maps/FirstPersonMap/B/WR/C58LA4894CCTRG10TTRLXN.uasset" 8105
"F:/Pro/FPSRogueLikePrj/FPSRogueLike/Content/__ExternalActors__/FirstPerson/Maps/FirstPersonMap/B/5D/81Q2M3R1IQGLBI3QJFPW6C.uasset" 8106
"F:/Pro/FPSRogueLikePrj/FPSRogueLike/Content/__ExternalActors__/FirstPerson/Maps/FirstPersonMap/B/QO/AWXDAGOLVALBIN91G56C5H.uasset" 8107
"F:/Pro/FPSRogueLikePrj/FPSRogueLike/Content/__ExternalActors__/FirstPerson/Maps/FirstPersonMap/B/OA/AS4PL08W7WEZC0I7ZYQOWI.uasset" 8108
"F:/Pro/FPSRogueLikePrj/FPSRogueLike/Content/__ExternalActors__/FirstPerson/Maps/FirstPersonMap/B/MD/H1Q5Y4JZ91CRSH1XHWUUOY.uasset" 8109
"F:/Pro/FPSRogueLikePrj/FPSRogueLike/Content/__ExternalActors__/FirstPerson/Maps/FirstPersonMap/B/AP/BA7VO348MYQRZ24HMJCSFM.uasset" 8110
"F:/Pro/FPSRogueLikePrj/FPSRogueLike/Content/__ExternalActors__/FirstPerson/Maps/FirstPersonMap/B/MC/XXVL4HE4R3I1NB8D1EHMCP.uasset" 8111
"F:/Pro/FPSRogueLikePrj/FPSRogueLike/Content/__ExternalActors__/FirstPerson/Maps/FirstPersonMap/2/29/D4AOQM1QK5FAD0S2NFKMUI.uasset" 8112
"F:/Pro/FPSRogueLikePrj/FPSRogueLike/Content/__ExternalActors__/FirstPerson/Maps/FirstPersonMap/2/AZ/72F7H2NUGP1D7HKB3ZKZMQ.uasset" 8113
"F:/Pro/FPSRogueLikePrj/FPSRogueLike/Content/__ExternalActors__/FirstPerson/Maps/FirstPersonMap/2/NE/NW5A40M79JUPVCXIDP9ZMV.uasset" 8114
"F:/Pro/FPSRogueLikePrj/FPSRogueLike/Content/__ExternalActors__/FirstPerson/Maps/FirstPersonMap/2/N0/TN6SLJZFGKQ66O7LV7HONG.uasset" 8115
"F:/Pro/FPSRogueLikePrj/FPSRogueLike/Content/__ExternalActors__/FirstPerson/Maps/FirstPersonMap/2/LU/BJ6PRQYPG5RDBNQ2BQ675U.uasset" 8116
"F:/Pro/FPSRogueLikePrj/FPSRogueLike/Content/__ExternalActors__/FirstPerson/Maps/FirstPersonMap/2/XJ/T81EALME1RBXLKPML97YFB.uasset" 8117
"F:/Pro/FPSRogueLikePrj/FPSRogueLike/Content/__ExternalActors__/FirstPerson/Maps/FirstPersonMap/2/N3/0S7AGDAHE6HZ1EWD7KZMPF.uasset" 8118
"F:/Pro/FPSRogueLikePrj/FPSRogueLike/Content/__ExternalActors__/FirstPerson/Maps/FirstPersonMap/2/8K/MXZH4SLQUYWKLITK83DFVF.uasset" 8119
"F:/Pro/FPSRogueLikePrj/FPSRogueLike/Content/__ExternalActors__/FirstPerson/Maps/FirstPersonMap/2/YB/UBAHFG8HFDAQVK7JFSMIC0.uasset" 8120
"F:/Pro/FPSRogueLikePrj/FPSRogueLike/Content/__ExternalActors__/FirstPerson/Maps/FirstPersonMap/2/XT/QKTIZ8AD3JIDYSKIFIEAWR.uasset" 8121
"F:/Pro/FPSRogueLikePrj/FPSRogueLike/Content/__ExternalActors__/FirstPerson/Maps/FirstPersonMap/2/5I/XGMXCKIOGZXCW3FSD3JH2J.uasset" 8122
"F:/Pro/FPSRogueLikePrj/FPSRogueLike/Content/__ExternalActors__/FirstPerson/Maps/FirstPersonMap/2/MR/ZFEIPZ4A793HDO7OYWL7ZK.uasset" 8123
"F:/Pro/FPSRogueLikePrj/FPSRogueLike/Content/__ExternalActors__/FirstPerson/Maps/FirstPersonMap/2/DU/PHNXLZ8LVMK1CPY0PHXXIA.uasset" 8124
"F:/Pro/FPSRogueLikePrj/FPSRogueLike/Content/__ExternalActors__/FirstPerson/Maps/FirstPersonMap/2/E4/SG825QK9P14J57W90FHUJL.uasset" 8125
"F:/Pro/FPSRogueLikePrj/FPSRogueLike/Content/__ExternalActors__/FirstPerson/Maps/FirstPersonMap/2/Z5/M6EW0H5BBRM47YH1UQI1AU.uasset" 8126
"F:/Pro/FPSRogueLikePrj/FPSRogueLike/Content/__ExternalActors__/FirstPerson/Maps/FirstPersonMap/2/QY/WW7PA1B7NWKHY37F3CGNCC.uasset" 8127
"F:/Pro/FPSRogueLikePrj/FPSRogueLike/Content/__ExternalActors__/FirstPerson/Maps/FirstPersonMap/2/SH/JD1M6JH57GX0PY5321IEGP.uasset" 8128
"F:/Pro/FPSRogueLikePrj/FPSRogueLike/Content/__ExternalActors__/FirstPerson/Maps/FirstPersonMap/2/39/FZMHJ46AN57SNCWZ7VGH08.uasset" 8129
"../../../Engine/Content/Maps/Templates/HLODs/HLODLayer_Merged.uasset" 8130
